vehicle_id,depart,origin,destination,route_family,route_edges
0,3.04,right0,top0,background,right0B0 B0A0 A0A1 A1top0
1,7.58,left0,top1,via_A1,left0A0 A0A1 A1B1 B1top1
2,11.42,top1,left0,background,top1B1 B1B0 B0A0 A0left0
3,20.55,left0,top1,via_A1,left0A0 A0A1 A1B1 B1top1
4,28.67,bottom0,right0,background,bottom0A0 A0B0 B0right0
5,30.82,bottom0,left0,background,bottom0A0 A0left0
6,33.04,top0,bottom0,background,top0A1 A1A0 A0bottom0
7,36.46,right0,bottom1,background,right0B0 B0bottom1
8,37.82,left1,left0,background,left1A1 A1A0 A0left0
9,39.12,left1,bottom1,background,left1A1 A1B1 B1B0 B0bottom1
10,48.49,bottom1,bottom0,background,bottom1B0 B0A0 A0bottom0
11,52.42,left0,top1,via_A1,left0A0 A0A1 A1B1 B1top1
12,52.80,top0,right0,background,top0A1 A1B1 B1B0 B0right0
13,60.09,left0,top1,via_B0,left0A0 A0B0 B0B1 B1top1
14,61.92,left0,bottom0,background,left0A0 A0bottom0
15,62.73,top0,top1,background,top0A1 A1B1 B1top1
16,64.31,left0,top1,via_A1,left0A0 A0A1 A1B1 B1top1
17,67.63,bottom1,left1,background,bottom1B0 B0B1 B1A1 A1left1
18,71.07,right0,left0,background,right0B0 B0A0 A0left0
19,74.36,top0,right0,background,top0A1 A1A0 A0B0 B0right0
20,74.94,left0,top1,via_B0,left0A0 A0B0 B0B1 B1top1
21,77.36,left0,top1,via_A1,left0A0 A0A1 A1B1 B1top1
22,83.25,bottom0,bottom1,background,bottom0A0 A0B0 B0bottom1
23,85.08,left0,top1,via_B0,left0A0 A0B0 B0B1 B1top1
24,91.60,left0,top1,via_B0,left0A0 A0B0 B0B1 B1top1
25,97.94,top1,bottom0,background,top1B1 B1A1 A1A0 A0bottom0
26,100.71,left0,top1,via_B0,left0A0 A0B0 B0B1 B1top1
27,102.05,left0,top1,via_A1,left0A0 A0A1 A1B1 B1top1
28,104.55,left0,top1,via_B0,left0A0 A0B0 B0B1 B1top1
29,104.66,right1,right0,background,right1B1 B1B0 B0right0
30,106.47,left0,top1,via_A1,left0A0 A0A1 A1B1 B1top1
31,109.32,bottom1,left0,background,bottom1B0 B0A0 A0left0
32,110.12,left0,top1,via_A1,left0A0 A0A1 A1B1 B1top1
33,112.27,top1,left1,background,top1B1 B1A1 A1left1
34,117.47,top1,left0,background,top1B1 B1B0 B0A0 A0left0
35,124.29,left0,top1,via_B0,left0A0 A0B0 B0B1 B1top1
36,126.38,top0,left1,background,top0A1 A1left1
37,127.25,top1,left1,background,top1B1 B1A1 A1left1
38,127.69,right0,right1,background,right0B0 B0B1 B1right1
39,144.43,right1,bottom1,background,right1B1 B1B0 B0bottom1
40,154.13,right0,left0,background,right0B0 B0A0 A0left0
41,156.55,left0,top1,via_B0,left0A0 A0B0 B0B1 B1top1
42,156.87,right1,left1,background,right1B1 B1A1 A1left1
43,161.93,right0,left0,background,right0B0 B0A0 A0left0
44,161.93,bottom1,left0,background,bottom1B0 B0A0 A0left0
45,173.51,left1,right1,background,left1A1 A1B1 B1right1
46,175.41,right1,left0,background,right1B1 B1B0 B0A0 A0left0
47,191.79,bottom1,bottom0,background,bottom1B0 B0A0 A0bottom0
48,195.16,top1,top0,background,top1B1 B1A1 A1top0
49,195.30,top1,right1,background,top1B1 B1right1
50,201.71,bottom1,top0,background,bottom1B0 B0B1 B1A1 A1top0
51,202.04,left0,top1,via_B0,left0A0 A0B0 B0B1 B1top1
52,203.18,bottom0,top0,background,bottom0A0 A0A1 A1top0
53,209.92,top1,left0,background,top1B1 B1A1 A1A0 A0left0
54,211.63,left0,top1,background,left0A0 A0B0 B0B1 B1top1
55,211.67,top1,top0,background,top1B1 B1A1 A1top0
56,224.36,left1,bottom0,background,left1A1 A1A0 A0bottom0
57,224.56,top1,right0,background,top1B1 B1B0 B0right0
58,226.15,top1,right0,background,top1B1 B1B0 B0right0
59,226.67,left1,right1,background,left1A1 A1B1 B1right1
60,235.16,left0,right1,background,left0A0 A0B0 B0B1 B1right1
61,237.12,top0,bottom0,background,top0A1 A1A0 A0bottom0
62,238.20,top1,left0,background,top1B1 B1A1 A1A0 A0left0
63,240.38,right1,left1,background,right1B1 B1A1 A1left1
64,248.67,bottom0,right1,background,bottom0A0 A0A1 A1B1 B1right1
65,250.25,left0,top1,via_A1,left0A0 A0A1 A1B1 B1top1
66,251.11,right0,left0,background,right0B0 B0A0 A0left0
67,267.65,bottom0,left1,background,bottom0A0 A0A1 A1left1
68,269.69,top0,bottom0,background,top0A1 A1A0 A0bottom0
69,270.66,right0,top1,background,right0B0 B0B1 B1top1
70,275.95,left1,top1,background,left1A1 A1B1 B1top1
71,277.58,left1,top1,background,left1A1 A1B1 B1top1
72,281.94,bottom0,right0,background,bottom0A0 A0B0 B0right0
73,297.25,bottom1,right1,background,bottom1B0 B0B1 B1right1
74,299.64,left0,top1,via_A1,left0A0 A0A1 A1B1 B1top1
75,304.43,bottom0,top1,background,bottom0A0 A0B0 B0B1 B1top1
76,318.90,bottom1,right0,background,bottom1B0 B0right0
77,321.76,top1,right1,background,top1B1 B1right1
78,322.87,bottom1,left0,background,bottom1B0 B0A0 A0left0
79,325.35,right1,bottom0,background,right1B1 B1B0 B0A0 A0bottom0
80,325.76,left1,left0,background,left1A1 A1A0 A0left0
81,328.96,bottom0,right1,background,bottom0A0 A0B0 B0B1 B1right1
82,330.06,left1,left0,background,left1A1 A1A0 A0left0
83,331.14,top0,top1,background,top0A1 A1B1 B1top1
84,337.89,left0,top1,via_B0,left0A0 A0B0 B0B1 B1top1
85,337.90,bottom0,right1,background,bottom0A0 A0B0 B0B1 B1right1
86,338.50,top0,bottom1,background,top0A1 A1B1 B1B0 B0bottom1
87,363.36,left1,top1,background,left1A1 A1B1 B1top1
88,363.77,left1,top0,background,left1A1 A1top0
89,371.75,bottom0,left1,background,bottom0A0 A0A1 A1left1
90,375.93,left0,bottom0,background,left0A0 A0bottom0
91,376.88,right1,bottom1,background,right1B1 B1B0 B0bottom1
92,379.94,bottom1,bottom0,background,bottom1B0 B0A0 A0bottom0
93,382.99,right0,left1,background,right0B0 B0A0 A0A1 A1left1
94,391.54,left0,top1,via_B0,left0A0 A0B0 B0B1 B1top1
95,394.16,left0,top1,via_B0,left0A0 A0B0 B0B1 B1top1
96,400.90,left1,right1,background,left1A1 A1B1 B1right1
97,407.14,right0,top1,background,right0B0 B0B1 B1top1
98,413.88,top1,bottom1,background,top1B1 B1B0 B0bottom1
99,417.01,right0,bottom0,background,right0B0 B0A0 A0bottom0
100,424.29,bottom0,right1,background,bottom0A0 A0B0 B0B1 B1right1
101,425.04,right0,top1,background,right0B0 B0B1 B1top1
102,425.06,right0,left0,background,right0B0 B0A0 A0left0
103,429.07,left1,bottom0,background,left1A1 A1A0 A0bottom0
104,429.10,top1,bottom1,background,top1B1 B1B0 B0bottom1
105,431.09,top1,right0,background,top1B1 B1B0 B0right0
106,435.20,left0,top1,via_B0,left0A0 A0B0 B0B1 B1top1
107,454.59,top0,right0,background,top0A1 A1B1 B1B0 B0right0
108,454.79,left1,right1,background,left1A1 A1B1 B1right1
109,455.85,right1,left0,background,right1B1 B1A1 A1A0 A0left0
110,460.52,bottom0,right1,background,bottom0A0 A0B0 B0B1 B1right1
111,462.11,top1,top0,background,top1B1 B1A1 A1top0
112,478.86,left1,left0,background,left1A1 A1A0 A0left0
113,483.71,left0,top1,via_B0,left0A0 A0B0 B0B1 B1top1
114,486.69,top1,bottom1,background,top1B1 B1B0 B0bottom1
115,501.94,bottom1,top1,background,bottom1B0 B0B1 B1top1
116,501.99,bottom0,right0,background,bottom0A0 A0B0 B0right0
117,520.90,right1,left0,background,right1B1 B1A1 A1A0 A0left0
118,526.12,top0,right0,background,top0A1 A1B1 B1B0 B0right0
119,527.26,left0,top1,via_B0,left0A0 A0B0 B0B1 B1top1
120,540.20,top1,right1,background,top1B1 B1right1
121,554.47,top1,right1,background,top1B1 B1right1
122,560.80,left1,bottom1,background,left1A1 A1B1 B1B0 B0bottom1
123,574.08,left1,left0,background,left1A1 A1A0 A0left0
124,574.65,left0,top1,via_B0,left0A0 A0B0 B0B1 B1top1
125,575.65,bottom1,right0,background,bottom1B0 B0right0
126,576.82,left0,top1,via_B0,left0A0 A0B0 B0B1 B1top1
127,583.27,left1,top1,background,left1A1 A1B1 B1top1
128,595.35,top0,bottom1,background,top0A1 A1B1 B1B0 B0bottom1
129,600.95,top1,bottom1,background,top1B1 B1B0 B0bottom1
130,601.64,bottom0,top0,background,bottom0A0 A0A1 A1top0
131,605.32,left0,top1,via_B0,left0A0 A0B0 B0B1 B1top1
132,613.26,left0,top1,via_A1,left0A0 A0A1 A1B1 B1top1
133,617.46,left0,bottom1,background,left0A0 A0B0 B0bottom1
134,617.46,left1,top1,background,left1A1 A1B1 B1top1
135,622.27,right0,right1,background,right0B0 B0B1 B1right1
136,622.82,left0,top1,via_B0,left0A0 A0B0 B0B1 B1top1
137,623.67,left1,top0,background,left1A1 A1top0
138,630.53,bottom0,left0,background,bottom0A0 A0left0
139,632.18,bottom1,left0,background,bottom1B0 B0A0 A0left0
140,635.50,top1,left1,background,top1B1 B1A1 A1left1
141,637.96,left0,top1,via_B0,left0A0 A0B0 B0B1 B1top1
142,639.28,left1,right0,background,left1A1 A1B1 B1B0 B0right0
143,644.55,bottom0,top0,background,bottom0A0 A0A1 A1top0
144,657.63,top1,bottom0,background,top1B1 B1A1 A1A0 A0bottom0
145,663.73,top0,left0,background,top0A1 A1A0 A0left0
146,669.26,left0,top1,via_A1,left0A0 A0A1 A1B1 B1top1
147,671.95,top0,left0,background,top0A1 A1A0 A0left0
148,675.09,top0,left1,background,top0A1 A1left1
149,676.52,left1,left0,background,left1A1 A1A0 A0left0
150,676.94,left0,top1,via_A1,left0A0 A0A1 A1B1 B1top1
151,690.93,right1,top1,background,right1B1 B1top1
152,702.87,top0,right0,background,top0A1 A1B1 B1B0 B0right0
153,703.12,bottom0,left1,background,bottom0A0 A0A1 A1left1
154,703.20,top1,right0,background,top1B1 B1B0 B0right0
155,707.41,bottom1,left1,background,bottom1B0 B0A0 A0A1 A1left1
156,709.47,top0,right1,background,top0A1 A1B1 B1right1
157,717.18,left1,bottom1,background,left1A1 A1A0 A0B0 B0bottom1
158,719.42,left0,top1,via_A1,left0A0 A0A1 A1B1 B1top1
159,719.91,right1,top0,background,right1B1 B1A1 A1top0
160,721.46,left0,top1,background,left0A0 A0A1 A1B1 B1top1
161,723.07,left0,left1,background,left0A0 A0A1 A1left1
162,724.91,right1,right0,background,right1B1 B1B0 B0right0
163,734.09,right0,bottom0,background,right0B0 B0A0 A0bottom0
164,750.83,top1,top0,background,top1B1 B1A1 A1top0
165,751.80,bottom1,top1,background,bottom1B0 B0B1 B1top1
166,752.00,right0,right1,background,right0B0 B0B1 B1right1
167,752.73,left0,top1,via_A1,left0A0 A0A1 A1B1 B1top1
168,752.93,top1,right1,background,top1B1 B1right1
169,753.97,top0,bottom0,background,top0A1 A1A0 A0bottom0
170,762.86,right0,bottom0,background,right0B0 B0A0 A0bottom0
171,779.76,left0,top1,via_B0,left0A0 A0B0 B0B1 B1top1
172,787.61,left0,top1,via_B0,left0A0 A0B0 B0B1 B1top1
173,791.17,top0,bottom0,background,top0A1 A1A0 A0bottom0
174,794.16,left0,top1,via_B0,left0A0 A0B0 B0B1 B1top1
175,798.09,left0,top1,via_A1,left0A0 A0A1 A1B1 B1top1
176,799.43,right0,top0,background,right0B0 B0B1 B1A1 A1top0
177,810.10,bottom0,left1,background,bottom0A0 A0A1 A1left1
178,814.49,bottom0,top0,background,bottom0A0 A0A1 A1top0
179,823.54,left0,top1,via_B0,left0A0 A0B0 B0B1 B1top1
180,826.58,left0,top1,via_A1,left0A0 A0A1 A1B1 B1top1
181,831.12,left0,top1,via_A1,left0A0 A0A1 A1B1 B1top1
182,834.31,top1,top0,background,top1B1 B1A1 A1top0
183,835.72,top0,right1,background,top0A1 A1B1 B1right1
184,835.83,left0,top1,via_A1,left0A0 A0A1 A1B1 B1top1
185,838.22,top0,left1,background,top0A1 A1left1
186,839.10,left0,top1,via_B0,left0A0 A0B0 B0B1 B1top1
187,845.46,top0,bottom0,background,top0A1 A1A0 A0bottom0
188,846.68,left1,left0,background,left1A1 A1A0 A0left0
189,862.98,top1,left1,background,top1B1 B1A1 A1left1
190,869.98,bottom0,right1,background,bottom0A0 A0B0 B0B1 B1right1
191,872.06,right0,bottom1,background,right0B0 B0bottom1
192,873.86,left0,top1,via_A1,left0A0 A0A1 A1B1 B1top1
193,879.63,top1,right1,background,top1B1 B1right1
194,882.35,left1,left0,background,left1A1 A1A0 A0left0
195,883.53,right1,right0,background,right1B1 B1B0 B0right0
196,885.05,left1,right1,background,left1A1 A1B1 B1right1
197,890.27,left1,top0,background,left1A1 A1top0
198,898.41,left0,top1,via_A1,left0A0 A0A1 A1B1 B1top1
199,901.48,bottom0,left0,background,bottom0A0 A0left0
200,905.69,right1,left0,background,right1B1 B1A1 A1A0 A0left0
201,909.88,right1,bottom1,background,right1B1 B1B0 B0bottom1
202,911.93,top0,left0,background,top0A1 A1A0 A0left0
203,915.00,right0,top0,background,right0B0 B0B1 B1A1 A1top0
204,917.63,bottom1,top1,background,bottom1B0 B0B1 B1top1
205,918.03,bottom1,right0,background,bottom1B0 B0right0
206,918.25,left0,top1,via_A1,left0A0 A0A1 A1B1 B1top1
207,919.06,left0,top1,via_B0,left0A0 A0B0 B0B1 B1top1
208,920.89,top1,left0,background,top1B1 B1A1 A1A0 A0left0
209,931.56,right0,right1,background,right0B0 B0B1 B1right1
210,932.71,left1,right0,background,left1A1 A1B1 B1B0 B0right0
211,936.84,right1,top1,background,right1B1 B1top1
212,963.57,top0,bottom0,background,top0A1 A1A0 A0bottom0
213,967.95,right1,left0,background,right1B1 B1B0 B0A0 A0left0
214,968.65,right0,left1,background,right0B0 B0B1 B1A1 A1left1
215,969.40,left0,top1,via_B0,left0A0 A0B0 B0B1 B1top1
216,971.12,bottom0,bottom1,background,bottom0A0 A0B0 B0bottom1
217,974.95,right0,bottom0,background,right0B0 B0A0 A0bottom0
218,979.12,top0,right0,background,top0A1 A1B1 B1B0 B0right0
219,981.61,right1,right0,background,right1B1 B1B0 B0right0
220,982.49,left0,top1,via_A1,left0A0 A0A1 A1B1 B1top1
221,988.18,bottom0,left1,background,bottom0A0 A0A1 A1left1
222,993.82,bottom1,right1,background,bottom1B0 B0B1 B1right1
223,998.21,top1,right0,background,top1B1 B1B0 B0right0
224,999.62,right0,left0,background,right0B0 B0A0 A0left0
225,1022.57,right0,bottom0,background,right0B0 B0A0 A0bottom0
226,1043.21,left0,top1,via_B0,left0A0 A0B0 B0B1 B1top1
227,1045.06,bottom1,right1,background,bottom1B0 B0B1 B1right1
228,1046.95,left1,left0,background,left1A1 A1A0 A0left0
229,1051.40,top1,bottom0,background,top1B1 B1B0 B0A0 A0bottom0
230,1065.86,left0,top0,background,left0A0 A0A1 A1top0
231,1076.13,left1,bottom1,background,left1A1 A1A0 A0B0 B0bottom1
232,1078.44,left1,top0,background,left1A1 A1top0
233,1079.51,bottom0,top0,background,bottom0A0 A0A1 A1top0
234,1079.95,bottom0,left0,background,bottom0A0 A0left0
235,1083.94,bottom0,bottom1,background,bottom0A0 A0B0 B0bottom1
236,1088.74,top1,right0,background,top1B1 B1B0 B0right0
237,1089.05,top1,top0,background,top1B1 B1A1 A1top0
238,1089.55,right1,top1,background,right1B1 B1top1
239,1092.12,left0,top1,via_B0,left0A0 A0B0 B0B1 B1top1
240,1093.20,right0,bottom1,background,right0B0 B0bottom1
241,1100.24,left1,top1,background,left1A1 A1B1 B1top1
242,1111.76,top1,right0,background,top1B1 B1B0 B0right0
243,1115.06,top1,right1,background,top1B1 B1right1
244,1115.14,right0,bottom0,background,right0B0 B0A0 A0bottom0
245,1117.31,left0,right1,background,left0A0 A0A1 A1B1 B1right1
246,1120.09,right0,left1,background,right0B0 B0B1 B1A1 A1left1
247,1122.48,left1,top1,background,left1A1 A1B1 B1top1
248,1139.50,right0,top1,background,right0B0 B0B1 B1top1
249,1143.30,top1,top0,background,top1B1 B1A1 A1top0
250,1150.46,right0,top1,background,right0B0 B0B1 B1top1
251,1154.61,left1,top1,background,left1A1 A1B1 B1top1
252,1159.20,left0,top1,via_B0,left0A0 A0B0 B0B1 B1top1
253,1171.49,right1,top1,background,right1B1 B1top1
254,1177.43,top1,top0,background,top1B1 B1A1 A1top0
255,1178.07,left1,right1,background,left1A1 A1B1 B1right1
256,1197.70,left0,top1,via_A1,left0A0 A0A1 A1B1 B1top1
257,1197.76,top1,left0,background,top1B1 B1B0 B0A0 A0left0
258,1204.13,top0,bottom1,background,top0A1 A1A0 A0B0 B0bottom1
259,1208.19,bottom1,left1,background,bottom1B0 B0B1 B1A1 A1left1
260,1219.86,left1,bottom1,background,left1A1 A1B1 B1B0 B0bottom1
261,1220.00,top0,bottom0,background,top0A1 A1A0 A0bottom0
262,1222.79,top0,left0,background,top0A1 A1A0 A0left0
263,1231.47,top1,top0,background,top1B1 B1A1 A1top0
264,1232.79,right0,top1,background,right0B0 B0B1 B1top1
265,1239.92,left0,top1,via_B0,left0A0 A0B0 B0B1 B1top1
266,1245.88,left0,top1,via_A1,left0A0 A0A1 A1B1 B1top1
267,1248.13,bottom0,bottom1,background,bottom0A0 A0B0 B0bottom1
268,1249.20,bottom0,left0,background,bottom0A0 A0left0
269,1258.61,right1,bottom1,background,right1B1 B1B0 B0bottom1
270,1260.76,right0,bottom0,background,right0B0 B0A0 A0bottom0
271,1268.50,bottom0,right0,background,bottom0A0 A0B0 B0right0
272,1281.06,right0,left1,background,right0B0 B0A0 A0A1 A1left1
273,1281.43,top1,left0,background,top1B1 B1A1 A1A0 A0left0
274,1284.44,left0,top1,via_B0,left0A0 A0B0 B0B1 B1top1
275,1286.05,top1,right0,background,top1B1 B1B0 B0right0
276,1291.48,bottom1,right1,background,bottom1B0 B0B1 B1right1
277,1295.96,bottom1,right1,background,bottom1B0 B0B1 B1right1
278,1301.68,right1,top0,background,right1B1 B1A1 A1top0
279,1326.10,right1,left0,background,right1B1 B1A1 A1A0 A0left0
280,1348.93,left0,top1,via_B0,left0A0 A0B0 B0B1 B1top1
281,1360.42,right0,left1,background,right0B0 B0A0 A0A1 A1left1
282,1363.45,top1,bottom0,background,top1B1 B1B0 B0A0 A0bottom0
283,1365.69,top1,left1,background,top1B1 B1A1 A1left1
284,1368.83,left1,bottom0,background,left1A1 A1A0 A0bottom0
285,1372.33,left0,top1,via_A1,left0A0 A0A1 A1B1 B1top1
286,1382.02,top1,bottom1,background,top1B1 B1B0 B0bottom1
287,1383.34,bottom1,right0,background,bottom1B0 B0right0
288,1390.91,bottom0,right1,background,bottom0A0 A0A1 A1B1 B1right1
289,1391.60,left0,top1,via_A1,left0A0 A0A1 A1B1 B1top1
290,1394.17,right0,left0,background,right0B0 B0A0 A0left0
291,1405.72,left1,bottom1,background,left1A1 A1B1 B1B0 B0bottom1
292,1415.71,left0,top1,via_A1,left0A0 A0A1 A1B1 B1top1
293,1416.95,left0,top1,via_B0,left0A0 A0B0 B0B1 B1top1
294,1418.18,top0,right1,background,top0A1 A1B1 B1right1
295,1419.77,top0,right1,background,top0A1 A1B1 B1right1
296,1425.78,top1,right0,background,top1B1 B1B0 B0right0
297,1430.06,left1,right0,background,left1A1 A1B1 B1B0 B0right0
298,1430.08,bottom1,left1,background,bottom1B0 B0A0 A0A1 A1left1
299,1432.07,left1,right0,background,left1A1 A1B1 B1B0 B0right0
300,1433.38,bottom1,top0,background,bottom1B0 B0B1 B1A1 A1top0
301,1436.86,bottom0,left0,background,bottom0A0 A0left0
302,1437.85,right0,bottom1,background,right0B0 B0bottom1
303,1446.38,left1,left0,background,left1A1 A1A0 A0left0
304,1458.58,bottom0,top1,background,bottom0A0 A0A1 A1B1 B1top1
305,1470.35,bottom1,right0,background,bottom1B0 B0right0
306,1472.27,right0,bottom1,background,right0B0 B0bottom1
307,1474.21,right1,bottom0,background,right1B1 B1A1 A1A0 A0bottom0
308,1481.91,bottom0,right0,background,bottom0A0 A0B0 B0right0
309,1491.53,left0,top1,via_A1,left0A0 A0A1 A1B1 B1top1
310,1492.62,bottom1,left1,background,bottom1B0 B0B1 B1A1 A1left1
311,1494.46,top0,bottom0,background,top0A1 A1A0 A0bottom0
312,1503.31,right1,bottom1,background,right1B1 B1B0 B0bottom1
313,1513.57,top1,right1,background,top1B1 B1right1
314,1515.30,left0,top1,via_B0,left0A0 A0B0 B0B1 B1top1
315,1519.58,left0,top1,via_A1,left0A0 A0A1 A1B1 B1top1
316,1519.62,left0,top1,via_A1,left0A0 A0A1 A1B1 B1top1
317,1520.15,bottom0,left1,background,bottom0A0 A0A1 A1left1
318,1520.62,bottom1,right0,background,bottom1B0 B0right0
319,1533.92,left0,top1,via_A1,left0A0 A0A1 A1B1 B1top1
320,1539.67,bottom0,left0,background,bottom0A0 A0left0
321,1541.16,right1,top1,background,right1B1 B1top1
322,1545.26,left0,right1,background,left0A0 A0A1 A1B1 B1right1
323,1546.32,top1,bottom1,background,top1B1 B1B0 B0bottom1
324,1555.16,bottom1,top1,background,bottom1B0 B0B1 B1top1
325,1557.03,right0,right1,background,right0B0 B0B1 B1right1
326,1557.96,left0,top1,via_A1,left0A0 A0A1 A1B1 B1top1
327,1560.61,bottom0,top0,background,bottom0A0 A0A1 A1top0
328,1572.38,top1,left1,background,top1B1 B1A1 A1left1
329,1573.80,right0,right1,background,right0B0 B0B1 B1right1
330,1576.39,left0,top1,via_B0,left0A0 A0B0 B0B1 B1top1
331,1579.58,right0,bottom1,background,right0B0 B0bottom1
332,1580.26,left0,top1,via_A1,left0A0 A0A1 A1B1 B1top1
333,1587.67,bottom1,top1,background,bottom1B0 B0B1 B1top1
334,1592.00,top0,right0,background,top0A1 A1A0 A0B0 B0right0
335,1596.87,right0,bottom1,background,right0B0 B0bottom1
336,1599.37,top1,bottom1,background,top1B1 B1B0 B0bottom1
337,1603.39,left0,top1,via_B0,left0A0 A0B0 B0B1 B1top1
338,1603.75,bottom0,top1,background,bottom0A0 A0A1 A1B1 B1top1
339,1617.79,right0,top0,background,right0B0 B0A0 A0A1 A1top0
340,1618.16,left0,top1,via_A1,left0A0 A0A1 A1B1 B1top1
341,1619.44,left1,right1,background,left1A1 A1B1 B1right1
342,1627.89,right1,left1,background,right1B1 B1A1 A1left1
343,1629.08,right1,bottom1,background,right1B1 B1B0 B0bottom1
344,1634.91,right1,bottom0,background,right1B1 B1A1 A1A0 A0bottom0
345,1636.92,left0,top1,via_A1,left0A0 A0A1 A1B1 B1top1
346,1642.13,right1,right0,background,right1B1 B1B0 B0right0
347,1642.83,top1,right0,background,top1B1 B1B0 B0right0
348,1649.32,left0,top1,via_A1,left0A0 A0A1 A1B1 B1top1
349,1652.87,left0,top1,via_A1,left0A0 A0A1 A1B1 B1top1
350,1653.80,right0,top0,background,right0B0 B0B1 B1A1 A1top0
351,1654.57,left0,top1,via_A1,left0A0 A0A1 A1B1 B1top1
352,1673.20,left1,top0,background,left1A1 A1top0
353,1679.14,bottom1,left0,background,bottom1B0 B0A0 A0left0
354,1684.57,right0,left0,background,right0B0 B0A0 A0left0
355,1688.25,top1,left0,background,top1B1 B1B0 B0A0 A0left0
356,1688.96,top0,top1,background,top0A1 A1B1 B1top1
357,1703.64,bottom0,right0,background,bottom0A0 A0B0 B0right0
358,1705.57,left0,top1,via_A1,left0A0 A0A1 A1B1 B1top1
359,1717.23,left1,top0,background,left1A1 A1top0
360,1728.52,bottom0,right0,background,bottom0A0 A0B0 B0right0
361,1728.92,bottom1,left0,background,bottom1B0 B0A0 A0left0
362,1733.11,right1,top1,background,right1B1 B1top1
363,1744.35,right0,bottom0,background,right0B0 B0A0 A0bottom0
364,1745.73,left0,top1,via_A1,left0A0 A0A1 A1B1 B1top1
365,1745.73,top0,bottom0,background,top0A1 A1A0 A0bottom0
366,1762.89,left0,top1,via_B0,left0A0 A0B0 B0B1 B1top1
367,1768.77,bottom0,right0,background,bottom0A0 A0B0 B0right0
368,1771.64,bottom1,right0,background,bottom1B0 B0right0
369,1772.50,right0,bottom0,background,right0B0 B0A0 A0bottom0
370,1773.45,bottom1,right0,background,bottom1B0 B0right0
371,1773.72,right0,right1,background,right0B0 B0B1 B1right1
372,1775.73,left1,top1,background,left1A1 A1B1 B1top1
373,1783.56,left0,top1,via_B0,left0A0 A0B0 B0B1 B1top1
374,1784.92,left0,top1,via_A1,left0A0 A0A1 A1B1 B1top1
375,1786.79,right0,top0,background,right0B0 B0A0 A0A1 A1top0
376,1798.78,right1,left1,background,right1B1 B1A1 A1left1
377,1804.06,right1,bottom1,background,right1B1 B1B0 B0bottom1
378,1808.05,left0,top1,via_B0,left0A0 A0B0 B0B1 B1top1
379,1809.86,right1,left0,background,right1B1 B1A1 A1A0 A0left0
380,1814.20,bottom0,left0,background,bottom0A0 A0left0
381,1815.24,bottom1,top0,background,bottom1B0 B0B1 B1A1 A1top0
382,1816.99,left0,top1,via_B0,left0A0 A0B0 B0B1 B1top1
383,1819.02,left0,top1,via_B0,left0A0 A0B0 B0B1 B1top1
384,1821.21,top0,right0,background,top0A1 A1A0 A0B0 B0right0
385,1828.84,bottom0,top1,background,bottom0A0 A0A1 A1B1 B1top1
386,1830.33,left0,top1,via_B0,left0A0 A0B0 B0B1 B1top1
387,1836.41,left0,top1,via_B0,left0A0 A0B0 B0B1 B1top1
388,1840.45,top1,right1,background,top1B1 B1right1
389,1841.31,right1,top0,background,right1B1 B1A1 A1top0
390,1847.22,bottom1,bottom0,background,bottom1B0 B0A0 A0bottom0
391,1849.57,left0,top1,via_B0,left0A0 A0B0 B0B1 B1top1
392,1851.42,right1,top0,background,right1B1 B1A1 A1top0
393,1851.68,left1,top0,background,left1A1 A1top0
394,1867.24,left0,top1,via_A1,left0A0 A0A1 A1B1 B1top1
395,1875.37,left0,top1,via_B0,left0A0 A0B0 B0B1 B1top1
396,1885.48,right1,top0,background,right1B1 B1A1 A1top0
397,1886.02,left0,top1,background,left0A0 A0B0 B0B1 B1top1
398,1887.49,top0,top1,background,top0A1 A1B1 B1top1
399,1892.25,right1,bottom1,background,right1B1 B1B0 B0bottom1
400,1894.06,right1,top0,background,right1B1 B1A1 A1top0
401,1894.28,right0,top0,background,right0B0 B0B1 B1A1 A1top0
402,1897.94,top1,bottom1,background,top1B1 B1B0 B0bottom1
403,1898.56,left0,top1,via_A1,left0A0 A0A1 A1B1 B1top1
404,1906.65,bottom0,left1,background,bottom0A0 A0A1 A1left1
405,1909.59,bottom1,bottom0,background,bottom1B0 B0A0 A0bottom0
406,1918.00,bottom0,bottom1,background,bottom0A0 A0B0 B0bottom1
407,1922.59,right0,bottom1,background,right0B0 B0bottom1
408,1924.58,top1,left0,background,top1B1 B1B0 B0A0 A0left0
409,1925.14,bottom0,bottom1,background,bottom0A0 A0B0 B0bottom1
410,1935.83,bottom1,right1,background,bottom1B0 B0B1 B1right1
411,1937.13,right1,bottom1,background,right1B1 B1B0 B0bottom1
412,1938.52,left0,top1,via_B0,left0A0 A0B0 B0B1 B1top1
413,1942.62,left0,top1,via_A1,left0A0 A0A1 A1B1 B1top1
414,1946.78,right1,top0,background,right1B1 B1A1 A1top0
415,1949.08,left0,top1,via_A1,left0A0 A0A1 A1B1 B1top1
416,1954.84,bottom1,top1,background,bottom1B0 B0B1 B1top1
417,1954.92,bottom1,top0,background,bottom1B0 B0B1 B1A1 A1top0
418,1958.84,bottom1,right1,background,bottom1B0 B0B1 B1right1
419,1959.20,left1,bottom0,background,left1A1 A1A0 A0bottom0
420,1960.92,left0,top1,via_A1,left0A0 A0A1 A1B1 B1top1
421,1961.10,bottom0,bottom1,background,bottom0A0 A0B0 B0bottom1
422,1963.35,right0,bottom0,background,right0B0 B0A0 A0bottom0
423,1972.78,left0,top1,via_A1,left0A0 A0A1 A1B1 B1top1
424,1975.67,left0,top1,via_A1,left0A0 A0A1 A1B1 B1top1
425,1976.84,bottom0,left1,background,bottom0A0 A0A1 A1left1
426,1977.37,left1,bottom0,background,left1A1 A1A0 A0bottom0
427,1978.54,bottom0,left0,background,bottom0A0 A0left0
428,1980.75,left1,bottom0,background,left1A1 A1A0 A0bottom0
429,1983.70,bottom1,top1,background,bottom1B0 B0B1 B1top1
430,1987.88,top0,right0,background,top0A1 A1B1 B1B0 B0right0
431,1993.75,bottom1,top0,background,bottom1B0 B0A0 A0A1 A1top0
432,1994.02,top1,right0,background,top1B1 B1B0 B0right0
433,1994.09,bottom1,top0,background,bottom1B0 B0B1 B1A1 A1top0
434,2003.23,left0,top1,via_A1,left0A0 A0A1 A1B1 B1top1
435,2017.46,left1,right0,background,left1A1 A1B1 B1B0 B0right0
436,2018.58,left0,right0,background,left0A0 A0B0 B0right0
437,2019.76,right0,top0,background,right0B0 B0B1 B1A1 A1top0
438,2020.88,left0,top1,via_B0,left0A0 A0B0 B0B1 B1top1
439,2025.99,right1,right0,background,right1B1 B1B0 B0right0
440,2027.06,bottom0,top0,background,bottom0A0 A0A1 A1top0
441,2031.98,bottom0,top0,background,bottom0A0 A0A1 A1top0
442,2032.00,left1,right1,background,left1A1 A1B1 B1right1
443,2033.78,left0,right1,background,left0A0 A0A1 A1B1 B1right1
444,2041.24,bottom1,right1,background,bottom1B0 B0B1 B1right1
445,2051.99,left0,top1,via_B0,left0A0 A0B0 B0B1 B1top1
446,2053.95,right0,top1,background,right0B0 B0B1 B1top1
447,2057.14,bottom1,right1,background,bottom1B0 B0B1 B1right1
448,2063.19,right1,right0,background,right1B1 B1B0 B0right0
449,2064.17,left0,left1,background,left0A0 A0A1 A1left1
450,2065.57,top0,right0,background,top0A1 A1B1 B1B0 B0right0
451,2065.73,top0,left0,background,top0A1 A1A0 A0left0
452,2072.33,top0,bottom0,background,top0A1 A1A0 A0bottom0
453,2080.06,left0,top1,via_B0,left0A0 A0B0 B0B1 B1top1
454,2087.84,left1,bottom1,background,left1A1 A1B1 B1B0 B0bottom1
455,2094.15,top1,right0,background,top1B1 B1B0 B0right0
456,2104.05,left0,top1,via_A1,left0A0 A0A1 A1B1 B1top1
457,2110.56,right1,left1,background,right1B1 B1A1 A1left1
458,2115.28,left0,top1,via_A1,left0A0 A0A1 A1B1 B1top1
459,2120.40,left0,top1,via_A1,left0A0 A0A1 A1B1 B1top1
460,2122.50,top0,bottom0,background,top0A1 A1A0 A0bottom0
461,2129.07,left0,bottom0,background,left0A0 A0bottom0
462,2135.46,left0,top1,via_A1,left0A0 A0A1 A1B1 B1top1
463,2136.76,left1,right1,background,left1A1 A1B1 B1right1
464,2141.87,bottom1,top0,background,bottom1B0 B0A0 A0A1 A1top0
465,2146.05,top0,right0,background,top0A1 A1B1 B1B0 B0right0
466,2153.74,right1,bottom0,background,right1B1 B1A1 A1A0 A0bottom0
467,2159.88,top0,top1,background,top0A1 A1B1 B1top1
468,2160.32,bottom0,left0,background,bottom0A0 A0left0
469,2162.99,right0,top0,background,right0B0 B0B1 B1A1 A1top0
470,2164.09,bottom0,top1,background,bottom0A0 A0B0 B0B1 B1top1
471,2169.96,right1,bottom1,background,right1B1 B1B0 B0bottom1
472,2180.33,left0,top1,via_B0,left0A0 A0B0 B0B1 B1top1
473,2181.99,bottom0,left0,background,bottom0A0 A0left0
474,2186.57,top0,right0,background,top0A1 A1B1 B1B0 B0right0
475,2191.81,top0,top1,background,top0A1 A1B1 B1top1
476,2204.80,left1,bottom0,background,left1A1 A1A0 A0bottom0
477,2204.82,left0,top1,via_B0,left0A0 A0B0 B0B1 B1top1
478,2209.18,top0,bottom0,background,top0A1 A1A0 A0bottom0
479,2214.66,left1,right1,background,left1A1 A1B1 B1right1
480,2214.66,bottom1,top1,background,bottom1B0 B0B1 B1top1
481,2217.03,right1,bottom0,background,right1B1 B1B0 B0A0 A0bottom0
482,2221.02,bottom1,top1,background,bottom1B0 B0B1 B1top1
483,2241.17,bottom0,top1,background,bottom0A0 A0A1 A1B1 B1top1
484,2244.56,left0,top1,via_A1,left0A0 A0A1 A1B1 B1top1
485,2249.28,left0,top1,via_A1,left0A0 A0A1 A1B1 B1top1
486,2259.09,right0,left0,background,right0B0 B0A0 A0left0
487,2266.82,right0,top0,background,right0B0 B0B1 B1A1 A1top0
488,2267.09,top1,bottom0,background,top1B1 B1B0 B0A0 A0bottom0
489,2271.82,right1,bottom0,background,right1B1 B1A1 A1A0 A0bottom0
490,2281.43,right0,bottom0,background,right0B0 B0A0 A0bottom0
491,2287.91,right0,left0,background,right0B0 B0A0 A0left0
492,2289.01,right1,right0,background,right1B1 B1B0 B0right0
493,2289.49,right0,left1,background,right0B0 B0B1 B1A1 A1left1
494,2293.10,left1,top0,background,left1A1 A1top0
495,2294.86,top0,right0,background,top0A1 A1B1 B1B0 B0right0
496,2312.25,left0,top1,via_B0,left0A0 A0B0 B0B1 B1top1
497,2316.60,right1,top1,background,right1B1 B1top1
498,2322.22,bottom0,bottom1,background,bottom0A0 A0B0 B0bottom1
499,2325.89,bottom1,right1,background,bottom1B0 B0B1 B1right1
500,2345.73,left0,top1,via_B0,left0A0 A0B0 B0B1 B1top1
501,2347.37,left1,left0,background,left1A1 A1A0 A0left0
502,2347.75,right0,left0,background,right0B0 B0A0 A0left0
503,2348.64,bottom1,top1,background,bottom1B0 B0B1 B1top1
504,2363.81,bottom1,right0,background,bottom1B0 B0right0
505,2367.19,bottom1,top0,background,bottom1B0 B0A0 A0A1 A1top0
506,2379.07,top0,bottom1,background,top0A1 A1A0 A0B0 B0bottom1
507,2384.16,bottom1,left1,background,bottom1B0 B0A0 A0A1 A1left1
508,2384.65,bottom1,right0,background,bottom1B0 B0right0
509,2386.98,top0,bottom0,background,top0A1 A1A0 A0bottom0
510,2401.99,bottom1,left1,background,bottom1B0 B0A0 A0A1 A1left1
511,2407.32,bottom0,left0,background,bottom0A0 A0left0
512,2413.09,left0,top1,via_A1,left0A0 A0A1 A1B1 B1top1
513,2417.33,top1,left0,background,top1B1 B1A1 A1A0 A0left0
514,2421.67,bottom1,bottom0,background,bottom1B0 B0A0 A0bottom0
515,2423.20,left0,top1,via_B0,left0A0 A0B0 B0B1 B1top1
516,2428.14,left0,top1,via_A1,left0A0 A0A1 A1B1 B1top1
517,2429.64,left0,left1,background,left0A0 A0A1 A1left1
518,2435.82,bottom0,bottom1,background,bottom0A0 A0B0 B0bottom1
519,2436.50,bottom0,top1,background,bottom0A0 A0A1 A1B1 B1top1
520,2440.04,right1,top1,background,right1B1 B1top1
521,2441.43,left0,top1,via_B0,left0A0 A0B0 B0B1 B1top1
522,2450.48,bottom0,left1,background,bottom0A0 A0A1 A1left1
523,2451.20,left1,bottom0,background,left1A1 A1A0 A0bottom0
524,2452.32,bottom0,right0,background,bottom0A0 A0B0 B0right0
525,2453.88,left1,left0,background,left1A1 A1A0 A0left0
526,2455.47,left1,top1,background,left1A1 A1B1 B1top1
527,2456.67,bottom1,right1,background,bottom1B0 B0B1 B1right1
528,2464.25,top1,top0,background,top1B1 B1A1 A1top0
529,2472.37,right1,left1,background,right1B1 B1A1 A1left1
530,2473.01,left1,right0,background,left1A1 A1B1 B1B0 B0right0
531,2505.58,right1,left0,background,right1B1 B1B0 B0A0 A0left0
532,2521.09,bottom1,bottom0,background,bottom1B0 B0A0 A0bottom0
533,2524.61,left1,bottom1,background,left1A1 A1B1 B1B0 B0bottom1
534,2525.84,top0,bottom1,background,top0A1 A1B1 B1B0 B0bottom1
535,2530.49,right1,bottom0,background,right1B1 B1A1 A1A0 A0bottom0
536,2530.94,left0,top1,via_B0,left0A0 A0B0 B0B1 B1top1
537,2532.17,left0,top1,via_A1,left0A0 A0A1 A1B1 B1top1
538,2534.12,right0,left1,background,right0B0 B0B1 B1A1 A1left1
539,2536.57,left0,top1,via_A1,left0A0 A0A1 A1B1 B1top1
540,2544.08,right0,bottom1,background,right0B0 B0bottom1
541,2547.52,right1,top1,background,right1B1 B1top1
542,2553.58,bottom1,left1,background,bottom1B0 B0B1 B1A1 A1left1
543,2556.87,right0,bottom1,background,right0B0 B0bottom1
544,2560.28,left0,top1,via_A1,left0A0 A0A1 A1B1 B1top1
545,2561.72,left0,top1,via_B0,left0A0 A0B0 B0B1 B1top1
546,2565.60,top1,right0,background,top1B1 B1B0 B0right0
547,2572.76,right1,bottom1,background,right1B1 B1B0 B0bottom1
548,2573.36,left1,bottom1,background,left1A1 A1A0 A0B0 B0bottom1
549,2575.67,bottom0,top1,background,bottom0A0 A0B0 B0B1 B1top1
550,2587.80,left0,top1,via_A1,left0A0 A0A1 A1B1 B1top1
551,2597.34,left0,top1,via_B0,left0A0 A0B0 B0B1 B1top1
552,2597.54,left0,top1,via_A1,left0A0 A0A1 A1B1 B1top1
553,2597.55,top0,bottom0,background,top0A1 A1A0 A0bottom0
554,2598.13,top0,left0,background,top0A1 A1A0 A0left0
555,2601.32,top1,top0,background,top1B1 B1A1 A1top0
556,2609.74,bottom0,left0,background,bottom0A0 A0left0
557,2610.24,top0,bottom0,background,top0A1 A1A0 A0bottom0
558,2625.00,left1,right1,background,left1A1 A1B1 B1right1
559,2631.73,bottom1,top1,background,bottom1B0 B0B1 B1top1
560,2633.11,left1,top0,background,left1A1 A1top0
561,2644.27,bottom0,top0,background,bottom0A0 A0A1 A1top0
562,2646.79,right1,left0,background,right1B1 B1A1 A1A0 A0left0
563,2647.35,top1,left0,background,top1B1 B1B0 B0A0 A0left0
564,2652.21,right0,bottom1,background,right0B0 B0bottom1
565,2661.14,bottom0,left1,background,bottom0A0 A0A1 A1left1
566,2662.26,bottom0,right1,background,bottom0A0 A0B0 B0B1 B1right1
567,2665.80,left0,top1,via_A1,left0A0 A0A1 A1B1 B1top1
568,2674.74,bottom1,top1,background,bottom1B0 B0B1 B1top1
569,2675.43,bottom0,right0,background,bottom0A0 A0B0 B0right0
570,2677.72,top1,bottom0,background,top1B1 B1B0 B0A0 A0bottom0
571,2686.18,top1,left1,background,top1B1 B1A1 A1left1
572,2686.84,bottom1,left0,background,bottom1B0 B0A0 A0left0
573,2689.15,bottom1,top0,background,bottom1B0 B0B1 B1A1 A1top0
574,2696.60,bottom1,left1,background,bottom1B0 B0A0 A0A1 A1left1
575,2708.11,top1,top0,background,top1B1 B1A1 A1top0
576,2713.63,top0,left0,background,top0A1 A1A0 A0left0
577,2717.10,top1,bottom0,background,top1B1 B1A1 A1A0 A0bottom0
578,2719.89,top1,bottom1,background,top1B1 B1B0 B0bottom1
579,2720.10,left0,top1,via_B0,left0A0 A0B0 B0B1 B1top1
580,2726.90,bottom1,top0,background,bottom1B0 B0A0 A0A1 A1top0
581,2727.89,left1,top0,background,left1A1 A1top0
582,2732.81,left1,right0,background,left1A1 A1A0 A0B0 B0right0
583,2741.35,top1,bottom0,background,top1B1 B1B0 B0A0 A0bottom0
584,2744.20,left0,top1,via_B0,left0A0 A0B0 B0B1 B1top1
585,2749.58,left0,top1,via_B0,left0A0 A0B0 B0B1 B1top1
586,2753.86,top1,bottom1,background,top1B1 B1B0 B0bottom1
587,2763.17,top0,left0,background,top0A1 A1A0 A0left0
588,2773.88,left0,top1,via_B0,left0A0 A0B0 B0B1 B1top1
589,2774.15,bottom1,bottom0,background,bottom1B0 B0A0 A0bottom0
590,2785.63,bottom0,left0,background,bottom0A0 A0left0
591,2788.93,bottom0,left1,background,bottom0A0 A0A1 A1left1
592,2798.47,bottom1,bottom0,background,bottom1B0 B0A0 A0bottom0
593,2802.39,left0,top1,via_A1,left0A0 A0A1 A1B1 B1top1
594,2813.06,top0,right1,background,top0A1 A1B1 B1right1
595,2814.89,top0,top1,background,top0A1 A1B1 B1top1
596,2821.15,left0,top1,via_B0,left0A0 A0B0 B0B1 B1top1
597,2827.48,right0,bottom0,background,right0B0 B0A0 A0bottom0
598,2830.28,bottom1,left0,background,bottom1B0 B0A0 A0left0
599,2834.63,top0,left0,background,top0A1 A1A0 A0left0
600,2839.35,bottom0,top0,background,bottom0A0 A0A1 A1top0
601,2839.40,left0,top1,via_A1,left0A0 A0A1 A1B1 B1top1
602,2855.03,left1,bottom0,background,left1A1 A1A0 A0bottom0
603,2856.44,top1,left0,background,top1B1 B1A1 A1A0 A0left0
604,2857.43,right0,top1,background,right0B0 B0B1 B1top1
605,2859.83,bottom1,right1,background,bottom1B0 B0B1 B1right1
606,2869.54,left0,top1,via_B0,left0A0 A0B0 B0B1 B1top1
607,2870.65,left0,top1,via_B0,left0A0 A0B0 B0B1 B1top1
608,2870.79,right0,left0,background,right0B0 B0A0 A0left0
609,2873.37,right1,right0,background,right1B1 B1B0 B0right0
610,2874.37,left0,top1,via_A1,left0A0 A0A1 A1B1 B1top1
611,2876.26,right1,top1,background,right1B1 B1top1
612,2887.51,bottom1,top1,background,bottom1B0 B0B1 B1top1
613,2904.90,right1,right0,background,right1B1 B1B0 B0right0
614,2908.59,left1,left0,background,left1A1 A1A0 A0left0
615,2910.15,bottom1,top0,background,bottom1B0 B0A0 A0A1 A1top0
616,2912.90,left0,top1,via_B0,left0A0 A0B0 B0B1 B1top1
617,2917.44,top1,bottom0,background,top1B1 B1B0 B0A0 A0bottom0
618,2922.21,right1,bottom1,background,right1B1 B1B0 B0bottom1
619,2930.01,top0,bottom0,background,top0A1 A1A0 A0bottom0
620,2930.51,right1,top0,background,right1B1 B1A1 A1top0
621,2935.16,right0,top1,background,right0B0 B0B1 B1top1
622,2936.26,right1,right0,background,right1B1 B1B0 B0right0
623,2939.17,left0,top1,via_A1,left0A0 A0A1 A1B1 B1top1
624,2941.33,left0,top1,via_A1,left0A0 A0A1 A1B1 B1top1
625,2951.57,top0,left1,background,top0A1 A1left1
626,2951.91,left1,right1,background,left1A1 A1B1 B1right1
627,2952.53,right0,left1,background,right0B0 B0B1 B1A1 A1left1
628,2953.74,left0,top1,via_A1,left0A0 A0A1 A1B1 B1top1
629,2955.70,left1,right0,background,left1A1 A1A0 A0B0 B0right0
630,2959.25,top0,top1,background,top0A1 A1B1 B1top1
631,2978.33,top0,left0,background,top0A1 A1A0 A0left0
632,2979.96,left1,left0,background,left1A1 A1A0 A0left0
633,2982.61,left1,top1,background,left1A1 A1B1 B1top1
634,2982.79,bottom1,left0,background,bottom1B0 B0A0 A0left0
635,2988.12,left0,top1,via_B0,left0A0 A0B0 B0B1 B1top1
636,2994.35,bottom1,top0,background,bottom1B0 B0B1 B1A1 A1top0
637,2996.47,right0,top1,background,right0B0 B0B1 B1top1
638,3001.54,top0,bottom1,background,top0A1 A1A0 A0B0 B0bottom1
639,3002.59,top0,right1,background,top0A1 A1B1 B1right1
640,3003.70,bottom0,top0,background,bottom0A0 A0A1 A1top0
641,3005.67,bottom0,top0,background,bottom0A0 A0A1 A1top0
642,3008.75,left0,top1,via_B0,left0A0 A0B0 B0B1 B1top1
643,3015.27,left0,top1,via_B0,left0A0 A0B0 B0B1 B1top1
644,3023.08,bottom1,right0,background,bottom1B0 B0right0
645,3029.71,bottom0,top1,background,bottom0A0 A0A1 A1B1 B1top1
646,3030.27,left0,top1,via_A1,left0A0 A0A1 A1B1 B1top1
647,3041.43,bottom1,left1,background,bottom1B0 B0A0 A0A1 A1left1
648,3046.30,left0,top1,via_A1,left0A0 A0A1 A1B1 B1top1
649,3046.56,right0,bottom0,background,right0B0 B0A0 A0bottom0
650,3050.44,top0,bottom0,background,top0A1 A1A0 A0bottom0
651,3050.75,left0,top1,via_A1,left0A0 A0A1 A1B1 B1top1
652,3056.79,bottom0,left1,background,bottom0A0 A0A1 A1left1
653,3062.25,right1,top1,background,right1B1 B1top1
654,3063.48,left1,right0,background,left1A1 A1A0 A0B0 B0right0
655,3066.37,right0,top1,background,right0B0 B0B1 B1top1
656,3074.35,bottom1,left1,background,bottom1B0 B0B1 B1A1 A1left1
657,3078.53,right1,bottom1,background,right1B1 B1B0 B0bottom1
658,3079.02,top0,bottom1,background,top0A1 A1A0 A0B0 B0bottom1
659,3080.50,right0,bottom0,background,right0B0 B0A0 A0bottom0
660,3088.77,top1,right0,background,top1B1 B1B0 B0right0
661,3094.89,right1,right0,background,right1B1 B1B0 B0right0
662,3095.80,left0,top1,via_A1,left0A0 A0A1 A1B1 B1top1
663,3097.03,left0,top1,via_B0,left0A0 A0B0 B0B1 B1top1
664,3099.62,left0,top1,via_B0,left0A0 A0B0 B0B1 B1top1
665,3099.76,bottom0,bottom1,background,bottom0A0 A0B0 B0bottom1
666,3112.30,top1,top0,background,top1B1 B1A1 A1top0
667,3115.77,right1,bottom1,background,right1B1 B1B0 B0bottom1
668,3119.02,bottom0,left0,background,bottom0A0 A0left0
669,3120.18,right0,left1,background,right0B0 B0A0 A0A1 A1left1
670,3120.45,top0,right1,background,top0A1 A1B1 B1right1
671,3128.14,bottom0,bottom1,background,bottom0A0 A0B0 B0bottom1
672,3132.03,left0,top1,via_A1,left0A0 A0A1 A1B1 B1top1
673,3135.78,right0,left1,background,right0B0 B0B1 B1A1 A1left1
674,3137.78,top1,right0,background,top1B1 B1B0 B0right0
675,3139.18,bottom1,right0,background,bottom1B0 B0right0
676,3146.18,right0,right1,background,right0B0 B0B1 B1right1
677,3151.91,left0,right1,background,left0A0 A0A1 A1B1 B1right1
678,3158.49,top1,left1,background,top1B1 B1A1 A1left1
679,3168.10,right0,bottom0,background,right0B0 B0A0 A0bottom0
680,3176.92,left0,top1,via_B0,left0A0 A0B0 B0B1 B1top1
681,3187.67,top1,top0,background,top1B1 B1A1 A1top0
682,3190.24,left0,top1,via_B0,left0A0 A0B0 B0B1 B1top1
683,3192.72,top0,right1,background,top0A1 A1B1 B1right1
684,3193.19,top1,right1,background,top1B1 B1right1
685,3198.92,bottom0,top1,background,bottom0A0 A0B0 B0B1 B1top1
686,3199.95,right0,top1,background,right0B0 B0B1 B1top1
687,3208.59,top0,left1,background,top0A1 A1left1
688,3208.60,right1,bottom0,background,right1B1 B1A1 A1A0 A0bottom0
689,3217.52,left1,bottom1,background,left1A1 A1B1 B1B0 B0bottom1
690,3217.92,right0,left1,background,right0B0 B0B1 B1A1 A1left1
691,3223.48,right1,left0,background,right1B1 B1A1 A1A0 A0left0
692,3227.77,left1,left0,background,left1A1 A1A0 A0left0
693,3228.32,left1,left0,background,left1A1 A1A0 A0left0
694,3228.54,right1,bottom1,background,right1B1 B1B0 B0bottom1
695,3235.48,right1,bottom0,background,right1B1 B1A1 A1A0 A0bottom0
696,3238.83,left0,bottom1,background,left0A0 A0B0 B0bottom1
697,3239.34,left0,top1,via_A1,left0A0 A0A1 A1B1 B1top1
698,3240.04,right1,bottom0,background,right1B1 B1B0 B0A0 A0bottom0
699,3245.13,left0,top1,via_B0,left0A0 A0B0 B0B1 B1top1
700,3247.94,top0,left0,background,top0A1 A1A0 A0left0
701,3255.83,top0,left1,background,top0A1 A1left1
702,3258.16,right1,bottom1,background,right1B1 B1B0 B0bottom1
703,3258.27,bottom0,right0,background,bottom0A0 A0B0 B0right0
704,3261.15,top0,right0,background,top0A1 A1A0 A0B0 B0right0
705,3278.74,left1,right0,background,left1A1 A1A0 A0B0 B0right0
706,3283.70,top0,right1,background,top0A1 A1B1 B1right1
707,3284.47,right1,left0,background,right1B1 B1B0 B0A0 A0left0
708,3286.30,left1,top0,background,left1A1 A1top0
709,3291.90,right1,left1,background,right1B1 B1A1 A1left1
710,3298.82,bottom1,left0,background,bottom1B0 B0A0 A0left0
711,3298.95,top1,right0,background,top1B1 B1B0 B0right0
712,3303.73,left1,top0,background,left1A1 A1top0
713,3304.64,bottom1,top1,background,bottom1B0 B0B1 B1top1
714,3307.12,right1,left0,background,right1B1 B1B0 B0A0 A0left0
715,3307.82,right0,bottom0,background,right0B0 B0A0 A0bottom0
716,3310.84,bottom1,top0,background,bottom1B0 B0B1 B1A1 A1top0
717,3311.71,right1,top0,background,right1B1 B1A1 A1top0
718,3321.33,top0,top1,background,top0A1 A1B1 B1top1
719,3322.92,right1,left1,background,right1B1 B1A1 A1left1
720,3331.80,top1,right1,background,top1B1 B1right1
721,3332.92,bottom0,top0,background,bottom0A0 A0A1 A1top0
722,3337.40,top0,right0,background,top0A1 A1B1 B1B0 B0right0
723,3338.86,bottom1,bottom0,background,bottom1B0 B0A0 A0bottom0
724,3339.12,bottom1,top1,background,bottom1B0 B0B1 B1top1
725,3342.10,bottom1,right0,background,bottom1B0 B0right0
726,3348.38,left1,right1,background,left1A1 A1B1 B1right1
727,3355.87,left0,right1,background,left0A0 A0A1 A1B1 B1right1
728,3371.18,left0,top1,via_B0,left0A0 A0B0 B0B1 B1top1
729,3375.01,top1,right1,background,top1B1 B1right1
730,3378.22,top1,left0,background,top1B1 B1B0 B0A0 A0left0
731,3380.93,left0,top1,via_B0,left0A0 A0B0 B0B1 B1top1
732,3381.10,right1,left0,background,right1B1 B1B0 B0A0 A0left0
733,3384.99,top1,bottom0,background,top1B1 B1A1 A1A0 A0bottom0
734,3390.09,left1,bottom0,background,left1A1 A1A0 A0bottom0
735,3402.97,left0,top1,via_A1,left0A0 A0A1 A1B1 B1top1
736,3405.10,bottom0,bottom1,background,bottom0A0 A0B0 B0bottom1
737,3418.66,bottom0,top1,background,bottom0A0 A0A1 A1B1 B1top1
738,3427.13,top0,top1,background,top0A1 A1B1 B1top1
739,3428.08,left1,bottom1,background,left1A1 A1A0 A0B0 B0bottom1
740,3428.87,left0,top1,via_A1,left0A0 A0A1 A1B1 B1top1
741,3439.50,top0,bottom0,background,top0A1 A1A0 A0bottom0
742,3442.66,right1,bottom1,background,right1B1 B1B0 B0bottom1
743,3444.73,top0,left1,background,top0A1 A1left1
744,3445.61,left0,top1,via_B0,left0A0 A0B0 B0B1 B1top1
745,3454.11,top1,bottom1,background,top1B1 B1B0 B0bottom1
746,3455.29,right0,bottom0,background,right0B0 B0A0 A0bottom0
747,3463.91,left0,top1,background,left0A0 A0A1 A1B1 B1top1
748,3473.79,right0,top0,background,right0B0 B0B1 B1A1 A1top0
749,3479.44,bottom0,left1,background,bottom0A0 A0A1 A1left1
750,3493.12,right0,top0,background,right0B0 B0A0 A0A1 A1top0
751,3494.84,right1,top0,background,right1B1 B1A1 A1top0
752,3505.60,top0,bottom0,background,top0A1 A1A0 A0bottom0
753,3512.13,left0,top1,via_A1,left0A0 A0A1 A1B1 B1top1
754,3533.95,top0,bottom1,background,top0A1 A1A0 A0B0 B0bottom1
755,3535.47,left0,top1,via_A1,left0A0 A0A1 A1B1 B1top1
756,3539.47,left0,top1,via_B0,left0A0 A0B0 B0B1 B1top1
757,3545.62,left1,top1,background,left1A1 A1B1 B1top1
758,3550.12,top0,bottom1,background,top0A1 A1A0 A0B0 B0bottom1
759,3556.36,right1,top1,background,right1B1 B1top1
760,3561.41,top0,right0,background,top0A1 A1A0 A0B0 B0right0
761,3566.04,top0,bottom0,background,top0A1 A1A0 A0bottom0
762,3568.09,right1,top1,background,right1B1 B1top1
763,3573.15,left0,top1,via_B0,left0A0 A0B0 B0B1 B1top1
764,3579.81,right0,left0,background,right0B0 B0A0 A0left0
765,3582.01,right1,left1,background,right1B1 B1A1 A1left1
766,3582.44,bottom0,top0,background,bottom0A0 A0A1 A1top0
767,3584.33,top0,right1,background,top0A1 A1B1 B1right1
768,3609.03,top1,right1,background,top1B1 B1right1
769,3614.24,left1,left0,background,left1A1 A1A0 A0left0
770,3616.88,right1,left0,background,right1B1 B1B0 B0A0 A0left0
771,3617.27,right0,bottom1,background,right0B0 B0bottom1
772,3617.66,top0,bottom0,background,top0A1 A1A0 A0bottom0
773,3628.73,top1,left1,background,top1B1 B1A1 A1left1
774,3630.18,left1,bottom0,background,left1A1 A1A0 A0bottom0
775,3631.31,top1,left0,background,top1B1 B1A1 A1A0 A0left0
776,3635.19,right1,bottom1,background,right1B1 B1B0 B0bottom1
777,3635.31,top1,left0,background,top1B1 B1A1 A1A0 A0left0
778,3641.43,bottom0,left0,background,bottom0A0 A0left0
779,3643.14,left0,top1,via_A1,left0A0 A0A1 A1B1 B1top1
780,3656.56,bottom0,top1,background,bottom0A0 A0B0 B0B1 B1top1
781,3661.34,right1,top0,background,right1B1 B1A1 A1top0
782,3676.32,left0,top1,via_A1,left0A0 A0A1 A1B1 B1top1
783,3682.49,right1,right0,background,right1B1 B1B0 B0right0
784,3686.68,bottom0,left0,background,bottom0A0 A0left0
785,3693.84,bottom1,left0,background,bottom1B0 B0A0 A0left0
786,3703.57,top1,top0,background,top1B1 B1A1 A1top0
787,3717.63,bottom1,top0,background,bottom1B0 B0B1 B1A1 A1top0
788,3728.73,top1,left0,background,top1B1 B1B0 B0A0 A0left0
789,3734.56,top0,right1,background,top0A1 A1B1 B1right1
790,3735.52,top1,right0,background,top1B1 B1B0 B0right0
791,3735.92,left0,top1,via_B0,left0A0 A0B0 B0B1 B1top1
792,3737.49,right1,bottom1,background,right1B1 B1B0 B0bottom1
793,3739.25,right0,top0,background,right0B0 B0B1 B1A1 A1top0
794,3740.53,top1,top0,background,top1B1 B1A1 A1top0
795,3744.56,bottom1,right0,background,bottom1B0 B0right0
796,3744.94,top0,top1,background,top0A1 A1B1 B1top1
797,3749.49,bottom0,right1,background,bottom0A0 A0A1 A1B1 B1right1
798,3751.72,top0,left1,background,top0A1 A1left1
799,3751.77,left1,right0,background,left1A1 A1A0 A0B0 B0right0
800,3757.76,bottom0,bottom1,background,bottom0A0 A0B0 B0bottom1
801,3759.56,left1,top1,background,left1A1 A1B1 B1top1
802,3762.24,left0,top1,via_B0,left0A0 A0B0 B0B1 B1top1
803,3786.97,top0,top1,background,top0A1 A1B1 B1top1
804,3788.38,top0,bottom0,background,top0A1 A1A0 A0bottom0
805,3792.17,top0,top1,background,top0A1 A1B1 B1top1
806,3793.66,left0,left1,background,left0A0 A0A1 A1left1
807,3795.09,left1,bottom0,background,left1A1 A1A0 A0bottom0
808,3813.14,right1,top0,background,right1B1 B1A1 A1top0
809,3820.25,top0,right0,background,top0A1 A1A0 A0B0 B0right0
810,3825.74,right1,left0,background,right1B1 B1B0 B0A0 A0left0
811,3829.53,top1,left1,background,top1B1 B1A1 A1left1
812,3833.77,right1,top1,background,right1B1 B1top1
813,3835.05,left1,bottom1,background,left1A1 A1A0 A0B0 B0bottom1
814,3841.22,right0,left0,background,right0B0 B0A0 A0left0
815,3841.69,left1,left0,background,left1A1 A1A0 A0left0
816,3842.53,top0,bottom1,background,top0A1 A1A0 A0B0 B0bottom1
817,3844.87,bottom1,bottom0,background,bottom1B0 B0A0 A0bottom0
818,3846.81,right1,right0,background,right1B1 B1B0 B0right0
819,3850.40,right0,left1,background,right0B0 B0A0 A0A1 A1left1
820,3853.88,left0,top1,via_A1,left0A0 A0A1 A1B1 B1top1
821,3858.76,left1,top1,background,left1A1 A1B1 B1top1
822,3861.44,top0,right0,background,top0A1 A1A0 A0B0 B0right0
823,3871.43,left0,top1,via_A1,left0A0 A0A1 A1B1 B1top1
824,3872.50,right1,bottom1,background,right1B1 B1B0 B0bottom1
825,3879.27,top1,left1,background,top1B1 B1A1 A1left1
826,3881.88,bottom0,right0,background,bottom0A0 A0B0 B0right0
827,3884.37,left0,top1,via_B0,left0A0 A0B0 B0B1 B1top1
828,3884.94,top1,top0,background,top1B1 B1A1 A1top0
829,3892.73,right1,left1,background,right1B1 B1A1 A1left1
830,3896.86,left0,top1,via_A1,left0A0 A0A1 A1B1 B1top1
831,3906.62,left0,right0,background,left0A0 A0B0 B0right0
832,3910.14,top1,right0,background,top1B1 B1B0 B0right0
833,3922.55,left0,top1,via_B0,left0A0 A0B0 B0B1 B1top1
834,3926.09,top1,left1,background,top1B1 B1A1 A1left1
835,3927.00,bottom0,top1,background,bottom0A0 A0B0 B0B1 B1top1
836,3930.68,left1,top1,background,left1A1 A1B1 B1top1
837,3933.89,bottom1,right1,background,bottom1B0 B0B1 B1right1
838,3940.56,left0,top1,via_A1,left0A0 A0A1 A1B1 B1top1
839,3941.32,bottom0,left1,background,bottom0A0 A0A1 A1left1
840,3941.55,top1,bottom1,background,top1B1 B1B0 B0bottom1
841,3946.23,left1,right0,background,left1A1 A1B1 B1B0 B0right0
842,3955.94,bottom1,right1,background,bottom1B0 B0B1 B1right1
843,3959.83,bottom1,top1,background,bottom1B0 B0B1 B1top1
844,3961.15,left1,right1,background,left1A1 A1B1 B1right1
845,3961.24,bottom1,right0,background,bottom1B0 B0right0
846,3979.94,bottom1,top0,background,bottom1B0 B0A0 A0A1 A1top0
847,3989.82,bottom0,left0,background,bottom0A0 A0left0
848,3999.92,left1,left0,background,left1A1 A1A0 A0left0
849,4002.97,bottom1,bottom0,background,bottom1B0 B0A0 A0bottom0
850,4005.66,top0,bottom0,background,top0A1 A1A0 A0bottom0
851,4010.56,bottom0,right1,background,bottom0A0 A0A1 A1B1 B1right1
852,4011.56,right1,top0,background,right1B1 B1A1 A1top0
853,4016.90,left0,top1,via_B0,left0A0 A0B0 B0B1 B1top1
854,4020.44,left1,right1,background,left1A1 A1B1 B1right1
855,4030.20,top0,top1,background,top0A1 A1B1 B1top1
856,4031.41,left1,bottom1,background,left1A1 A1A0 A0B0 B0bottom1
857,4043.16,top0,right0,background,top0A1 A1B1 B1B0 B0right0
858,4043.75,top1,left1,background,top1B1 B1A1 A1left1
859,4050.46,right0,top0,background,right0B0 B0A0 A0A1 A1top0
860,4057.91,top1,left1,background,top1B1 B1A1 A1left1
861,4065.21,left1,left0,background,left1A1 A1A0 A0left0
862,4067.26,right1,bottom1,background,right1B1 B1B0 B0bottom1
863,4068.10,top1,left1,background,top1B1 B1A1 A1left1
864,4071.99,right1,top0,background,right1B1 B1A1 A1top0
865,4073.90,left0,top1,via_A1,left0A0 A0A1 A1B1 B1top1
866,4074.40,right0,top1,background,right0B0 B0B1 B1top1
867,4076.90,top1,top0,background,top1B1 B1A1 A1top0
868,4080.85,left1,left0,background,left1A1 A1A0 A0left0
869,4081.68,left1,bottom1,background,left1A1 A1A0 A0B0 B0bottom1
870,4084.76,left0,top1,via_B0,left0A0 A0B0 B0B1 B1top1
871,4093.65,right1,top1,background,right1B1 B1top1
872,4096.33,left1,top0,background,left1A1 A1top0
873,4097.96,left0,top1,via_A1,left0A0 A0A1 A1B1 B1top1
874,4099.86,top1,right1,background,top1B1 B1right1
875,4112.29,left0,top1,via_A1,left0A0 A0A1 A1B1 B1top1
876,4113.78,left1,bottom1,background,left1A1 A1B1 B1B0 B0bottom1
877,4114.14,left0,top1,via_B0,left0A0 A0B0 B0B1 B1top1
878,4115.40,bottom0,top0,background,bottom0A0 A0A1 A1top0
879,4123.11,bottom0,top1,background,bottom0A0 A0B0 B0B1 B1top1
880,4131.19,right0,top1,background,right0B0 B0B1 B1top1
881,4140.18,left0,top1,via_A1,left0A0 A0A1 A1B1 B1top1
882,4173.04,top0,left1,background,top0A1 A1left1
883,4173.23,bottom0,top1,background,bottom0A0 A0B0 B0B1 B1top1
884,4174.51,bottom0,right1,background,bottom0A0 A0A1 A1B1 B1right1
885,4174.85,bottom1,right0,background,bottom1B0 B0right0
886,4184.30,top1,bottom1,background,top1B1 B1B0 B0bottom1
887,4184.48,left0,top1,via_B0,left0A0 A0B0 B0B1 B1top1
888,4184.54,left0,top1,via_B0,left0A0 A0B0 B0B1 B1top1
889,4186.09,top0,left1,background,top0A1 A1left1
890,4188.67,left0,top1,via_B0,left0A0 A0B0 B0B1 B1top1
891,4191.09,left0,bottom1,background,left0A0 A0B0 B0bottom1
892,4192.93,right1,left1,background,right1B1 B1A1 A1left1
893,4193.08,left1,right0,background,left1A1 A1A0 A0B0 B0right0
894,4194.01,left0,top1,via_B0,left0A0 A0B0 B0B1 B1top1
895,4209.51,left0,top1,via_B0,left0A0 A0B0 B0B1 B1top1
896,4213.57,right1,top0,background,right1B1 B1A1 A1top0
897,4213.58,left0,top1,via_A1,left0A0 A0A1 A1B1 B1top1
898,4220.54,left0,top1,via_A1,left0A0 A0A1 A1B1 B1top1
899,4222.43,top0,right1,background,top0A1 A1B1 B1right1
900,4223.22,top0,bottom0,background,top0A1 A1A0 A0bottom0
901,4232.08,bottom0,top1,background,bottom0A0 A0B0 B0B1 B1top1
902,4240.01,right0,bottom0,background,right0B0 B0A0 A0bottom0
903,4251.93,top1,right0,background,top1B1 B1B0 B0right0
904,4257.34,right0,bottom1,background,right0B0 B0bottom1
905,4258.37,left0,top1,via_A1,left0A0 A0A1 A1B1 B1top1
906,4260.00,top1,top0,background,top1B1 B1A1 A1top0
907,4262.21,left0,top1,via_A1,left0A0 A0A1 A1B1 B1top1
908,4266.94,right0,top1,background,right0B0 B0B1 B1top1
909,4276.67,right0,top1,background,right0B0 B0B1 B1top1
910,4289.43,top1,bottom1,background,top1B1 B1B0 B0bottom1
911,4292.16,left0,top1,via_A1,left0A0 A0A1 A1B1 B1top1
912,4295.04,right1,top0,background,right1B1 B1A1 A1top0
913,4299.53,top1,bottom1,background,top1B1 B1B0 B0bottom1
914,4302.83,left0,top1,via_A1,left0A0 A0A1 A1B1 B1top1
915,4303.68,left0,top1,via_A1,left0A0 A0A1 A1B1 B1top1
916,4309.54,top1,left1,background,top1B1 B1A1 A1left1
917,4316.65,bottom1,right0,background,bottom1B0 B0right0
918,4323.25,right0,right1,background,right0B0 B0B1 B1right1
919,4325.64,right0,bottom0,background,right0B0 B0A0 A0bottom0
920,4336.85,top1,top0,background,top1B1 B1A1 A1top0
921,4344.22,left0,top1,via_B0,left0A0 A0B0 B0B1 B1top1
922,4349.44,top0,right0,background,top0A1 A1A0 A0B0 B0right0
923,4350.13,left0,top1,via_A1,left0A0 A0A1 A1B1 B1top1
924,4352.54,left1,bottom0,background,left1A1 A1A0 A0bottom0
925,4361.07,left0,top1,via_B0,left0A0 A0B0 B0B1 B1top1
926,4375.44,bottom1,top0,background,bottom1B0 B0B1 B1A1 A1top0
927,4383.25,left0,top1,via_A1,left0A0 A0A1 A1B1 B1top1
928,4385.17,right1,top1,background,right1B1 B1top1
929,4385.41,bottom1,right1,background,bottom1B0 B0B1 B1right1
930,4386.92,top0,left0,background,top0A1 A1A0 A0left0
931,4388.00,left1,bottom0,background,left1A1 A1A0 A0bottom0
932,4388.07,right1,top0,background,right1B1 B1A1 A1top0
933,4390.59,bottom0,top1,background,bottom0A0 A0B0 B0B1 B1top1
934,4392.37,top0,left1,background,top0A1 A1left1
935,4393.98,top1,right1,background,top1B1 B1right1
936,4400.96,top1,bottom1,background,top1B1 B1B0 B0bottom1
937,4401.93,left0,top1,via_A1,left0A0 A0A1 A1B1 B1top1
938,4402.93,bottom1,top1,background,bottom1B0 B0B1 B1top1
939,4409.90,left0,bottom1,background,left0A0 A0B0 B0bottom1
940,4412.85,left0,top1,via_A1,left0A0 A0A1 A1B1 B1top1
941,4420.55,right0,left1,background,right0B0 B0B1 B1A1 A1left1
942,4424.18,left0,top1,via_B0,left0A0 A0B0 B0B1 B1top1
943,4427.60,right1,top0,background,right1B1 B1A1 A1top0
944,4428.25,bottom1,bottom0,background,bottom1B0 B0A0 A0bottom0
945,4431.25,right1,top1,background,right1B1 B1top1
946,4442.06,left1,right1,background,left1A1 A1B1 B1right1
947,4443.31,left0,top1,via_A1,left0A0 A0A1 A1B1 B1top1
948,4454.36,left0,top1,via_B0,left0A0 A0B0 B0B1 B1top1
949,4454.98,left0,top1,via_A1,left0A0 A0A1 A1B1 B1top1
950,4467.68,left1,bottom1,background,left1A1 A1A0 A0B0 B0bottom1
951,4467.73,left1,right0,background,left1A1 A1A0 A0B0 B0right0
952,4469.16,bottom1,right0,background,bottom1B0 B0right0
953,4470.45,left1,bottom0,background,left1A1 A1A0 A0bottom0
954,4474.00,top0,left0,background,top0A1 A1A0 A0left0
955,4476.20,right1,left0,background,right1B1 B1B0 B0A0 A0left0
956,4480.29,top0,left0,background,top0A1 A1A0 A0left0
957,4495.80,right0,right1,background,right0B0 B0B1 B1right1
958,4508.54,bottom1,right0,background,bottom1B0 B0right0
959,4519.61,bottom0,left0,background,bottom0A0 A0left0
960,4521.25,left0,top1,via_B0,left0A0 A0B0 B0B1 B1top1
961,4526.13,bottom1,left1,background,bottom1B0 B0B1 B1A1 A1left1
962,4534.69,right0,left1,background,right0B0 B0B1 B1A1 A1left1
963,4537.79,bottom0,bottom1,background,bottom0A0 A0B0 B0bottom1
964,4543.45,left0,top1,via_A1,left0A0 A0A1 A1B1 B1top1
965,4544.99,left0,top1,via_B0,left0A0 A0B0 B0B1 B1top1
966,4553.03,bottom0,right0,background,bottom0A0 A0B0 B0right0
967,4553.47,right0,bottom1,background,right0B0 B0bottom1
968,4556.40,right1,right0,background,right1B1 B1B0 B0right0
969,4557.37,top1,right0,background,top1B1 B1B0 B0right0
970,4559.54,left0,top1,via_A1,left0A0 A0A1 A1B1 B1top1
971,4560.55,right0,top1,background,right0B0 B0B1 B1top1
972,4561.91,bottom0,left1,background,bottom0A0 A0A1 A1left1
973,4567.45,right1,right0,background,right1B1 B1B0 B0right0
974,4577.19,bottom0,left0,background,bottom0A0 A0left0
975,4578.72,bottom0,bottom1,background,bottom0A0 A0B0 B0bottom1
976,4589.22,bottom1,top1,background,bottom1B0 B0B1 B1top1
977,4596.09,right1,top0,background,right1B1 B1A1 A1top0
978,4596.92,left0,top1,via_A1,left0A0 A0A1 A1B1 B1top1
979,4601.51,left0,bottom0,background,left0A0 A0bottom0
980,4601.93,left0,top1,via_A1,left0A0 A0A1 A1B1 B1top1
981,4604.20,right1,bottom1,background,right1B1 B1B0 B0bottom1
982,4612.69,left0,top1,via_A1,left0A0 A0A1 A1B1 B1top1
983,4614.89,bottom1,top1,background,bottom1B0 B0B1 B1top1
984,4619.91,right0,top1,background,right0B0 B0B1 B1top1
985,4622.73,right0,top1,background,right0B0 B0B1 B1top1
986,4630.88,bottom0,bottom1,background,bottom0A0 A0B0 B0bottom1
987,4632.35,right1,right0,background,right1B1 B1B0 B0right0
988,4641.24,top0,top1,background,top0A1 A1B1 B1top1
989,4644.14,bottom0,top1,background,bottom0A0 A0B0 B0B1 B1top1
990,4646.82,left0,top1,via_A1,left0A0 A0A1 A1B1 B1top1
991,4656.97,right0,bottom0,background,right0B0 B0A0 A0bottom0
992,4664.53,right0,bottom0,background,right0B0 B0A0 A0bottom0
993,4684.88,top0,bottom1,background,top0A1 A1B1 B1B0 B0bottom1
994,4695.17,right1,left1,background,right1B1 B1A1 A1left1
995,4702.14,bottom1,left0,background,bottom1B0 B0A0 A0left0
996,4702.90,right0,bottom0,background,right0B0 B0A0 A0bottom0
997,4704.09,top1,top0,background,top1B1 B1A1 A1top0
998,4704.13,right0,bottom1,background,right0B0 B0bottom1
999,4711.75,left0,top1,via_B0,left0A0 A0B0 B0B1 B1top1
1000,4718.13,bottom1,left1,background,bottom1B0 B0A0 A0A1 A1left1
1001,4718.83,right0,left1,background,right0B0 B0B1 B1A1 A1left1
1002,4719.94,left0,top1,via_A1,left0A0 A0A1 A1B1 B1top1
1003,4721.62,left0,top1,via_A1,left0A0 A0A1 A1B1 B1top1
1004,4723.87,right0,top0,background,right0B0 B0B1 B1A1 A1top0
1005,4733.33,left0,top1,via_B0,left0A0 A0B0 B0B1 B1top1
1006,4736.41,right1,left0,background,right1B1 B1B0 B0A0 A0left0
1007,4738.30,right0,top1,background,right0B0 B0B1 B1top1
1008,4738.85,left1,bottom1,background,left1A1 A1A0 A0B0 B0bottom1
1009,4743.90,left0,top1,via_B0,left0A0 A0B0 B0B1 B1top1
1010,4747.16,right1,left1,background,right1B1 B1A1 A1left1
1011,4762.62,left0,top1,via_B0,left0A0 A0B0 B0B1 B1top1
1012,4763.33,top0,left0,background,top0A1 A1A0 A0left0
1013,4763.81,left1,top1,background,left1A1 A1B1 B1top1
1014,4766.38,bottom0,right1,background,bottom0A0 A0B0 B0B1 B1right1
1015,4771.96,left1,right0,background,left1A1 A1B1 B1B0 B0right0
1016,4772.10,top0,top1,background,top0A1 A1B1 B1top1
1017,4772.98,right0,right1,background,right0B0 B0B1 B1right1
1018,4778.13,left0,top1,via_A1,left0A0 A0A1 A1B1 B1top1
1019,4778.38,right0,right1,background,right0B0 B0B1 B1right1
1020,4781.81,top1,left0,background,top1B1 B1B0 B0A0 A0left0
1021,4782.57,bottom1,top1,background,bottom1B0 B0B1 B1top1
1022,4797.22,top0,right1,background,top0A1 A1B1 B1right1
1023,4811.67,bottom1,bottom0,background,bottom1B0 B0A0 A0bottom0
1024,4813.92,left0,top1,via_B0,left0A0 A0B0 B0B1 B1top1
1025,4816.78,left0,top1,via_A1,left0A0 A0A1 A1B1 B1top1
1026,4820.60,bottom1,left0,background,bottom1B0 B0A0 A0left0
1027,4823.58,top0,right0,background,top0A1 A1A0 A0B0 B0right0
1028,4825.67,left0,top1,via_B0,left0A0 A0B0 B0B1 B1top1
1029,4830.69,right1,top1,background,right1B1 B1top1
1030,4831.07,bottom1,right1,background,bottom1B0 B0B1 B1right1
1031,4837.47,right0,bottom1,background,right0B0 B0bottom1
1032,4842.01,bottom0,right1,background,bottom0A0 A0A1 A1B1 B1right1
1033,4847.71,top1,right0,background,top1B1 B1B0 B0right0
1034,4850.43,bottom1,right0,background,bottom1B0 B0right0
1035,4850.70,top1,top0,background,top1B1 B1A1 A1top0
1036,4854.75,left1,top0,background,left1A1 A1top0
1037,4857.67,left1,bottom1,background,left1A1 A1B1 B1B0 B0bottom1
1038,4858.21,left0,top1,via_A1,left0A0 A0A1 A1B1 B1top1
1039,4866.91,right1,bottom1,background,right1B1 B1B0 B0bottom1
1040,4867.45,top0,right1,background,top0A1 A1B1 B1right1
1041,4868.80,top1,left0,background,top1B1 B1A1 A1A0 A0left0
1042,4870.46,left0,top1,via_B0,left0A0 A0B0 B0B1 B1top1
1043,4880.71,bottom0,top0,background,bottom0A0 A0A1 A1top0
1044,4881.09,right1,bottom0,background,right1B1 B1A1 A1A0 A0bottom0
1045,4884.69,left0,top1,via_B0,left0A0 A0B0 B0B1 B1top1
1046,4887.26,right0,bottom1,background,right0B0 B0bottom1
1047,4891.78,bottom1,top1,background,bottom1B0 B0B1 B1top1
1048,4894.27,left1,left0,background,left1A1 A1A0 A0left0
1049,4902.02,top0,bottom1,background,top0A1 A1A0 A0B0 B0bottom1
1050,4909.56,left0,bottom1,background,left0A0 A0B0 B0bottom1
1051,4910.65,left0,top1,via_A1,left0A0 A0A1 A1B1 B1top1
1052,4915.52,left1,top1,background,left1A1 A1B1 B1top1
1053,4917.73,bottom1,top0,background,bottom1B0 B0B1 B1A1 A1top0
1054,4923.80,top0,right1,background,top0A1 A1B1 B1right1
1055,4925.24,bottom0,left0,background,bottom0A0 A0left0
1056,4925.90,left0,top1,via_A1,left0A0 A0A1 A1B1 B1top1
1057,4927.76,top1,right1,background,top1B1 B1right1
1058,4943.28,left0,top1,via_A1,left0A0 A0A1 A1B1 B1top1
1059,4947.68,left1,top0,background,left1A1 A1top0
1060,4948.04,top1,left1,background,top1B1 B1A1 A1left1
1061,4951.86,top0,right0,background,top0A1 A1A0 A0B0 B0right0
1062,4954.12,bottom1,left1,background,bottom1B0 B0B1 B1A1 A1left1
1063,4962.26,top0,right1,background,top0A1 A1B1 B1right1
1064,4967.99,bottom1,top1,background,bottom1B0 B0B1 B1top1
1065,4983.70,bottom0,left0,background,bottom0A0 A0left0
1066,4984.89,left1,top1,background,left1A1 A1B1 B1top1
1067,4989.62,left0,top1,via_B0,left0A0 A0B0 B0B1 B1top1
1068,4994.15,bottom1,right0,background,bottom1B0 B0right0
1069,4996.38,top0,bottom1,background,top0A1 A1A0 A0B0 B0bottom1
1070,4997.58,bottom0,top0,background,bottom0A0 A0A1 A1top0
1071,4999.08,right0,left0,background,right0B0 B0A0 A0left0
1072,5001.08,top1,bottom1,background,top1B1 B1B0 B0bottom1
1073,5010.12,top1,right0,background,top1B1 B1B0 B0right0
1074,5017.34,right1,bottom1,background,right1B1 B1B0 B0bottom1
1075,5018.89,left1,top0,background,left1A1 A1top0
1076,5029.79,left0,right0,background,left0A0 A0B0 B0right0
1077,5031.62,left0,top1,via_A1,left0A0 A0A1 A1B1 B1top1
1078,5032.90,left1,bottom1,background,left1A1 A1B1 B1B0 B0bottom1
1079,5034.22,right1,right0,background,right1B1 B1B0 B0right0
1080,5041.15,left0,top1,via_B0,left0A0 A0B0 B0B1 B1top1
1081,5041.18,right0,right1,background,right0B0 B0B1 B1right1
1082,5058.21,bottom1,left0,background,bottom1B0 B0A0 A0left0
1083,5060.51,top0,top1,background,top0A1 A1B1 B1top1
1084,5062.82,right0,top1,background,right0B0 B0B1 B1top1
1085,5077.90,right1,top0,background,right1B1 B1A1 A1top0
1086,5077.95,right0,bottom0,background,right0B0 B0A0 A0bottom0
1087,5095.60,left1,top1,background,left1A1 A1B1 B1top1
1088,5097.45,left0,top1,via_B0,left0A0 A0B0 B0B1 B1top1
1089,5109.42,bottom1,right0,background,bottom1B0 B0right0
1090,5111.10,left1,bottom1,background,left1A1 A1A0 A0B0 B0bottom1
1091,5118.88,right0,right1,background,right0B0 B0B1 B1right1
1092,5123.89,bottom1,left1,background,bottom1B0 B0A0 A0A1 A1left1
1093,5124.72,bottom0,top0,background,bottom0A0 A0A1 A1top0
1094,5125.09,top0,top1,background,top0A1 A1B1 B1top1
1095,5130.73,left1,left0,background,left1A1 A1A0 A0left0
1096,5131.58,left0,top1,via_A1,left0A0 A0A1 A1B1 B1top1
1097,5132.67,bottom0,left1,background,bottom0A0 A0A1 A1left1
1098,5132.77,right0,top1,background,right0B0 B0B1 B1top1
1099,5138.77,bottom1,left1,background,bottom1B0 B0A0 A0A1 A1left1
1100,5139.80,bottom1,right1,background,bottom1B0 B0B1 B1right1
1101,5143.19,top0,bottom0,background,top0A1 A1A0 A0bottom0
1102,5150.23,left0,top1,via_A1,left0A0 A0A1 A1B1 B1top1
1103,5152.86,top1,bottom1,background,top1B1 B1B0 B0bottom1
1104,5153.02,top1,right1,background,top1B1 B1right1
1105,5157.71,right1,left1,background,right1B1 B1A1 A1left1
1106,5170.31,left1,bottom0,background,left1A1 A1A0 A0bottom0
1107,5179.23,top1,top0,background,top1B1 B1A1 A1top0
1108,5181.68,left0,top1,via_A1,left0A0 A0A1 A1B1 B1top1
1109,5184.81,right1,top0,background,right1B1 B1A1 A1top0
1110,5188.50,left0,top1,via_A1,left0A0 A0A1 A1B1 B1top1
1111,5190.70,left0,top1,via_A1,left0A0 A0A1 A1B1 B1top1
1112,5198.78,left0,top1,via_A1,left0A0 A0A1 A1B1 B1top1
1113,5203.38,left1,right1,background,left1A1 A1B1 B1right1
1114,5204.37,left0,top1,background,left0A0 A0A1 A1B1 B1top1
1115,5204.71,right0,top1,background,right0B0 B0B1 B1top1
1116,5216.21,left0,bottom0,background,left0A0 A0bottom0
1117,5217.86,left0,right0,background,left0A0 A0B0 B0right0
1118,5221.92,left0,top1,via_A1,left0A0 A0A1 A1B1 B1top1
1119,5222.12,bottom0,right0,background,bottom0A0 A0B0 B0right0
1120,5227.17,top1,bottom1,background,top1B1 B1B0 B0bottom1
1121,5227.50,top1,bottom1,background,top1B1 B1B0 B0bottom1
1122,5235.04,right0,top0,background,right0B0 B0B1 B1A1 A1top0
1123,5236.77,right1,bottom0,background,right1B1 B1B0 B0A0 A0bottom0
1124,5242.02,top1,bottom1,background,top1B1 B1B0 B0bottom1
1125,5245.42,right0,top1,background,right0B0 B0B1 B1top1
1126,5251.08,bottom1,bottom0,background,bottom1B0 B0A0 A0bottom0
1127,5251.46,left1,right0,background,left1A1 A1B1 B1B0 B0right0
1128,5268.09,bottom0,top1,background,bottom0A0 A0A1 A1B1 B1top1
1129,5275.13,left0,bottom0,background,left0A0 A0bottom0
1130,5277.31,left0,top1,via_A1,left0A0 A0A1 A1B1 B1top1
1131,5285.05,left0,top1,via_A1,left0A0 A0A1 A1B1 B1top1
1132,5298.02,left0,top1,via_A1,left0A0 A0A1 A1B1 B1top1
1133,5300.51,left1,right0,background,left1A1 A1B1 B1B0 B0right0
1134,5310.63,left1,left0,background,left1A1 A1A0 A0left0
1135,5310.78,right1,top1,background,right1B1 B1top1
1136,5313.55,bottom1,bottom0,background,bottom1B0 B0A0 A0bottom0
1137,5317.99,top0,top1,background,top0A1 A1B1 B1top1
1138,5319.36,right0,top0,background,right0B0 B0A0 A0A1 A1top0
1139,5321.84,left0,top1,via_A1,left0A0 A0A1 A1B1 B1top1
1140,5324.17,right0,bottom0,background,right0B0 B0A0 A0bottom0
1141,5332.09,left0,top1,via_B0,left0A0 A0B0 B0B1 B1top1
1142,5339.91,top0,right0,background,top0A1 A1B1 B1B0 B0right0
1143,5343.32,left0,top1,via_B0,left0A0 A0B0 B0B1 B1top1
1144,5348.58,left0,top1,via_B0,left0A0 A0B0 B0B1 B1top1
1145,5355.25,left1,right0,background,left1A1 A1A0 A0B0 B0right0
1146,5357.48,left0,top1,via_B0,left0A0 A0B0 B0B1 B1top1
1147,5357.84,left0,bottom1,background,left0A0 A0B0 B0bottom1
1148,5371.06,right0,top0,background,right0B0 B0B1 B1A1 A1top0
1149,5376.81,right0,left0,background,right0B0 B0A0 A0left0
1150,5378.94,left0,top1,via_B0,left0A0 A0B0 B0B1 B1top1
1151,5389.98,bottom1,top1,background,bottom1B0 B0B1 B1top1
1152,5389.98,bottom1,left0,background,bottom1B0 B0A0 A0left0
1153,5398.11,top1,left1,background,top1B1 B1A1 A1left1
1154,5399.84,left0,top1,via_B0,left0A0 A0B0 B0B1 B1top1
1155,5411.98,bottom0,right1,background,bottom0A0 A0B0 B0B1 B1right1
1156,5419.89,left0,bottom1,background,left0A0 A0B0 B0bottom1
1157,5421.93,right1,left0,background,right1B1 B1B0 B0A0 A0left0
1158,5422.16,left0,top1,via_B0,left0A0 A0B0 B0B1 B1top1
1159,5425.18,top0,right0,background,top0A1 A1B1 B1B0 B0right0
1160,5426.21,left0,top1,via_A1,left0A0 A0A1 A1B1 B1top1
1161,5433.34,left0,top1,via_A1,left0A0 A0A1 A1B1 B1top1
1162,5433.80,right0,top1,background,right0B0 B0B1 B1top1
1163,5437.61,left0,top1,via_B0,left0A0 A0B0 B0B1 B1top1
1164,5440.22,left0,top1,via_A1,left0A0 A0A1 A1B1 B1top1
1165,5441.46,right1,top0,background,right1B1 B1A1 A1top0
1166,5442.30,left0,top1,via_B0,left0A0 A0B0 B0B1 B1top1
1167,5443.38,top0,top1,background,top0A1 A1B1 B1top1
1168,5446.07,left0,top1,via_A1,left0A0 A0A1 A1B1 B1top1
1169,5451.86,top1,left1,background,top1B1 B1A1 A1left1
1170,5459.22,bottom1,right1,background,bottom1B0 B0B1 B1right1
1171,5459.85,top1,right1,background,top1B1 B1right1
1172,5462.83,right1,bottom1,background,right1B1 B1B0 B0bottom1
1173,5468.84,bottom1,right0,background,bottom1B0 B0right0
1174,5469.67,left0,top1,via_B0,left0A0 A0B0 B0B1 B1top1
1175,5471.73,left0,top1,via_B0,left0A0 A0B0 B0B1 B1top1
1176,5473.44,left0,top1,via_B0,left0A0 A0B0 B0B1 B1top1
1177,5476.98,bottom1,right1,background,bottom1B0 B0B1 B1right1
1178,5482.45,bottom1,left1,background,bottom1B0 B0A0 A0A1 A1left1
1179,5493.23,right1,left1,background,right1B1 B1A1 A1left1
1180,5499.80,top0,bottom1,background,top0A1 A1A0 A0B0 B0bottom1
1181,5508.40,bottom0,right1,background,bottom0A0 A0A1 A1B1 B1right1
1182,5508.94,left0,top1,via_B0,left0A0 A0B0 B0B1 B1top1
1183,5510.79,top0,top1,background,top0A1 A1B1 B1top1
1184,5513.32,bottom0,top0,background,bottom0A0 A0A1 A1top0
1185,5515.67,right1,top1,background,right1B1 B1top1
1186,5516.00,bottom0,right0,background,bottom0A0 A0B0 B0right0
1187,5522.45,left1,bottom0,background,left1A1 A1A0 A0bottom0
1188,5528.99,right1,right0,background,right1B1 B1B0 B0right0
1189,5533.55,top0,left1,background,top0A1 A1left1
1190,5534.82,right0,right1,background,right0B0 B0B1 B1right1
1191,5537.67,left0,left1,background,left0A0 A0A1 A1left1
1192,5539.26,left1,bottom1,background,left1A1 A1A0 A0B0 B0bottom1
1193,5544.08,top0,left0,background,top0A1 A1A0 A0left0
1194,5566.77,top0,right1,background,top0A1 A1B1 B1right1
1195,5567.94,left0,top1,via_A1,left0A0 A0A1 A1B1 B1top1
1196,5575.70,top0,top1,background,top0A1 A1B1 B1top1
1197,5587.55,left0,top1,via_A1,left0A0 A0A1 A1B1 B1top1
1198,5603.15,left0,right1,background,left0A0 A0A1 A1B1 B1right1
1199,5604.47,bottom0,right1,background,bottom0A0 A0B0 B0B1 B1right1
1200,5609.54,bottom1,bottom0,background,bottom1B0 B0A0 A0bottom0
1201,5614.12,right1,top0,background,right1B1 B1A1 A1top0
1202,5615.22,top1,left1,background,top1B1 B1A1 A1left1
1203,5617.73,left1,left0,background,left1A1 A1A0 A0left0
1204,5619.69,bottom0,left1,background,bottom0A0 A0A1 A1left1
1205,5621.49,right0,left1,background,right0B0 B0A0 A0A1 A1left1
1206,5624.50,left1,bottom1,background,left1A1 A1B1 B1B0 B0bottom1
1207,5625.09,right1,bottom0,background,right1B1 B1B0 B0A0 A0bottom0
1208,5626.00,right1,left1,background,right1B1 B1A1 A1left1
1209,5636.48,right0,top0,background,right0B0 B0A0 A0A1 A1top0
1210,5638.76,right1,top1,background,right1B1 B1top1
1211,5640.77,bottom1,right0,background,bottom1B0 B0right0
1212,5641.27,top1,left1,background,top1B1 B1A1 A1left1
1213,5641.80,top0,right1,background,top0A1 A1B1 B1right1
1214,5647.54,left0,top1,via_B0,left0A0 A0B0 B0B1 B1top1
1215,5664.25,left0,top1,via_B0,left0A0 A0B0 B0B1 B1top1
1216,5673.42,left0,top1,via_B0,left0A0 A0B0 B0B1 B1top1
1217,5693.66,top1,top0,background,top1B1 B1A1 A1top0
1218,5705.87,left1,bottom0,background,left1A1 A1A0 A0bottom0
1219,5713.53,bottom0,right1,background,bottom0A0 A0B0 B0B1 B1right1
1220,5721.93,top0,left1,background,top0A1 A1left1
1221,5727.15,left1,top0,background,left1A1 A1top0
1222,5728.97,bottom0,bottom1,background,bottom0A0 A0B0 B0bottom1
1223,5730.68,right1,bottom0,background,right1B1 B1A1 A1A0 A0bottom0
1224,5731.90,bottom0,left0,background,bottom0A0 A0left0
1225,5732.80,left1,right0,background,left1A1 A1A0 A0B0 B0right0
1226,5736.17,left0,top1,via_B0,left0A0 A0B0 B0B1 B1top1
1227,5740.79,left1,right1,background,left1A1 A1B1 B1right1
1228,5740.97,bottom1,top0,background,bottom1B0 B0B1 B1A1 A1top0
1229,5743.52,right0,right1,background,right0B0 B0B1 B1right1
1230,5747.91,bottom0,right1,background,bottom0A0 A0B0 B0B1 B1right1
1231,5748.73,right0,bottom1,background,right0B0 B0bottom1
1232,5752.09,top0,bottom0,background,top0A1 A1A0 A0bottom0
1233,5759.79,bottom1,bottom0,background,bottom1B0 B0A0 A0bottom0
1234,5760.96,left0,top1,via_A1,left0A0 A0A1 A1B1 B1top1
1235,5763.94,top1,left0,background,top1B1 B1B0 B0A0 A0left0
1236,5765.81,left0,top1,via_A1,left0A0 A0A1 A1B1 B1top1
1237,5767.30,top0,top1,background,top0A1 A1B1 B1top1
1238,5778.62,bottom0,top0,background,bottom0A0 A0A1 A1top0
1239,5778.81,right1,bottom0,background,right1B1 B1B0 B0A0 A0bottom0
1240,5792.51,top0,left1,background,top0A1 A1left1
1241,5793.97,left0,top1,via_B0,left0A0 A0B0 B0B1 B1top1
1242,5796.47,top0,left1,background,top0A1 A1left1
1243,5798.35,top1,right1,background,top1B1 B1right1
1244,5799.30,right0,left0,background,right0B0 B0A0 A0left0
1245,5799.60,right0,top0,background,right0B0 B0A0 A0A1 A1top0
1246,5806.69,left0,top1,via_B0,left0A0 A0B0 B0B1 B1top1
1247,5819.48,bottom0,right1,background,bottom0A0 A0A1 A1B1 B1right1
1248,5822.69,top0,top1,background,top0A1 A1B1 B1top1
1249,5824.37,right1,left1,background,right1B1 B1A1 A1left1
1250,5831.13,right0,bottom1,background,right0B0 B0bottom1
1251,5839.99,bottom1,left0,background,bottom1B0 B0A0 A0left0
1252,5843.45,right1,left1,background,right1B1 B1A1 A1left1
1253,5850.95,right1,left0,background,right1B1 B1B0 B0A0 A0left0
1254,5852.45,right0,bottom0,background,right0B0 B0A0 A0bottom0
1255,5856.73,right1,left0,background,right1B1 B1B0 B0A0 A0left0
1256,5865.95,bottom0,left0,background,bottom0A0 A0left0
1257,5866.30,bottom1,right1,background,bottom1B0 B0B1 B1right1
1258,5872.30,bottom0,left0,background,bottom0A0 A0left0
1259,5888.42,left1,top1,background,left1A1 A1B1 B1top1
1260,5889.31,top0,right1,background,top0A1 A1B1 B1right1
1261,5892.27,right1,right0,background,right1B1 B1B0 B0right0
1262,5902.98,left0,top1,via_A1,left0A0 A0A1 A1B1 B1top1
1263,5912.78,top1,bottom1,background,top1B1 B1B0 B0bottom1
1264,5913.90,bottom1,right0,background,bottom1B0 B0right0
1265,5916.81,left1,right1,background,left1A1 A1B1 B1right1
1266,5921.56,left0,top1,via_B0,left0A0 A0B0 B0B1 B1top1
1267,5923.56,right0,top1,background,right0B0 B0B1 B1top1
1268,5924.89,left0,top1,via_A1,left0A0 A0A1 A1B1 B1top1
1269,5930.98,top0,left1,background,top0A1 A1left1
1270,5946.11,right1,top1,background,right1B1 B1top1
1271,5951.30,top0,top1,background,top0A1 A1B1 B1top1
1272,5961.55,left0,top1,via_B0,left0A0 A0B0 B0B1 B1top1
1273,5962.04,bottom1,top0,background,bottom1B0 B0A0 A0A1 A1top0
1274,5962.16,top0,right0,background,top0A1 A1A0 A0B0 B0right0
1275,5963.86,top0,right0,background,top0A1 A1B1 B1B0 B0right0
1276,5985.60,right0,left1,background,right0B0 B0B1 B1A1 A1left1
1277,5987.70,top0,right1,background,top0A1 A1B1 B1right1
1278,5991.40,left0,top1,via_B0,left0A0 A0B0 B0B1 B1top1
1279,6005.38,top1,right0,background,top1B1 B1B0 B0right0
1280,6011.06,left0,top1,via_B0,left0A0 A0B0 B0B1 B1top1
1281,6011.72,bottom1,left1,background,bottom1B0 B0B1 B1A1 A1left1
1282,6012.60,left1,bottom0,background,left1A1 A1A0 A0bottom0
1283,6016.02,top0,right0,background,top0A1 A1B1 B1B0 B0right0
1284,6021.91,right0,left0,background,right0B0 B0A0 A0left0
1285,6024.24,right1,bottom0,background,right1B1 B1B0 B0A0 A0bottom0
1286,6024.51,left0,top1,via_A1,left0A0 A0A1 A1B1 B1top1
1287,6047.52,top0,left1,background,top0A1 A1left1
1288,6055.99,left0,top1,via_B0,left0A0 A0B0 B0B1 B1top1
1289,6063.37,bottom1,right0,background,bottom1B0 B0right0
1290,6066.86,right0,left0,background,right0B0 B0A0 A0left0
1291,6069.19,bottom0,right0,background,bottom0A0 A0B0 B0right0
1292,6072.76,right1,bottom0,background,right1B1 B1B0 B0A0 A0bottom0
1293,6074.69,top1,left0,background,top1B1 B1A1 A1A0 A0left0
1294,6074.86,right1,left1,background,right1B1 B1A1 A1left1
1295,6076.91,bottom1,left1,background,bottom1B0 B0B1 B1A1 A1left1
1296,6087.35,right0,left1,background,right0B0 B0A0 A0A1 A1left1
1297,6089.05,left0,top1,via_A1,left0A0 A0A1 A1B1 B1top1
1298,6092.13,top1,right1,background,top1B1 B1right1
1299,6099.49,bottom1,left1,background,bottom1B0 B0A0 A0A1 A1left1
1300,6099.61,bottom0,right0,background,bottom0A0 A0B0 B0right0
1301,6100.14,bottom0,top0,background,bottom0A0 A0A1 A1top0
1302,6102.73,left1,top1,background,left1A1 A1B1 B1top1
1303,6105.91,left0,top1,via_A1,left0A0 A0A1 A1B1 B1top1
1304,6106.98,left0,top1,via_B0,left0A0 A0B0 B0B1 B1top1
1305,6107.09,top1,bottom0,background,top1B1 B1B0 B0A0 A0bottom0
1306,6112.20,left0,top1,via_A1,left0A0 A0A1 A1B1 B1top1
1307,6112.32,bottom1,top1,background,bottom1B0 B0B1 B1top1
1308,6141.58,top0,left1,background,top0A1 A1left1
1309,6143.74,left0,top1,via_B0,left0A0 A0B0 B0B1 B1top1
1310,6144.45,left1,top0,background,left1A1 A1top0
1311,6144.51,left0,top1,via_A1,left0A0 A0A1 A1B1 B1top1
1312,6149.62,left0,top1,via_B0,left0A0 A0B0 B0B1 B1top1
1313,6150.97,top1,right1,background,top1B1 B1right1
1314,6152.40,bottom0,top1,background,bottom0A0 A0A1 A1B1 B1top1
1315,6167.57,left0,top1,via_B0,left0A0 A0B0 B0B1 B1top1
1316,6170.29,right0,right1,background,right0B0 B0B1 B1right1
1317,6170.68,top1,right1,background,top1B1 B1right1
1318,6173.07,right1,bottom1,background,right1B1 B1B0 B0bottom1
1319,6180.25,left1,bottom0,background,left1A1 A1A0 A0bottom0
1320,6180.77,top0,bottom1,background,top0A1 A1B1 B1B0 B0bottom1
1321,6182.96,bottom1,left0,background,bottom1B0 B0A0 A0left0
1322,6184.49,top1,bottom0,background,top1B1 B1A1 A1A0 A0bottom0
1323,6188.39,left0,top1,via_A1,left0A0 A0A1 A1B1 B1top1
1324,6188.70,left1,bottom1,background,left1A1 A1B1 B1B0 B0bottom1
1325,6193.09,bottom0,right0,background,bottom0A0 A0B0 B0right0
1326,6194.99,bottom1,top0,background,bottom1B0 B0A0 A0A1 A1top0
1327,6203.05,bottom0,left1,background,bottom0A0 A0A1 A1left1
1328,6208.06,left0,top1,via_A1,left0A0 A0A1 A1B1 B1top1
1329,6215.84,bottom0,left0,background,bottom0A0 A0left0
1330,6220.20,bottom0,left0,background,bottom0A0 A0left0
1331,6226.35,right1,top0,background,right1B1 B1A1 A1top0
1332,6245.51,top1,left1,background,top1B1 B1A1 A1left1
1333,6257.53,top0,left1,background,top0A1 A1left1
1334,6259.57,top1,left1,background,top1B1 B1A1 A1left1
1335,6268.22,bottom0,bottom1,background,bottom0A0 A0B0 B0bottom1
1336,6269.52,left0,top1,via_A1,left0A0 A0A1 A1B1 B1top1
1337,6270.64,top0,right0,background,top0A1 A1B1 B1B0 B0right0
1338,6271.68,bottom0,left0,background,bottom0A0 A0left0
1339,6279.70,top1,bottom1,background,top1B1 B1B0 B0bottom1
1340,6280.06,left0,top1,via_A1,left0A0 A0A1 A1B1 B1top1
1341,6282.57,right0,right1,background,right0B0 B0B1 B1right1
1342,6289.01,top0,left0,background,top0A1 A1A0 A0left0
1343,6304.85,top1,left0,background,top1B1 B1A1 A1A0 A0left0
1344,6310.76,right0,left0,background,right0B0 B0A0 A0left0
1345,6312.48,left1,right0,background,left1A1 A1A0 A0B0 B0right0
1346,6332.42,top1,top0,background,top1B1 B1A1 A1top0
1347,6333.51,top1,top0,background,top1B1 B1A1 A1top0
1348,6343.32,bottom0,right1,background,bottom0A0 A0B0 B0B1 B1right1
1349,6365.32,left0,top1,via_B0,left0A0 A0B0 B0B1 B1top1
1350,6369.88,right0,left0,background,right0B0 B0A0 A0left0
1351,6370.65,right0,left0,background,right0B0 B0A0 A0left0
1352,6378.82,right1,top0,background,right1B1 B1A1 A1top0
1353,6381.03,left0,top1,via_B0,left0A0 A0B0 B0B1 B1top1
1354,6382.06,top0,bottom1,background,top0A1 A1B1 B1B0 B0bottom1
1355,6382.26,bottom1,right1,background,bottom1B0 B0B1 B1right1
1356,6382.99,bottom0,top0,background,bottom0A0 A0A1 A1top0
1357,6383.50,bottom1,top1,background,bottom1B0 B0B1 B1top1
1358,6388.16,left1,top1,background,left1A1 A1B1 B1top1
1359,6397.05,bottom0,left0,background,bottom0A0 A0left0
1360,6404.73,bottom0,left0,background,bottom0A0 A0left0
1361,6405.00,left1,left0,background,left1A1 A1A0 A0left0
1362,6409.00,bottom1,top0,background,bottom1B0 B0A0 A0A1 A1top0
1363,6410.26,left1,right0,background,left1A1 A1A0 A0B0 B0right0
1364,6411.17,bottom1,right0,background,bottom1B0 B0right0
1365,6413.42,top0,left1,background,top0A1 A1left1
1366,6420.05,left0,top1,via_B0,left0A0 A0B0 B0B1 B1top1
1367,6420.46,top0,right1,background,top0A1 A1B1 B1right1
1368,6421.34,left0,top1,via_A1,left0A0 A0A1 A1B1 B1top1
1369,6421.61,top1,top0,background,top1B1 B1A1 A1top0
1370,6423.85,top0,right0,background,top0A1 A1A0 A0B0 B0right0
1371,6424.19,left1,bottom0,background,left1A1 A1A0 A0bottom0
1372,6426.53,top0,left1,background,top0A1 A1left1
1373,6427.14,bottom0,bottom1,background,bottom0A0 A0B0 B0bottom1
1374,6431.99,left1,bottom1,background,left1A1 A1B1 B1B0 B0bottom1
1375,6436.67,bottom1,right0,background,bottom1B0 B0right0
1376,6441.35,left0,top1,via_A1,left0A0 A0A1 A1B1 B1top1
1377,6442.40,right0,right1,background,right0B0 B0B1 B1right1
1378,6444.22,right1,left1,background,right1B1 B1A1 A1left1
1379,6453.62,top1,top0,background,top1B1 B1A1 A1top0
1380,6457.87,top1,bottom0,background,top1B1 B1A1 A1A0 A0bottom0
1381,6462.27,top0,bottom0,background,top0A1 A1A0 A0bottom0
1382,6477.54,bottom1,right0,background,bottom1B0 B0right0
1383,6488.81,bottom1,left1,background,bottom1B0 B0A0 A0A1 A1left1
1384,6494.95,bottom1,top1,background,bottom1B0 B0B1 B1top1
1385,6496.06,left0,top1,via_B0,left0A0 A0B0 B0B1 B1top1
1386,6496.96,top1,right1,background,top1B1 B1right1
1387,6499.60,left0,top1,via_B0,left0A0 A0B0 B0B1 B1top1
1388,6502.85,right0,left0,background,right0B0 B0A0 A0left0
1389,6509.41,bottom0,top1,background,bottom0A0 A0A1 A1B1 B1top1
1390,6509.53,left0,top1,via_A1,left0A0 A0A1 A1B1 B1top1
1391,6510.08,right1,top1,background,right1B1 B1top1
1392,6510.88,left1,right1,background,left1A1 A1B1 B1right1
1393,6515.14,right0,left1,background,right0B0 B0B1 B1A1 A1left1
1394,6517.11,right0,bottom1,background,right0B0 B0bottom1
1395,6528.34,left0,top1,via_A1,left0A0 A0A1 A1B1 B1top1
1396,6530.96,right0,bottom0,background,right0B0 B0A0 A0bottom0
1397,6532.24,right0,left1,background,right0B0 B0B1 B1A1 A1left1
1398,6541.14,right1,bottom0,background,right1B1 B1A1 A1A0 A0bottom0
1399,6542.86,left0,top1,via_A1,left0A0 A0A1 A1B1 B1top1
1400,6546.78,top1,left0,background,top1B1 B1A1 A1A0 A0left0
1401,6563.26,bottom1,left0,background,bottom1B0 B0A0 A0left0
1402,6563.60,bottom1,right0,background,bottom1B0 B0right0
1403,6566.01,bottom0,top1,background,bottom0A0 A0B0 B0B1 B1top1
1404,6572.92,top1,right0,background,top1B1 B1B0 B0right0
1405,6577.31,right0,top1,background,right0B0 B0B1 B1top1
1406,6579.97,right0,left0,background,right0B0 B0A0 A0left0
1407,6583.37,bottom0,top1,background,bottom0A0 A0A1 A1B1 B1top1
1408,6590.58,left0,top1,via_B0,left0A0 A0B0 B0B1 B1top1
1409,6594.98,right1,left0,background,right1B1 B1A1 A1A0 A0left0
1410,6597.10,left1,bottom1,background,left1A1 A1B1 B1B0 B0bottom1
1411,6608.05,left0,top1,via_B0,left0A0 A0B0 B0B1 B1top1
1412,6614.62,bottom1,right0,background,bottom1B0 B0right0
1413,6618.84,top1,right1,background,top1B1 B1right1
1414,6619.29,right1,left0,background,right1B1 B1B0 B0A0 A0left0
1415,6626.60,left0,top1,via_B0,left0A0 A0B0 B0B1 B1top1
1416,6627.45,top1,right1,background,top1B1 B1right1
1417,6630.82,left0,right1,background,left0A0 A0B0 B0B1 B1right1
1418,6633.57,left0,top1,via_A1,left0A0 A0A1 A1B1 B1top1
1419,6646.40,right1,bottom1,background,right1B1 B1B0 B0bottom1
1420,6647.84,right1,bottom1,background,right1B1 B1B0 B0bottom1
1421,6657.16,left1,bottom0,background,left1A1 A1A0 A0bottom0
1422,6658.36,bottom0,right0,background,bottom0A0 A0B0 B0right0
1423,6663.85,left0,top1,via_B0,left0A0 A0B0 B0B1 B1top1
1424,6664.75,left0,top1,via_B0,left0A0 A0B0 B0B1 B1top1
1425,6667.53,bottom1,bottom0,background,bottom1B0 B0A0 A0bottom0
1426,6671.76,left0,top1,via_A1,left0A0 A0A1 A1B1 B1top1
1427,6675.47,bottom0,top1,background,bottom0A0 A0A1 A1B1 B1top1
1428,6685.22,bottom0,left1,background,bottom0A0 A0A1 A1left1
1429,6687.77,bottom0,top0,background,bottom0A0 A0A1 A1top0
1430,6692.49,top0,left1,background,top0A1 A1left1
1431,6698.00,bottom1,bottom0,background,bottom1B0 B0A0 A0bottom0
1432,6705.77,left0,top1,via_B0,left0A0 A0B0 B0B1 B1top1
1433,6706.72,top0,left0,background,top0A1 A1A0 A0left0
1434,6708.15,left0,top1,via_B0,left0A0 A0B0 B0B1 B1top1
1435,6710.22,top0,top1,background,top0A1 A1B1 B1top1
1436,6710.99,left0,top1,via_B0,left0A0 A0B0 B0B1 B1top1
1437,6721.35,left1,left0,background,left1A1 A1A0 A0left0
1438,6729.74,left0,top1,via_B0,left0A0 A0B0 B0B1 B1top1
1439,6732.41,bottom0,top0,background,bottom0A0 A0A1 A1top0
1440,6736.35,bottom0,left0,background,bottom0A0 A0left0
1441,6736.49,left1,top0,background,left1A1 A1top0
1442,6736.66,bottom1,right0,background,bottom1B0 B0right0
1443,6737.97,left0,top1,via_B0,left0A0 A0B0 B0B1 B1top1
1444,6742.31,right1,bottom0,background,right1B1 B1B0 B0A0 A0bottom0
1445,6744.27,right0,bottom0,background,right0B0 B0A0 A0bottom0
1446,6745.56,right1,bottom1,background,right1B1 B1B0 B0bottom1
1447,6751.40,bottom0,bottom1,background,bottom0A0 A0B0 B0bottom1
1448,6757.83,left1,top0,background,left1A1 A1top0
1449,6765.34,right0,bottom1,background,right0B0 B0bottom1
1450,6780.38,left0,bottom1,background,left0A0 A0B0 B0bottom1
1451,6783.96,left0,top1,via_A1,left0A0 A0A1 A1B1 B1top1
1452,6784.50,top1,right0,background,top1B1 B1B0 B0right0
1453,6793.27,left1,top1,background,left1A1 A1B1 B1top1
1454,6797.28,right0,right1,background,right0B0 B0B1 B1right1
1455,6797.48,right1,bottom1,background,right1B1 B1B0 B0bottom1
1456,6799.22,right1,top0,background,right1B1 B1A1 A1top0
1457,6799.85,left0,right1,background,left0A0 A0B0 B0B1 B1right1
1458,6801.05,bottom0,bottom1,background,bottom0A0 A0B0 B0bottom1
1459,6802.60,left0,top1,via_B0,left0A0 A0B0 B0B1 B1top1
1460,6802.74,left0,top1,via_B0,left0A0 A0B0 B0B1 B1top1
1461,6814.45,top1,bottom1,background,top1B1 B1B0 B0bottom1
1462,6815.65,top1,bottom0,background,top1B1 B1B0 B0A0 A0bottom0
1463,6816.01,top0,bottom0,background,top0A1 A1A0 A0bottom0
1464,6830.41,bottom0,top1,background,bottom0A0 A0B0 B0B1 B1top1
1465,6833.52,right0,left1,background,right0B0 B0B1 B1A1 A1left1
1466,6835.14,bottom0,right1,background,bottom0A0 A0A1 A1B1 B1right1
1467,6841.21,bottom0,right0,background,bottom0A0 A0B0 B0right0
1468,6842.92,top0,right0,background,top0A1 A1A0 A0B0 B0right0
1469,6843.55,bottom1,top1,background,bottom1B0 B0B1 B1top1
1470,6844.51,left0,top1,via_B0,left0A0 A0B0 B0B1 B1top1
1471,6846.68,left1,top0,background,left1A1 A1top0
1472,6865.52,left1,top1,background,left1A1 A1B1 B1top1
1473,6870.48,left0,top1,via_B0,left0A0 A0B0 B0B1 B1top1
1474,6871.23,right1,left1,background,right1B1 B1A1 A1left1
1475,6872.10,left1,left0,background,left1A1 A1A0 A0left0
1476,6874.79,bottom0,left1,background,bottom0A0 A0A1 A1left1
1477,6879.01,right0,bottom1,background,right0B0 B0bottom1
1478,6880.29,left1,left0,background,left1A1 A1A0 A0left0
1479,6917.07,bottom1,top0,background,bottom1B0 B0A0 A0A1 A1top0
1480,6918.04,top0,bottom1,background,top0A1 A1A0 A0B0 B0bottom1
1481,6939.11,top0,bottom0,background,top0A1 A1A0 A0bottom0
1482,6944.63,bottom1,bottom0,background,bottom1B0 B0A0 A0bottom0
1483,6946.16,left0,top1,via_B0,left0A0 A0B0 B0B1 B1top1
1484,6949.59,left0,top1,via_A1,left0A0 A0A1 A1B1 B1top1
1485,6950.77,bottom0,left0,background,bottom0A0 A0left0
1486,6951.58,right0,top1,background,right0B0 B0B1 B1top1
1487,6956.57,left1,right1,background,left1A1 A1B1 B1right1
1488,6957.28,right1,bottom0,background,right1B1 B1A1 A1A0 A0bottom0
1489,6958.75,top0,right0,background,top0A1 A1A0 A0B0 B0right0
1490,6959.86,left0,top1,via_A1,left0A0 A0A1 A1B1 B1top1
1491,6970.80,top1,left0,background,top1B1 B1B0 B0A0 A0left0
1492,6986.62,right0,bottom0,background,right0B0 B0A0 A0bottom0
1493,6991.46,top1,right1,background,top1B1 B1right1
1494,6991.94,left1,top1,background,left1A1 A1B1 B1top1
1495,7002.86,bottom1,top1,background,bottom1B0 B0B1 B1top1
1496,7008.10,bottom0,top1,background,bottom0A0 A0A1 A1B1 B1top1
1497,7008.67,left0,top1,background,left0A0 A0A1 A1B1 B1top1
1498,7023.02,left1,left0,background,left1A1 A1A0 A0left0
1499,7025.34,left1,top1,background,left1A1 A1B1 B1top1
1500,7027.64,left0,top1,via_A1,left0A0 A0A1 A1B1 B1top1
1501,7032.11,right0,top1,background,right0B0 B0B1 B1top1
1502,7033.99,top1,right1,background,top1B1 B1right1
1503,7040.55,right1,left0,background,right1B1 B1A1 A1A0 A0left0
1504,7040.89,bottom1,top1,background,bottom1B0 B0B1 B1top1
1505,7043.74,top0,left0,background,top0A1 A1A0 A0left0
1506,7048.59,bottom0,right1,background,bottom0A0 A0B0 B0B1 B1right1
1507,7057.51,right1,bottom0,background,right1B1 B1A1 A1A0 A0bottom0
1508,7069.32,right1,top1,background,right1B1 B1top1
1509,7078.40,top0,bottom1,background,top0A1 A1A0 A0B0 B0bottom1
1510,7081.07,top1,right0,background,top1B1 B1B0 B0right0
1511,7082.19,bottom0,right0,background,bottom0A0 A0B0 B0right0
1512,7082.72,right1,top1,background,right1B1 B1top1
1513,7092.93,bottom0,left0,background,bottom0A0 A0left0
1514,7096.48,left0,right1,background,left0A0 A0A1 A1B1 B1right1
1515,7104.54,right0,bottom1,background,right0B0 B0bottom1
1516,7106.93,bottom1,right0,background,bottom1B0 B0right0
1517,7112.96,left0,top1,via_B0,left0A0 A0B0 B0B1 B1top1
1518,7119.06,right1,top1,background,right1B1 B1top1
1519,7119.63,top1,left0,background,top1B1 B1B0 B0A0 A0left0
1520,7121.55,right1,bottom0,background,right1B1 B1A1 A1A0 A0bottom0
1521,7136.28,left0,top1,via_B0,left0A0 A0B0 B0B1 B1top1
1522,7159.18,right0,bottom0,background,right0B0 B0A0 A0bottom0
1523,7161.68,left1,bottom0,background,left1A1 A1A0 A0bottom0
1524,7162.65,top0,top1,background,top0A1 A1B1 B1top1
1525,7163.10,left0,top1,via_A1,left0A0 A0A1 A1B1 B1top1
1526,7168.42,left0,top1,via_B0,left0A0 A0B0 B0B1 B1top1
1527,7171.59,top1,bottom0,background,top1B1 B1B0 B0A0 A0bottom0
1528,7175.65,bottom1,top0,background,bottom1B0 B0A0 A0A1 A1top0
1529,7177.08,top1,left1,background,top1B1 B1A1 A1left1
1530,7183.67,left1,right1,background,left1A1 A1B1 B1right1
1531,7185.88,right0,top1,background,right0B0 B0B1 B1top1
1532,7186.66,bottom0,right1,background,bottom0A0 A0A1 A1B1 B1right1
1533,7195.58,right0,left1,background,right0B0 B0B1 B1A1 A1left1
1534,7196.13,bottom1,right1,background,bottom1B0 B0B1 B1right1
1535,7198.34,bottom1,right1,background,bottom1B0 B0B1 B1right1
1536,7201.21,left1,top1,background,left1A1 A1B1 B1top1
1537,7205.34,bottom1,top1,background,bottom1B0 B0B1 B1top1
1538,7211.50,right1,top1,background,right1B1 B1top1
1539,7212.35,left1,bottom1,background,left1A1 A1B1 B1B0 B0bottom1
1540,7213.76,right1,bottom0,background,right1B1 B1B0 B0A0 A0bottom0
1541,7216.25,right1,left1,background,right1B1 B1A1 A1left1
1542,7217.70,top1,top0,background,top1B1 B1A1 A1top0
1543,7227.69,left1,top0,background,left1A1 A1top0
1544,7236.16,right0,bottom1,background,right0B0 B0bottom1
1545,7239.82,right1,bottom0,background,right1B1 B1A1 A1A0 A0bottom0
1546,7250.74,left0,top1,via_B0,left0A0 A0B0 B0B1 B1top1
1547,7261.03,right1,top0,background,right1B1 B1A1 A1top0
1548,7263.48,left1,top1,background,left1A1 A1B1 B1top1
1549,7265.67,bottom0,right0,background,bottom0A0 A0B0 B0right0
1550,7278.69,bottom1,right1,background,bottom1B0 B0B1 B1right1
1551,7285.71,left1,left0,background,left1A1 A1A0 A0left0
1552,7287.10,bottom0,top1,background,bottom0A0 A0A1 A1B1 B1top1
1553,7288.95,left0,top1,via_B0,left0A0 A0B0 B0B1 B1top1
1554,7290.20,top0,left1,background,top0A1 A1left1
1555,7295.76,top0,right1,background,top0A1 A1B1 B1right1
1556,7295.97,right0,top0,background,right0B0 B0A0 A0A1 A1top0
1557,7305.30,bottom1,left0,background,bottom1B0 B0A0 A0left0
1558,7308.76,left0,top1,via_A1,left0A0 A0A1 A1B1 B1top1
1559,7310.71,bottom0,right0,background,bottom0A0 A0B0 B0right0
1560,7311.05,left0,top1,via_A1,left0A0 A0A1 A1B1 B1top1
1561,7311.71,top1,left1,background,top1B1 B1A1 A1left1
1562,7312.51,bottom1,bottom0,background,bottom1B0 B0A0 A0bottom0
1563,7313.89,top1,bottom0,background,top1B1 B1B0 B0A0 A0bottom0
1564,7313.90,top1,right1,background,top1B1 B1right1
1565,7320.57,bottom1,bottom0,background,bottom1B0 B0A0 A0bottom0
1566,7324.51,bottom0,left1,background,bottom0A0 A0A1 A1left1
1567,7326.57,left1,right0,background,left1A1 A1A0 A0B0 B0right0
1568,7328.20,top0,bottom0,background,top0A1 A1A0 A0bottom0
1569,7336.16,left0,top1,via_B0,left0A0 A0B0 B0B1 B1top1
1570,7341.20,left1,bottom1,background,left1A1 A1B1 B1B0 B0bottom1
1571,7348.30,right1,right0,background,right1B1 B1B0 B0right0
1572,7350.92,bottom1,top1,background,bottom1B0 B0B1 B1top1
1573,7352.80,left0,top1,via_A1,left0A0 A0A1 A1B1 B1top1
1574,7360.32,top1,bottom0,background,top1B1 B1B0 B0A0 A0bottom0
1575,7372.88,top1,right0,background,top1B1 B1B0 B0right0
1576,7380.38,top1,bottom1,background,top1B1 B1B0 B0bottom1
1577,7387.33,left1,right1,background,left1A1 A1B1 B1right1
1578,7389.35,bottom0,top1,background,bottom0A0 A0A1 A1B1 B1top1
1579,7390.59,top0,right0,background,top0A1 A1A0 A0B0 B0right0
1580,7396.47,left0,top1,via_A1,left0A0 A0A1 A1B1 B1top1
1581,7398.02,bottom0,bottom1,background,bottom0A0 A0B0 B0bottom1
1582,7404.72,right1,top0,background,right1B1 B1A1 A1top0
1583,7404.74,bottom0,bottom1,background,bottom0A0 A0B0 B0bottom1
1584,7405.01,left0,top1,via_A1,left0A0 A0A1 A1B1 B1top1
1585,7408.54,bottom0,top0,background,bottom0A0 A0A1 A1top0
1586,7412.05,top0,left0,background,top0A1 A1A0 A0left0
1587,7422.52,left1,top0,background,left1A1 A1top0
1588,7423.70,left0,top1,via_B0,left0A0 A0B0 B0B1 B1top1
1589,7425.57,left0,top1,via_B0,left0A0 A0B0 B0B1 B1top1
1590,7426.87,right0,bottom1,background,right0B0 B0bottom1
1591,7430.61,bottom1,right1,background,bottom1B0 B0B1 B1right1
1592,7432.28,top0,right0,background,top0A1 A1B1 B1B0 B0right0
1593,7436.97,left0,top1,via_B0,left0A0 A0B0 B0B1 B1top1
1594,7437.82,top1,bottom0,background,top1B1 B1A1 A1A0 A0bottom0
1595,7437.84,top1,bottom1,background,top1B1 B1B0 B0bottom1
1596,7440.23,left1,right0,background,left1A1 A1A0 A0B0 B0right0
1597,7444.69,left0,top1,via_A1,left0A0 A0A1 A1B1 B1top1
1598,7445.42,left1,bottom1,background,left1A1 A1A0 A0B0 B0bottom1
1599,7445.59,top1,right1,background,top1B1 B1right1
1600,7446.51,right1,left1,background,right1B1 B1A1 A1left1
1601,7467.02,left1,top1,background,left1A1 A1B1 B1top1
1602,7468.51,right0,left1,background,right0B0 B0A0 A0A1 A1left1
1603,7485.54,right0,bottom0,background,right0B0 B0A0 A0bottom0
1604,7490.32,left1,right1,background,left1A1 A1B1 B1right1
1605,7491.61,right0,top0,background,right0B0 B0A0 A0A1 A1top0
1606,7497.99,left1,right1,background,left1A1 A1B1 B1right1
1607,7500.69,left0,top1,via_B0,left0A0 A0B0 B0B1 B1top1
1608,7505.25,left1,bottom0,background,left1A1 A1A0 A0bottom0
1609,7505.37,left0,right0,background,left0A0 A0B0 B0right0
1610,7507.68,top0,left0,background,top0A1 A1A0 A0left0
1611,7511.44,top1,top0,background,top1B1 B1A1 A1top0
1612,7521.76,left1,bottom1,background,left1A1 A1A0 A0B0 B0bottom1
1613,7524.91,left0,top1,via_A1,left0A0 A0A1 A1B1 B1top1
1614,7537.57,left0,top1,via_A1,left0A0 A0A1 A1B1 B1top1
1615,7540.64,right1,top0,background,right1B1 B1A1 A1top0
1616,7550.51,left0,top0,background,left0A0 A0A1 A1top0
1617,7571.21,right1,right0,background,right1B1 B1B0 B0right0
1618,7582.77,top1,bottom0,background,top1B1 B1B0 B0A0 A0bottom0
1619,7591.06,bottom0,left0,background,bottom0A0 A0left0
1620,7593.99,left0,top1,via_A1,left0A0 A0A1 A1B1 B1top1
1621,7594.89,top0,top1,background,top0A1 A1B1 B1top1
1622,7599.10,right0,left1,background,right0B0 B0A0 A0A1 A1left1
1623,7605.28,top0,right1,background,top0A1 A1B1 B1right1
1624,7627.87,bottom0,left1,background,bottom0A0 A0A1 A1left1
1625,7631.65,left0,top1,via_A1,left0A0 A0A1 A1B1 B1top1
1626,7631.66,left0,top1,via_B0,left0A0 A0B0 B0B1 B1top1
1627,7636.86,bottom1,top0,background,bottom1B0 B0B1 B1A1 A1top0
1628,7639.37,bottom0,left0,background,bottom0A0 A0left0
1629,7639.68,right1,bottom1,background,right1B1 B1B0 B0bottom1
1630,7641.76,right1,top0,background,right1B1 B1A1 A1top0
1631,7641.84,top1,right1,background,top1B1 B1right1
1632,7647.68,right1,left0,background,right1B1 B1B0 B0A0 A0left0
1633,7648.21,left1,bottom1,background,left1A1 A1B1 B1B0 B0bottom1
1634,7667.41,left0,top1,via_B0,left0A0 A0B0 B0B1 B1top1
1635,7674.39,top1,top0,background,top1B1 B1A1 A1top0
1636,7677.96,bottom1,left0,background,bottom1B0 B0A0 A0left0
1637,7685.13,left0,top1,via_A1,left0A0 A0A1 A1B1 B1top1
1638,7691.48,top0,bottom0,background,top0A1 A1A0 A0bottom0
1639,7696.05,left1,bottom1,background,left1A1 A1A0 A0B0 B0bottom1
1640,7698.73,right0,bottom1,background,right0B0 B0bottom1
1641,7704.05,top0,right0,background,top0A1 A1B1 B1B0 B0right0
1642,7704.37,right0,right1,background,right0B0 B0B1 B1right1
1643,7708.03,right1,top1,background,right1B1 B1top1
1644,7710.18,left0,top1,via_B0,left0A0 A0B0 B0B1 B1top1
1645,7714.81,top0,right0,background,top0A1 A1A0 A0B0 B0right0
1646,7720.36,right0,bottom0,background,right0B0 B0A0 A0bottom0
1647,7721.17,bottom1,right1,background,bottom1B0 B0B1 B1right1
1648,7723.14,top1,bottom0,background,top1B1 B1B0 B0A0 A0bottom0
1649,7724.79,right1,top1,background,right1B1 B1top1
1650,7731.20,bottom1,top0,background,bottom1B0 B0A0 A0A1 A1top0
1651,7739.94,bottom1,bottom0,background,bottom1B0 B0A0 A0bottom0
1652,7754.19,bottom0,right1,background,bottom0A0 A0A1 A1B1 B1right1
1653,7765.24,left0,top1,via_A1,left0A0 A0A1 A1B1 B1top1
1654,7766.06,top0,bottom1,background,top0A1 A1B1 B1B0 B0bottom1
1655,7766.91,left1,left0,background,left1A1 A1A0 A0left0
1656,7773.79,left1,left0,background,left1A1 A1A0 A0left0
1657,7775.10,left0,top1,via_A1,left0A0 A0A1 A1B1 B1top1
1658,7782.58,top0,right1,background,top0A1 A1B1 B1right1
1659,7786.63,top1,left1,background,top1B1 B1A1 A1left1
1660,7788.38,top1,left0,background,top1B1 B1A1 A1A0 A0left0
1661,7794.77,left0,top1,via_B0,left0A0 A0B0 B0B1 B1top1
1662,7802.10,right0,bottom1,background,right0B0 B0bottom1
1663,7807.48,left0,top0,background,left0A0 A0A1 A1top0
1664,7813.81,bottom0,right1,background,bottom0A0 A0B0 B0B1 B1right1
1665,7815.88,bottom1,right1,background,bottom1B0 B0B1 B1right1
1666,7818.24,right0,left0,background,right0B0 B0A0 A0left0
1667,7821.56,top1,left1,background,top1B1 B1A1 A1left1
1668,7829.54,top1,left0,background,top1B1 B1A1 A1A0 A0left0
1669,7829.71,left1,top0,background,left1A1 A1top0
1670,7851.21,right1,top1,background,right1B1 B1top1
1671,7856.23,bottom1,left1,background,bottom1B0 B0A0 A0A1 A1left1
1672,7857.91,bottom1,top0,background,bottom1B0 B0B1 B1A1 A1top0
1673,7866.40,left0,top1,via_B0,left0A0 A0B0 B0B1 B1top1
1674,7872.78,right1,top0,background,right1B1 B1A1 A1top0
1675,7874.57,bottom0,left1,background,bottom0A0 A0A1 A1left1
1676,7875.66,top1,right0,background,top1B1 B1B0 B0right0
1677,7876.65,bottom0,right1,background,bottom0A0 A0A1 A1B1 B1right1
1678,7882.32,left0,top1,via_B0,left0A0 A0B0 B0B1 B1top1
1679,7892.42,top0,left1,background,top0A1 A1left1
1680,7893.83,bottom1,right1,background,bottom1B0 B0B1 B1right1
1681,7897.95,bottom0,left1,background,bottom0A0 A0A1 A1left1
1682,7909.06,right1,bottom0,background,right1B1 B1B0 B0A0 A0bottom0
1683,7918.41,bottom0,left0,background,bottom0A0 A0left0
1684,7920.77,left1,right1,background,left1A1 A1B1 B1right1
1685,7926.47,top0,right1,background,top0A1 A1B1 B1right1
1686,7931.70,right0,left0,background,right0B0 B0A0 A0left0
1687,7931.94,left0,top1,via_B0,left0A0 A0B0 B0B1 B1top1
1688,7934.63,bottom0,top0,background,bottom0A0 A0A1 A1top0
1689,7935.55,top0,right1,background,top0A1 A1B1 B1right1
1690,7937.45,left0,top1,via_A1,left0A0 A0A1 A1B1 B1top1
1691,7940.10,top1,left1,background,top1B1 B1A1 A1left1
1692,7950.20,left1,right0,background,left1A1 A1B1 B1B0 B0right0
1693,7950.84,left0,top1,via_B0,left0A0 A0B0 B0B1 B1top1
1694,7951.04,left1,right1,background,left1A1 A1B1 B1right1
1695,7957.51,left0,top1,via_B0,left0A0 A0B0 B0B1 B1top1
1696,7962.31,bottom0,top0,background,bottom0A0 A0A1 A1top0
1697,7963.66,left0,top1,via_A1,left0A0 A0A1 A1B1 B1top1
1698,7972.52,right0,bottom0,background,right0B0 B0A0 A0bottom0
1699,7973.43,left0,top1,via_B0,left0A0 A0B0 B0B1 B1top1
1700,7984.30,left0,top1,via_B0,left0A0 A0B0 B0B1 B1top1
1701,7989.31,right1,right0,background,right1B1 B1B0 B0right0
1702,7990.72,left0,top1,via_B0,left0A0 A0B0 B0B1 B1top1
1703,7996.80,left0,top1,via_B0,left0A0 A0B0 B0B1 B1top1
1704,8000.97,bottom0,bottom1,background,bottom0A0 A0B0 B0bottom1
1705,8001.46,top1,left1,background,top1B1 B1A1 A1left1
1706,8006.31,bottom1,right0,background,bottom1B0 B0right0
1707,8011.10,bottom1,top0,background,bottom1B0 B0B1 B1A1 A1top0
1708,8013.30,left1,top0,background,left1A1 A1top0
1709,8020.30,left1,right0,background,left1A1 A1B1 B1B0 B0right0
1710,8026.55,left0,top1,via_B0,left0A0 A0B0 B0B1 B1top1
1711,8037.15,bottom1,top0,background,bottom1B0 B0A0 A0A1 A1top0
1712,8040.61,left1,right0,background,left1A1 A1B1 B1B0 B0right0
1713,8045.02,left0,top1,via_A1,left0A0 A0A1 A1B1 B1top1
1714,8045.83,top1,right1,background,top1B1 B1right1
1715,8049.42,bottom0,left0,background,bottom0A0 A0left0
1716,8059.78,left0,top1,via_B0,left0A0 A0B0 B0B1 B1top1
1717,8061.95,bottom1,top1,background,bottom1B0 B0B1 B1top1
1718,8063.02,right0,left1,background,right0B0 B0B1 B1A1 A1left1
1719,8063.75,top1,left0,background,top1B1 B1B0 B0A0 A0left0
1720,8069.20,top0,left1,background,top0A1 A1left1
1721,8069.66,bottom0,top0,background,bottom0A0 A0A1 A1top0
1722,8075.69,bottom0,bottom1,background,bottom0A0 A0B0 B0bottom1
1723,8076.27,top0,bottom1,background,top0A1 A1B1 B1B0 B0bottom1
1724,8079.74,bottom1,right0,background,bottom1B0 B0right0
1725,8084.26,left0,top1,via_B0,left0A0 A0B0 B0B1 B1top1
1726,8084.87,bottom1,bottom0,background,bottom1B0 B0A0 A0bottom0
1727,8085.97,right0,top1,background,right0B0 B0B1 B1top1
1728,8087.53,bottom1,bottom0,background,bottom1B0 B0A0 A0bottom0
1729,8088.35,bottom0,bottom1,background,bottom0A0 A0B0 B0bottom1
1730,8089.63,top0,bottom1,background,top0A1 A1A0 A0B0 B0bottom1
1731,8092.12,left0,top1,via_A1,left0A0 A0A1 A1B1 B1top1
1732,8093.72,left0,top1,via_B0,left0A0 A0B0 B0B1 B1top1
1733,8097.24,top1,top0,background,top1B1 B1A1 A1top0
1734,8101.47,right0,left1,background,right0B0 B0B1 B1A1 A1left1
1735,8101.98,left1,right0,background,left1A1 A1B1 B1B0 B0right0
1736,8118.58,top0,left1,background,top0A1 A1left1
1737,8122.46,bottom0,left1,background,bottom0A0 A0A1 A1left1
1738,8124.19,right1,right0,background,right1B1 B1B0 B0right0
1739,8126.16,right1,left1,background,right1B1 B1A1 A1left1
1740,8126.81,bottom0,top1,background,bottom0A0 A0A1 A1B1 B1top1
1741,8133.51,top0,right0,background,top0A1 A1B1 B1B0 B0right0
1742,8134.34,left1,top0,background,left1A1 A1top0
1743,8148.46,left0,bottom1,background,left0A0 A0B0 B0bottom1
1744,8149.20,bottom0,top0,background,bottom0A0 A0A1 A1top0
1745,8156.64,left0,top1,via_A1,left0A0 A0A1 A1B1 B1top1
1746,8161.52,bottom1,top1,background,bottom1B0 B0B1 B1top1
1747,8164.15,bottom1,left0,background,bottom1B0 B0A0 A0left0
1748,8166.12,left0,top1,via_A1,left0A0 A0A1 A1B1 B1top1
1749,8171.22,right0,top0,background,right0B0 B0A0 A0A1 A1top0
1750,8181.64,bottom1,right1,background,bottom1B0 B0B1 B1right1
1751,8193.13,right1,top1,background,right1B1 B1top1
1752,8195.24,right0,top1,background,right0B0 B0B1 B1top1
1753,8198.87,right1,bottom0,background,right1B1 B1B0 B0A0 A0bottom0
1754,8208.45,left1,bottom1,background,left1A1 A1B1 B1B0 B0bottom1
1755,8212.14,top0,right1,background,top0A1 A1B1 B1right1
1756,8214.04,left0,left1,background,left0A0 A0A1 A1left1
1757,8224.35,left0,top1,via_B0,left0A0 A0B0 B0B1 B1top1
1758,8225.61,top0,left0,background,top0A1 A1A0 A0left0
1759,8226.61,top0,left1,background,top0A1 A1left1
1760,8228.16,left1,left0,background,left1A1 A1A0 A0left0
1761,8228.82,top0,right1,background,top0A1 A1B1 B1right1
1762,8236.25,right0,top1,background,right0B0 B0B1 B1top1
1763,8238.43,right1,right0,background,right1B1 B1B0 B0right0
1764,8241.59,right0,right1,background,right0B0 B0B1 B1right1
1765,8248.16,bottom1,left1,background,bottom1B0 B0B1 B1A1 A1left1
1766,8248.94,right0,right1,background,right0B0 B0B1 B1right1
1767,8252.50,bottom1,bottom0,background,bottom1B0 B0A0 A0bottom0
1768,8254.65,left0,top1,background,left0A0 A0B0 B0B1 B1top1
1769,8259.00,right0,bottom0,background,right0B0 B0A0 A0bottom0
1770,8260.72,left0,top1,via_B0,left0A0 A0B0 B0B1 B1top1
1771,8262.95,left0,top1,via_B0,left0A0 A0B0 B0B1 B1top1
1772,8265.86,left0,top1,via_A1,left0A0 A0A1 A1B1 B1top1
1773,8271.77,left1,right1,background,left1A1 A1B1 B1right1
1774,8280.79,left0,top1,via_A1,left0A0 A0A1 A1B1 B1top1
1775,8283.45,left0,top1,via_B0,left0A0 A0B0 B0B1 B1top1
1776,8286.06,right0,left0,background,right0B0 B0A0 A0left0
1777,8286.69,right0,left0,background,right0B0 B0A0 A0left0
1778,8287.43,bottom1,left0,background,bottom1B0 B0A0 A0left0
1779,8288.08,bottom1,top1,background,bottom1B0 B0B1 B1top1
1780,8288.61,right1,top1,background,right1B1 B1top1
1781,8290.84,right0,top0,background,right0B0 B0A0 A0A1 A1top0
1782,8297.82,right0,top0,background,right0B0 B0B1 B1A1 A1top0
1783,8304.51,left0,top1,via_B0,left0A0 A0B0 B0B1 B1top1
1784,8321.00,left0,top1,via_B0,left0A0 A0B0 B0B1 B1top1
1785,8326.07,top0,bottom1,background,top0A1 A1B1 B1B0 B0bottom1
1786,8328.91,right1,left1,background,right1B1 B1A1 A1left1
1787,8335.46,top1,bottom1,background,top1B1 B1B0 B0bottom1
1788,8336.78,top0,right0,background,top0A1 A1A0 A0B0 B0right0
1789,8337.49,right0,left0,background,right0B0 B0A0 A0left0
1790,8346.54,top0,left1,background,top0A1 A1left1
1791,8352.08,right0,bottom1,background,right0B0 B0bottom1
1792,8359.24,right0,bottom0,background,right0B0 B0A0 A0bottom0
1793,8363.08,left0,bottom0,background,left0A0 A0bottom0
1794,8366.28,right1,top1,background,right1B1 B1top1
1795,8370.54,bottom0,top0,background,bottom0A0 A0A1 A1top0
1796,8377.41,left1,bottom0,background,left1A1 A1A0 A0bottom0
1797,8379.35,left1,bottom0,background,left1A1 A1A0 A0bottom0
1798,8380.34,bottom1,right1,background,bottom1B0 B0B1 B1right1
1799,8390.17,top1,left1,background,top1B1 B1A1 A1left1
1800,8397.28,left0,top1,via_A1,left0A0 A0A1 A1B1 B1top1
1801,8398.60,top1,left0,background,top1B1 B1A1 A1A0 A0left0
1802,8415.78,left1,top1,background,left1A1 A1B1 B1top1
1803,8416.01,bottom0,bottom1,background,bottom0A0 A0B0 B0bottom1
1804,8424.75,top0,bottom1,background,top0A1 A1A0 A0B0 B0bottom1
1805,8429.94,bottom0,right0,background,bottom0A0 A0B0 B0right0
1806,8434.64,right1,left1,background,right1B1 B1A1 A1left1
1807,8438.92,left0,right1,background,left0A0 A0B0 B0B1 B1right1
1808,8439.16,top1,bottom0,background,top1B1 B1A1 A1A0 A0bottom0
1809,8440.75,right0,top1,background,right0B0 B0B1 B1top1
1810,8441.00,top0,right0,background,top0A1 A1A0 A0B0 B0right0
1811,8441.49,top0,right1,background,top0A1 A1B1 B1right1
1812,8448.18,bottom0,right1,background,bottom0A0 A0B0 B0B1 B1right1
1813,8449.47,left0,top1,via_A1,left0A0 A0A1 A1B1 B1top1
1814,8451.45,bottom1,right0,background,bottom1B0 B0right0
1815,8459.92,right0,top1,background,right0B0 B0B1 B1top1
1816,8464.35,right0,bottom1,background,right0B0 B0bottom1
1817,8467.38,left0,top1,via_B0,left0A0 A0B0 B0B1 B1top1
1818,8469.07,top0,left1,background,top0A1 A1left1
1819,8473.81,left1,top1,background,left1A1 A1B1 B1top1
1820,8475.59,left1,bottom0,background,left1A1 A1A0 A0bottom0
1821,8481.22,top1,bottom0,background,top1B1 B1B0 B0A0 A0bottom0
1822,8491.25,left0,left1,background,left0A0 A0A1 A1left1
1823,8504.94,top0,right1,background,top0A1 A1B1 B1right1
1824,8507.85,left0,top1,via_A1,left0A0 A0A1 A1B1 B1top1
1825,8517.17,bottom1,right0,background,bottom1B0 B0right0
1826,8524.05,bottom1,right0,background,bottom1B0 B0right0
1827,8526.05,right0,bottom0,background,right0B0 B0A0 A0bottom0
1828,8529.19,top1,right1,background,top1B1 B1right1
1829,8530.56,top1,left0,background,top1B1 B1A1 A1A0 A0left0
1830,8540.87,top1,right1,background,top1B1 B1right1
1831,8541.86,right1,bottom0,background,right1B1 B1A1 A1A0 A0bottom0
1832,8544.78,left0,top1,via_A1,left0A0 A0A1 A1B1 B1top1
1833,8563.84,right1,bottom0,background,right1B1 B1B0 B0A0 A0bottom0
1834,8576.25,right1,top1,background,right1B1 B1top1
1835,8579.36,top1,bottom0,background,top1B1 B1B0 B0A0 A0bottom0
1836,8585.80,left0,top1,via_A1,left0A0 A0A1 A1B1 B1top1
1837,8589.28,bottom0,left0,background,bottom0A0 A0left0
1838,8590.08,left1,top1,background,left1A1 A1B1 B1top1
1839,8591.47,left0,top1,via_B0,left0A0 A0B0 B0B1 B1top1
1840,8592.57,top1,left0,background,top1B1 B1B0 B0A0 A0left0
1841,8592.93,right0,top0,background,right0B0 B0A0 A0A1 A1top0
1842,8597.01,left0,top1,via_B0,left0A0 A0B0 B0B1 B1top1
1843,8599.41,bottom1,top0,background,bottom1B0 B0B1 B1A1 A1top0
1844,8612.05,bottom1,left0,background,bottom1B0 B0A0 A0left0
1845,8619.61,left1,bottom0,background,left1A1 A1A0 A0bottom0
1846,8620.94,left0,top1,via_A1,left0A0 A0A1 A1B1 B1top1
1847,8633.12,left0,bottom0,background,left0A0 A0bottom0
1848,8634.16,top1,right0,background,top1B1 B1B0 B0right0
1849,8634.81,right1,right0,background,right1B1 B1B0 B0right0
1850,8639.75,top0,left1,background,top0A1 A1left1
1851,8643.43,right0,left1,background,right0B0 B0B1 B1A1 A1left1
1852,8654.43,bottom0,top0,background,bottom0A0 A0A1 A1top0
1853,8660.84,top0,left1,background,top0A1 A1left1
1854,8664.25,right0,right1,background,right0B0 B0B1 B1right1
1855,8664.32,bottom0,right0,background,bottom0A0 A0B0 B0right0
1856,8664.88,bottom1,top1,background,bottom1B0 B0B1 B1top1
1857,8665.25,left1,top0,background,left1A1 A1top0
1858,8667.59,top1,top0,background,top1B1 B1A1 A1top0
1859,8667.85,left1,left0,background,left1A1 A1A0 A0left0
1860,8682.37,left0,top1,via_B0,left0A0 A0B0 B0B1 B1top1
1861,8685.44,left0,top1,via_A1,left0A0 A0A1 A1B1 B1top1
1862,8686.62,bottom1,top1,background,bottom1B0 B0B1 B1top1
1863,8695.23,bottom1,bottom0,background,bottom1B0 B0A0 A0bottom0
1864,8700.32,right1,bottom1,background,right1B1 B1B0 B0bottom1
1865,8707.76,top0,top1,background,top0A1 A1B1 B1top1
1866,8715.95,left0,top1,via_A1,left0A0 A0A1 A1B1 B1top1
1867,8718.74,right1,bottom0,background,right1B1 B1A1 A1A0 A0bottom0
1868,8722.52,right1,right0,background,right1B1 B1B0 B0right0
1869,8724.20,bottom1,bottom0,background,bottom1B0 B0A0 A0bottom0
1870,8725.43,bottom1,right0,background,bottom1B0 B0right0
1871,8725.45,bottom1,bottom0,background,bottom1B0 B0A0 A0bottom0
1872,8726.34,left0,top1,via_A1,left0A0 A0A1 A1B1 B1top1
1873,8732.36,top0,right0,background,top0A1 A1B1 B1B0 B0right0
1874,8737.29,bottom1,top0,background,bottom1B0 B0A0 A0A1 A1top0
1875,8737.88,right0,bottom0,background,right0B0 B0A0 A0bottom0
1876,8740.75,left0,top1,via_A1,left0A0 A0A1 A1B1 B1top1
1877,8746.21,top0,left1,background,top0A1 A1left1
1878,8752.81,right1,bottom0,background,right1B1 B1A1 A1A0 A0bottom0
1879,8754.97,left1,left0,background,left1A1 A1A0 A0left0
1880,8755.99,top0,left1,background,top0A1 A1left1
1881,8761.34,left0,top1,via_A1,left0A0 A0A1 A1B1 B1top1
1882,8768.62,left0,top1,via_B0,left0A0 A0B0 B0B1 B1top1
1883,8768.74,bottom0,left1,background,bottom0A0 A0A1 A1left1
1884,8784.16,left1,top1,background,left1A1 A1B1 B1top1
1885,8784.53,left1,right1,background,left1A1 A1B1 B1right1
1886,8798.10,top1,left1,background,top1B1 B1A1 A1left1
1887,8807.97,bottom0,left0,background,bottom0A0 A0left0
1888,8811.81,left0,top1,via_B0,left0A0 A0B0 B0B1 B1top1
1889,8828.46,left1,top1,background,left1A1 A1B1 B1top1
1890,8831.42,right0,right1,background,right0B0 B0B1 B1right1
1891,8835.43,bottom0,top0,background,bottom0A0 A0A1 A1top0
1892,8836.61,right1,bottom1,background,right1B1 B1B0 B0bottom1
1893,8839.46,right0,bottom1,background,right0B0 B0bottom1
1894,8848.10,bottom0,left0,background,bottom0A0 A0left0
1895,8849.80,bottom1,right0,background,bottom1B0 B0right0
1896,8850.67,bottom1,top1,background,bottom1B0 B0B1 B1top1
1897,8854.56,top1,top0,background,top1B1 B1A1 A1top0
1898,8856.49,top1,right0,background,top1B1 B1B0 B0right0
1899,8859.43,right1,top0,background,right1B1 B1A1 A1top0
1900,8860.07,left0,top1,via_A1,left0A0 A0A1 A1B1 B1top1
1901,8866.20,left0,top1,via_A1,left0A0 A0A1 A1B1 B1top1
1902,8867.01,bottom0,right0,background,bottom0A0 A0B0 B0right0
1903,8868.10,right0,top0,background,right0B0 B0A0 A0A1 A1top0
1904,8874.31,left0,top1,via_A1,left0A0 A0A1 A1B1 B1top1
1905,8875.19,left0,top1,via_B0,left0A0 A0B0 B0B1 B1top1
1906,8880.32,right1,top1,background,right1B1 B1top1
1907,8880.48,top0,right1,background,top0A1 A1B1 B1right1
1908,8881.65,right0,bottom0,background,right0B0 B0A0 A0bottom0
1909,8886.68,left0,top1,via_B0,left0A0 A0B0 B0B1 B1top1
1910,8887.57,left1,right1,background,left1A1 A1B1 B1right1
1911,8888.46,right0,right1,background,right0B0 B0B1 B1right1
1912,8890.88,right1,bottom0,background,right1B1 B1A1 A1A0 A0bottom0
1913,8899.36,left1,left0,background,left1A1 A1A0 A0left0
1914,8902.68,bottom0,left1,background,bottom0A0 A0A1 A1left1
1915,8916.31,left1,left0,background,left1A1 A1A0 A0left0
1916,8925.33,bottom1,top0,background,bottom1B0 B0A0 A0A1 A1top0
1917,8956.10,bottom0,left0,background,bottom0A0 A0left0
1918,8956.71,right1,top1,background,right1B1 B1top1
1919,8965.88,top1,right1,background,top1B1 B1right1
1920,8970.58,top0,bottom1,background,top0A1 A1B1 B1B0 B0bottom1
1921,8972.58,top0,bottom1,background,top0A1 A1B1 B1B0 B0bottom1
1922,8974.26,left0,top1,via_B0,left0A0 A0B0 B0B1 B1top1
1923,8976.54,left0,top1,via_B0,left0A0 A0B0 B0B1 B1top1
1924,8978.17,bottom1,left0,background,bottom1B0 B0A0 A0left0
1925,8979.06,bottom1,left0,background,bottom1B0 B0A0 A0left0
1926,8984.67,right0,bottom1,background,right0B0 B0bottom1
1927,8988.60,bottom1,top1,background,bottom1B0 B0B1 B1top1
1928,8996.20,bottom0,right1,background,bottom0A0 A0A1 A1B1 B1right1
1929,8996.63,left1,top1,background,left1A1 A1B1 B1top1
1930,8998.91,right1,top0,background,right1B1 B1A1 A1top0
1931,8999.24,bottom1,top1,background,bottom1B0 B0B1 B1top1
1932,9009.88,left0,top1,via_B0,left0A0 A0B0 B0B1 B1top1
1933,9010.97,left0,top1,via_B0,left0A0 A0B0 B0B1 B1top1
1934,9016.08,bottom1,right0,background,bottom1B0 B0right0
1935,9019.56,top0,bottom0,background,top0A1 A1A0 A0bottom0
1936,9023.46,top1,right0,background,top1B1 B1B0 B0right0
1937,9032.05,left0,top1,via_B0,left0A0 A0B0 B0B1 B1top1
1938,9032.53,left0,top1,via_B0,left0A0 A0B0 B0B1 B1top1
1939,9036.35,bottom1,left1,background,bottom1B0 B0B1 B1A1 A1left1
1940,9037.44,top0,right1,background,top0A1 A1B1 B1right1
1941,9037.53,left0,top1,via_A1,left0A0 A0A1 A1B1 B1top1
1942,9042.29,left0,top1,via_B0,left0A0 A0B0 B0B1 B1top1
1943,9047.69,right1,top1,background,right1B1 B1top1
1944,9049.19,top1,right0,background,top1B1 B1B0 B0right0
1945,9050.26,bottom0,right1,background,bottom0A0 A0B0 B0B1 B1right1
1946,9054.16,left1,top0,background,left1A1 A1top0
1947,9055.43,right0,left1,background,right0B0 B0A0 A0A1 A1left1
1948,9067.98,left0,top1,via_A1,left0A0 A0A1 A1B1 B1top1
1949,9081.53,bottom0,top0,background,bottom0A0 A0A1 A1top0
1950,9083.49,left1,bottom1,background,left1A1 A1A0 A0B0 B0bottom1
1951,9084.08,top1,bottom0,background,top1B1 B1B0 B0A0 A0bottom0
1952,9084.51,bottom0,right0,background,bottom0A0 A0B0 B0right0
1953,9096.85,left0,top1,via_A1,left0A0 A0A1 A1B1 B1top1
1954,9107.42,right0,bottom0,background,right0B0 B0A0 A0bottom0
1955,9115.51,left0,top1,via_A1,left0A0 A0A1 A1B1 B1top1
1956,9141.48,left1,left0,background,left1A1 A1A0 A0left0
1957,9156.90,right1,bottom0,background,right1B1 B1A1 A1A0 A0bottom0
1958,9157.56,right1,left0,background,right1B1 B1A1 A1A0 A0left0
1959,9159.13,bottom1,left0,background,bottom1B0 B0A0 A0left0
1960,9160.56,left0,top1,via_A1,left0A0 A0A1 A1B1 B1top1
1961,9160.65,top1,bottom0,background,top1B1 B1A1 A1A0 A0bottom0
1962,9162.13,left1,right0,background,left1A1 A1B1 B1B0 B0right0
1963,9162.65,top0,left1,background,top0A1 A1left1
1964,9165.31,top1,right1,background,top1B1 B1right1
1965,9184.93,left1,bottom0,background,left1A1 A1A0 A0bottom0
1966,9191.55,bottom1,bottom0,background,bottom1B0 B0A0 A0bottom0
1967,9194.45,right1,left1,background,right1B1 B1A1 A1left1
1968,9202.71,bottom0,top1,background,bottom0A0 A0B0 B0B1 B1top1
1969,9203.94,bottom1,top0,background,bottom1B0 B0A0 A0A1 A1top0
1970,9204.78,bottom1,left0,background,bottom1B0 B0A0 A0left0
1971,9205.16,left1,top1,background,left1A1 A1B1 B1top1
1972,9206.62,bottom0,top1,background,bottom0A0 A0B0 B0B1 B1top1
1973,9209.52,left0,top1,via_A1,left0A0 A0A1 A1B1 B1top1
1974,9209.85,left0,top1,via_B0,left0A0 A0B0 B0B1 B1top1
1975,9210.00,left0,top1,via_A1,left0A0 A0A1 A1B1 B1top1
1976,9222.06,top1,right1,background,top1B1 B1right1
1977,9223.70,top1,top0,background,top1B1 B1A1 A1top0
1978,9234.13,left1,left0,background,left1A1 A1A0 A0left0
1979,9237.34,left0,top1,via_A1,left0A0 A0A1 A1B1 B1top1
1980,9240.61,top1,bottom0,background,top1B1 B1A1 A1A0 A0bottom0
1981,9241.02,bottom1,top1,background,bottom1B0 B0B1 B1top1
1982,9243.70,left1,top1,background,left1A1 A1B1 B1top1
1983,9250.93,top1,bottom0,background,top1B1 B1A1 A1A0 A0bottom0
1984,9251.54,left0,top1,via_B0,left0A0 A0B0 B0B1 B1top1
1985,9255.72,top1,bottom1,background,top1B1 B1B0 B0bottom1
1986,9260.92,bottom1,right1,background,bottom1B0 B0B1 B1right1
1987,9277.33,top1,top0,background,top1B1 B1A1 A1top0
1988,9283.34,left0,top1,via_A1,left0A0 A0A1 A1B1 B1top1
1989,9288.21,left0,top1,via_B0,left0A0 A0B0 B0B1 B1top1
1990,9294.56,right0,bottom0,background,right0B0 B0A0 A0bottom0
1991,9295.75,left0,top1,via_B0,left0A0 A0B0 B0B1 B1top1
1992,9309.51,right1,top1,background,right1B1 B1top1
1993,9314.39,top1,right1,background,top1B1 B1right1
1994,9316.16,right0,bottom1,background,right0B0 B0bottom1
1995,9321.06,top1,top0,background,top1B1 B1A1 A1top0
1996,9321.77,left0,top1,via_B0,left0A0 A0B0 B0B1 B1top1
1997,9330.54,bottom1,bottom0,background,bottom1B0 B0A0 A0bottom0
1998,9332.82,left1,right1,background,left1A1 A1B1 B1right1
1999,9337.73,left0,top1,via_B0,left0A0 A0B0 B0B1 B1top1
2000,9363.38,top0,right1,background,top0A1 A1B1 B1right1
2001,9367.85,bottom1,bottom0,background,bottom1B0 B0A0 A0bottom0
2002,9367.92,bottom0,right1,background,bottom0A0 A0B0 B0B1 B1right1
2003,9367.97,left0,bottom0,background,left0A0 A0bottom0
2004,9369.59,right1,top0,background,right1B1 B1A1 A1top0
2005,9373.01,right1,bottom0,background,right1B1 B1B0 B0A0 A0bottom0
2006,9373.73,left0,right0,background,left0A0 A0B0 B0right0
2007,9373.90,right1,left1,background,right1B1 B1A1 A1left1
2008,9375.88,right1,bottom0,background,right1B1 B1B0 B0A0 A0bottom0
2009,9380.85,top1,right0,background,top1B1 B1B0 B0right0
2010,9381.15,top0,left1,background,top0A1 A1left1
2011,9385.39,right0,bottom0,background,right0B0 B0A0 A0bottom0
2012,9397.23,bottom1,bottom0,background,bottom1B0 B0A0 A0bottom0
2013,9399.03,bottom0,right0,background,bottom0A0 A0B0 B0right0
2014,9405.81,left1,top0,background,left1A1 A1top0
2015,9406.27,top1,left0,background,top1B1 B1A1 A1A0 A0left0
2016,9417.80,top1,top0,background,top1B1 B1A1 A1top0
2017,9438.75,left0,top1,via_B0,left0A0 A0B0 B0B1 B1top1
2018,9441.68,top0,bottom1,background,top0A1 A1B1 B1B0 B0bottom1
2019,9444.33,left0,top1,via_A1,left0A0 A0A1 A1B1 B1top1
2020,9454.43,bottom0,right1,background,bottom0A0 A0A1 A1B1 B1right1
2021,9457.35,right1,left1,background,right1B1 B1A1 A1left1
2022,9459.60,left1,right0,background,left1A1 A1B1 B1B0 B0right0
2023,9470.86,left0,top1,via_A1,left0A0 A0A1 A1B1 B1top1
2024,9472.08,top1,bottom1,background,top1B1 B1B0 B0bottom1
2025,9473.24,bottom0,right0,background,bottom0A0 A0B0 B0right0
2026,9475.53,top1,left0,background,top1B1 B1A1 A1A0 A0left0
2027,9478.84,top1,right1,background,top1B1 B1right1
2028,9489.56,top0,bottom1,background,top0A1 A1A0 A0B0 B0bottom1
2029,9492.05,left0,top1,via_A1,left0A0 A0A1 A1B1 B1top1
2030,9492.50,left1,top0,background,left1A1 A1top0
2031,9493.93,bottom1,left0,background,bottom1B0 B0A0 A0left0
2032,9494.94,top1,top0,background,top1B1 B1A1 A1top0
2033,9503.74,bottom0,top1,background,bottom0A0 A0A1 A1B1 B1top1
2034,9513.14,left0,top1,via_A1,left0A0 A0A1 A1B1 B1top1
2035,9517.53,right0,left1,background,right0B0 B0A0 A0A1 A1left1
2036,9528.23,top1,bottom0,background,top1B1 B1A1 A1A0 A0bottom0
2037,9531.74,top0,left0,background,top0A1 A1A0 A0left0
2038,9537.66,right1,bottom1,background,right1B1 B1B0 B0bottom1
2039,9538.78,left0,top1,via_B0,left0A0 A0B0 B0B1 B1top1
2040,9543.09,left0,top1,via_A1,left0A0 A0A1 A1B1 B1top1
2041,9544.03,bottom1,left0,background,bottom1B0 B0A0 A0left0
2042,9545.81,left1,right1,background,left1A1 A1B1 B1right1
2043,9560.28,left0,top1,via_A1,left0A0 A0A1 A1B1 B1top1
2044,9567.87,top1,top0,background,top1B1 B1A1 A1top0
2045,9571.14,left1,top1,background,left1A1 A1B1 B1top1
2046,9574.73,right0,top1,background,right0B0 B0B1 B1top1
2047,9575.08,top1,left1,background,top1B1 B1A1 A1left1
2048,9576.01,bottom0,top1,background,bottom0A0 A0B0 B0B1 B1top1
2049,9578.20,left0,top1,via_B0,left0A0 A0B0 B0B1 B1top1
2050,9583.73,left0,bottom1,background,left0A0 A0B0 B0bottom1
2051,9598.26,left1,top1,background,left1A1 A1B1 B1top1
2052,9601.01,top1,top0,background,top1B1 B1A1 A1top0
2053,9607.00,right1,right0,background,right1B1 B1B0 B0right0
2054,9607.13,left0,top1,via_B0,left0A0 A0B0 B0B1 B1top1
2055,9609.66,right0,right1,background,right0B0 B0B1 B1right1
2056,9612.04,left0,top1,via_A1,left0A0 A0A1 A1B1 B1top1
2057,9612.74,bottom1,right0,background,bottom1B0 B0right0
2058,9613.49,bottom0,left0,background,bottom0A0 A0left0
2059,9623.81,left0,top1,via_A1,left0A0 A0A1 A1B1 B1top1
2060,9629.36,right0,top0,background,right0B0 B0A0 A0A1 A1top0
2061,9639.56,top0,bottom0,background,top0A1 A1A0 A0bottom0
2062,9650.56,right0,bottom0,background,right0B0 B0A0 A0bottom0
2063,9655.14,left0,top1,via_A1,left0A0 A0A1 A1B1 B1top1
2064,9657.47,right0,left1,background,right0B0 B0A0 A0A1 A1left1
2065,9660.82,bottom0,right1,background,bottom0A0 A0A1 A1B1 B1right1
2066,9678.58,left0,top0,background,left0A0 A0A1 A1top0
2067,9680.81,left0,top1,via_A1,left0A0 A0A1 A1B1 B1top1
2068,9692.68,top1,bottom0,background,top1B1 B1A1 A1A0 A0bottom0
2069,9695.79,top0,right0,background,top0A1 A1A0 A0B0 B0right0
2070,9696.77,left1,right0,background,left1A1 A1A0 A0B0 B0right0
2071,9701.40,right0,right1,background,right0B0 B0B1 B1right1
2072,9708.78,top1,top0,background,top1B1 B1A1 A1top0
2073,9717.23,right1,top1,background,right1B1 B1top1
2074,9721.99,right0,bottom1,background,right0B0 B0bottom1
2075,9726.31,top0,bottom0,background,top0A1 A1A0 A0bottom0
2076,9727.59,left0,top1,via_A1,left0A0 A0A1 A1B1 B1top1
2077,9741.08,bottom1,top1,background,bottom1B0 B0B1 B1top1
2078,9742.58,left0,top1,via_A1,left0A0 A0A1 A1B1 B1top1
2079,9742.79,left0,top1,via_B0,left0A0 A0B0 B0B1 B1top1
2080,9746.33,left0,top1,via_B0,left0A0 A0B0 B0B1 B1top1
2081,9746.41,bottom0,bottom1,background,bottom0A0 A0B0 B0bottom1
2082,9747.32,right1,bottom0,background,right1B1 B1A1 A1A0 A0bottom0
2083,9749.13,left0,top1,via_B0,left0A0 A0B0 B0B1 B1top1
2084,9762.07,right1,top0,background,right1B1 B1A1 A1top0
2085,9769.97,left0,top1,via_A1,left0A0 A0A1 A1B1 B1top1
2086,9772.12,left0,top1,via_B0,left0A0 A0B0 B0B1 B1top1
2087,9775.14,right1,right0,background,right1B1 B1B0 B0right0
2088,9778.60,bottom1,top0,background,bottom1B0 B0A0 A0A1 A1top0
2089,9778.66,top0,left1,background,top0A1 A1left1
2090,9790.01,right0,right1,background,right0B0 B0B1 B1right1
2091,9790.88,top1,bottom0,background,top1B1 B1A1 A1A0 A0bottom0
2092,9793.04,bottom0,right0,background,bottom0A0 A0B0 B0right0
2093,9799.46,left0,top1,via_A1,left0A0 A0A1 A1B1 B1top1
2094,9801.02,left0,top1,via_B0,left0A0 A0B0 B0B1 B1top1
2095,9803.63,left0,top1,via_A1,left0A0 A0A1 A1B1 B1top1
2096,9803.98,right0,top0,background,right0B0 B0A0 A0A1 A1top0
2097,9814.64,bottom1,left1,background,bottom1B0 B0A0 A0A1 A1left1
2098,9820.67,left0,top1,via_A1,left0A0 A0A1 A1B1 B1top1
2099,9826.68,top1,right0,background,top1B1 B1B0 B0right0
2100,9831.51,left0,top1,via_B0,left0A0 A0B0 B0B1 B1top1
2101,9865.13,right0,left1,background,right0B0 B0A0 A0A1 A1left1
2102,9878.93,left0,top1,via_A1,left0A0 A0A1 A1B1 B1top1
2103,9884.69,top0,right1,background,top0A1 A1B1 B1right1
2104,9888.35,right0,bottom0,background,right0B0 B0A0 A0bottom0
2105,9890.62,left1,top0,background,left1A1 A1top0
2106,9896.07,bottom0,top0,background,bottom0A0 A0A1 A1top0
2107,9908.47,top0,top1,background,top0A1 A1B1 B1top1
2108,9911.98,top1,left1,background,top1B1 B1A1 A1left1
2109,9912.02,left1,top0,background,left1A1 A1top0
2110,9914.38,top0,top1,background,top0A1 A1B1 B1top1
2111,9914.64,top0,bottom0,background,top0A1 A1A0 A0bottom0
2112,9915.63,bottom0,top0,background,bottom0A0 A0A1 A1top0
2113,9915.75,top0,bottom1,background,top0A1 A1B1 B1B0 B0bottom1
2114,9918.08,top1,left0,background,top1B1 B1B0 B0A0 A0left0
2115,9923.79,right1,left0,background,right1B1 B1B0 B0A0 A0left0
2116,9941.23,top0,bottom0,background,top0A1 A1A0 A0bottom0
2117,9951.95,top1,left1,background,top1B1 B1A1 A1left1
2118,9952.28,bottom0,top0,background,bottom0A0 A0A1 A1top0
2119,9967.22,top0,right0,background,top0A1 A1B1 B1B0 B0right0
2120,9967.31,right1,right0,background,right1B1 B1B0 B0right0
2121,9968.47,top0,top1,background,top0A1 A1B1 B1top1
2122,9999.88,bottom0,top1,background,bottom0A0 A0B0 B0B1 B1top1
2123,10000.14,top0,bottom0,background,top0A1 A1A0 A0bottom0
2124,10007.55,top1,right0,background,top1B1 B1B0 B0right0
2125,10007.96,bottom0,left1,background,bottom0A0 A0A1 A1left1
2126,10012.65,top0,bottom1,background,top0A1 A1B1 B1B0 B0bottom1
2127,10014.05,right0,right1,background,right0B0 B0B1 B1right1
2128,10023.63,bottom0,top0,background,bottom0A0 A0A1 A1top0
2129,10029.66,bottom0,right0,background,bottom0A0 A0B0 B0right0
2130,10034.84,left1,top1,background,left1A1 A1B1 B1top1
2131,10045.10,right1,left1,background,right1B1 B1A1 A1left1
2132,10054.33,right0,right1,background,right0B0 B0B1 B1right1
2133,10056.79,bottom1,top0,background,bottom1B0 B0A0 A0A1 A1top0
2134,10061.00,top0,bottom0,background,top0A1 A1A0 A0bottom0
2135,10063.31,left0,bottom0,background,left0A0 A0bottom0
2136,10077.21,top0,right0,background,top0A1 A1A0 A0B0 B0right0
2137,10077.88,right0,bottom1,background,right0B0 B0bottom1
2138,10095.88,bottom1,left1,background,bottom1B0 B0A0 A0A1 A1left1
2139,10105.58,top1,bottom0,background,top1B1 B1A1 A1A0 A0bottom0
2140,10107.27,left1,bottom0,background,left1A1 A1A0 A0bottom0
2141,10109.30,bottom0,right1,background,bottom0A0 A0B0 B0B1 B1right1
2142,10132.29,left0,top1,background,left0A0 A0A1 A1B1 B1top1
2143,10137.31,right1,top1,background,right1B1 B1top1
2144,10138.65,left0,top1,via_A1,left0A0 A0A1 A1B1 B1top1
2145,10142.09,bottom1,top1,background,bottom1B0 B0B1 B1top1
2146,10148.95,right1,top1,background,right1B1 B1top1
2147,10153.43,left0,top1,via_B0,left0A0 A0B0 B0B1 B1top1
2148,10166.15,right0,bottom0,background,right0B0 B0A0 A0bottom0
2149,10167.02,left0,top1,via_A1,left0A0 A0A1 A1B1 B1top1
2150,10172.40,top0,bottom0,background,top0A1 A1A0 A0bottom0
2151,10176.14,right1,top1,background,right1B1 B1top1
2152,10183.68,right1,top0,background,right1B1 B1A1 A1top0
2153,10194.16,left1,bottom0,background,left1A1 A1A0 A0bottom0
2154,10194.56,top0,top1,background,top0A1 A1B1 B1top1
2155,10196.37,left0,top1,via_A1,left0A0 A0A1 A1B1 B1top1
2156,10203.29,right0,bottom0,background,right0B0 B0A0 A0bottom0
2157,10207.44,bottom1,top1,background,bottom1B0 B0B1 B1top1
2158,10207.52,bottom0,left1,background,bottom0A0 A0A1 A1left1
2159,10209.29,bottom0,top0,background,bottom0A0 A0A1 A1top0
2160,10213.07,left1,bottom1,background,left1A1 A1B1 B1B0 B0bottom1
2161,10219.16,left0,top1,via_A1,left0A0 A0A1 A1B1 B1top1
2162,10226.10,right0,bottom1,background,right0B0 B0bottom1
2163,10232.93,right0,top1,background,right0B0 B0B1 B1top1
2164,10233.76,right1,bottom1,background,right1B1 B1B0 B0bottom1
2165,10234.01,bottom1,left0,background,bottom1B0 B0A0 A0left0
2166,10237.62,left0,top1,via_B0,left0A0 A0B0 B0B1 B1top1
2167,10247.25,bottom1,right0,background,bottom1B0 B0right0
2168,10248.82,left0,top1,via_B0,left0A0 A0B0 B0B1 B1top1
2169,10249.15,top1,bottom1,background,top1B1 B1B0 B0bottom1
2170,10253.76,top1,right1,background,top1B1 B1right1
2171,10258.66,right1,top1,background,right1B1 B1top1
2172,10265.05,right0,top1,background,right0B0 B0B1 B1top1
2173,10271.06,bottom0,bottom1,background,bottom0A0 A0B0 B0bottom1
2174,10273.57,bottom0,left1,background,bottom0A0 A0A1 A1left1
2175,10274.35,top0,right1,background,top0A1 A1B1 B1right1
2176,10274.79,bottom1,left0,background,bottom1B0 B0A0 A0left0
2177,10280.35,bottom1,bottom0,background,bottom1B0 B0A0 A0bottom0
2178,10287.08,bottom0,top0,background,bottom0A0 A0A1 A1top0
2179,10292.92,right1,bottom0,background,right1B1 B1B0 B0A0 A0bottom0
2180,10292.96,bottom0,bottom1,background,bottom0A0 A0B0 B0bottom1
2181,10293.89,left0,top1,via_B0,left0A0 A0B0 B0B1 B1top1
2182,10295.15,bottom1,left0,background,bottom1B0 B0A0 A0left0
2183,10304.54,left0,top1,via_B0,left0A0 A0B0 B0B1 B1top1
2184,10306.94,bottom0,bottom1,background,bottom0A0 A0B0 B0bottom1
2185,10307.20,left0,top1,via_A1,left0A0 A0A1 A1B1 B1top1
2186,10314.66,top0,right1,background,top0A1 A1B1 B1right1
2187,10317.20,right1,left1,background,right1B1 B1A1 A1left1
2188,10319.41,bottom1,bottom0,background,bottom1B0 B0A0 A0bottom0
2189,10324.93,left0,top1,via_A1,left0A0 A0A1 A1B1 B1top1
2190,10328.96,right0,top1,background,right0B0 B0B1 B1top1
2191,10333.10,left1,right1,background,left1A1 A1B1 B1right1
2192,10336.34,left1,right0,background,left1A1 A1B1 B1B0 B0right0
2193,10345.15,top1,bottom1,background,top1B1 B1B0 B0bottom1
2194,10345.51,top0,bottom1,background,top0A1 A1B1 B1B0 B0bottom1
2195,10349.66,top1,left1,background,top1B1 B1A1 A1left1
2196,10356.78,right0,top0,background,right0B0 B0A0 A0A1 A1top0
2197,10358.58,top0,left1,background,top0A1 A1left1
2198,10358.76,left1,top1,background,left1A1 A1B1 B1top1
2199,10362.37,left0,top1,via_B0,left0A0 A0B0 B0B1 B1top1
2200,10365.47,bottom1,left1,background,bottom1B0 B0A0 A0A1 A1left1
2201,10368.53,left1,bottom0,background,left1A1 A1A0 A0bottom0
2202,10371.51,right0,top1,background,right0B0 B0B1 B1top1
2203,10374.67,bottom0,bottom1,background,bottom0A0 A0B0 B0bottom1
2204,10380.31,right0,left0,background,right0B0 B0A0 A0left0
2205,10380.81,right1,bottom0,background,right1B1 B1A1 A1A0 A0bottom0
2206,10381.89,right1,right0,background,right1B1 B1B0 B0right0
2207,10386.22,top1,right0,background,top1B1 B1B0 B0right0
2208,10387.85,bottom0,top0,background,bottom0A0 A0A1 A1top0
2209,10392.92,bottom0,top0,background,bottom0A0 A0A1 A1top0
2210,10398.77,right0,left1,background,right0B0 B0A0 A0A1 A1left1
2211,10410.60,bottom1,left1,background,bottom1B0 B0B1 B1A1 A1left1
2212,10411.45,right1,left1,background,right1B1 B1A1 A1left1
2213,10412.59,left0,top1,via_B0,left0A0 A0B0 B0B1 B1top1
2214,10413.63,bottom1,left1,background,bottom1B0 B0B1 B1A1 A1left1
2215,10418.62,left0,top1,via_B0,left0A0 A0B0 B0B1 B1top1
2216,10421.04,right1,bottom0,background,right1B1 B1B0 B0A0 A0bottom0
2217,10422.25,top0,left0,background,top0A1 A1A0 A0left0
2218,10427.13,left0,right1,background,left0A0 A0B0 B0B1 B1right1
2219,10430.81,right1,bottom0,background,right1B1 B1A1 A1A0 A0bottom0
2220,10433.01,left0,top1,via_A1,left0A0 A0A1 A1B1 B1top1
2221,10433.26,left1,top0,background,left1A1 A1top0
2222,10433.97,top1,bottom0,background,top1B1 B1B0 B0A0 A0bottom0
2223,10445.04,bottom0,top1,background,bottom0A0 A0B0 B0B1 B1top1
2224,10448.61,left1,top0,background,left1A1 A1top0
2225,10449.51,top0,right0,background,top0A1 A1B1 B1B0 B0right0
2226,10449.78,left0,top1,via_B0,left0A0 A0B0 B0B1 B1top1
2227,10450.63,left1,right0,background,left1A1 A1A0 A0B0 B0right0
2228,10456.21,left1,bottom1,background,left1A1 A1A0 A0B0 B0bottom1
2229,10464.38,right0,top1,background,right0B0 B0B1 B1top1
2230,10467.02,bottom0,right1,background,bottom0A0 A0A1 A1B1 B1right1
2231,10476.81,left1,bottom0,background,left1A1 A1A0 A0bottom0
2232,10480.23,left0,top1,via_A1,left0A0 A0A1 A1B1 B1top1
2233,10488.43,left0,top1,via_A1,left0A0 A0A1 A1B1 B1top1
2234,10488.86,right1,bottom0,background,right1B1 B1B0 B0A0 A0bottom0
2235,10489.27,top1,left1,background,top1B1 B1A1 A1left1
2236,10492.76,bottom0,left0,background,bottom0A0 A0left0
2237,10494.31,top0,top1,background,top0A1 A1B1 B1top1
2238,10503.27,top0,top1,background,top0A1 A1B1 B1top1
2239,10508.21,top0,left1,background,top0A1 A1left1
2240,10510.63,left0,top1,via_A1,left0A0 A0A1 A1B1 B1top1
2241,10518.10,left0,top1,via_A1,left0A0 A0A1 A1B1 B1top1
2242,10523.67,top1,left0,background,top1B1 B1A1 A1A0 A0left0
2243,10524.39,left0,top1,via_B0,left0A0 A0B0 B0B1 B1top1
2244,10528.52,left0,top1,via_A1,left0A0 A0A1 A1B1 B1top1
2245,10530.20,right1,left1,background,right1B1 B1A1 A1left1
2246,10532.39,right1,left1,background,right1B1 B1A1 A1left1
2247,10533.00,bottom0,left0,background,bottom0A0 A0left0
2248,10544.89,bottom0,right1,background,bottom0A0 A0A1 A1B1 B1right1
2249,10547.36,bottom1,bottom0,background,bottom1B0 B0A0 A0bottom0
2250,10557.18,right0,right1,background,right0B0 B0B1 B1right1
2251,10557.65,right1,bottom0,background,right1B1 B1A1 A1A0 A0bottom0
2252,10566.41,right1,top0,background,right1B1 B1A1 A1top0
2253,10570.75,left1,right0,background,left1A1 A1B1 B1B0 B0right0
2254,10575.78,left0,top1,via_A1,left0A0 A0A1 A1B1 B1top1
2255,10577.05,left0,top1,via_A1,left0A0 A0A1 A1B1 B1top1
2256,10585.82,right0,top1,background,right0B0 B0B1 B1top1
2257,10586.37,left0,top1,via_B0,left0A0 A0B0 B0B1 B1top1
2258,10586.64,right1,left1,background,right1B1 B1A1 A1left1
2259,10587.58,right0,top0,background,right0B0 B0B1 B1A1 A1top0
2260,10592.44,left0,top1,via_A1,left0A0 A0A1 A1B1 B1top1
2261,10593.24,top0,left1,background,top0A1 A1left1
2262,10598.30,top1,left1,background,top1B1 B1A1 A1left1
2263,10601.86,left0,top1,via_B0,left0A0 A0B0 B0B1 B1top1
2264,10610.53,top0,top1,background,top0A1 A1B1 B1top1
2265,10619.29,right1,top1,background,right1B1 B1top1
2266,10627.46,bottom0,left1,background,bottom0A0 A0A1 A1left1
2267,10632.25,left0,top1,via_B0,left0A0 A0B0 B0B1 B1top1
2268,10634.64,top0,left0,background,top0A1 A1A0 A0left0
2269,10639.87,left0,top1,via_B0,left0A0 A0B0 B0B1 B1top1
2270,10641.07,top0,right1,background,top0A1 A1B1 B1right1
2271,10644.44,top1,right0,background,top1B1 B1B0 B0right0
2272,10646.21,right0,left0,background,right0B0 B0A0 A0left0
2273,10656.91,top0,right1,background,top0A1 A1B1 B1right1
2274,10658.94,right0,top0,background,right0B0 B0A0 A0A1 A1top0
2275,10661.78,bottom1,bottom0,background,bottom1B0 B0A0 A0bottom0
2276,10665.46,bottom1,bottom0,background,bottom1B0 B0A0 A0bottom0
2277,10669.26,left0,top1,via_B0,left0A0 A0B0 B0B1 B1top1
2278,10677.50,top0,right0,background,top0A1 A1A0 A0B0 B0right0
2279,10679.30,right1,left1,background,right1B1 B1A1 A1left1
2280,10681.11,left1,top0,background,left1A1 A1top0
2281,10684.68,left0,top1,via_A1,left0A0 A0A1 A1B1 B1top1
2282,10685.47,left0,top1,via_A1,left0A0 A0A1 A1B1 B1top1
2283,10686.11,left0,top1,via_B0,left0A0 A0B0 B0B1 B1top1
2284,10694.89,left0,left1,background,left0A0 A0A1 A1left1
2285,10695.03,bottom0,bottom1,background,bottom0A0 A0B0 B0bottom1
2286,10695.28,right0,bottom0,background,right0B0 B0A0 A0bottom0
2287,10697.50,right0,right1,background,right0B0 B0B1 B1right1
2288,10699.92,bottom1,right1,background,bottom1B0 B0B1 B1right1
2289,10718.02,left0,top1,via_B0,left0A0 A0B0 B0B1 B1top1
2290,10719.39,bottom0,bottom1,background,bottom0A0 A0B0 B0bottom1
2291,10727.30,left1,bottom1,background,left1A1 A1B1 B1B0 B0bottom1
2292,10729.03,left1,right0,background,left1A1 A1A0 A0B0 B0right0
2293,10733.41,right1,bottom0,background,right1B1 B1A1 A1A0 A0bottom0
2294,10737.58,left0,top1,via_B0,left0A0 A0B0 B0B1 B1top1
2295,10745.91,left0,right1,background,left0A0 A0B0 B0B1 B1right1
2296,10762.79,right0,bottom0,background,right0B0 B0A0 A0bottom0
2297,10763.89,right0,right1,background,right0B0 B0B1 B1right1
2298,10764.42,left0,top1,via_A1,left0A0 A0A1 A1B1 B1top1
2299,10768.79,left0,top1,via_A1,left0A0 A0A1 A1B1 B1top1
2300,10769.12,bottom0,left0,background,bottom0A0 A0left0
2301,10778.00,left0,top1,via_B0,left0A0 A0B0 B0B1 B1top1
2302,10780.68,left0,right1,background,left0A0 A0A1 A1B1 B1right1
2303,10785.07,right1,bottom1,background,right1B1 B1B0 B0bottom1
2304,10809.43,right0,right1,background,right0B0 B0B1 B1right1
2305,10814.06,left0,top1,via_B0,left0A0 A0B0 B0B1 B1top1
2306,10817.61,right1,top1,background,right1B1 B1top1
2307,10829.59,bottom1,left0,background,bottom1B0 B0A0 A0left0
2308,10841.49,bottom1,top0,background,bottom1B0 B0A0 A0A1 A1top0
2309,10849.24,top1,left0,background,top1B1 B1B0 B0A0 A0left0
2310,10852.02,bottom0,bottom1,background,bottom0A0 A0B0 B0bottom1
2311,10856.08,bottom1,top1,background,bottom1B0 B0B1 B1top1
2312,10858.08,bottom1,top1,background,bottom1B0 B0B1 B1top1
2313,10865.99,left1,top1,background,left1A1 A1B1 B1top1
2314,10872.64,top1,left0,background,top1B1 B1B0 B0A0 A0left0
2315,10873.99,top0,right1,background,top0A1 A1B1 B1right1
2316,10877.24,left0,bottom1,background,left0A0 A0B0 B0bottom1
2317,10878.83,left0,top1,via_B0,left0A0 A0B0 B0B1 B1top1
2318,10884.91,right1,top0,background,right1B1 B1A1 A1top0
2319,10915.18,bottom1,top1,background,bottom1B0 B0B1 B1top1
2320,10915.71,left0,top1,via_B0,left0A0 A0B0 B0B1 B1top1
2321,10915.95,right0,bottom0,background,right0B0 B0A0 A0bottom0
2322,10923.62,right1,top1,background,right1B1 B1top1
2323,10925.85,left0,bottom0,background,left0A0 A0bottom0
2324,10929.44,left0,top1,via_A1,left0A0 A0A1 A1B1 B1top1
2325,10932.04,right0,left0,background,right0B0 B0A0 A0left0
2326,10933.37,top0,right1,background,top0A1 A1B1 B1right1
2327,10935.15,right1,bottom1,background,right1B1 B1B0 B0bottom1
2328,10942.82,top0,bottom0,background,top0A1 A1A0 A0bottom0
2329,10942.97,left0,right0,background,left0A0 A0B0 B0right0
2330,10943.95,top0,right1,background,top0A1 A1B1 B1right1
2331,10948.47,top0,top1,background,top0A1 A1B1 B1top1
2332,10951.78,left0,top1,via_A1,left0A0 A0A1 A1B1 B1top1
2333,10952.13,left0,top1,via_A1,left0A0 A0A1 A1B1 B1top1
2334,10952.75,right1,top0,background,right1B1 B1A1 A1top0
2335,10952.76,left0,top1,via_A1,left0A0 A0A1 A1B1 B1top1
2336,10954.00,top1,left0,background,top1B1 B1B0 B0A0 A0left0
2337,10954.73,left1,right1,background,left1A1 A1B1 B1right1
2338,10956.92,left0,top1,via_A1,left0A0 A0A1 A1B1 B1top1
2339,10957.32,bottom1,right1,background,bottom1B0 B0B1 B1right1
2340,10959.37,top0,right0,background,top0A1 A1A0 A0B0 B0right0
2341,10959.80,bottom1,right0,background,bottom1B0 B0right0
2342,10961.60,bottom0,right0,background,bottom0A0 A0B0 B0right0
2343,10967.10,right0,top0,background,right0B0 B0B1 B1A1 A1top0
2344,10967.68,top1,top0,background,top1B1 B1A1 A1top0
2345,10977.29,left1,top1,background,left1A1 A1B1 B1top1
2346,10977.47,top1,left1,background,top1B1 B1A1 A1left1
2347,10985.08,bottom0,left0,background,bottom0A0 A0left0
2348,10987.59,bottom1,left1,background,bottom1B0 B0B1 B1A1 A1left1
2349,10998.98,left0,top1,via_B0,left0A0 A0B0 B0B1 B1top1
2350,11000.29,right1,top0,background,right1B1 B1A1 A1top0
2351,11000.87,top1,bottom0,background,top1B1 B1B0 B0A0 A0bottom0
2352,11002.86,top1,right1,background,top1B1 B1right1
2353,11004.86,left1,bottom1,background,left1A1 A1B1 B1B0 B0bottom1
2354,11008.69,bottom0,right0,background,bottom0A0 A0B0 B0right0
2355,11014.63,right0,bottom1,background,right0B0 B0bottom1
2356,11017.61,left1,top0,background,left1A1 A1top0
2357,11019.60,right0,top0,background,right0B0 B0B1 B1A1 A1top0
2358,11021.91,bottom1,bottom0,background,bottom1B0 B0A0 A0bottom0
2359,11026.55,right1,left1,background,right1B1 B1A1 A1left1
2360,11034.66,left1,top1,background,left1A1 A1B1 B1top1
2361,11040.57,top1,bottom0,background,top1B1 B1B0 B0A0 A0bottom0
2362,11042.23,left1,bottom1,background,left1A1 A1B1 B1B0 B0bottom1
2363,11044.49,left0,top1,via_A1,left0A0 A0A1 A1B1 B1top1
2364,11048.45,top0,left1,background,top0A1 A1left1
2365,11058.14,top0,left0,background,top0A1 A1A0 A0left0
2366,11060.34,right1,bottom1,background,right1B1 B1B0 B0bottom1
2367,11066.72,top1,left0,background,top1B1 B1A1 A1A0 A0left0
2368,11068.94,left0,top1,via_B0,left0A0 A0B0 B0B1 B1top1
2369,11077.73,top0,left0,background,top0A1 A1A0 A0left0
2370,11078.43,bottom0,left1,background,bottom0A0 A0A1 A1left1
2371,11079.02,left0,top1,via_B0,left0A0 A0B0 B0B1 B1top1
2372,11079.71,left1,right0,background,left1A1 A1A0 A0B0 B0right0
2373,11085.16,left0,top1,via_B0,left0A0 A0B0 B0B1 B1top1
2374,11090.13,left0,top1,via_B0,left0A0 A0B0 B0B1 B1top1
2375,11102.22,bottom1,top0,background,bottom1B0 B0B1 B1A1 A1top0
2376,11105.72,bottom0,right1,background,bottom0A0 A0A1 A1B1 B1right1
2377,11106.92,left1,top1,background,left1A1 A1B1 B1top1
2378,11110.86,bottom0,right1,background,bottom0A0 A0B0 B0B1 B1right1
2379,11114.37,left0,top1,via_B0,left0A0 A0B0 B0B1 B1top1
2380,11114.48,left0,top1,via_B0,left0A0 A0B0 B0B1 B1top1
2381,11118.04,left0,top1,via_A1,left0A0 A0A1 A1B1 B1top1
2382,11121.92,bottom0,top0,background,bottom0A0 A0A1 A1top0
2383,11125.21,right1,bottom1,background,right1B1 B1B0 B0bottom1
2384,11133.26,bottom1,left1,background,bottom1B0 B0B1 B1A1 A1left1
2385,11134.51,bottom1,top1,background,bottom1B0 B0B1 B1top1
2386,11139.50,left0,left1,background,left0A0 A0A1 A1left1
2387,11144.18,left0,top1,via_A1,left0A0 A0A1 A1B1 B1top1
2388,11152.11,bottom0,right1,background,bottom0A0 A0B0 B0B1 B1right1
2389,11153.79,left1,bottom0,background,left1A1 A1A0 A0bottom0
2390,11155.42,bottom0,left0,background,bottom0A0 A0left0
2391,11160.33,right1,top1,background,right1B1 B1top1
2392,11175.65,left0,top1,via_B0,left0A0 A0B0 B0B1 B1top1
2393,11177.12,top0,right0,background,top0A1 A1A0 A0B0 B0right0
2394,11185.78,left1,bottom1,background,left1A1 A1A0 A0B0 B0bottom1
2395,11192.68,left1,bottom1,background,left1A1 A1A0 A0B0 B0bottom1
2396,11200.30,bottom1,bottom0,background,bottom1B0 B0A0 A0bottom0
2397,11200.94,top0,right1,background,top0A1 A1B1 B1right1
2398,11203.37,right1,right0,background,right1B1 B1B0 B0right0
2399,11212.63,right1,left0,background,right1B1 B1A1 A1A0 A0left0
2400,11219.46,left0,top1,via_A1,left0A0 A0A1 A1B1 B1top1
2401,11224.15,left1,top1,background,left1A1 A1B1 B1top1
2402,11228.69,top0,bottom1,background,top0A1 A1B1 B1B0 B0bottom1
2403,11232.15,left0,top1,via_B0,left0A0 A0B0 B0B1 B1top1
2404,11237.50,left0,top1,via_B0,left0A0 A0B0 B0B1 B1top1
2405,11239.23,right1,bottom1,background,right1B1 B1B0 B0bottom1
2406,11254.98,left0,top1,via_B0,left0A0 A0B0 B0B1 B1top1
2407,11256.18,right0,bottom0,background,right0B0 B0A0 A0bottom0
2408,11260.81,left0,top1,via_A1,left0A0 A0A1 A1B1 B1top1
2409,11268.10,left0,top1,via_A1,left0A0 A0A1 A1B1 B1top1
2410,11270.64,left0,top1,via_A1,left0A0 A0A1 A1B1 B1top1
2411,11270.80,left0,top1,via_A1,left0A0 A0A1 A1B1 B1top1
2412,11273.95,bottom1,bottom0,background,bottom1B0 B0A0 A0bottom0
2413,11275.14,right0,top1,background,right0B0 B0B1 B1top1
2414,11275.43,right0,top1,background,right0B0 B0B1 B1top1
2415,11275.83,right1,left1,background,right1B1 B1A1 A1left1
2416,11277.53,bottom0,top1,background,bottom0A0 A0A1 A1B1 B1top1
2417,11277.67,left0,bottom1,background,left0A0 A0B0 B0bottom1
2418,11297.83,left0,right0,background,left0A0 A0B0 B0right0
2419,11307.22,top1,right1,background,top1B1 B1right1
2420,11312.30,right1,top0,background,right1B1 B1A1 A1top0
2421,11315.33,bottom1,top1,background,bottom1B0 B0B1 B1top1
2422,11318.79,right1,top0,background,right1B1 B1A1 A1top0
2423,11331.64,top0,left1,background,top0A1 A1left1
2424,11337.43,left1,bottom1,background,left1A1 A1B1 B1B0 B0bottom1
2425,11338.10,left0,top1,via_A1,left0A0 A0A1 A1B1 B1top1
2426,11340.96,right1,top0,background,right1B1 B1A1 A1top0
2427,11349.80,left0,top1,via_A1,left0A0 A0A1 A1B1 B1top1
2428,11354.19,right0,left0,background,right0B0 B0A0 A0left0
2429,11365.65,left1,top0,background,left1A1 A1top0
2430,11365.70,left0,top1,via_B0,left0A0 A0B0 B0B1 B1top1
2431,11392.79,bottom1,top1,background,bottom1B0 B0B1 B1top1
2432,11400.46,bottom1,top1,background,bottom1B0 B0B1 B1top1
2433,11400.68,right1,bottom1,background,right1B1 B1B0 B0bottom1
2434,11401.01,left0,top1,via_B0,left0A0 A0B0 B0B1 B1top1
2435,11406.14,right0,bottom1,background,right0B0 B0bottom1
2436,11408.54,right0,right1,background,right0B0 B0B1 B1right1
2437,11414.36,right1,top0,background,right1B1 B1A1 A1top0
2438,11415.77,top0,bottom1,background,top0A1 A1A0 A0B0 B0bottom1
2439,11422.53,bottom1,right0,background,bottom1B0 B0right0
2440,11424.66,top0,left1,background,top0A1 A1left1
2441,11424.86,left1,top1,background,left1A1 A1B1 B1top1
2442,11425.39,top0,bottom1,background,top0A1 A1A0 A0B0 B0bottom1
2443,11426.53,right0,left1,background,right0B0 B0A0 A0A1 A1left1
2444,11426.66,bottom0,top1,background,bottom0A0 A0B0 B0B1 B1top1
2445,11429.54,bottom1,left1,background,bottom1B0 B0A0 A0A1 A1left1
2446,11430.58,bottom0,left1,background,bottom0A0 A0A1 A1left1
2447,11434.79,top0,bottom0,background,top0A1 A1A0 A0bottom0
2448,11439.57,top0,top1,background,top0A1 A1B1 B1top1
2449,11442.50,right0,left1,background,right0B0 B0A0 A0A1 A1left1
2450,11456.12,top0,right1,background,top0A1 A1B1 B1right1
2451,11456.65,left1,bottom0,background,left1A1 A1A0 A0bottom0
2452,11460.34,bottom0,bottom1,background,bottom0A0 A0B0 B0bottom1
2453,11468.34,left0,top1,via_B0,left0A0 A0B0 B0B1 B1top1
2454,11468.40,top1,top0,background,top1B1 B1A1 A1top0
2455,11473.19,right0,bottom1,background,right0B0 B0bottom1
2456,11478.17,bottom1,top1,background,bottom1B0 B0B1 B1top1
2457,11479.18,right1,left0,background,right1B1 B1A1 A1A0 A0left0
2458,11486.89,right0,bottom1,background,right0B0 B0bottom1
2459,11489.05,left1,bottom0,background,left1A1 A1A0 A0bottom0
2460,11491.98,right0,right1,background,right0B0 B0B1 B1right1
2461,11493.11,left1,top0,background,left1A1 A1top0
2462,11495.12,right1,left0,background,right1B1 B1B0 B0A0 A0left0
2463,11505.56,bottom0,bottom1,background,bottom0A0 A0B0 B0bottom1
2464,11507.06,left0,top1,via_B0,left0A0 A0B0 B0B1 B1top1
2465,11514.73,bottom0,bottom1,background,bottom0A0 A0B0 B0bottom1
2466,11515.37,left0,top1,via_B0,left0A0 A0B0 B0B1 B1top1
2467,11518.10,left0,top1,background,left0A0 A0A1 A1B1 B1top1
2468,11521.57,top1,bottom1,background,top1B1 B1B0 B0bottom1
2469,11527.12,right0,left0,background,right0B0 B0A0 A0left0
2470,11533.75,top1,left1,background,top1B1 B1A1 A1left1
2471,11540.97,bottom0,top1,background,bottom0A0 A0B0 B0B1 B1top1
2472,11542.24,top1,top0,background,top1B1 B1A1 A1top0
2473,11542.81,top0,top1,background,top0A1 A1B1 B1top1
2474,11542.83,bottom0,top1,background,bottom0A0 A0A1 A1B1 B1top1
2475,11549.14,bottom0,bottom1,background,bottom0A0 A0B0 B0bottom1
2476,11550.32,right0,bottom0,background,right0B0 B0A0 A0bottom0
2477,11552.03,right0,bottom0,background,right0B0 B0A0 A0bottom0
2478,11552.59,left0,top1,via_B0,left0A0 A0B0 B0B1 B1top1
2479,11554.28,left0,top1,via_A1,left0A0 A0A1 A1B1 B1top1
2480,11556.20,bottom1,right0,background,bottom1B0 B0right0
2481,11562.96,bottom0,left0,background,bottom0A0 A0left0
2482,11574.62,top1,left1,background,top1B1 B1A1 A1left1
2483,11574.79,top1,bottom1,background,top1B1 B1B0 B0bottom1
2484,11577.38,right1,top0,background,right1B1 B1A1 A1top0
2485,11580.40,right0,top0,background,right0B0 B0B1 B1A1 A1top0
2486,11592.74,right1,right0,background,right1B1 B1B0 B0right0
2487,11596.14,top0,left1,background,top0A1 A1left1
2488,11597.87,right1,bottom0,background,right1B1 B1A1 A1A0 A0bottom0
2489,11598.37,left0,top1,via_B0,left0A0 A0B0 B0B1 B1top1
2490,11599.31,right1,bottom1,background,right1B1 B1B0 B0bottom1
2491,11600.04,right1,left0,background,right1B1 B1B0 B0A0 A0left0
2492,11605.67,top0,bottom0,background,top0A1 A1A0 A0bottom0
2493,11613.81,bottom0,right1,background,bottom0A0 A0B0 B0B1 B1right1
2494,11623.00,left0,top1,via_B0,left0A0 A0B0 B0B1 B1top1
2495,11625.68,right1,bottom0,background,right1B1 B1A1 A1A0 A0bottom0
2496,11644.30,left0,bottom1,background,left0A0 A0B0 B0bottom1
2497,11646.49,left0,top1,via_A1,left0A0 A0A1 A1B1 B1top1
2498,11647.37,top1,top0,background,top1B1 B1A1 A1top0
2499,11656.99,top1,right0,background,top1B1 B1B0 B0right0
2500,11666.94,bottom1,left1,background,bottom1B0 B0A0 A0A1 A1left1
2501,11668.00,top0,right0,background,top0A1 A1A0 A0B0 B0right0
2502,11670.24,left0,top1,via_A1,left0A0 A0A1 A1B1 B1top1
2503,11673.81,left0,top1,via_B0,left0A0 A0B0 B0B1 B1top1
2504,11678.61,left0,top1,via_B0,left0A0 A0B0 B0B1 B1top1
2505,11692.15,top1,top0,background,top1B1 B1A1 A1top0
2506,11711.57,top0,right0,background,top0A1 A1B1 B1B0 B0right0
2507,11712.46,right1,right0,background,right1B1 B1B0 B0right0
2508,11712.80,left0,top1,via_B0,left0A0 A0B0 B0B1 B1top1
2509,11720.52,top1,bottom0,background,top1B1 B1B0 B0A0 A0bottom0
2510,11730.43,left0,top1,via_A1,left0A0 A0A1 A1B1 B1top1
2511,11737.71,left0,top1,via_A1,left0A0 A0A1 A1B1 B1top1
2512,11744.44,bottom1,bottom0,background,bottom1B0 B0A0 A0bottom0
2513,11744.55,left0,top1,via_A1,left0A0 A0A1 A1B1 B1top1
2514,11746.82,left1,right0,background,left1A1 A1B1 B1B0 B0right0
2515,11750.08,left0,top0,background,left0A0 A0A1 A1top0
2516,11768.93,top0,left0,background,top0A1 A1A0 A0left0
2517,11787.69,left0,top1,via_B0,left0A0 A0B0 B0B1 B1top1
2518,11788.69,right1,bottom1,background,right1B1 B1B0 B0bottom1
2519,11791.53,bottom1,top0,background,bottom1B0 B0A0 A0A1 A1top0
2520,11801.55,left1,right1,background,left1A1 A1B1 B1right1
2521,11801.98,top0,top1,background,top0A1 A1B1 B1top1
2522,11804.88,bottom1,top1,background,bottom1B0 B0B1 B1top1
2523,11809.56,top1,bottom0,background,top1B1 B1B0 B0A0 A0bottom0
2524,11813.99,top0,bottom1,background,top0A1 A1A0 A0B0 B0bottom1
2525,11820.05,top0,right1,background,top0A1 A1B1 B1right1
2526,11830.06,left0,top1,via_B0,left0A0 A0B0 B0B1 B1top1
2527,11830.14,right1,top0,background,right1B1 B1A1 A1top0
2528,11836.61,right0,bottom1,background,right0B0 B0bottom1
2529,11837.18,right0,left1,background,right0B0 B0B1 B1A1 A1left1
2530,11838.28,left0,top1,via_A1,left0A0 A0A1 A1B1 B1top1
2531,11838.89,left0,top1,via_B0,left0A0 A0B0 B0B1 B1top1
2532,11841.90,left0,top1,via_A1,left0A0 A0A1 A1B1 B1top1
2533,11862.70,left1,top1,background,left1A1 A1B1 B1top1
2534,11867.01,top0,bottom0,background,top0A1 A1A0 A0bottom0
2535,11872.43,right1,bottom0,background,right1B1 B1B0 B0A0 A0bottom0
2536,11873.64,top1,left0,background,top1B1 B1A1 A1A0 A0left0
2537,11879.39,top1,left0,background,top1B1 B1B0 B0A0 A0left0
2538,11880.79,left0,top1,via_A1,left0A0 A0A1 A1B1 B1top1
2539,11889.73,right0,bottom1,background,right0B0 B0bottom1
2540,11892.48,top0,left1,background,top0A1 A1left1
2541,11897.13,bottom1,right1,background,bottom1B0 B0B1 B1right1
2542,11897.33,right0,top1,background,right0B0 B0B1 B1top1
2543,11911.82,left0,top1,via_A1,left0A0 A0A1 A1B1 B1top1
2544,11922.75,bottom1,left0,background,bottom1B0 B0A0 A0left0
2545,11931.08,bottom1,left1,background,bottom1B0 B0B1 B1A1 A1left1
2546,11937.45,left0,right0,background,left0A0 A0B0 B0right0
2547,11940.58,right0,top1,background,right0B0 B0B1 B1top1
2548,11941.39,right0,bottom0,background,right0B0 B0A0 A0bottom0
2549,11943.27,top1,bottom0,background,top1B1 B1B0 B0A0 A0bottom0
2550,11944.79,left1,bottom1,background,left1A1 A1A0 A0B0 B0bottom1
2551,11950.85,top1,bottom0,background,top1B1 B1B0 B0A0 A0bottom0
2552,11958.20,bottom1,bottom0,background,bottom1B0 B0A0 A0bottom0
2553,11960.13,left0,top1,via_B0,left0A0 A0B0 B0B1 B1top1
2554,11961.86,bottom0,left1,background,bottom0A0 A0A1 A1left1
2555,11964.43,left0,top1,via_B0,left0A0 A0B0 B0B1 B1top1
2556,11974.51,right0,top0,background,right0B0 B0A0 A0A1 A1top0
2557,11979.79,top1,left1,background,top1B1 B1A1 A1left1
2558,11982.95,bottom0,left0,background,bottom0A0 A0left0
2559,11986.89,left1,right0,background,left1A1 A1A0 A0B0 B0right0
2560,11995.10,left0,top1,via_A1,left0A0 A0A1 A1B1 B1top1
2561,11996.34,top1,bottom1,background,top1B1 B1B0 B0bottom1
2562,12000.74,bottom0,right1,background,bottom0A0 A0B0 B0B1 B1right1
2563,12001.38,left0,top1,via_A1,left0A0 A0A1 A1B1 B1top1
2564,12001.81,bottom1,right1,background,bottom1B0 B0B1 B1right1
2565,12010.59,bottom1,left1,background,bottom1B0 B0A0 A0A1 A1left1
2566,12010.63,bottom0,left1,background,bottom0A0 A0A1 A1left1
2567,12014.22,top1,bottom1,background,top1B1 B1B0 B0bottom1
2568,12020.90,right0,top1,background,right0B0 B0B1 B1top1
2569,12021.40,left1,left0,background,left1A1 A1A0 A0left0
2570,12021.41,right0,top1,background,right0B0 B0B1 B1top1
2571,12029.50,right0,left0,background,right0B0 B0A0 A0left0
2572,12043.09,bottom1,right0,background,bottom1B0 B0right0
2573,12044.77,bottom1,bottom0,background,bottom1B0 B0A0 A0bottom0
2574,12046.79,left1,bottom1,background,left1A1 A1A0 A0B0 B0bottom1
2575,12068.38,right1,right0,background,right1B1 B1B0 B0right0
2576,12079.73,right0,top1,background,right0B0 B0B1 B1top1
2577,12081.37,right0,left0,background,right0B0 B0A0 A0left0
2578,12085.57,right0,top0,background,right0B0 B0A0 A0A1 A1top0
2579,12105.76,top1,left0,background,top1B1 B1B0 B0A0 A0left0
2580,12107.87,left1,top0,background,left1A1 A1top0
2581,12114.03,top0,right0,background,top0A1 A1B1 B1B0 B0right0
2582,12121.25,top1,bottom0,background,top1B1 B1A1 A1A0 A0bottom0
2583,12129.53,bottom1,top1,background,bottom1B0 B0B1 B1top1
2584,12136.96,bottom1,left1,background,bottom1B0 B0B1 B1A1 A1left1
2585,12137.35,bottom1,top0,background,bottom1B0 B0B1 B1A1 A1top0
2586,12137.62,left1,right0,background,left1A1 A1A0 A0B0 B0right0
2587,12138.62,bottom1,left1,background,bottom1B0 B0A0 A0A1 A1left1
2588,12140.17,bottom1,right1,background,bottom1B0 B0B1 B1right1
2589,12148.21,left1,top1,background,left1A1 A1B1 B1top1
2590,12153.12,bottom0,left1,background,bottom0A0 A0A1 A1left1
2591,12157.27,top1,left1,background,top1B1 B1A1 A1left1
2592,12159.60,left0,top1,via_A1,left0A0 A0A1 A1B1 B1top1
2593,12161.59,left0,top1,via_A1,left0A0 A0A1 A1B1 B1top1
2594,12163.29,bottom0,right1,background,bottom0A0 A0B0 B0B1 B1right1
2595,12172.75,top0,right1,background,top0A1 A1B1 B1right1
2596,12174.96,bottom1,right0,background,bottom1B0 B0right0
2597,12176.92,right1,left0,background,right1B1 B1A1 A1A0 A0left0
2598,12181.15,top0,right1,background,top0A1 A1B1 B1right1
2599,12181.24,right0,left1,background,right0B0 B0A0 A0A1 A1left1
2600,12186.27,left1,bottom1,background,left1A1 A1B1 B1B0 B0bottom1
2601,12190.53,right1,right0,background,right1B1 B1B0 B0right0
2602,12198.26,bottom0,left1,background,bottom0A0 A0A1 A1left1
2603,12206.00,left0,top1,via_A1,left0A0 A0A1 A1B1 B1top1
2604,12206.31,right0,bottom1,background,right0B0 B0bottom1
2605,12210.69,left0,top1,via_A1,left0A0 A0A1 A1B1 B1top1
2606,12211.47,top1,right0,background,top1B1 B1B0 B0right0
2607,12213.26,top1,right1,background,top1B1 B1right1
2608,12213.63,bottom0,top0,background,bottom0A0 A0A1 A1top0
2609,12220.84,top1,top0,background,top1B1 B1A1 A1top0
2610,12222.81,top1,left0,background,top1B1 B1B0 B0A0 A0left0
2611,12226.50,left0,top1,via_B0,left0A0 A0B0 B0B1 B1top1
2612,12226.50,top0,top1,background,top0A1 A1B1 B1top1
2613,12227.46,right0,bottom1,background,right0B0 B0bottom1
2614,12234.26,left0,top1,via_B0,left0A0 A0B0 B0B1 B1top1
2615,12236.12,top1,right1,background,top1B1 B1right1
2616,12237.47,left1,left0,background,left1A1 A1A0 A0left0
2617,12247.22,left1,bottom0,background,left1A1 A1A0 A0bottom0
2618,12247.93,left0,top1,via_A1,left0A0 A0A1 A1B1 B1top1
2619,12254.91,top1,right1,background,top1B1 B1right1
2620,12262.22,right1,top0,background,right1B1 B1A1 A1top0
2621,12266.31,right0,top0,background,right0B0 B0B1 B1A1 A1top0
2622,12274.18,left0,top1,via_A1,left0A0 A0A1 A1B1 B1top1
2623,12287.66,left1,bottom1,background,left1A1 A1A0 A0B0 B0bottom1
2624,12294.40,bottom0,top0,background,bottom0A0 A0A1 A1top0
2625,12309.76,bottom0,left1,background,bottom0A0 A0A1 A1left1
2626,12313.59,bottom1,left0,background,bottom1B0 B0A0 A0left0
2627,12313.63,bottom0,left1,background,bottom0A0 A0A1 A1left1
2628,12330.12,top1,left0,background,top1B1 B1A1 A1A0 A0left0
2629,12331.01,bottom0,left1,background,bottom0A0 A0A1 A1left1
2630,12335.39,right1,bottom1,background,right1B1 B1B0 B0bottom1
2631,12337.36,top0,bottom0,background,top0A1 A1A0 A0bottom0
2632,12349.77,right0,left0,background,right0B0 B0A0 A0left0
2633,12353.11,left1,top1,background,left1A1 A1B1 B1top1
2634,12357.27,bottom0,top0,background,bottom0A0 A0A1 A1top0
2635,12364.60,right1,top0,background,right1B1 B1A1 A1top0
2636,12364.82,left0,top1,via_B0,left0A0 A0B0 B0B1 B1top1
2637,12368.75,right0,top0,background,right0B0 B0B1 B1A1 A1top0
2638,12370.62,right0,left0,background,right0B0 B0A0 A0left0
2639,12375.94,bottom1,left0,background,bottom1B0 B0A0 A0left0
2640,12376.13,left1,bottom0,background,left1A1 A1A0 A0bottom0
2641,12382.81,bottom0,top0,background,bottom0A0 A0A1 A1top0
2642,12386.67,left0,top1,via_A1,left0A0 A0A1 A1B1 B1top1
2643,12388.88,left0,top1,via_A1,left0A0 A0A1 A1B1 B1top1
2644,12392.78,bottom0,left0,background,bottom0A0 A0left0
2645,12394.32,left0,top1,via_A1,left0A0 A0A1 A1B1 B1top1
2646,12403.53,left0,top1,via_B0,left0A0 A0B0 B0B1 B1top1
2647,12407.35,bottom1,left1,background,bottom1B0 B0B1 B1A1 A1left1
2648,12412.86,right1,left0,background,right1B1 B1B0 B0A0 A0left0
2649,12418.84,top0,bottom1,background,top0A1 A1B1 B1B0 B0bottom1
2650,12423.45,top1,right0,background,top1B1 B1B0 B0right0
2651,12424.28,left1,bottom0,background,left1A1 A1A0 A0bottom0
2652,12426.93,bottom0,top0,background,bottom0A0 A0A1 A1top0
2653,12427.07,right1,top0,background,right1B1 B1A1 A1top0
2654,12428.04,left1,right0,background,left1A1 A1B1 B1B0 B0right0
2655,12428.85,top0,top1,background,top0A1 A1B1 B1top1
2656,12429.08,left0,top1,via_B0,left0A0 A0B0 B0B1 B1top1
2657,12435.09,top1,left0,background,top1B1 B1B0 B0A0 A0left0
2658,12435.24,bottom1,left0,background,bottom1B0 B0A0 A0left0
2659,12437.33,top0,bottom0,background,top0A1 A1A0 A0bottom0
2660,12437.78,right1,bottom0,background,right1B1 B1A1 A1A0 A0bottom0
2661,12438.21,right1,left0,background,right1B1 B1A1 A1A0 A0left0
2662,12460.33,top1,left1,background,top1B1 B1A1 A1left1
2663,12461.92,left0,top1,via_B0,left0A0 A0B0 B0B1 B1top1
2664,12464.26,left0,top1,via_A1,left0A0 A0A1 A1B1 B1top1
2665,12466.09,left1,right0,background,left1A1 A1A0 A0B0 B0right0
2666,12466.14,bottom0,right0,background,bottom0A0 A0B0 B0right0
2667,12466.16,bottom1,left1,background,bottom1B0 B0B1 B1A1 A1left1
2668,12470.41,right0,left0,background,right0B0 B0A0 A0left0
2669,12476.35,top1,left0,background,top1B1 B1A1 A1A0 A0left0
2670,12478.51,right1,top0,background,right1B1 B1A1 A1top0
2671,12481.14,left0,top0,background,left0A0 A0A1 A1top0
2672,12483.91,top1,bottom0,background,top1B1 B1B0 B0A0 A0bottom0
2673,12483.98,top0,left0,background,top0A1 A1A0 A0left0
2674,12485.88,left1,right0,background,left1A1 A1A0 A0B0 B0right0
2675,12486.40,left0,top1,via_B0,left0A0 A0B0 B0B1 B1top1
2676,12489.43,left1,bottom0,background,left1A1 A1A0 A0bottom0
2677,12491.53,left0,top1,via_B0,left0A0 A0B0 B0B1 B1top1
2678,12504.43,right0,bottom0,background,right0B0 B0A0 A0bottom0
2679,12513.79,top0,right0,background,top0A1 A1B1 B1B0 B0right0
2680,12514.24,left0,top1,via_A1,left0A0 A0A1 A1B1 B1top1
2681,12525.49,left0,top1,via_A1,left0A0 A0A1 A1B1 B1top1
2682,12526.43,left0,top1,via_B0,left0A0 A0B0 B0B1 B1top1
2683,12541.90,right0,top0,background,right0B0 B0B1 B1A1 A1top0
2684,12549.29,bottom1,right1,background,bottom1B0 B0B1 B1right1
2685,12550.13,left0,top1,via_B0,left0A0 A0B0 B0B1 B1top1
2686,12554.75,bottom1,left0,background,bottom1B0 B0A0 A0left0
2687,12554.90,bottom1,right0,background,bottom1B0 B0right0
2688,12555.27,left0,right1,background,left0A0 A0B0 B0B1 B1right1
2689,12571.86,left1,top0,background,left1A1 A1top0
2690,12573.31,right0,bottom1,background,right0B0 B0bottom1
2691,12573.94,left1,bottom0,background,left1A1 A1A0 A0bottom0
2692,12578.54,left1,top1,background,left1A1 A1B1 B1top1
2693,12589.04,right1,left0,background,right1B1 B1B0 B0A0 A0left0
2694,12591.29,left1,right0,background,left1A1 A1B1 B1B0 B0right0
2695,12592.11,bottom0,top0,background,bottom0A0 A0A1 A1top0
2696,12593.69,bottom1,bottom0,background,bottom1B0 B0A0 A0bottom0
2697,12596.02,left0,top1,via_B0,left0A0 A0B0 B0B1 B1top1
2698,12598.27,bottom0,bottom1,background,bottom0A0 A0B0 B0bottom1
2699,12600.39,left0,top1,via_B0,left0A0 A0B0 B0B1 B1top1
2700,12600.97,bottom0,left1,background,bottom0A0 A0A1 A1left1
2701,12604.08,bottom0,top1,background,bottom0A0 A0B0 B0B1 B1top1
2702,12610.12,top1,right0,background,top1B1 B1B0 B0right0
2703,12614.47,top0,top1,background,top0A1 A1B1 B1top1
2704,12614.57,bottom1,top1,background,bottom1B0 B0B1 B1top1
2705,12614.93,bottom1,right0,background,bottom1B0 B0right0
2706,12615.77,left0,top1,via_B0,left0A0 A0B0 B0B1 B1top1
2707,12618.86,right0,top1,background,right0B0 B0B1 B1top1
2708,12619.21,left1,top1,background,left1A1 A1B1 B1top1
2709,12620.32,left0,top1,via_A1,left0A0 A0A1 A1B1 B1top1
2710,12622.66,left0,top1,via_A1,left0A0 A0A1 A1B1 B1top1
2711,12624.09,top0,bottom1,background,top0A1 A1B1 B1B0 B0bottom1
2712,12635.53,left0,top1,via_A1,left0A0 A0A1 A1B1 B1top1
2713,12636.78,bottom1,left1,background,bottom1B0 B0B1 B1A1 A1left1
2714,12643.29,left1,right1,background,left1A1 A1B1 B1right1
2715,12648.11,right1,top1,background,right1B1 B1top1
2716,12653.98,left0,top1,via_A1,left0A0 A0A1 A1B1 B1top1
2717,12670.60,bottom1,left0,background,bottom1B0 B0A0 A0left0
2718,12675.04,bottom0,bottom1,background,bottom0A0 A0B0 B0bottom1
2719,12675.29,left0,top1,via_B0,left0A0 A0B0 B0B1 B1top1
2720,12678.40,left0,top1,via_A1,left0A0 A0A1 A1B1 B1top1
2721,12696.54,right1,top0,background,right1B1 B1A1 A1top0
2722,12697.84,top0,left1,background,top0A1 A1left1
2723,12704.79,left0,top1,via_A1,left0A0 A0A1 A1B1 B1top1
2724,12705.23,bottom1,bottom0,background,bottom1B0 B0A0 A0bottom0
2725,12706.64,bottom0,bottom1,background,bottom0A0 A0B0 B0bottom1
2726,12710.36,right0,left0,background,right0B0 B0A0 A0left0
2727,12740.44,top1,left1,background,top1B1 B1A1 A1left1
2728,12741.15,right0,top0,background,right0B0 B0A0 A0A1 A1top0
2729,12741.91,right0,top0,background,right0B0 B0B1 B1A1 A1top0
2730,12742.26,left1,right1,background,left1A1 A1B1 B1right1
2731,12744.10,top0,bottom0,background,top0A1 A1A0 A0bottom0
2732,12745.34,right1,bottom0,background,right1B1 B1A1 A1A0 A0bottom0
2733,12745.69,left0,top1,via_A1,left0A0 A0A1 A1B1 B1top1
2734,12748.24,right0,bottom0,background,right0B0 B0A0 A0bottom0
2735,12749.83,top1,right0,background,top1B1 B1B0 B0right0
2736,12752.38,bottom0,top0,background,bottom0A0 A0A1 A1top0
2737,12752.56,bottom1,top0,background,bottom1B0 B0A0 A0A1 A1top0
2738,12759.41,left0,top1,via_A1,left0A0 A0A1 A1B1 B1top1
2739,12769.68,left0,top1,via_B0,left0A0 A0B0 B0B1 B1top1
2740,12773.05,right0,left1,background,right0B0 B0B1 B1A1 A1left1
2741,12780.28,left0,bottom1,background,left0A0 A0B0 B0bottom1
2742,12783.40,bottom1,left0,background,bottom1B0 B0A0 A0left0
2743,12791.32,left0,left1,background,left0A0 A0A1 A1left1
2744,12798.18,bottom0,left0,background,bottom0A0 A0left0
2745,12801.05,left0,top1,via_B0,left0A0 A0B0 B0B1 B1top1
2746,12811.43,bottom1,left1,background,bottom1B0 B0A0 A0A1 A1left1
2747,12830.22,bottom1,bottom0,background,bottom1B0 B0A0 A0bottom0
2748,12831.29,right0,top1,background,right0B0 B0B1 B1top1
2749,12836.53,left0,top1,via_A1,left0A0 A0A1 A1B1 B1top1
2750,12837.20,left0,top1,via_B0,left0A0 A0B0 B0B1 B1top1
2751,12843.90,left0,top1,background,left0A0 A0A1 A1B1 B1top1
2752,12845.38,left0,top1,via_A1,left0A0 A0A1 A1B1 B1top1
2753,12845.95,bottom0,right1,background,bottom0A0 A0B0 B0B1 B1right1
2754,12847.39,right0,top0,background,right0B0 B0A0 A0A1 A1top0
2755,12858.56,left1,right1,background,left1A1 A1B1 B1right1
2756,12860.30,bottom0,left1,background,bottom0A0 A0A1 A1left1
2757,12874.11,right1,top1,background,right1B1 B1top1
2758,12874.32,left0,top1,via_B0,left0A0 A0B0 B0B1 B1top1
2759,12877.40,bottom0,right1,background,bottom0A0 A0A1 A1B1 B1right1
2760,12882.47,right0,right1,background,right0B0 B0B1 B1right1
2761,12888.34,top1,bottom0,background,top1B1 B1B0 B0A0 A0bottom0
2762,12894.46,left0,top1,via_A1,left0A0 A0A1 A1B1 B1top1
2763,12896.26,right1,right0,background,right1B1 B1B0 B0right0
2764,12896.54,left0,top1,via_B0,left0A0 A0B0 B0B1 B1top1
2765,12897.08,top0,bottom0,background,top0A1 A1A0 A0bottom0
2766,12897.80,top0,right0,background,top0A1 A1A0 A0B0 B0right0
2767,12897.88,bottom0,left0,background,bottom0A0 A0left0
2768,12898.51,left0,top1,via_B0,left0A0 A0B0 B0B1 B1top1
2769,12899.18,top1,top0,background,top1B1 B1A1 A1top0
2770,12902.85,left0,top1,via_B0,left0A0 A0B0 B0B1 B1top1
2771,12905.04,bottom1,left1,background,bottom1B0 B0B1 B1A1 A1left1
2772,12910.27,top0,bottom1,background,top0A1 A1A0 A0B0 B0bottom1
2773,12923.46,left1,top1,background,left1A1 A1B1 B1top1
2774,12930.87,top1,bottom1,background,top1B1 B1B0 B0bottom1
2775,12935.02,bottom0,top0,background,bottom0A0 A0A1 A1top0
2776,12935.31,right1,left1,background,right1B1 B1A1 A1left1
2777,12936.25,left0,top1,via_A1,left0A0 A0A1 A1B1 B1top1
2778,12938.56,right1,bottom0,background,right1B1 B1A1 A1A0 A0bottom0
2779,12942.45,left1,bottom1,background,left1A1 A1A0 A0B0 B0bottom1
2780,12943.90,left0,top1,via_B0,left0A0 A0B0 B0B1 B1top1
2781,12944.66,top0,right0,background,top0A1 A1A0 A0B0 B0right0
2782,12946.23,left0,right0,background,left0A0 A0B0 B0right0
2783,12971.01,top1,right0,background,top1B1 B1B0 B0right0
2784,12973.55,top0,bottom0,background,top0A1 A1A0 A0bottom0
2785,12985.19,right0,left1,background,right0B0 B0A0 A0A1 A1left1
2786,13003.95,top0,left0,background,top0A1 A1A0 A0left0
2787,13007.46,bottom1,right1,background,bottom1B0 B0B1 B1right1
2788,13010.44,right1,left0,background,right1B1 B1A1 A1A0 A0left0
2789,13012.36,left0,right1,background,left0A0 A0B0 B0B1 B1right1
2790,13016.13,top0,right0,background,top0A1 A1A0 A0B0 B0right0
2791,13022.72,left0,top1,via_B0,left0A0 A0B0 B0B1 B1top1
2792,13025.06,left1,right1,background,left1A1 A1B1 B1right1
2793,13026.29,right1,top1,background,right1B1 B1top1
2794,13037.31,left0,top1,via_A1,left0A0 A0A1 A1B1 B1top1
2795,13042.00,left0,top1,via_B0,left0A0 A0B0 B0B1 B1top1
2796,13044.97,top1,right0,background,top1B1 B1B0 B0right0
2797,13050.29,bottom0,right0,background,bottom0A0 A0B0 B0right0
2798,13072.24,bottom0,top0,background,bottom0A0 A0A1 A1top0
2799,13085.56,left0,top1,via_A1,left0A0 A0A1 A1B1 B1top1
2800,13087.95,left1,top1,background,left1A1 A1B1 B1top1
2801,13092.82,left1,right0,background,left1A1 A1B1 B1B0 B0right0
2802,13103.58,left1,top1,background,left1A1 A1B1 B1top1
2803,13114.94,top1,left1,background,top1B1 B1A1 A1left1
2804,13115.17,right1,bottom1,background,right1B1 B1B0 B0bottom1
2805,13115.64,top1,left0,background,top1B1 B1A1 A1A0 A0left0
2806,13117.62,top0,top1,background,top0A1 A1B1 B1top1
2807,13123.12,left0,top1,via_B0,left0A0 A0B0 B0B1 B1top1
2808,13125.13,right0,right1,background,right0B0 B0B1 B1right1
2809,13125.25,top0,right1,background,top0A1 A1B1 B1right1
2810,13128.50,bottom1,top0,background,bottom1B0 B0A0 A0A1 A1top0
2811,13143.06,right0,bottom0,background,right0B0 B0A0 A0bottom0
2812,13154.14,left1,bottom1,background,left1A1 A1B1 B1B0 B0bottom1
2813,13154.75,left0,top1,via_A1,left0A0 A0A1 A1B1 B1top1
2814,13159.28,left1,bottom1,background,left1A1 A1B1 B1B0 B0bottom1
2815,13164.32,right0,left0,background,right0B0 B0A0 A0left0
2816,13167.87,right0,left1,background,right0B0 B0B1 B1A1 A1left1
2817,13169.29,right1,bottom1,background,right1B1 B1B0 B0bottom1
2818,13177.15,top0,right1,background,top0A1 A1B1 B1right1
2819,13181.18,left0,top1,via_A1,left0A0 A0A1 A1B1 B1top1
2820,13194.37,top0,right1,background,top0A1 A1B1 B1right1
2821,13196.14,left0,top1,via_A1,left0A0 A0A1 A1B1 B1top1
2822,13200.32,bottom0,left1,background,bottom0A0 A0A1 A1left1
2823,13201.97,left0,top1,via_A1,left0A0 A0A1 A1B1 B1top1
2824,13213.51,left0,top1,via_B0,left0A0 A0B0 B0B1 B1top1
2825,13218.87,top0,left0,background,top0A1 A1A0 A0left0
2826,13223.49,right1,left1,background,right1B1 B1A1 A1left1
2827,13245.62,right0,top1,background,right0B0 B0B1 B1top1
2828,13246.96,right1,bottom1,background,right1B1 B1B0 B0bottom1
2829,13248.55,left0,top1,via_A1,left0A0 A0A1 A1B1 B1top1
2830,13249.33,left0,top1,via_B0,left0A0 A0B0 B0B1 B1top1
2831,13263.09,left1,right1,background,left1A1 A1B1 B1right1
2832,13265.28,bottom1,left0,background,bottom1B0 B0A0 A0left0
2833,13268.30,top0,left0,background,top0A1 A1A0 A0left0
2834,13268.55,right1,left0,background,right1B1 B1B0 B0A0 A0left0
2835,13276.04,top1,top0,background,top1B1 B1A1 A1top0
2836,13278.51,right0,top1,background,right0B0 B0B1 B1top1
2837,13281.50,left0,top1,via_A1,left0A0 A0A1 A1B1 B1top1
2838,13283.39,left1,top0,background,left1A1 A1top0
2839,13287.96,bottom0,bottom1,background,bottom0A0 A0B0 B0bottom1
2840,13290.61,top1,left0,background,top1B1 B1A1 A1A0 A0left0
2841,13297.78,left1,right0,background,left1A1 A1A0 A0B0 B0right0
2842,13300.10,bottom1,left0,background,bottom1B0 B0A0 A0left0
2843,13302.43,right1,top1,background,right1B1 B1top1
2844,13303.75,top1,bottom0,background,top1B1 B1B0 B0A0 A0bottom0
2845,13310.10,left0,top1,via_A1,left0A0 A0A1 A1B1 B1top1
2846,13312.20,top1,left1,background,top1B1 B1A1 A1left1
2847,13313.40,bottom0,top1,background,bottom0A0 A0B0 B0B1 B1top1
2848,13313.76,right1,left0,background,right1B1 B1A1 A1A0 A0left0
2849,13332.02,bottom1,right1,background,bottom1B0 B0B1 B1right1
2850,13332.47,left1,bottom1,background,left1A1 A1A0 A0B0 B0bottom1
2851,13335.60,left0,top1,via_A1,left0A0 A0A1 A1B1 B1top1
2852,13335.78,right1,top0,background,right1B1 B1A1 A1top0
2853,13338.00,bottom1,bottom0,background,bottom1B0 B0A0 A0bottom0
2854,13349.06,top1,bottom0,background,top1B1 B1A1 A1A0 A0bottom0
2855,13353.23,top0,top1,background,top0A1 A1B1 B1top1
2856,13356.51,left1,top1,background,left1A1 A1B1 B1top1
2857,13356.68,right0,left0,background,right0B0 B0A0 A0left0
2858,13357.35,top0,right0,background,top0A1 A1B1 B1B0 B0right0
2859,13359.18,bottom1,left1,background,bottom1B0 B0B1 B1A1 A1left1
2860,13359.75,bottom1,top0,background,bottom1B0 B0B1 B1A1 A1top0
2861,13366.99,left1,right1,background,left1A1 A1B1 B1right1
2862,13368.74,left0,top1,via_A1,left0A0 A0A1 A1B1 B1top1
2863,13375.23,top1,right1,background,top1B1 B1right1
2864,13375.61,top1,bottom0,background,top1B1 B1A1 A1A0 A0bottom0
2865,13379.95,left1,right0,background,left1A1 A1B1 B1B0 B0right0
2866,13381.77,left0,top1,via_A1,left0A0 A0A1 A1B1 B1top1
2867,13381.86,right0,left1,background,right0B0 B0A0 A0A1 A1left1
2868,13391.88,top1,right0,background,top1B1 B1B0 B0right0
2869,13399.54,left1,bottom0,background,left1A1 A1A0 A0bottom0
2870,13399.55,top0,bottom1,background,top0A1 A1B1 B1B0 B0bottom1
2871,13400.73,bottom0,right0,background,bottom0A0 A0B0 B0right0
2872,13407.32,top1,top0,background,top1B1 B1A1 A1top0
2873,13412.75,top0,top1,background,top0A1 A1B1 B1top1
2874,13417.83,left1,right1,background,left1A1 A1B1 B1right1
2875,13430.24,bottom1,bottom0,background,bottom1B0 B0A0 A0bottom0
2876,13436.24,bottom0,left0,background,bottom0A0 A0left0
2877,13438.29,top1,right1,background,top1B1 B1right1
2878,13445.26,bottom1,bottom0,background,bottom1B0 B0A0 A0bottom0
2879,13450.14,left1,right0,background,left1A1 A1A0 A0B0 B0right0
2880,13450.96,top1,bottom0,background,top1B1 B1B0 B0A0 A0bottom0
2881,13452.42,top0,bottom1,background,top0A1 A1A0 A0B0 B0bottom1
2882,13454.56,right1,right0,background,right1B1 B1B0 B0right0
2883,13457.04,top0,top1,background,top0A1 A1B1 B1top1
2884,13462.54,left0,top1,via_B0,left0A0 A0B0 B0B1 B1top1
2885,13465.43,left0,top1,via_B0,left0A0 A0B0 B0B1 B1top1
2886,13468.58,bottom0,left0,background,bottom0A0 A0left0
2887,13474.67,top0,right0,background,top0A1 A1A0 A0B0 B0right0
2888,13477.30,left0,top1,via_A1,left0A0 A0A1 A1B1 B1top1
2889,13493.73,top0,left0,background,top0A1 A1A0 A0left0
2890,13498.96,right0,bottom0,background,right0B0 B0A0 A0bottom0
2891,13505.42,right0,top0,background,right0B0 B0A0 A0A1 A1top0
2892,13510.41,bottom1,left0,background,bottom1B0 B0A0 A0left0
2893,13518.58,top0,bottom1,background,top0A1 A1A0 A0B0 B0bottom1
2894,13532.09,top1,left1,background,top1B1 B1A1 A1left1
2895,13537.47,right0,top1,background,right0B0 B0B1 B1top1
2896,13551.90,top0,left0,background,top0A1 A1A0 A0left0
2897,13552.90,right0,right1,background,right0B0 B0B1 B1right1
2898,13556.38,bottom0,right0,background,bottom0A0 A0B0 B0right0
2899,13559.93,right1,top0,background,right1B1 B1A1 A1top0
2900,13571.78,bottom1,bottom0,background,bottom1B0 B0A0 A0bottom0
2901,13577.69,left0,top1,via_B0,left0A0 A0B0 B0B1 B1top1
2902,13578.30,bottom0,right0,background,bottom0A0 A0B0 B0right0
2903,13582.27,right1,top1,background,right1B1 B1top1
2904,13583.88,bottom0,right1,background,bottom0A0 A0B0 B0B1 B1right1
2905,13586.22,left1,bottom1,background,left1A1 A1A0 A0B0 B0bottom1
2906,13587.78,right1,right0,background,right1B1 B1B0 B0right0
2907,13593.27,left0,top1,via_B0,left0A0 A0B0 B0B1 B1top1
2908,13599.43,left1,bottom1,background,left1A1 A1B1 B1B0 B0bottom1
2909,13605.64,bottom1,left1,background,bottom1B0 B0B1 B1A1 A1left1
2910,13614.11,left0,top1,via_B0,left0A0 A0B0 B0B1 B1top1
2911,13614.16,bottom0,right0,background,bottom0A0 A0B0 B0right0
2912,13614.78,left0,bottom0,background,left0A0 A0bottom0
2913,13615.02,right1,top0,background,right1B1 B1A1 A1top0
2914,13619.08,bottom0,bottom1,background,bottom0A0 A0B0 B0bottom1
2915,13621.45,bottom0,right1,background,bottom0A0 A0B0 B0B1 B1right1
2916,13622.53,left1,bottom0,background,left1A1 A1A0 A0bottom0
2917,13622.71,top0,right1,background,top0A1 A1B1 B1right1
2918,13625.41,left0,top1,via_A1,left0A0 A0A1 A1B1 B1top1
2919,13628.87,left0,top1,via_B0,left0A0 A0B0 B0B1 B1top1
2920,13636.49,right0,top1,background,right0B0 B0B1 B1top1
2921,13641.52,bottom1,right1,background,bottom1B0 B0B1 B1right1
2922,13642.36,left1,bottom1,background,left1A1 A1A0 A0B0 B0bottom1
2923,13653.99,top1,top0,background,top1B1 B1A1 A1top0
2924,13657.63,left0,top1,background,left0A0 A0B0 B0B1 B1top1
2925,13665.69,bottom0,top1,background,bottom0A0 A0B0 B0B1 B1top1
2926,13667.92,left0,top1,via_A1,left0A0 A0A1 A1B1 B1top1
2927,13669.58,top1,bottom1,background,top1B1 B1B0 B0bottom1
2928,13681.28,left0,top1,via_A1,left0A0 A0A1 A1B1 B1top1
2929,13685.38,top0,left0,background,top0A1 A1A0 A0left0
2930,13687.97,right1,bottom1,background,right1B1 B1B0 B0bottom1
2931,13692.87,top1,top0,background,top1B1 B1A1 A1top0
2932,13697.72,left0,top1,via_B0,left0A0 A0B0 B0B1 B1top1
2933,13703.20,right0,top0,background,right0B0 B0A0 A0A1 A1top0
2934,13704.03,bottom0,bottom1,background,bottom0A0 A0B0 B0bottom1
2935,13716.19,bottom1,top0,background,bottom1B0 B0A0 A0A1 A1top0
2936,13726.24,right0,right1,background,right0B0 B0B1 B1right1
2937,13727.94,left1,top1,background,left1A1 A1B1 B1top1
2938,13729.59,left1,top0,background,left1A1 A1top0
2939,13734.02,left1,top1,background,left1A1 A1B1 B1top1
2940,13734.77,top1,top0,background,top1B1 B1A1 A1top0
2941,13737.33,right0,left1,background,right0B0 B0B1 B1A1 A1left1
2942,13742.25,top1,bottom1,background,top1B1 B1B0 B0bottom1
2943,13753.79,left0,top1,via_B0,left0A0 A0B0 B0B1 B1top1
2944,13755.32,left1,right1,background,left1A1 A1B1 B1right1
2945,13757.33,right0,top0,background,right0B0 B0A0 A0A1 A1top0
2946,13763.50,top1,right1,background,top1B1 B1right1
2947,13765.72,bottom1,bottom0,background,bottom1B0 B0A0 A0bottom0
2948,13771.85,left1,left0,background,left1A1 A1A0 A0left0
2949,13773.97,left0,top1,via_A1,left0A0 A0A1 A1B1 B1top1
2950,13779.38,right1,bottom0,background,right1B1 B1A1 A1A0 A0bottom0
2951,13779.95,top1,right0,background,top1B1 B1B0 B0right0
2952,13780.36,right1,left1,background,right1B1 B1A1 A1left1
2953,13788.43,bottom1,bottom0,background,bottom1B0 B0A0 A0bottom0
2954,13805.83,right1,bottom0,background,right1B1 B1B0 B0A0 A0bottom0
2955,13812.93,left0,top1,via_B0,left0A0 A0B0 B0B1 B1top1
2956,13816.55,left0,top1,via_B0,left0A0 A0B0 B0B1 B1top1
2957,13817.22,left0,top1,via_B0,left0A0 A0B0 B0B1 B1top1
2958,13824.90,left0,top1,via_B0,left0A0 A0B0 B0B1 B1top1
2959,13828.71,left1,bottom0,background,left1A1 A1A0 A0bottom0
2960,13832.56,bottom1,bottom0,background,bottom1B0 B0A0 A0bottom0
2961,13834.58,left0,top1,via_A1,left0A0 A0A1 A1B1 B1top1
2962,13839.97,right1,top1,background,right1B1 B1top1
2963,13845.48,right0,bottom1,background,right0B0 B0bottom1
2964,13845.49,top1,bottom1,background,top1B1 B1B0 B0bottom1
2965,13855.23,right0,bottom1,background,right0B0 B0bottom1
2966,13856.52,top1,top0,background,top1B1 B1A1 A1top0
2967,13862.18,top0,bottom1,background,top0A1 A1A0 A0B0 B0bottom1
2968,13871.37,top1,bottom1,background,top1B1 B1B0 B0bottom1
2969,13871.45,bottom0,left0,background,bottom0A0 A0left0
2970,13876.97,bottom1,bottom0,background,bottom1B0 B0A0 A0bottom0
2971,13877.18,top0,top1,background,top0A1 A1B1 B1top1
2972,13881.64,top0,bottom0,background,top0A1 A1A0 A0bottom0
2973,13887.35,left0,top1,via_B0,left0A0 A0B0 B0B1 B1top1
2974,13890.93,left0,top1,via_A1,left0A0 A0A1 A1B1 B1top1
2975,13892.10,left1,top0,background,left1A1 A1top0
2976,13897.67,left1,right0,background,left1A1 A1B1 B1B0 B0right0
2977,13898.73,left1,right0,background,left1A1 A1B1 B1B0 B0right0
2978,13900.16,top0,bottom1,background,top0A1 A1A0 A0B0 B0bottom1
2979,13901.52,bottom1,top1,background,bottom1B0 B0B1 B1top1
2980,13906.05,right1,left0,background,right1B1 B1B0 B0A0 A0left0
2981,13908.09,bottom0,bottom1,background,bottom0A0 A0B0 B0bottom1
2982,13926.85,bottom0,top0,background,bottom0A0 A0A1 A1top0
2983,13931.86,top0,right1,background,top0A1 A1B1 B1right1
2984,13960.24,bottom0,bottom1,background,bottom0A0 A0B0 B0bottom1
2985,13964.37,top0,bottom0,background,top0A1 A1A0 A0bottom0
2986,13973.79,left0,top1,via_B0,left0A0 A0B0 B0B1 B1top1
2987,13978.83,left1,top1,background,left1A1 A1B1 B1top1
2988,13983.53,left0,top1,via_B0,left0A0 A0B0 B0B1 B1top1
2989,13983.90,top1,right0,background,top1B1 B1B0 B0right0
2990,13984.64,top1,top0,background,top1B1 B1A1 A1top0
2991,13992.18,right1,top1,background,right1B1 B1top1
2992,13996.30,top0,bottom1,background,top0A1 A1B1 B1B0 B0bottom1
2993,14007.08,right1,bottom0,background,right1B1 B1B0 B0A0 A0bottom0
2994,14009.16,right0,top0,background,right0B0 B0A0 A0A1 A1top0
2995,14011.71,top0,left0,background,top0A1 A1A0 A0left0
2996,14020.01,right0,left0,background,right0B0 B0A0 A0left0
2997,14023.12,bottom0,bottom1,background,bottom0A0 A0B0 B0bottom1
2998,14023.82,bottom0,top0,background,bottom0A0 A0A1 A1top0
2999,14038.56,top1,top0,background,top1B1 B1A1 A1top0
3000,14042.75,right0,left1,background,right0B0 B0B1 B1A1 A1left1
3001,14044.69,bottom0,top1,background,bottom0A0 A0B0 B0B1 B1top1
3002,14046.33,right1,bottom1,background,right1B1 B1B0 B0bottom1
3003,14049.54,bottom1,left0,background,bottom1B0 B0A0 A0left0
3004,14052.71,right1,bottom1,background,right1B1 B1B0 B0bottom1
3005,14053.83,top0,top1,background,top0A1 A1B1 B1top1
3006,14067.57,left0,top1,via_B0,left0A0 A0B0 B0B1 B1top1
3007,14069.73,right0,bottom1,background,right0B0 B0bottom1
3008,14070.77,top1,right0,background,top1B1 B1B0 B0right0
3009,14079.50,left0,top1,via_A1,left0A0 A0A1 A1B1 B1top1
3010,14085.33,right0,bottom1,background,right0B0 B0bottom1
3011,14092.54,left0,top1,via_A1,left0A0 A0A1 A1B1 B1top1
3012,14094.79,bottom0,left0,background,bottom0A0 A0left0
3013,14110.60,left0,top1,via_B0,left0A0 A0B0 B0B1 B1top1
3014,14120.83,bottom1,bottom0,background,bottom1B0 B0A0 A0bottom0
3015,14128.50,top1,top0,background,top1B1 B1A1 A1top0
3016,14145.37,right1,right0,background,right1B1 B1B0 B0right0
3017,14153.14,left0,right0,background,left0A0 A0B0 B0right0
3018,14154.21,right0,top1,background,right0B0 B0B1 B1top1
3019,14158.05,top1,left1,background,top1B1 B1A1 A1left1
3020,14162.45,left0,top1,via_A1,left0A0 A0A1 A1B1 B1top1
3021,14166.06,bottom1,top0,background,bottom1B0 B0B1 B1A1 A1top0
3022,14169.79,top0,bottom1,background,top0A1 A1B1 B1B0 B0bottom1
3023,14170.06,bottom1,right1,background,bottom1B0 B0B1 B1right1
3024,14171.86,top0,left0,background,top0A1 A1A0 A0left0
3025,14173.41,left0,top1,via_B0,left0A0 A0B0 B0B1 B1top1
3026,14173.94,right0,top0,background,right0B0 B0B1 B1A1 A1top0
3027,14174.02,top0,right0,background,top0A1 A1A0 A0B0 B0right0
3028,14181.67,left0,top1,via_A1,left0A0 A0A1 A1B1 B1top1
3029,14181.94,left0,top1,via_A1,left0A0 A0A1 A1B1 B1top1
3030,14188.74,left1,top0,background,left1A1 A1top0
3031,14194.17,left0,top1,via_B0,left0A0 A0B0 B0B1 B1top1
3032,14196.49,right0,left0,background,right0B0 B0A0 A0left0
3033,14199.51,top0,right1,background,top0A1 A1B1 B1right1
3034,14204.33,right1,left1,background,right1B1 B1A1 A1left1
3035,14205.23,left0,top1,via_B0,left0A0 A0B0 B0B1 B1top1
3036,14215.28,bottom0,left1,background,bottom0A0 A0A1 A1left1
3037,14224.47,top0,right1,background,top0A1 A1B1 B1right1
3038,14228.39,bottom1,left1,background,bottom1B0 B0A0 A0A1 A1left1
3039,14236.47,right1,right0,background,right1B1 B1B0 B0right0
3040,14247.33,top1,right1,background,top1B1 B1right1
3041,14249.12,left0,top1,via_B0,left0A0 A0B0 B0B1 B1top1
3042,14257.79,bottom0,top0,background,bottom0A0 A0A1 A1top0
3043,14258.58,right0,top1,background,right0B0 B0B1 B1top1
3044,14259.74,right1,bottom0,background,right1B1 B1A1 A1A0 A0bottom0
3045,14262.50,left0,top1,via_A1,left0A0 A0A1 A1B1 B1top1
3046,14266.57,left0,top1,via_A1,left0A0 A0A1 A1B1 B1top1
3047,14277.17,bottom1,top1,background,bottom1B0 B0B1 B1top1
3048,14277.88,right0,top1,background,right0B0 B0B1 B1top1
3049,14280.55,left1,top1,background,left1A1 A1B1 B1top1
3050,14283.23,top1,bottom1,background,top1B1 B1B0 B0bottom1
3051,14284.93,bottom0,left1,background,bottom0A0 A0A1 A1left1
3052,14288.13,left0,top1,via_B0,left0A0 A0B0 B0B1 B1top1
3053,14302.88,bottom0,top1,background,bottom0A0 A0A1 A1B1 B1top1
3054,14303.91,left0,top1,via_A1,left0A0 A0A1 A1B1 B1top1
3055,14312.88,right1,left1,background,right1B1 B1A1 A1left1
3056,14314.73,left0,top1,via_A1,left0A0 A0A1 A1B1 B1top1
3057,14322.94,top0,right1,background,top0A1 A1B1 B1right1
3058,14324.20,left1,top1,background,left1A1 A1B1 B1top1
3059,14324.59,right1,right0,background,right1B1 B1B0 B0right0
3060,14335.85,right1,top1,background,right1B1 B1top1
3061,14342.10,bottom0,left0,background,bottom0A0 A0left0
3062,14344.19,bottom0,left1,background,bottom0A0 A0A1 A1left1
3063,14347.49,right1,left1,background,right1B1 B1A1 A1left1
3064,14353.09,left0,top1,via_A1,left0A0 A0A1 A1B1 B1top1
3065,14358.97,left0,top1,via_B0,left0A0 A0B0 B0B1 B1top1
3066,14366.66,bottom0,right0,background,bottom0A0 A0B0 B0right0
3067,14374.40,bottom0,right0,background,bottom0A0 A0B0 B0right0
3068,14377.90,right1,left1,background,right1B1 B1A1 A1left1
3069,14390.37,top1,top0,background,top1B1 B1A1 A1top0
3070,14392.70,left1,left0,background,left1A1 A1A0 A0left0
3071,14393.66,bottom0,right0,background,bottom0A0 A0B0 B0right0
3072,14417.88,left1,bottom0,background,left1A1 A1A0 A0bottom0
3073,14420.72,left1,left0,background,left1A1 A1A0 A0left0
3074,14427.35,bottom1,bottom0,background,bottom1B0 B0A0 A0bottom0
3075,14437.00,left1,top0,background,left1A1 A1top0
3076,14437.08,top0,left0,background,top0A1 A1A0 A0left0
3077,14440.27,top1,bottom1,background,top1B1 B1B0 B0bottom1
3078,14451.95,bottom1,bottom0,background,bottom1B0 B0A0 A0bottom0
3079,14459.01,left0,top1,via_A1,left0A0 A0A1 A1B1 B1top1
3080,14462.40,bottom1,top1,background,bottom1B0 B0B1 B1top1
3081,14465.72,bottom1,right0,background,bottom1B0 B0right0
3082,14484.99,top1,right1,background,top1B1 B1right1
3083,14489.00,bottom1,top1,background,bottom1B0 B0B1 B1top1
3084,14492.92,left1,left0,background,left1A1 A1A0 A0left0
3085,14502.51,right1,left0,background,right1B1 B1A1 A1A0 A0left0
3086,14506.35,left1,bottom1,background,left1A1 A1A0 A0B0 B0bottom1
3087,14509.46,left0,top1,via_B0,left0A0 A0B0 B0B1 B1top1
3088,14512.82,bottom1,bottom0,background,bottom1B0 B0A0 A0bottom0
3089,14514.09,bottom0,left1,background,bottom0A0 A0A1 A1left1
3090,14514.52,left0,top1,via_B0,left0A0 A0B0 B0B1 B1top1
3091,14516.99,left1,top1,background,left1A1 A1B1 B1top1
3092,14523.91,left0,top1,via_A1,left0A0 A0A1 A1B1 B1top1
3093,14531.55,right1,bottom0,background,right1B1 B1A1 A1A0 A0bottom0
3094,14531.62,right0,bottom1,background,right0B0 B0bottom1
3095,14532.16,top1,bottom1,background,top1B1 B1B0 B0bottom1
3096,14533.28,right0,left1,background,right0B0 B0A0 A0A1 A1left1
3097,14542.50,bottom0,left0,background,bottom0A0 A0left0
3098,14543.75,left0,top1,via_A1,left0A0 A0A1 A1B1 B1top1
3099,14549.51,bottom1,right0,background,bottom1B0 B0right0
3100,14553.00,left0,top1,via_B0,left0A0 A0B0 B0B1 B1top1
3101,14557.16,bottom0,left1,background,bottom0A0 A0A1 A1left1
3102,14558.66,left0,right1,background,left0A0 A0A1 A1B1 B1right1
3103,14562.61,bottom0,right0,background,bottom0A0 A0B0 B0right0
3104,14567.82,top0,bottom1,background,top0A1 A1A0 A0B0 B0bottom1
3105,14569.69,top1,bottom0,background,top1B1 B1B0 B0A0 A0bottom0
3106,14570.95,top1,right1,background,top1B1 B1right1
3107,14573.15,right0,top0,background,right0B0 B0B1 B1A1 A1top0
3108,14575.41,bottom0,left0,background,bottom0A0 A0left0
3109,14581.41,right1,left0,background,right1B1 B1B0 B0A0 A0left0
3110,14581.85,top0,right0,background,top0A1 A1A0 A0B0 B0right0
3111,14585.05,top0,top1,background,top0A1 A1B1 B1top1
3112,14589.37,left0,top1,via_A1,left0A0 A0A1 A1B1 B1top1
3113,14590.15,top0,right0,background,top0A1 A1A0 A0B0 B0right0
3114,14593.02,top1,bottom1,background,top1B1 B1B0 B0bottom1
3115,14596.65,top0,right1,background,top0A1 A1B1 B1right1
3116,14597.07,bottom0,top0,background,bottom0A0 A0A1 A1top0
3117,14618.04,right0,top0,background,right0B0 B0A0 A0A1 A1top0
3118,14625.11,left1,bottom1,background,left1A1 A1B1 B1B0 B0bottom1
3119,14626.58,left1,bottom0,background,left1A1 A1A0 A0bottom0
3120,14632.28,top1,right0,background,top1B1 B1B0 B0right0
3121,14638.43,bottom0,left1,background,bottom0A0 A0A1 A1left1
3122,14646.74,bottom1,top1,background,bottom1B0 B0B1 B1top1
3123,14658.86,bottom1,right1,background,bottom1B0 B0B1 B1right1
3124,14669.51,right1,bottom0,background,right1B1 B1A1 A1A0 A0bottom0
3125,14671.27,left0,top1,via_B0,left0A0 A0B0 B0B1 B1top1
3126,14677.59,bottom1,bottom0,background,bottom1B0 B0A0 A0bottom0
3127,14678.30,left1,top0,background,left1A1 A1top0
3128,14681.19,top1,right1,background,top1B1 B1right1
3129,14689.18,left0,top1,via_B0,left0A0 A0B0 B0B1 B1top1
3130,14701.28,bottom0,top1,background,bottom0A0 A0A1 A1B1 B1top1
3131,14702.26,left0,top1,via_B0,left0A0 A0B0 B0B1 B1top1
3132,14716.11,top0,left1,background,top0A1 A1left1
3133,14722.60,left1,bottom1,background,left1A1 A1B1 B1B0 B0bottom1
3134,14740.18,left0,top1,via_B0,left0A0 A0B0 B0B1 B1top1
3135,14744.65,right0,left1,background,right0B0 B0A0 A0A1 A1left1
3136,14746.00,bottom1,right0,background,bottom1B0 B0right0
3137,14747.99,top0,bottom0,background,top0A1 A1A0 A0bottom0
3138,14752.80,left0,top1,via_B0,left0A0 A0B0 B0B1 B1top1
3139,14756.11,left0,top1,via_A1,left0A0 A0A1 A1B1 B1top1
3140,14757.60,bottom1,right0,background,bottom1B0 B0right0
3141,14758.63,left1,right0,background,left1A1 A1A0 A0B0 B0right0
3142,14758.85,left0,top1,via_A1,left0A0 A0A1 A1B1 B1top1
3143,14759.89,left1,bottom0,background,left1A1 A1A0 A0bottom0
3144,14768.06,right1,bottom1,background,right1B1 B1B0 B0bottom1
3145,14779.37,top0,right1,background,top0A1 A1B1 B1right1
3146,14784.95,right1,top1,background,right1B1 B1top1
3147,14789.93,top0,bottom0,background,top0A1 A1A0 A0bottom0
3148,14790.39,top1,left0,background,top1B1 B1B0 B0A0 A0left0
3149,14793.72,left1,bottom0,background,left1A1 A1A0 A0bottom0
3150,14798.68,bottom0,right0,background,bottom0A0 A0B0 B0right0
3151,14800.39,bottom1,right0,background,bottom1B0 B0right0
3152,14800.42,left0,top1,via_B0,left0A0 A0B0 B0B1 B1top1
3153,14812.12,right0,left1,background,right0B0 B0A0 A0A1 A1left1
3154,14817.45,bottom1,right0,background,bottom1B0 B0right0
3155,14818.59,right1,right0,background,right1B1 B1B0 B0right0
3156,14825.06,top0,left1,background,top0A1 A1left1
3157,14841.17,left0,top1,via_B0,left0A0 A0B0 B0B1 B1top1
3158,14841.51,top0,left0,background,top0A1 A1A0 A0left0
3159,14842.41,bottom0,left0,background,bottom0A0 A0left0
3160,14843.21,top1,top0,background,top1B1 B1A1 A1top0
3161,14844.10,top1,left1,background,top1B1 B1A1 A1left1
3162,14847.12,right0,left1,background,right0B0 B0A0 A0A1 A1left1
3163,14849.09,left0,top1,via_B0,left0A0 A0B0 B0B1 B1top1
3164,14851.34,left0,top0,background,left0A0 A0A1 A1top0
3165,14853.48,top1,right0,background,top1B1 B1B0 B0right0
3166,14854.69,left1,left0,background,left1A1 A1A0 A0left0
3167,14857.93,top1,left1,background,top1B1 B1A1 A1left1
3168,14860.63,right1,top0,background,right1B1 B1A1 A1top0
3169,14863.39,left0,top1,via_B0,left0A0 A0B0 B0B1 B1top1
3170,14875.03,left0,top1,via_B0,left0A0 A0B0 B0B1 B1top1
3171,14875.71,left0,top0,background,left0A0 A0A1 A1top0
3172,14889.49,bottom0,top0,background,bottom0A0 A0A1 A1top0
3173,14897.08,bottom1,bottom0,background,bottom1B0 B0A0 A0bottom0
3174,14912.30,top0,right1,background,top0A1 A1B1 B1right1
3175,14917.95,left0,top1,via_B0,left0A0 A0B0 B0B1 B1top1
3176,14926.65,top0,right0,background,top0A1 A1A0 A0B0 B0right0
3177,14928.62,right1,right0,background,right1B1 B1B0 B0right0
3178,14941.67,right1,top1,background,right1B1 B1top1
3179,14944.19,top0,top1,background,top0A1 A1B1 B1top1
3180,14953.13,left1,top1,background,left1A1 A1B1 B1top1
3181,14953.89,bottom0,left0,background,bottom0A0 A0left0
3182,14958.44,bottom1,right1,background,bottom1B0 B0B1 B1right1
3183,14971.09,bottom0,left0,background,bottom0A0 A0left0
3184,14972.53,left0,top1,background,left0A0 A0B0 B0B1 B1top1
3185,14988.78,left0,top1,via_B0,left0A0 A0B0 B0B1 B1top1
3186,14995.73,bottom1,left1,background,bottom1B0 B0B1 B1A1 A1left1
3187,14997.79,top1,top0,background,top1B1 B1A1 A1top0
3188,14999.24,left0,top1,via_A1,left0A0 A0A1 A1B1 B1top1
3189,15002.16,left1,bottom1,background,left1A1 A1A0 A0B0 B0bottom1
3190,15004.28,bottom0,right0,background,bottom0A0 A0B0 B0right0
3191,15005.55,top1,left0,background,top1B1 B1A1 A1A0 A0left0
3192,15007.31,left0,top1,via_A1,left0A0 A0A1 A1B1 B1top1
3193,15011.58,right0,bottom0,background,right0B0 B0A0 A0bottom0
3194,15013.39,right0,top1,background,right0B0 B0B1 B1top1
3195,15014.98,right1,left1,background,right1B1 B1A1 A1left1
3196,15020.46,top1,right0,background,top1B1 B1B0 B0right0
3197,15020.90,right0,bottom1,background,right0B0 B0bottom1
3198,15021.94,bottom1,top1,background,bottom1B0 B0B1 B1top1
3199,15026.04,left0,top1,via_B0,left0A0 A0B0 B0B1 B1top1
3200,15030.65,bottom1,right0,background,bottom1B0 B0right0
3201,15032.86,bottom0,left0,background,bottom0A0 A0left0
3202,15039.17,left0,top1,via_A1,left0A0 A0A1 A1B1 B1top1
3203,15043.56,left0,top1,via_A1,left0A0 A0A1 A1B1 B1top1
3204,15058.76,top1,bottom0,background,top1B1 B1B0 B0A0 A0bottom0
3205,15065.47,left1,right1,background,left1A1 A1B1 B1right1
3206,15075.50,right0,bottom0,background,right0B0 B0A0 A0bottom0
3207,15076.91,right0,left0,background,right0B0 B0A0 A0left0
3208,15079.70,left0,top1,via_B0,left0A0 A0B0 B0B1 B1top1
3209,15086.30,left0,top1,via_A1,left0A0 A0A1 A1B1 B1top1
3210,15087.42,left1,left0,background,left1A1 A1A0 A0left0
3211,15089.89,right1,right0,background,right1B1 B1B0 B0right0
3212,15100.14,bottom0,top0,background,bottom0A0 A0A1 A1top0
3213,15103.14,left1,top0,background,left1A1 A1top0
3214,15107.49,left1,top1,background,left1A1 A1B1 B1top1
3215,15109.42,bottom0,top1,background,bottom0A0 A0A1 A1B1 B1top1
3216,15111.52,top0,right0,background,top0A1 A1A0 A0B0 B0right0
3217,15115.20,top1,right0,background,top1B1 B1B0 B0right0
3218,15124.01,bottom0,left1,background,bottom0A0 A0A1 A1left1
3219,15129.99,bottom1,right0,background,bottom1B0 B0right0
3220,15131.42,bottom1,right1,background,bottom1B0 B0B1 B1right1
3221,15136.56,top0,top1,background,top0A1 A1B1 B1top1
3222,15137.79,left1,top1,background,left1A1 A1B1 B1top1
3223,15144.19,left0,top1,via_A1,left0A0 A0A1 A1B1 B1top1
3224,15155.15,left1,right0,background,left1A1 A1B1 B1B0 B0right0
3225,15156.18,top0,left1,background,top0A1 A1left1
3226,15156.88,bottom0,bottom1,background,bottom0A0 A0B0 B0bottom1
3227,15159.20,top0,bottom0,background,top0A1 A1A0 A0bottom0
3228,15162.46,left1,right1,background,left1A1 A1B1 B1right1
3229,15167.41,left1,left0,background,left1A1 A1A0 A0left0
3230,15176.37,left0,top1,via_B0,left0A0 A0B0 B0B1 B1top1
3231,15177.01,bottom1,top1,background,bottom1B0 B0B1 B1top1
3232,15179.32,left1,right0,background,left1A1 A1B1 B1B0 B0right0
3233,15180.83,right1,bottom1,background,right1B1 B1B0 B0bottom1
3234,15187.74,top1,bottom1,background,top1B1 B1B0 B0bottom1
3235,15191.10,left1,top1,background,left1A1 A1B1 B1top1
3236,15191.45,left1,bottom0,background,left1A1 A1A0 A0bottom0
3237,15193.12,bottom1,top1,background,bottom1B0 B0B1 B1top1
3238,15193.18,bottom1,left0,background,bottom1B0 B0A0 A0left0
3239,15193.99,bottom0,right0,background,bottom0A0 A0B0 B0right0
3240,15197.65,top1,top0,background,top1B1 B1A1 A1top0
3241,15199.33,right1,bottom1,background,right1B1 B1B0 B0bottom1
3242,15200.87,left0,top1,via_B0,left0A0 A0B0 B0B1 B1top1
3243,15201.44,left0,top1,via_A1,left0A0 A0A1 A1B1 B1top1
3244,15205.17,bottom1,top1,background,bottom1B0 B0B1 B1top1
3245,15206.86,left0,top1,via_A1,left0A0 A0A1 A1B1 B1top1
3246,15209.02,left1,top0,background,left1A1 A1top0
3247,15209.67,right0,right1,background,right0B0 B0B1 B1right1
3248,15218.35,bottom1,right1,background,bottom1B0 B0B1 B1right1
3249,15220.49,left1,top0,background,left1A1 A1top0
3250,15232.29,right1,left1,background,right1B1 B1A1 A1left1
3251,15232.97,right1,left1,background,right1B1 B1A1 A1left1
3252,15236.72,right1,bottom1,background,right1B1 B1B0 B0bottom1
3253,15241.06,right1,bottom1,background,right1B1 B1B0 B0bottom1
3254,15248.92,top0,bottom1,background,top0A1 A1A0 A0B0 B0bottom1
3255,15250.22,right0,top0,background,right0B0 B0A0 A0A1 A1top0
3256,15251.49,top0,bottom1,background,top0A1 A1A0 A0B0 B0bottom1
3257,15254.21,right1,left0,background,right1B1 B1A1 A1A0 A0left0
3258,15257.18,top1,bottom1,background,top1B1 B1B0 B0bottom1
3259,15261.56,left0,top1,via_A1,left0A0 A0A1 A1B1 B1top1
3260,15269.05,top1,right0,background,top1B1 B1B0 B0right0
3261,15274.94,right0,bottom1,background,right0B0 B0bottom1
3262,15275.85,right0,right1,background,right0B0 B0B1 B1right1
3263,15283.14,left0,top1,via_A1,left0A0 A0A1 A1B1 B1top1
3264,15296.13,top1,left1,background,top1B1 B1A1 A1left1
3265,15299.19,top0,left0,background,top0A1 A1A0 A0left0
3266,15302.63,right0,bottom0,background,right0B0 B0A0 A0bottom0
3267,15311.85,right0,bottom0,background,right0B0 B0A0 A0bottom0
3268,15313.54,left1,left0,background,left1A1 A1A0 A0left0
3269,15313.80,left0,top1,via_A1,left0A0 A0A1 A1B1 B1top1
3270,15318.45,top0,bottom0,background,top0A1 A1A0 A0bottom0
3271,15322.28,left0,top1,via_B0,left0A0 A0B0 B0B1 B1top1
3272,15334.42,bottom1,left0,background,bottom1B0 B0A0 A0left0
3273,15338.19,top0,top1,background,top0A1 A1B1 B1top1
3274,15340.71,right0,top1,background,right0B0 B0B1 B1top1
3275,15340.81,right1,bottom1,background,right1B1 B1B0 B0bottom1
3276,15345.81,top0,right0,background,top0A1 A1B1 B1B0 B0right0
3277,15346.73,top1,left0,background,top1B1 B1A1 A1A0 A0left0
3278,15346.82,top1,left1,background,top1B1 B1A1 A1left1
3279,15351.59,bottom1,right1,background,bottom1B0 B0B1 B1right1
3280,15351.73,right0,bottom1,background,right0B0 B0bottom1
3281,15353.57,bottom0,right0,background,bottom0A0 A0B0 B0right0
3282,15362.91,right1,bottom1,background,right1B1 B1B0 B0bottom1
3283,15381.47,right1,bottom0,background,right1B1 B1B0 B0A0 A0bottom0
3284,15392.36,left0,top1,via_A1,left0A0 A0A1 A1B1 B1top1
3285,15394.33,right1,bottom1,background,right1B1 B1B0 B0bottom1
3286,15395.31,top0,left1,background,top0A1 A1left1
3287,15403.84,left1,right0,background,left1A1 A1A0 A0B0 B0right0
3288,15407.43,right0,bottom0,background,right0B0 B0A0 A0bottom0
3289,15409.35,right1,top0,background,right1B1 B1A1 A1top0
3290,15410.43,left0,top1,via_A1,left0A0 A0A1 A1B1 B1top1
3291,15410.55,bottom0,top0,background,bottom0A0 A0A1 A1top0
3292,15418.70,bottom1,left1,background,bottom1B0 B0A0 A0A1 A1left1
3293,15422.74,bottom0,top0,background,bottom0A0 A0A1 A1top0
3294,15435.63,left0,top1,via_A1,left0A0 A0A1 A1B1 B1top1
3295,15450.33,top0,bottom1,background,top0A1 A1A0 A0B0 B0bottom1
3296,15457.22,left1,bottom0,background,left1A1 A1A0 A0bottom0
3297,15464.18,right1,bottom1,background,right1B1 B1B0 B0bottom1
3298,15467.42,right0,left0,background,right0B0 B0A0 A0left0
3299,15473.58,top0,top1,background,top0A1 A1B1 B1top1
3300,15477.63,left0,top1,via_B0,left0A0 A0B0 B0B1 B1top1
3301,15478.10,bottom1,left1,background,bottom1B0 B0B1 B1A1 A1left1
3302,15480.11,bottom0,top1,background,bottom0A0 A0A1 A1B1 B1top1
3303,15488.35,right1,right0,background,right1B1 B1B0 B0right0
3304,15507.85,bottom0,left0,background,bottom0A0 A0left0
3305,15509.05,top0,bottom1,background,top0A1 A1A0 A0B0 B0bottom1
3306,15511.01,left0,top1,via_B0,left0A0 A0B0 B0B1 B1top1
3307,15511.12,left0,top1,via_B0,left0A0 A0B0 B0B1 B1top1
3308,15515.21,left0,top1,via_A1,left0A0 A0A1 A1B1 B1top1
3309,15516.09,bottom1,right0,background,bottom1B0 B0right0
3310,15518.11,top0,left0,background,top0A1 A1A0 A0left0
3311,15518.74,bottom0,top1,background,bottom0A0 A0A1 A1B1 B1top1
3312,15526.31,right1,top1,background,right1B1 B1top1
3313,15530.06,top1,bottom1,background,top1B1 B1B0 B0bottom1
3314,15532.71,bottom1,right0,background,bottom1B0 B0right0
3315,15536.55,right1,top0,background,right1B1 B1A1 A1top0
3316,15537.38,right0,top1,background,right0B0 B0B1 B1top1
3317,15547.62,top0,bottom1,background,top0A1 A1A0 A0B0 B0bottom1
3318,15554.31,right1,left1,background,right1B1 B1A1 A1left1
3319,15557.29,left1,bottom0,background,left1A1 A1A0 A0bottom0
3320,15558.83,left0,top1,via_B0,left0A0 A0B0 B0B1 B1top1
3321,15559.63,left1,bottom1,background,left1A1 A1A0 A0B0 B0bottom1
3322,15569.81,bottom0,right0,background,bottom0A0 A0B0 B0right0
3323,15571.16,right0,top0,background,right0B0 B0A0 A0A1 A1top0
3324,15576.84,bottom0,bottom1,background,bottom0A0 A0B0 B0bottom1
3325,15579.10,bottom1,right0,background,bottom1B0 B0right0
3326,15588.10,right0,top0,background,right0B0 B0A0 A0A1 A1top0
3327,15588.71,left0,top1,via_B0,left0A0 A0B0 B0B1 B1top1
3328,15594.33,left0,top1,via_B0,left0A0 A0B0 B0B1 B1top1
3329,15602.52,left0,top1,via_A1,left0A0 A0A1 A1B1 B1top1
3330,15609.75,bottom0,left0,background,bottom0A0 A0left0
3331,15617.78,bottom0,left1,background,bottom0A0 A0A1 A1left1
3332,15634.57,bottom0,left0,background,bottom0A0 A0left0
3333,15635.84,top1,right1,background,top1B1 B1right1
3334,15635.91,right1,bottom1,background,right1B1 B1B0 B0bottom1
3335,15640.02,top0,bottom1,background,top0A1 A1B1 B1B0 B0bottom1
3336,15643.00,right1,right0,background,right1B1 B1B0 B0right0
3337,15648.23,left0,right0,background,left0A0 A0B0 B0right0
3338,15657.72,top0,right1,background,top0A1 A1B1 B1right1
3339,15659.65,bottom1,bottom0,background,bottom1B0 B0A0 A0bottom0
3340,15663.98,left1,right1,background,left1A1 A1B1 B1right1
3341,15675.24,top1,top0,background,top1B1 B1A1 A1top0
3342,15677.78,bottom0,top1,background,bottom0A0 A0B0 B0B1 B1top1
3343,15677.96,right1,top0,background,right1B1 B1A1 A1top0
3344,15679.40,top0,right0,background,top0A1 A1A0 A0B0 B0right0
3345,15683.98,right0,bottom1,background,right0B0 B0bottom1
3346,15704.49,left1,top1,background,left1A1 A1B1 B1top1
3347,15704.80,right1,bottom1,background,right1B1 B1B0 B0bottom1
3348,15709.73,left0,top1,via_A1,left0A0 A0A1 A1B1 B1top1
3349,15717.37,left0,top1,via_A1,left0A0 A0A1 A1B1 B1top1
3350,15719.89,bottom0,right1,background,bottom0A0 A0A1 A1B1 B1right1
3351,15726.88,left0,top1,via_A1,left0A0 A0A1 A1B1 B1top1
3352,15734.37,left0,top1,via_A1,left0A0 A0A1 A1B1 B1top1
3353,15739.93,left0,top1,via_A1,left0A0 A0A1 A1B1 B1top1
3354,15744.28,top1,right0,background,top1B1 B1B0 B0right0
3355,15747.29,left1,right1,background,left1A1 A1B1 B1right1
3356,15755.07,bottom0,top0,background,bottom0A0 A0A1 A1top0
3357,15757.56,bottom0,right1,background,bottom0A0 A0B0 B0B1 B1right1
3358,15759.33,bottom0,top1,background,bottom0A0 A0B0 B0B1 B1top1
3359,15763.02,right1,top0,background,right1B1 B1A1 A1top0
3360,15774.68,right0,left1,background,right0B0 B0B1 B1A1 A1left1
3361,15779.06,top1,left0,background,top1B1 B1B0 B0A0 A0left0
3362,15782.05,right1,left1,background,right1B1 B1A1 A1left1
3363,15783.61,bottom0,top1,background,bottom0A0 A0B0 B0B1 B1top1
3364,15786.61,left1,right1,background,left1A1 A1B1 B1right1
3365,15787.54,bottom1,top0,background,bottom1B0 B0A0 A0A1 A1top0
3366,15791.50,bottom1,top0,background,bottom1B0 B0A0 A0A1 A1top0
3367,15795.29,bottom1,left0,background,bottom1B0 B0A0 A0left0
3368,15796.67,bottom0,right1,background,bottom0A0 A0A1 A1B1 B1right1
3369,15797.12,bottom1,left0,background,bottom1B0 B0A0 A0left0
3370,15800.03,right0,left0,background,right0B0 B0A0 A0left0
3371,15802.53,left0,top1,via_A1,left0A0 A0A1 A1B1 B1top1
3372,15802.62,top0,left1,background,top0A1 A1left1
3373,15810.27,left0,top1,via_A1,left0A0 A0A1 A1B1 B1top1
3374,15815.53,bottom0,top1,background,bottom0A0 A0B0 B0B1 B1top1
3375,15816.98,left0,top1,via_B0,left0A0 A0B0 B0B1 B1top1
3376,15821.44,left0,bottom0,background,left0A0 A0bottom0
3377,15822.52,bottom1,right0,background,bottom1B0 B0right0
3378,15824.18,left0,top1,via_A1,left0A0 A0A1 A1B1 B1top1
3379,15827.39,left1,left0,background,left1A1 A1A0 A0left0
3380,15832.52,top1,right0,background,top1B1 B1B0 B0right0
3381,15833.25,left0,top1,via_A1,left0A0 A0A1 A1B1 B1top1
3382,15838.71,bottom1,left1,background,bottom1B0 B0A0 A0A1 A1left1
3383,15845.02,top0,right0,background,top0A1 A1A0 A0B0 B0right0
3384,15853.47,left0,top1,via_A1,left0A0 A0A1 A1B1 B1top1
3385,15857.07,left1,right0,background,left1A1 A1A0 A0B0 B0right0
3386,15864.76,left1,left0,background,left1A1 A1A0 A0left0
3387,15868.23,left0,top1,via_B0,left0A0 A0B0 B0B1 B1top1
3388,15875.25,left0,top1,via_A1,left0A0 A0A1 A1B1 B1top1
3389,15877.18,right1,bottom0,background,right1B1 B1B0 B0A0 A0bottom0
3390,15881.40,bottom1,right0,background,bottom1B0 B0right0
3391,15883.33,left0,top1,via_A1,left0A0 A0A1 A1B1 B1top1
3392,15884.92,left1,bottom0,background,left1A1 A1A0 A0bottom0
3393,15888.10,top1,right1,background,top1B1 B1right1
3394,15895.40,left0,top1,via_A1,left0A0 A0A1 A1B1 B1top1
3395,15897.25,top0,right0,background,top0A1 A1B1 B1B0 B0right0
3396,15899.85,left0,top1,via_B0,left0A0 A0B0 B0B1 B1top1
3397,15912.35,bottom1,right0,background,bottom1B0 B0right0
3398,15922.76,top1,right1,background,top1B1 B1right1
3399,15925.72,left0,top1,via_B0,left0A0 A0B0 B0B1 B1top1
3400,15929.50,left1,top0,background,left1A1 A1top0
3401,15933.65,right0,bottom1,background,right0B0 B0bottom1
3402,15944.33,left0,top1,via_B0,left0A0 A0B0 B0B1 B1top1
3403,15947.98,top1,right0,background,top1B1 B1B0 B0right0
3404,15948.97,left0,top1,via_A1,left0A0 A0A1 A1B1 B1top1
3405,15950.63,left1,top1,background,left1A1 A1B1 B1top1
3406,15956.70,left1,bottom0,background,left1A1 A1A0 A0bottom0
3407,15958.94,bottom0,top1,background,bottom0A0 A0A1 A1B1 B1top1
3408,15962.42,bottom1,top0,background,bottom1B0 B0A0 A0A1 A1top0
3409,15966.56,right1,top1,background,right1B1 B1top1
3410,15966.96,bottom0,bottom1,background,bottom0A0 A0B0 B0bottom1
3411,15975.80,bottom1,top1,background,bottom1B0 B0B1 B1top1
3412,15977.87,bottom0,top1,background,bottom0A0 A0B0 B0B1 B1top1
3413,15978.13,bottom0,right0,background,bottom0A0 A0B0 B0right0
3414,15987.29,bottom1,top1,background,bottom1B0 B0B1 B1top1
3415,16000.57,bottom0,top0,background,bottom0A0 A0A1 A1top0
3416,16006.21,left0,top1,via_B0,left0A0 A0B0 B0B1 B1top1
3417,16009.46,top1,right0,background,top1B1 B1B0 B0right0
3418,16014.45,right0,left0,background,right0B0 B0A0 A0left0
3419,16020.75,bottom0,top1,background,bottom0A0 A0A1 A1B1 B1top1
3420,16026.30,top1,top0,background,top1B1 B1A1 A1top0
3421,16027.45,left0,top1,via_B0,left0A0 A0B0 B0B1 B1top1
3422,16028.63,bottom0,left0,background,bottom0A0 A0left0
3423,16029.71,left0,top1,via_A1,left0A0 A0A1 A1B1 B1top1
3424,16032.53,bottom1,top1,background,bottom1B0 B0B1 B1top1
3425,16033.96,left0,top1,via_A1,left0A0 A0A1 A1B1 B1top1
3426,16041.50,top0,left0,background,top0A1 A1A0 A0left0
3427,16043.66,right1,right0,background,right1B1 B1B0 B0right0
3428,16045.86,left0,bottom0,background,left0A0 A0bottom0
3429,16053.13,right0,bottom1,background,right0B0 B0bottom1
3430,16053.83,bottom1,right1,background,bottom1B0 B0B1 B1right1
3431,16060.46,right1,bottom0,background,right1B1 B1B0 B0A0 A0bottom0
3432,16063.58,left0,top1,via_A1,left0A0 A0A1 A1B1 B1top1
3433,16067.28,left1,bottom1,background,left1A1 A1A0 A0B0 B0bottom1
3434,16074.50,bottom1,right0,background,bottom1B0 B0right0
3435,16075.51,left1,top1,background,left1A1 A1B1 B1top1
3436,16075.85,top1,bottom0,background,top1B1 B1B0 B0A0 A0bottom0
3437,16077.39,right0,top1,background,right0B0 B0B1 B1top1
3438,16078.09,right0,left1,background,right0B0 B0B1 B1A1 A1left1
3439,16079.23,top0,left1,background,top0A1 A1left1
3440,16091.13,right0,bottom0,background,right0B0 B0A0 A0bottom0
3441,16091.28,left0,top1,via_A1,left0A0 A0A1 A1B1 B1top1
3442,16092.28,bottom1,right0,background,bottom1B0 B0right0
3443,16094.52,bottom1,right1,background,bottom1B0 B0B1 B1right1
3444,16100.72,right0,left1,background,right0B0 B0B1 B1A1 A1left1
3445,16106.30,top0,top1,background,top0A1 A1B1 B1top1
3446,16114.03,left1,left0,background,left1A1 A1A0 A0left0
3447,16119.93,left0,top1,via_B0,left0A0 A0B0 B0B1 B1top1
3448,16126.80,bottom0,bottom1,background,bottom0A0 A0B0 B0bottom1
3449,16128.04,bottom0,top1,background,bottom0A0 A0A1 A1B1 B1top1
3450,16132.33,bottom1,top1,background,bottom1B0 B0B1 B1top1
3451,16134.16,left0,top1,via_A1,left0A0 A0A1 A1B1 B1top1
3452,16142.76,bottom1,right1,background,bottom1B0 B0B1 B1right1
3453,16151.52,top0,right0,background,top0A1 A1A0 A0B0 B0right0
3454,16153.17,left1,top1,background,left1A1 A1B1 B1top1
3455,16160.26,right1,top1,background,right1B1 B1top1
3456,16181.36,top1,right1,background,top1B1 B1right1
3457,16187.43,right1,left0,background,right1B1 B1A1 A1A0 A0left0
3458,16193.26,left0,left1,background,left0A0 A0A1 A1left1
3459,16193.84,left0,top1,via_A1,left0A0 A0A1 A1B1 B1top1
3460,16194.01,top1,bottom1,background,top1B1 B1B0 B0bottom1
3461,16194.49,right0,right1,background,right0B0 B0B1 B1right1
3462,16194.57,right0,left0,background,right0B0 B0A0 A0left0
3463,16196.55,left0,top1,via_A1,left0A0 A0A1 A1B1 B1top1
3464,16201.20,left0,top1,via_B0,left0A0 A0B0 B0B1 B1top1
3465,16205.45,right0,right1,background,right0B0 B0B1 B1right1
3466,16220.88,left0,top1,via_A1,left0A0 A0A1 A1B1 B1top1
3467,16222.71,top0,left1,background,top0A1 A1left1
3468,16229.00,left0,top1,via_A1,left0A0 A0A1 A1B1 B1top1
3469,16232.89,right1,bottom0,background,right1B1 B1A1 A1A0 A0bottom0
3470,16234.32,right0,left1,background,right0B0 B0A0 A0A1 A1left1
3471,16236.62,right1,left1,background,right1B1 B1A1 A1left1
3472,16237.75,top1,top0,background,top1B1 B1A1 A1top0
3473,16269.97,right0,left0,background,right0B0 B0A0 A0left0
3474,16273.06,top1,top0,background,top1B1 B1A1 A1top0
3475,16284.48,left0,top1,via_B0,left0A0 A0B0 B0B1 B1top1
3476,16297.59,bottom0,left1,background,bottom0A0 A0A1 A1left1
3477,16309.61,bottom0,top1,background,bottom0A0 A0A1 A1B1 B1top1
3478,16317.60,left0,top1,via_A1,left0A0 A0A1 A1B1 B1top1
3479,16322.77,right1,top0,background,right1B1 B1A1 A1top0
3480,16332.52,right0,bottom0,background,right0B0 B0A0 A0bottom0
3481,16333.84,left1,right1,background,left1A1 A1B1 B1right1
3482,16341.14,left0,top1,via_A1,left0A0 A0A1 A1B1 B1top1
3483,16344.31,left0,top1,via_A1,left0A0 A0A1 A1B1 B1top1
3484,16344.50,right1,right0,background,right1B1 B1B0 B0right0
3485,16347.43,right1,top0,background,right1B1 B1A1 A1top0
3486,16357.97,right0,bottom0,background,right0B0 B0A0 A0bottom0
3487,16364.41,right1,left1,background,right1B1 B1A1 A1left1
3488,16364.62,left0,bottom0,background,left0A0 A0bottom0
3489,16365.31,left0,bottom1,background,left0A0 A0B0 B0bottom1
3490,16381.16,left1,right0,background,left1A1 A1A0 A0B0 B0right0
3491,16394.17,right0,left1,background,right0B0 B0A0 A0A1 A1left1
3492,16403.85,left0,top1,via_B0,left0A0 A0B0 B0B1 B1top1
3493,16406.52,bottom1,left0,background,bottom1B0 B0A0 A0left0
3494,16409.57,top0,right1,background,top0A1 A1B1 B1right1
3495,16410.69,top0,bottom1,background,top0A1 A1A0 A0B0 B0bottom1
3496,16413.19,top0,top1,background,top0A1 A1B1 B1top1
3497,16414.35,top1,bottom0,background,top1B1 B1A1 A1A0 A0bottom0
3498,16421.42,right0,right1,background,right0B0 B0B1 B1right1
3499,16423.50,left0,top1,via_B0,left0A0 A0B0 B0B1 B1top1
3500,16424.22,right0,top0,background,right0B0 B0A0 A0A1 A1top0
3501,16425.50,left1,top1,background,left1A1 A1B1 B1top1
3502,16426.58,left1,left0,background,left1A1 A1A0 A0left0
3503,16431.78,left1,top0,background,left1A1 A1top0
3504,16436.70,left0,top1,via_B0,left0A0 A0B0 B0B1 B1top1
3505,16440.88,bottom0,bottom1,background,bottom0A0 A0B0 B0bottom1
3506,16442.22,bottom0,top1,background,bottom0A0 A0A1 A1B1 B1top1
3507,16443.42,top1,bottom1,background,top1B1 B1B0 B0bottom1
3508,16443.61,bottom1,top1,background,bottom1B0 B0B1 B1top1
3509,16444.05,right1,left1,background,right1B1 B1A1 A1left1
3510,16448.01,right1,left1,background,right1B1 B1A1 A1left1
3511,16452.59,right1,bottom0,background,right1B1 B1B0 B0A0 A0bottom0
3512,16455.25,right1,right0,background,right1B1 B1B0 B0right0
3513,16461.21,bottom0,right0,background,bottom0A0 A0B0 B0right0
3514,16462.48,left0,top1,via_B0,left0A0 A0B0 B0B1 B1top1
3515,16464.77,left1,left0,background,left1A1 A1A0 A0left0
3516,16467.87,bottom1,left1,background,bottom1B0 B0B1 B1A1 A1left1
3517,16468.77,left1,bottom0,background,left1A1 A1A0 A0bottom0
3518,16475.38,top1,bottom1,background,top1B1 B1B0 B0bottom1
3519,16482.07,right0,top0,background,right0B0 B0A0 A0A1 A1top0
3520,16486.33,left0,right1,background,left0A0 A0B0 B0B1 B1right1
3521,16489.22,top1,left0,background,top1B1 B1A1 A1A0 A0left0
3522,16492.71,top0,left1,background,top0A1 A1left1
3523,16502.79,left0,right0,background,left0A0 A0B0 B0right0
3524,16509.45,left0,top1,via_A1,left0A0 A0A1 A1B1 B1top1
3525,16512.00,right1,left1,background,right1B1 B1A1 A1left1
3526,16543.01,top0,right0,background,top0A1 A1B1 B1B0 B0right0
3527,16545.56,right0,top1,background,right0B0 B0B1 B1top1
3528,16548.64,right0,top0,background,right0B0 B0A0 A0A1 A1top0
3529,16551.86,right0,bottom1,background,right0B0 B0bottom1
3530,16554.21,left0,top1,via_B0,left0A0 A0B0 B0B1 B1top1
3531,16571.72,left0,top1,via_A1,left0A0 A0A1 A1B1 B1top1
3532,16573.79,top1,right1,background,top1B1 B1right1
3533,16574.71,top0,right0,background,top0A1 A1B1 B1B0 B0right0
3534,16580.49,left0,right0,background,left0A0 A0B0 B0right0
3535,16584.68,top0,bottom0,background,top0A1 A1A0 A0bottom0
3536,16586.16,right0,top0,background,right0B0 B0A0 A0A1 A1top0
3537,16590.78,bottom0,right0,background,bottom0A0 A0B0 B0right0
3538,16597.62,bottom0,top0,background,bottom0A0 A0A1 A1top0
3539,16602.52,bottom0,right0,background,bottom0A0 A0B0 B0right0
3540,16607.64,left0,top1,via_B0,left0A0 A0B0 B0B1 B1top1
3541,16614.28,left1,bottom0,background,left1A1 A1A0 A0bottom0
3542,16629.17,right1,left0,background,right1B1 B1B0 B0A0 A0left0
3543,16629.56,bottom0,left0,background,bottom0A0 A0left0
3544,16633.19,right1,top1,background,right1B1 B1top1
3545,16633.26,top0,right1,background,top0A1 A1B1 B1right1
3546,16633.30,right1,right0,background,right1B1 B1B0 B0right0
3547,16635.11,top0,bottom0,background,top0A1 A1A0 A0bottom0
3548,16642.18,right0,top0,background,right0B0 B0A0 A0A1 A1top0
3549,16649.59,bottom0,top1,background,bottom0A0 A0A1 A1B1 B1top1
3550,16656.00,top1,right0,background,top1B1 B1B0 B0right0
3551,16656.72,top0,right1,background,top0A1 A1B1 B1right1
3552,16665.09,left1,right0,background,left1A1 A1B1 B1B0 B0right0
3553,16665.52,left0,top1,via_A1,left0A0 A0A1 A1B1 B1top1
3554,16668.99,left1,bottom0,background,left1A1 A1A0 A0bottom0
3555,16672.39,right0,left0,background,right0B0 B0A0 A0left0
3556,16673.35,top1,right1,background,top1B1 B1right1
3557,16673.80,right1,bottom0,background,right1B1 B1A1 A1A0 A0bottom0
3558,16678.63,left0,top1,via_B0,left0A0 A0B0 B0B1 B1top1
3559,16679.25,top0,bottom1,background,top0A1 A1A0 A0B0 B0bottom1
3560,16681.44,left0,top1,via_A1,left0A0 A0A1 A1B1 B1top1
3561,16681.73,left0,top1,via_A1,left0A0 A0A1 A1B1 B1top1
3562,16698.60,left0,top1,via_B0,left0A0 A0B0 B0B1 B1top1
3563,16701.33,bottom0,left0,background,bottom0A0 A0left0
3564,16710.83,top0,right0,background,top0A1 A1A0 A0B0 B0right0
3565,16717.20,top1,right1,background,top1B1 B1right1
3566,16717.24,top1,right0,background,top1B1 B1B0 B0right0
3567,16719.35,right1,bottom1,background,right1B1 B1B0 B0bottom1
3568,16722.74,left1,top1,background,left1A1 A1B1 B1top1
3569,16729.02,left0,top1,via_B0,left0A0 A0B0 B0B1 B1top1
3570,16732.14,left1,top1,background,left1A1 A1B1 B1top1
3571,16734.40,left0,top1,via_B0,left0A0 A0B0 B0B1 B1top1
3572,16738.18,top0,right0,background,top0A1 A1A0 A0B0 B0right0
3573,16738.53,bottom0,right1,background,bottom0A0 A0A1 A1B1 B1right1
3574,16744.02,left0,top1,via_B0,left0A0 A0B0 B0B1 B1top1
3575,16746.15,top0,bottom0,background,top0A1 A1A0 A0bottom0
3576,16749.76,top1,right1,background,top1B1 B1right1
3577,16749.84,bottom0,left0,background,bottom0A0 A0left0
3578,16754.19,bottom1,left1,background,bottom1B0 B0A0 A0A1 A1left1
3579,16759.39,right1,bottom1,background,right1B1 B1B0 B0bottom1
3580,16759.91,left0,top1,via_B0,left0A0 A0B0 B0B1 B1top1
3581,16761.02,bottom1,right0,background,bottom1B0 B0right0
3582,16761.90,left0,top1,via_A1,left0A0 A0A1 A1B1 B1top1
3583,16763.66,top1,bottom1,background,top1B1 B1B0 B0bottom1
3584,16771.10,top1,left0,background,top1B1 B1B0 B0A0 A0left0
3585,16783.37,top1,bottom1,background,top1B1 B1B0 B0bottom1
3586,16787.73,left0,right0,background,left0A0 A0B0 B0right0
3587,16788.60,right1,left1,background,right1B1 B1A1 A1left1
3588,16815.06,left0,top1,via_B0,left0A0 A0B0 B0B1 B1top1
3589,16815.45,bottom1,top1,background,bottom1B0 B0B1 B1top1
3590,16824.12,right1,top0,background,right1B1 B1A1 A1top0
3591,16846.24,bottom1,right0,background,bottom1B0 B0right0
3592,16848.64,top0,left0,background,top0A1 A1A0 A0left0
3593,16848.91,left0,top1,via_B0,left0A0 A0B0 B0B1 B1top1
3594,16854.21,top1,left0,background,top1B1 B1B0 B0A0 A0left0
3595,16863.25,left1,bottom1,background,left1A1 A1A0 A0B0 B0bottom1
3596,16865.31,left0,top1,via_B0,left0A0 A0B0 B0B1 B1top1
3597,16869.43,left0,top1,via_B0,left0A0 A0B0 B0B1 B1top1
3598,16875.05,bottom0,bottom1,background,bottom0A0 A0B0 B0bottom1
3599,16876.09,right1,left0,background,right1B1 B1B0 B0A0 A0left0
3600,16877.08,top0,right0,background,top0A1 A1B1 B1B0 B0right0
3601,16889.61,left0,top1,via_A1,left0A0 A0A1 A1B1 B1top1
3602,16897.01,left0,top1,via_B0,left0A0 A0B0 B0B1 B1top1
3603,16898.35,bottom0,top1,background,bottom0A0 A0A1 A1B1 B1top1
3604,16898.75,left0,top1,via_A1,left0A0 A0A1 A1B1 B1top1
3605,16906.26,left0,top1,via_A1,left0A0 A0A1 A1B1 B1top1
3606,16909.63,top1,right1,background,top1B1 B1right1
3607,16916.86,bottom0,top0,background,bottom0A0 A0A1 A1top0
3608,16919.18,bottom1,right0,background,bottom1B0 B0right0
3609,16923.21,top0,bottom1,background,top0A1 A1B1 B1B0 B0bottom1
3610,16925.96,right0,right1,background,right0B0 B0B1 B1right1
3611,16926.84,left0,top1,via_B0,left0A0 A0B0 B0B1 B1top1
3612,16929.28,bottom0,right1,background,bottom0A0 A0A1 A1B1 B1right1
3613,16930.54,top1,bottom1,background,top1B1 B1B0 B0bottom1
3614,16934.51,left0,top1,via_B0,left0A0 A0B0 B0B1 B1top1
3615,16942.02,left1,right0,background,left1A1 A1B1 B1B0 B0right0
3616,16957.27,top1,right0,background,top1B1 B1B0 B0right0
3617,16960.92,left1,bottom0,background,left1A1 A1A0 A0bottom0
3618,16962.24,top0,right0,background,top0A1 A1A0 A0B0 B0right0
3619,16978.06,top0,bottom1,background,top0A1 A1B1 B1B0 B0bottom1
3620,16979.48,top1,bottom1,background,top1B1 B1B0 B0bottom1
3621,16979.67,left0,top1,via_B0,left0A0 A0B0 B0B1 B1top1
3622,16984.25,top1,top0,background,top1B1 B1A1 A1top0
3623,16985.33,right1,left1,background,right1B1 B1A1 A1left1
3624,16988.26,right1,bottom0,background,right1B1 B1B0 B0A0 A0bottom0
3625,16988.73,left1,right1,background,left1A1 A1B1 B1right1
3626,16993.27,bottom0,right1,background,bottom0A0 A0A1 A1B1 B1right1
3627,17009.28,left0,top1,via_B0,left0A0 A0B0 B0B1 B1top1
3628,17009.62,right0,bottom1,background,right0B0 B0bottom1
3629,17012.87,bottom1,right0,background,bottom1B0 B0right0
3630,17017.25,right0,left0,background,right0B0 B0A0 A0left0
3631,17017.74,left0,top1,via_A1,left0A0 A0A1 A1B1 B1top1
3632,17020.79,top1,right1,background,top1B1 B1right1
3633,17044.68,left1,bottom0,background,left1A1 A1A0 A0bottom0
3634,17046.35,bottom0,top0,background,bottom0A0 A0A1 A1top0
3635,17054.40,top1,bottom1,background,top1B1 B1B0 B0bottom1
3636,17070.90,top0,bottom1,background,top0A1 A1A0 A0B0 B0bottom1
3637,17078.51,right0,top0,background,right0B0 B0B1 B1A1 A1top0
3638,17079.27,bottom0,top1,background,bottom0A0 A0B0 B0B1 B1top1
3639,17079.54,left0,top1,via_A1,left0A0 A0A1 A1B1 B1top1
3640,17081.31,right1,bottom1,background,right1B1 B1B0 B0bottom1
3641,17088.49,right0,bottom0,background,right0B0 B0A0 A0bottom0
3642,17094.29,top0,bottom1,background,top0A1 A1A0 A0B0 B0bottom1
3643,17097.51,left0,top1,via_B0,left0A0 A0B0 B0B1 B1top1
3644,17104.07,right0,bottom1,background,right0B0 B0bottom1
3645,17106.21,left0,top1,via_A1,left0A0 A0A1 A1B1 B1top1
3646,17106.78,left0,top1,via_A1,left0A0 A0A1 A1B1 B1top1
3647,17111.87,bottom1,bottom0,background,bottom1B0 B0A0 A0bottom0
3648,17116.40,left0,top1,via_A1,left0A0 A0A1 A1B1 B1top1
3649,17116.41,top0,bottom1,background,top0A1 A1B1 B1B0 B0bottom1
3650,17119.39,bottom1,top0,background,bottom1B0 B0B1 B1A1 A1top0
3651,17128.16,left0,top1,via_B0,left0A0 A0B0 B0B1 B1top1
3652,17129.17,top0,right0,background,top0A1 A1B1 B1B0 B0right0
3653,17134.32,bottom0,top1,background,bottom0A0 A0B0 B0B1 B1top1
3654,17138.73,bottom1,top0,background,bottom1B0 B0B1 B1A1 A1top0
3655,17141.44,left0,top1,via_B0,left0A0 A0B0 B0B1 B1top1
3656,17146.42,bottom1,bottom0,background,bottom1B0 B0A0 A0bottom0
3657,17159.01,right1,bottom0,background,right1B1 B1B0 B0A0 A0bottom0
3658,17162.05,right0,bottom1,background,right0B0 B0bottom1
3659,17167.86,left0,top1,via_A1,left0A0 A0A1 A1B1 B1top1
3660,17175.44,top0,top1,background,top0A1 A1B1 B1top1
3661,17175.62,top1,left1,background,top1B1 B1A1 A1left1
3662,17178.70,left0,top1,via_A1,left0A0 A0A1 A1B1 B1top1
3663,17179.85,top1,bottom0,background,top1B1 B1B0 B0A0 A0bottom0
3664,17186.59,bottom1,top0,background,bottom1B0 B0A0 A0A1 A1top0
3665,17187.24,top0,right1,background,top0A1 A1B1 B1right1
3666,17187.42,right0,top1,background,right0B0 B0B1 B1top1
3667,17190.27,bottom1,top1,background,bottom1B0 B0B1 B1top1
3668,17192.16,top1,left0,background,top1B1 B1B0 B0A0 A0left0
3669,17197.76,right0,left0,background,right0B0 B0A0 A0left0
3670,17201.31,left0,top1,via_B0,left0A0 A0B0 B0B1 B1top1
3671,17204.32,left1,left0,background,left1A1 A1A0 A0left0
3672,17206.15,left0,top1,via_A1,left0A0 A0A1 A1B1 B1top1
3673,17206.52,left0,top1,via_A1,left0A0 A0A1 A1B1 B1top1
3674,17209.03,bottom1,top1,background,bottom1B0 B0B1 B1top1
3675,17210.65,left0,top1,via_A1,left0A0 A0A1 A1B1 B1top1
3676,17221.24,top1,bottom0,background,top1B1 B1B0 B0A0 A0bottom0
3677,17231.94,bottom1,top1,background,bottom1B0 B0B1 B1top1
3678,17238.43,bottom1,top0,background,bottom1B0 B0B1 B1A1 A1top0
3679,17241.59,top0,bottom0,background,top0A1 A1A0 A0bottom0
3680,17242.65,right0,left1,background,right0B0 B0B1 B1A1 A1left1
3681,17248.43,bottom0,left0,background,bottom0A0 A0left0
3682,17249.65,left0,top1,via_A1,left0A0 A0A1 A1B1 B1top1
3683,17252.19,left0,top1,via_A1,left0A0 A0A1 A1B1 B1top1
3684,17263.69,left0,top1,via_B0,left0A0 A0B0 B0B1 B1top1
3685,17270.62,left1,top0,background,left1A1 A1top0
3686,17274.45,left0,bottom1,background,left0A0 A0B0 B0bottom1
3687,17286.95,top1,bottom0,background,top1B1 B1A1 A1A0 A0bottom0
3688,17293.68,left1,top1,background,left1A1 A1B1 B1top1
3689,17301.92,bottom1,right0,background,bottom1B0 B0right0
3690,17303.96,top0,left0,background,top0A1 A1A0 A0left0
3691,17304.39,left1,right0,background,left1A1 A1A0 A0B0 B0right0
3692,17306.71,top0,bottom1,background,top0A1 A1A0 A0B0 B0bottom1
3693,17309.35,top0,bottom0,background,top0A1 A1A0 A0bottom0
3694,17312.48,left0,left1,background,left0A0 A0A1 A1left1
3695,17316.86,left1,right1,background,left1A1 A1B1 B1right1
3696,17317.54,bottom0,left0,background,bottom0A0 A0left0
3697,17317.88,left0,left1,background,left0A0 A0A1 A1left1
3698,17327.06,left0,top1,via_A1,left0A0 A0A1 A1B1 B1top1
3699,17327.64,right1,top1,background,right1B1 B1top1
3700,17331.88,top0,left1,background,top0A1 A1left1
3701,17334.48,right1,left0,background,right1B1 B1A1 A1A0 A0left0
3702,17336.19,top0,top1,background,top0A1 A1B1 B1top1
3703,17336.34,bottom0,left1,background,bottom0A0 A0A1 A1left1
3704,17343.15,top1,left0,background,top1B1 B1B0 B0A0 A0left0
3705,17347.09,left0,top1,via_B0,left0A0 A0B0 B0B1 B1top1
3706,17348.84,bottom0,top0,background,bottom0A0 A0A1 A1top0
3707,17350.17,left0,top1,via_A1,left0A0 A0A1 A1B1 B1top1
3708,17350.31,right0,right1,background,right0B0 B0B1 B1right1
3709,17353.32,bottom1,bottom0,background,bottom1B0 B0A0 A0bottom0
3710,17356.90,right0,bottom1,background,right0B0 B0bottom1
3711,17362.39,left0,top1,via_B0,left0A0 A0B0 B0B1 B1top1
3712,17366.20,left1,top0,background,left1A1 A1top0
3713,17383.60,left1,right0,background,left1A1 A1B1 B1B0 B0right0
3714,17392.08,right0,bottom1,background,right0B0 B0bottom1
3715,17392.78,left0,top1,via_B0,left0A0 A0B0 B0B1 B1top1
3716,17407.10,right1,bottom0,background,right1B1 B1B0 B0A0 A0bottom0
3717,17418.12,left0,top1,via_B0,left0A0 A0B0 B0B1 B1top1
3718,17418.27,left0,top1,via_A1,left0A0 A0A1 A1B1 B1top1
3719,17428.95,right1,left1,background,right1B1 B1A1 A1left1
3720,17445.70,right0,bottom0,background,right0B0 B0A0 A0bottom0
3721,17454.84,left0,top1,via_A1,left0A0 A0A1 A1B1 B1top1
3722,17455.59,top1,left0,background,top1B1 B1A1 A1A0 A0left0
3723,17458.17,left1,top0,background,left1A1 A1top0
3724,17459.16,top0,left0,background,top0A1 A1A0 A0left0
3725,17463.97,bottom1,top1,background,bottom1B0 B0B1 B1top1
3726,17463.97,top1,top0,background,top1B1 B1A1 A1top0
3727,17473.67,bottom0,top1,background,bottom0A0 A0A1 A1B1 B1top1
3728,17478.21,top0,top1,background,top0A1 A1B1 B1top1
3729,17480.32,left0,top1,via_B0,left0A0 A0B0 B0B1 B1top1
3730,17493.31,bottom1,left0,background,bottom1B0 B0A0 A0left0
3731,17498.34,right1,left1,background,right1B1 B1A1 A1left1
3732,17504.88,left0,top1,via_B0,left0A0 A0B0 B0B1 B1top1
3733,17514.19,top1,left1,background,top1B1 B1A1 A1left1
3734,17518.73,top1,top0,background,top1B1 B1A1 A1top0
3735,17525.31,bottom1,top0,background,bottom1B0 B0B1 B1A1 A1top0
3736,17533.25,right0,bottom0,background,right0B0 B0A0 A0bottom0
3737,17533.97,right0,left1,background,right0B0 B0A0 A0A1 A1left1
3738,17555.14,left0,top1,via_A1,left0A0 A0A1 A1B1 B1top1
3739,17563.10,right0,right1,background,right0B0 B0B1 B1right1
3740,17571.98,top0,bottom0,background,top0A1 A1A0 A0bottom0
3741,17573.29,right1,left0,background,right1B1 B1B0 B0A0 A0left0
3742,17576.56,top1,bottom0,background,top1B1 B1A1 A1A0 A0bottom0
3743,17577.17,top1,bottom1,background,top1B1 B1B0 B0bottom1
3744,17582.60,top0,right1,background,top0A1 A1B1 B1right1
3745,17588.42,right1,bottom0,background,right1B1 B1B0 B0A0 A0bottom0
3746,17592.45,left1,right1,background,left1A1 A1B1 B1right1
3747,17596.35,top1,right0,background,top1B1 B1B0 B0right0
3748,17599.18,left0,top1,via_B0,left0A0 A0B0 B0B1 B1top1
3749,17603.47,right0,bottom1,background,right0B0 B0bottom1
3750,17619.70,left1,right0,background,left1A1 A1B1 B1B0 B0right0
3751,17620.59,bottom0,top1,background,bottom0A0 A0B0 B0B1 B1top1
3752,17631.25,top0,bottom1,background,top0A1 A1B1 B1B0 B0bottom1
3753,17635.55,right1,bottom1,background,right1B1 B1B0 B0bottom1
3754,17635.99,bottom0,left0,background,bottom0A0 A0left0
3755,17644.55,left0,top0,background,left0A0 A0A1 A1top0
3756,17645.98,right1,top0,background,right1B1 B1A1 A1top0
3757,17646.70,bottom1,top0,background,bottom1B0 B0A0 A0A1 A1top0
3758,17648.11,bottom0,bottom1,background,bottom0A0 A0B0 B0bottom1
3759,17654.62,top1,right0,background,top1B1 B1B0 B0right0
3760,17657.18,right1,bottom0,background,right1B1 B1A1 A1A0 A0bottom0
3761,17658.81,left1,right1,background,left1A1 A1B1 B1right1
3762,17661.97,right0,top0,background,right0B0 B0A0 A0A1 A1top0
3763,17664.69,top1,left1,background,top1B1 B1A1 A1left1
3764,17665.29,top0,left0,background,top0A1 A1A0 A0left0
3765,17671.78,left1,bottom0,background,left1A1 A1A0 A0bottom0
3766,17672.18,right1,left1,background,right1B1 B1A1 A1left1
3767,17672.24,bottom1,left1,background,bottom1B0 B0B1 B1A1 A1left1
3768,17673.60,left0,top1,via_B0,left0A0 A0B0 B0B1 B1top1
3769,17674.02,right1,bottom1,background,right1B1 B1B0 B0bottom1
3770,17676.17,top1,left1,background,top1B1 B1A1 A1left1
3771,17676.29,right0,left1,background,right0B0 B0B1 B1A1 A1left1
3772,17686.64,right0,left0,background,right0B0 B0A0 A0left0
3773,17686.73,left0,top1,via_B0,left0A0 A0B0 B0B1 B1top1
3774,17687.16,top1,right1,background,top1B1 B1right1
3775,17687.75,left0,top1,via_B0,left0A0 A0B0 B0B1 B1top1
3776,17688.21,right0,top1,background,right0B0 B0B1 B1top1
3777,17695.07,bottom1,top1,background,bottom1B0 B0B1 B1top1
3778,17696.62,bottom0,right0,background,bottom0A0 A0B0 B0right0
3779,17706.33,left1,bottom0,background,left1A1 A1A0 A0bottom0
3780,17710.15,bottom1,right0,background,bottom1B0 B0right0
3781,17720.54,right0,left0,background,right0B0 B0A0 A0left0
3782,17722.17,left0,top1,via_B0,left0A0 A0B0 B0B1 B1top1
3783,17722.61,right1,top0,background,right1B1 B1A1 A1top0
3784,17734.61,left0,top1,via_A1,left0A0 A0A1 A1B1 B1top1
3785,17735.43,right1,bottom0,background,right1B1 B1B0 B0A0 A0bottom0
3786,17738.92,bottom1,top0,background,bottom1B0 B0A0 A0A1 A1top0
3787,17744.57,top1,right1,background,top1B1 B1right1
3788,17754.05,left0,top1,via_B0,left0A0 A0B0 B0B1 B1top1
3789,17760.18,left0,top1,via_B0,left0A0 A0B0 B0B1 B1top1
3790,17762.71,right1,bottom1,background,right1B1 B1B0 B0bottom1
3791,17767.98,left0,top1,via_A1,left0A0 A0A1 A1B1 B1top1
3792,17779.35,top1,right0,background,top1B1 B1B0 B0right0
3793,17785.94,right0,left0,background,right0B0 B0A0 A0left0
3794,17786.92,bottom0,left1,background,bottom0A0 A0A1 A1left1
3795,17791.52,top0,bottom1,background,top0A1 A1A0 A0B0 B0bottom1
3796,17798.57,left0,top1,via_A1,left0A0 A0A1 A1B1 B1top1
3797,17798.81,left1,bottom1,background,left1A1 A1B1 B1B0 B0bottom1
3798,17802.52,right0,bottom0,background,right0B0 B0A0 A0bottom0
3799,17811.41,right0,top0,background,right0B0 B0B1 B1A1 A1top0
3800,17813.21,left0,top1,via_B0,left0A0 A0B0 B0B1 B1top1
3801,17815.62,right1,right0,background,right1B1 B1B0 B0right0
3802,17818.95,right0,top0,background,right0B0 B0A0 A0A1 A1top0
3803,17820.29,right0,right1,background,right0B0 B0B1 B1right1
3804,17826.58,bottom1,top0,background,bottom1B0 B0A0 A0A1 A1top0
3805,17833.92,right1,bottom1,background,right1B1 B1B0 B0bottom1
3806,17835.08,top1,bottom0,background,top1B1 B1A1 A1A0 A0bottom0
3807,17853.83,left0,top1,via_A1,left0A0 A0A1 A1B1 B1top1
3808,17862.10,right0,top1,background,right0B0 B0B1 B1top1
3809,17868.37,left0,top1,via_A1,left0A0 A0A1 A1B1 B1top1
3810,17872.52,bottom0,right1,background,bottom0A0 A0A1 A1B1 B1right1
3811,17873.81,top0,right1,background,top0A1 A1B1 B1right1
3812,17874.35,top1,left1,background,top1B1 B1A1 A1left1
3813,17875.62,left0,top1,via_B0,left0A0 A0B0 B0B1 B1top1
3814,17879.54,top1,top0,background,top1B1 B1A1 A1top0
3815,17887.21,bottom1,right1,background,bottom1B0 B0B1 B1right1
3816,17889.55,left0,top1,via_B0,left0A0 A0B0 B0B1 B1top1
3817,17891.54,left1,bottom0,background,left1A1 A1A0 A0bottom0
3818,17894.17,bottom0,left0,background,bottom0A0 A0left0
3819,17895.16,bottom0,right0,background,bottom0A0 A0B0 B0right0
3820,17904.62,bottom0,bottom1,background,bottom0A0 A0B0 B0bottom1
3821,17906.29,right0,left1,background,right0B0 B0A0 A0A1 A1left1
3822,17909.94,bottom1,left0,background,bottom1B0 B0A0 A0left0
3823,17914.92,left0,top1,via_A1,left0A0 A0A1 A1B1 B1top1
3824,17922.30,left1,bottom0,background,left1A1 A1A0 A0bottom0
3825,17931.84,right1,left1,background,right1B1 B1A1 A1left1
3826,17939.60,right0,left0,background,right0B0 B0A0 A0left0
3827,17944.27,left0,top1,via_B0,left0A0 A0B0 B0B1 B1top1
3828,17946.54,left0,top1,via_B0,left0A0 A0B0 B0B1 B1top1
3829,17953.36,top0,left1,background,top0A1 A1left1
3830,17961.17,top0,right0,background,top0A1 A1A0 A0B0 B0right0
3831,17964.21,bottom1,right0,background,bottom1B0 B0right0
3832,17964.38,left1,left0,background,left1A1 A1A0 A0left0
3833,17976.28,top0,right0,background,top0A1 A1B1 B1B0 B0right0
3834,17982.60,right1,left1,background,right1B1 B1A1 A1left1
3835,17983.10,left0,bottom1,background,left0A0 A0B0 B0bottom1
3836,17992.73,right0,left0,background,right0B0 B0A0 A0left0
3837,17994.11,bottom0,bottom1,background,bottom0A0 A0B0 B0bottom1
3838,17995.11,left1,top0,background,left1A1 A1top0
3839,17999.76,left0,right1,background,left0A0 A0A1 A1B1 B1right1
3840,18004.76,left0,right1,background,left0A0 A0A1 A1B1 B1right1
3841,18005.18,bottom1,top0,background,bottom1B0 B0B1 B1A1 A1top0
3842,18008.48,right1,bottom1,background,right1B1 B1B0 B0bottom1
3843,18011.01,left0,top1,via_A1,left0A0 A0A1 A1B1 B1top1
3844,18014.32,left1,right1,background,left1A1 A1B1 B1right1
3845,18015.22,right0,bottom0,background,right0B0 B0A0 A0bottom0
3846,18017.67,top1,bottom1,background,top1B1 B1B0 B0bottom1
3847,18019.51,right1,bottom0,background,right1B1 B1B0 B0A0 A0bottom0
3848,18020.83,bottom1,bottom0,background,bottom1B0 B0A0 A0bottom0
3849,18022.59,right0,left0,background,right0B0 B0A0 A0left0
3850,18024.74,left0,top1,via_B0,left0A0 A0B0 B0B1 B1top1
3851,18034.88,right0,left1,background,right0B0 B0B1 B1A1 A1left1
3852,18043.05,bottom1,left0,background,bottom1B0 B0A0 A0left0
3853,18055.69,bottom0,bottom1,background,bottom0A0 A0B0 B0bottom1
3854,18059.00,left0,top1,via_A1,left0A0 A0A1 A1B1 B1top1
3855,18066.20,bottom0,top0,background,bottom0A0 A0A1 A1top0
3856,18067.34,top1,bottom0,background,top1B1 B1B0 B0A0 A0bottom0
3857,18067.35,right0,top1,background,right0B0 B0B1 B1top1
3858,18071.18,top1,bottom1,background,top1B1 B1B0 B0bottom1
3859,18075.54,left0,top1,via_A1,left0A0 A0A1 A1B1 B1top1
3860,18076.12,left0,top1,via_B0,left0A0 A0B0 B0B1 B1top1
3861,18086.38,right0,top1,background,right0B0 B0B1 B1top1
3862,18091.78,right1,left1,background,right1B1 B1A1 A1left1
3863,18095.12,bottom1,left0,background,bottom1B0 B0A0 A0left0
3864,18098.72,bottom1,top0,background,bottom1B0 B0A0 A0A1 A1top0
3865,18103.21,left1,right0,background,left1A1 A1B1 B1B0 B0right0
3866,18104.53,left0,top1,via_B0,left0A0 A0B0 B0B1 B1top1
3867,18117.31,left0,top1,via_A1,left0A0 A0A1 A1B1 B1top1
3868,18121.47,right0,bottom1,background,right0B0 B0bottom1
3869,18124.16,left1,top1,background,left1A1 A1B1 B1top1
3870,18124.57,left1,bottom1,background,left1A1 A1B1 B1B0 B0bottom1
3871,18126.26,left0,top1,via_B0,left0A0 A0B0 B0B1 B1top1
3872,18128.38,top0,left0,background,top0A1 A1A0 A0left0
3873,18129.75,left0,top1,via_A1,left0A0 A0A1 A1B1 B1top1
3874,18131.88,left0,top1,via_B0,left0A0 A0B0 B0B1 B1top1
3875,18146.86,left0,top1,via_A1,left0A0 A0A1 A1B1 B1top1
3876,18157.18,left0,top1,via_B0,left0A0 A0B0 B0B1 B1top1
3877,18161.71,right0,top0,background,right0B0 B0B1 B1A1 A1top0
3878,18162.23,bottom0,top1,background,bottom0A0 A0A1 A1B1 B1top1
3879,18162.96,left0,top1,via_A1,left0A0 A0A1 A1B1 B1top1
3880,18163.24,bottom0,top1,background,bottom0A0 A0B0 B0B1 B1top1
3881,18171.06,left0,top1,via_B0,left0A0 A0B0 B0B1 B1top1
3882,18174.13,left1,left0,background,left1A1 A1A0 A0left0
3883,18176.26,left1,left0,background,left1A1 A1A0 A0left0
3884,18187.85,bottom0,right1,background,bottom0A0 A0B0 B0B1 B1right1
3885,18194.88,left0,top1,via_B0,left0A0 A0B0 B0B1 B1top1
3886,18195.34,bottom0,top1,background,bottom0A0 A0B0 B0B1 B1top1
3887,18197.57,left1,top0,background,left1A1 A1top0
3888,18199.88,top1,bottom1,background,top1B1 B1B0 B0bottom1
3889,18204.92,left0,top1,via_B0,left0A0 A0B0 B0B1 B1top1
3890,18215.43,left1,bottom0,background,left1A1 A1A0 A0bottom0
3891,18222.27,right0,top0,background,right0B0 B0B1 B1A1 A1top0
3892,18236.06,left1,bottom1,background,left1A1 A1A0 A0B0 B0bottom1
3893,18248.84,top0,bottom0,background,top0A1 A1A0 A0bottom0
3894,18251.68,right1,bottom0,background,right1B1 B1A1 A1A0 A0bottom0
3895,18252.17,left0,top1,via_A1,left0A0 A0A1 A1B1 B1top1
3896,18253.24,bottom0,left0,background,bottom0A0 A0left0
3897,18298.34,right1,top0,background,right1B1 B1A1 A1top0
3898,18302.10,bottom0,left0,background,bottom0A0 A0left0
3899,18302.41,bottom0,top1,background,bottom0A0 A0A1 A1B1 B1top1
3900,18302.82,left0,top1,via_B0,left0A0 A0B0 B0B1 B1top1
3901,18304.46,bottom0,left0,background,bottom0A0 A0left0
3902,18305.24,top1,right0,background,top1B1 B1B0 B0right0
3903,18307.01,left0,top1,via_B0,left0A0 A0B0 B0B1 B1top1
3904,18313.14,top0,top1,background,top0A1 A1B1 B1top1
3905,18320.21,left1,right0,background,left1A1 A1B1 B1B0 B0right0
3906,18325.22,left1,top1,background,left1A1 A1B1 B1top1
3907,18326.66,right1,bottom0,background,right1B1 B1A1 A1A0 A0bottom0
3908,18327.66,left0,bottom1,background,left0A0 A0B0 B0bottom1
3909,18329.47,bottom0,bottom1,background,bottom0A0 A0B0 B0bottom1
3910,18331.25,top1,right1,background,top1B1 B1right1
3911,18340.38,bottom1,right0,background,bottom1B0 B0right0
3912,18341.49,top1,bottom0,background,top1B1 B1A1 A1A0 A0bottom0
3913,18345.77,right0,left1,background,right0B0 B0B1 B1A1 A1left1
3914,18354.30,bottom0,left1,background,bottom0A0 A0A1 A1left1
3915,18357.32,right1,bottom0,background,right1B1 B1A1 A1A0 A0bottom0
3916,18360.23,bottom0,left0,background,bottom0A0 A0left0
3917,18371.05,left1,left0,background,left1A1 A1A0 A0left0
3918,18374.08,left0,top1,via_A1,left0A0 A0A1 A1B1 B1top1
3919,18376.29,top1,left0,background,top1B1 B1B0 B0A0 A0left0
3920,18379.35,left1,right0,background,left1A1 A1A0 A0B0 B0right0
3921,18380.14,top0,top1,background,top0A1 A1B1 B1top1
3922,18382.23,left0,top1,via_B0,left0A0 A0B0 B0B1 B1top1
3923,18387.93,right0,bottom0,background,right0B0 B0A0 A0bottom0
3924,18393.50,right1,bottom1,background,right1B1 B1B0 B0bottom1
3925,18395.14,left1,top0,background,left1A1 A1top0
3926,18399.71,right0,right1,background,right0B0 B0B1 B1right1
3927,18400.12,right0,top1,background,right0B0 B0B1 B1top1
3928,18400.16,left0,top1,via_A1,left0A0 A0A1 A1B1 B1top1
3929,18402.91,top0,right0,background,top0A1 A1B1 B1B0 B0right0
3930,18403.21,top1,top0,background,top1B1 B1A1 A1top0
3931,18403.22,left0,top1,via_B0,left0A0 A0B0 B0B1 B1top1
3932,18411.50,top0,right1,background,top0A1 A1B1 B1right1
3933,18418.88,left1,left0,background,left1A1 A1A0 A0left0
3934,18419.21,top1,bottom0,background,top1B1 B1B0 B0A0 A0bottom0
3935,18423.15,bottom0,left0,background,bottom0A0 A0left0
3936,18438.92,top1,bottom1,background,top1B1 B1B0 B0bottom1
3937,18439.27,right0,left0,background,right0B0 B0A0 A0left0
3938,18441.57,right0,top0,background,right0B0 B0B1 B1A1 A1top0
3939,18445.68,bottom0,right0,background,bottom0A0 A0B0 B0right0
3940,18447.92,left0,top1,via_B0,left0A0 A0B0 B0B1 B1top1
3941,18449.57,left0,top1,via_A1,left0A0 A0A1 A1B1 B1top1
3942,18451.81,left0,top1,via_B0,left0A0 A0B0 B0B1 B1top1
3943,18456.54,top0,bottom0,background,top0A1 A1A0 A0bottom0
3944,18466.84,right1,right0,background,right1B1 B1B0 B0right0
3945,18472.07,top1,right0,background,top1B1 B1B0 B0right0
3946,18472.31,left1,right0,background,left1A1 A1B1 B1B0 B0right0
3947,18474.18,right1,left0,background,right1B1 B1A1 A1A0 A0left0
3948,18478.88,left0,top1,via_B0,left0A0 A0B0 B0B1 B1top1
3949,18490.16,bottom1,right1,background,bottom1B0 B0B1 B1right1
3950,18490.31,bottom1,left0,background,bottom1B0 B0A0 A0left0
3951,18504.90,left1,bottom1,background,left1A1 A1B1 B1B0 B0bottom1
3952,18505.57,right1,left1,background,right1B1 B1A1 A1left1
3953,18509.44,top0,bottom1,background,top0A1 A1A0 A0B0 B0bottom1
3954,18509.70,bottom0,top0,background,bottom0A0 A0A1 A1top0
3955,18512.97,left0,top1,via_A1,left0A0 A0A1 A1B1 B1top1
3956,18522.01,bottom0,left1,background,bottom0A0 A0A1 A1left1
3957,18523.12,bottom1,left0,background,bottom1B0 B0A0 A0left0
3958,18534.50,top1,bottom0,background,top1B1 B1A1 A1A0 A0bottom0
3959,18544.78,top0,left1,background,top0A1 A1left1
3960,18545.88,bottom0,right0,background,bottom0A0 A0B0 B0right0
3961,18551.55,left0,top1,via_A1,left0A0 A0A1 A1B1 B1top1
3962,18554.92,right1,left0,background,right1B1 B1A1 A1A0 A0left0
3963,18556.09,top0,left0,background,top0A1 A1A0 A0left0
3964,18557.76,right1,top1,background,right1B1 B1top1
3965,18563.05,right0,left1,background,right0B0 B0B1 B1A1 A1left1
3966,18563.64,left0,top1,via_A1,left0A0 A0A1 A1B1 B1top1
3967,18572.71,top0,left0,background,top0A1 A1A0 A0left0
3968,18580.49,bottom1,right0,background,bottom1B0 B0right0
3969,18586.42,top1,bottom0,background,top1B1 B1B0 B0A0 A0bottom0
3970,18598.20,bottom0,bottom1,background,bottom0A0 A0B0 B0bottom1
3971,18598.31,bottom0,left1,background,bottom0A0 A0A1 A1left1
3972,18604.15,left0,top1,via_B0,left0A0 A0B0 B0B1 B1top1
3973,18605.00,right0,bottom0,background,right0B0 B0A0 A0bottom0
3974,18605.20,right0,left0,background,right0B0 B0A0 A0left0
3975,18605.94,right1,right0,background,right1B1 B1B0 B0right0
3976,18613.13,left0,top1,via_B0,left0A0 A0B0 B0B1 B1top1
3977,18614.80,top0,bottom1,background,top0A1 A1B1 B1B0 B0bottom1
3978,18621.95,top1,right1,background,top1B1 B1right1
3979,18622.24,right1,bottom0,background,right1B1 B1A1 A1A0 A0bottom0
3980,18626.73,right1,top1,background,right1B1 B1top1
3981,18634.11,bottom0,left0,background,bottom0A0 A0left0
3982,18639.83,left0,top1,via_A1,left0A0 A0A1 A1B1 B1top1
3983,18642.32,left1,right0,background,left1A1 A1A0 A0B0 B0right0
3984,18644.61,left0,top1,via_B0,left0A0 A0B0 B0B1 B1top1
3985,18650.11,left0,top1,via_A1,left0A0 A0A1 A1B1 B1top1
3986,18652.99,right1,bottom0,background,right1B1 B1B0 B0A0 A0bottom0
3987,18658.27,top0,bottom1,background,top0A1 A1B1 B1B0 B0bottom1
3988,18667.30,bottom0,left0,background,bottom0A0 A0left0
3989,18668.11,top0,right1,background,top0A1 A1B1 B1right1
3990,18670.41,left0,top1,via_B0,left0A0 A0B0 B0B1 B1top1
3991,18673.27,right0,left0,background,right0B0 B0A0 A0left0
3992,18675.79,right0,right1,background,right0B0 B0B1 B1right1
3993,18684.96,left0,top1,via_B0,left0A0 A0B0 B0B1 B1top1
3994,18688.36,right1,left0,background,right1B1 B1B0 B0A0 A0left0
3995,18689.99,bottom0,right0,background,bottom0A0 A0B0 B0right0
3996,18691.55,bottom0,right1,background,bottom0A0 A0A1 A1B1 B1right1
3997,18694.08,right0,top1,background,right0B0 B0B1 B1top1
3998,18698.72,bottom1,left0,background,bottom1B0 B0A0 A0left0
3999,18706.34,left0,top1,via_B0,left0A0 A0B0 B0B1 B1top1
4000,18708.43,right0,right1,background,right0B0 B0B1 B1right1
4001,18708.94,left0,top1,via_B0,left0A0 A0B0 B0B1 B1top1
4002,18712.26,top1,top0,background,top1B1 B1A1 A1top0
4003,18714.29,top0,left1,background,top0A1 A1left1
4004,18727.56,bottom1,right1,background,bottom1B0 B0B1 B1right1
4005,18730.40,top0,left0,background,top0A1 A1A0 A0left0
4006,18731.13,right0,top1,background,right0B0 B0B1 B1top1
4007,18745.87,right1,bottom1,background,right1B1 B1B0 B0bottom1
4008,18746.27,right0,right1,background,right0B0 B0B1 B1right1
4009,18746.41,left0,top1,via_A1,left0A0 A0A1 A1B1 B1top1
4010,18749.39,left0,top1,via_B0,left0A0 A0B0 B0B1 B1top1
4011,18750.03,bottom0,left1,background,bottom0A0 A0A1 A1left1
4012,18762.94,right0,bottom1,background,right0B0 B0bottom1
4013,18767.55,left0,top1,via_B0,left0A0 A0B0 B0B1 B1top1
4014,18771.21,bottom0,top1,background,bottom0A0 A0A1 A1B1 B1top1
4015,18774.96,bottom0,left0,background,bottom0A0 A0left0
4016,18776.09,top1,bottom1,background,top1B1 B1B0 B0bottom1
4017,18780.92,top1,bottom0,background,top1B1 B1A1 A1A0 A0bottom0
4018,18783.65,right0,left1,background,right0B0 B0A0 A0A1 A1left1
4019,18785.65,right1,right0,background,right1B1 B1B0 B0right0
4020,18789.49,right0,left1,background,right0B0 B0B1 B1A1 A1left1
4021,18799.79,left1,left0,background,left1A1 A1A0 A0left0
4022,18804.52,right1,left0,background,right1B1 B1B0 B0A0 A0left0
4023,18819.81,left1,top1,background,left1A1 A1B1 B1top1
4024,18826.97,left0,top1,via_B0,left0A0 A0B0 B0B1 B1top1
4025,18832.21,left0,top1,via_B0,left0A0 A0B0 B0B1 B1top1
4026,18837.12,left1,bottom1,background,left1A1 A1A0 A0B0 B0bottom1
4027,18837.22,left0,top1,via_A1,left0A0 A0A1 A1B1 B1top1
4028,18842.30,bottom1,top1,background,bottom1B0 B0B1 B1top1
4029,18842.98,bottom0,top0,background,bottom0A0 A0A1 A1top0
4030,18844.68,left1,bottom0,background,left1A1 A1A0 A0bottom0
4031,18845.36,left0,top1,via_B0,left0A0 A0B0 B0B1 B1top1
4032,18846.74,bottom1,top0,background,bottom1B0 B0B1 B1A1 A1top0
4033,18849.92,top0,right0,background,top0A1 A1B1 B1B0 B0right0
4034,18852.82,left0,top1,via_A1,left0A0 A0A1 A1B1 B1top1
4035,18862.14,top0,top1,background,top0A1 A1B1 B1top1
4036,18870.61,left0,top1,via_A1,left0A0 A0A1 A1B1 B1top1
4037,18873.47,left1,top1,background,left1A1 A1B1 B1top1
4038,18874.44,top1,right1,background,top1B1 B1right1
4039,18887.14,left1,right0,background,left1A1 A1B1 B1B0 B0right0
4040,18905.85,bottom0,top0,background,bottom0A0 A0A1 A1top0
4041,18915.91,top1,left0,background,top1B1 B1A1 A1A0 A0left0
4042,18930.43,bottom1,right1,background,bottom1B0 B0B1 B1right1
4043,18941.50,top1,right0,background,top1B1 B1B0 B0right0
4044,18943.05,left0,top1,via_A1,left0A0 A0A1 A1B1 B1top1
4045,18943.57,left0,top1,via_B0,left0A0 A0B0 B0B1 B1top1
4046,18952.86,right0,top1,background,right0B0 B0B1 B1top1
4047,18955.21,left1,top0,background,left1A1 A1top0
4048,18958.11,left1,left0,background,left1A1 A1A0 A0left0
4049,18973.16,top1,bottom1,background,top1B1 B1B0 B0bottom1
4050,18974.00,left0,top1,via_A1,left0A0 A0A1 A1B1 B1top1
4051,18978.86,left1,top1,background,left1A1 A1B1 B1top1
4052,18987.79,bottom1,top0,background,bottom1B0 B0B1 B1A1 A1top0
4053,18988.09,left0,bottom1,background,left0A0 A0B0 B0bottom1
4054,18989.46,top1,left1,background,top1B1 B1A1 A1left1
4055,18999.71,right0,right1,background,right0B0 B0B1 B1right1
4056,19008.45,top0,top1,background,top0A1 A1B1 B1top1
4057,19011.99,right1,bottom0,background,right1B1 B1A1 A1A0 A0bottom0
4058,19022.48,bottom0,top0,background,bottom0A0 A0A1 A1top0
4059,19025.78,top0,top1,background,top0A1 A1B1 B1top1
4060,19025.88,bottom0,top0,background,bottom0A0 A0A1 A1top0
4061,19026.13,top0,right1,background,top0A1 A1B1 B1right1
4062,19026.49,right1,bottom0,background,right1B1 B1A1 A1A0 A0bottom0
4063,19027.08,left0,right0,background,left0A0 A0B0 B0right0
4064,19041.35,right1,left0,background,right1B1 B1A1 A1A0 A0left0
4065,19042.16,left0,top1,via_B0,left0A0 A0B0 B0B1 B1top1
4066,19043.92,top0,bottom0,background,top0A1 A1A0 A0bottom0
4067,19047.97,top1,left1,background,top1B1 B1A1 A1left1
4068,19074.48,left0,top1,via_A1,left0A0 A0A1 A1B1 B1top1
4069,19075.03,right0,bottom0,background,right0B0 B0A0 A0bottom0
4070,19077.58,left1,bottom0,background,left1A1 A1A0 A0bottom0
4071,19082.08,left0,top1,via_B0,left0A0 A0B0 B0B1 B1top1
4072,19083.39,top0,top1,background,top0A1 A1B1 B1top1
4073,19086.32,left1,bottom0,background,left1A1 A1A0 A0bottom0
4074,19095.54,right1,top0,background,right1B1 B1A1 A1top0
4075,19098.49,left0,right0,background,left0A0 A0B0 B0right0
4076,19098.68,right1,right0,background,right1B1 B1B0 B0right0
4077,19112.44,right0,bottom0,background,right0B0 B0A0 A0bottom0
4078,19118.57,left0,top1,via_B0,left0A0 A0B0 B0B1 B1top1
4079,19120.83,top1,right1,background,top1B1 B1right1
4080,19123.98,top0,left0,background,top0A1 A1A0 A0left0
4081,19129.92,top1,bottom1,background,top1B1 B1B0 B0bottom1
4082,19134.86,bottom1,right1,background,bottom1B0 B0B1 B1right1
4083,19138.84,top0,right0,background,top0A1 A1B1 B1B0 B0right0
4084,19139.02,left1,bottom0,background,left1A1 A1A0 A0bottom0
4085,19140.66,right0,bottom1,background,right0B0 B0bottom1
4086,19145.44,right1,left1,background,right1B1 B1A1 A1left1
4087,19145.58,bottom0,top0,background,bottom0A0 A0A1 A1top0
4088,19146.98,bottom1,left1,background,bottom1B0 B0B1 B1A1 A1left1
4089,19147.38,right0,left0,background,right0B0 B0A0 A0left0
4090,19150.34,right0,top1,background,right0B0 B0B1 B1top1
4091,19153.20,bottom1,top0,background,bottom1B0 B0B1 B1A1 A1top0
4092,19157.99,left1,bottom1,background,left1A1 A1A0 A0B0 B0bottom1
4093,19159.07,bottom1,right1,background,bottom1B0 B0B1 B1right1
4094,19160.82,right0,left0,background,right0B0 B0A0 A0left0
4095,19163.95,bottom0,left1,background,bottom0A0 A0A1 A1left1
4096,19165.78,left0,top1,via_B0,left0A0 A0B0 B0B1 B1top1
4097,19174.22,right1,left0,background,right1B1 B1A1 A1A0 A0left0
4098,19181.93,left0,top1,via_B0,left0A0 A0B0 B0B1 B1top1
4099,19183.45,top0,bottom0,background,top0A1 A1A0 A0bottom0
4100,19186.58,top0,right1,background,top0A1 A1B1 B1right1
4101,19190.72,bottom1,right0,background,bottom1B0 B0right0
4102,19191.63,left0,top1,via_A1,left0A0 A0A1 A1B1 B1top1
4103,19195.97,left1,left0,background,left1A1 A1A0 A0left0
4104,19199.95,left1,right1,background,left1A1 A1B1 B1right1
4105,19212.59,top1,right1,background,top1B1 B1right1
4106,19216.81,bottom1,right0,background,bottom1B0 B0right0
4107,19225.53,bottom1,top1,background,bottom1B0 B0B1 B1top1
4108,19238.79,right1,bottom1,background,right1B1 B1B0 B0bottom1
4109,19239.79,right0,top0,background,right0B0 B0B1 B1A1 A1top0
4110,19240.06,left0,top1,via_A1,left0A0 A0A1 A1B1 B1top1
4111,19245.32,bottom1,right0,background,bottom1B0 B0right0
4112,19246.53,right0,top1,background,right0B0 B0B1 B1top1
4113,19250.23,right0,right1,background,right0B0 B0B1 B1right1
4114,19252.55,right1,bottom1,background,right1B1 B1B0 B0bottom1
4115,19259.30,left0,top1,via_A1,left0A0 A0A1 A1B1 B1top1
4116,19261.12,left0,top1,via_A1,left0A0 A0A1 A1B1 B1top1
4117,19262.09,right1,left1,background,right1B1 B1A1 A1left1
4118,19284.36,right1,bottom1,background,right1B1 B1B0 B0bottom1
4119,19289.43,top0,top1,background,top0A1 A1B1 B1top1
4120,19290.39,left1,top0,background,left1A1 A1top0
4121,19305.53,top0,bottom0,background,top0A1 A1A0 A0bottom0
4122,19306.76,bottom0,top0,background,bottom0A0 A0A1 A1top0
4123,19308.05,top1,right0,background,top1B1 B1B0 B0right0
4124,19311.49,left0,top1,via_A1,left0A0 A0A1 A1B1 B1top1
4125,19316.12,left1,right0,background,left1A1 A1A0 A0B0 B0right0
4126,19316.39,top1,bottom1,background,top1B1 B1B0 B0bottom1
4127,19321.23,top1,right1,background,top1B1 B1right1
4128,19331.72,left0,top1,via_B0,left0A0 A0B0 B0B1 B1top1
4129,19344.14,right1,left1,background,right1B1 B1A1 A1left1
4130,19361.13,left1,right1,background,left1A1 A1B1 B1right1
4131,19363.22,left0,top1,background,left0A0 A0A1 A1B1 B1top1
4132,19370.47,right0,top1,background,right0B0 B0B1 B1top1
4133,19377.38,right1,top1,background,right1B1 B1top1
4134,19379.19,top0,bottom1,background,top0A1 A1A0 A0B0 B0bottom1
4135,19380.26,left0,top1,via_B0,left0A0 A0B0 B0B1 B1top1
4136,19380.95,left1,bottom0,background,left1A1 A1A0 A0bottom0
4137,19384.01,right0,right1,background,right0B0 B0B1 B1right1
4138,19398.56,top0,right1,background,top0A1 A1B1 B1right1
4139,19413.19,bottom1,left1,background,bottom1B0 B0A0 A0A1 A1left1
4140,19417.15,bottom1,top0,background,bottom1B0 B0A0 A0A1 A1top0
4141,19422.80,left0,top1,via_A1,left0A0 A0A1 A1B1 B1top1
4142,19427.74,top0,top1,background,top0A1 A1B1 B1top1
4143,19439.23,left1,top1,background,left1A1 A1B1 B1top1
4144,19446.24,right1,top1,background,right1B1 B1top1
4145,19449.93,right1,top1,background,right1B1 B1top1
4146,19453.63,right1,top0,background,right1B1 B1A1 A1top0
4147,19462.65,right0,left0,background,right0B0 B0A0 A0left0
4148,19463.18,bottom1,top1,background,bottom1B0 B0B1 B1top1
4149,19463.58,right0,left0,background,right0B0 B0A0 A0left0
4150,19467.53,left0,top1,via_A1,left0A0 A0A1 A1B1 B1top1
4151,19484.11,top1,bottom0,background,top1B1 B1A1 A1A0 A0bottom0
4152,19489.54,left1,bottom0,background,left1A1 A1A0 A0bottom0
4153,19489.68,left0,top1,via_B0,left0A0 A0B0 B0B1 B1top1
4154,19490.18,right1,bottom1,background,right1B1 B1B0 B0bottom1
4155,19491.88,left1,right1,background,left1A1 A1B1 B1right1
4156,19508.61,bottom1,top0,background,bottom1B0 B0A0 A0A1 A1top0
4157,19511.75,top0,bottom0,background,top0A1 A1A0 A0bottom0
4158,19511.79,top1,bottom1,background,top1B1 B1B0 B0bottom1
4159,19512.43,left0,top1,via_A1,left0A0 A0A1 A1B1 B1top1
4160,19518.25,top0,left0,background,top0A1 A1A0 A0left0
4161,19519.72,left0,top1,via_A1,left0A0 A0A1 A1B1 B1top1
4162,19527.40,left1,bottom0,background,left1A1 A1A0 A0bottom0
4163,19534.41,left0,top1,via_B0,left0A0 A0B0 B0B1 B1top1
4164,19535.67,right0,left1,background,right0B0 B0B1 B1A1 A1left1
4165,19535.82,left0,bottom1,background,left0A0 A0B0 B0bottom1
4166,19546.41,bottom1,left1,background,bottom1B0 B0A0 A0A1 A1left1
4167,19550.48,bottom1,left1,background,bottom1B0 B0A0 A0A1 A1left1
4168,19551.71,top1,left1,background,top1B1 B1A1 A1left1
4169,19553.26,right1,right0,background,right1B1 B1B0 B0right0
4170,19560.99,left0,top1,via_A1,left0A0 A0A1 A1B1 B1top1
4171,19567.63,right1,left1,background,right1B1 B1A1 A1left1
4172,19569.59,top0,left1,background,top0A1 A1left1
4173,19577.87,left0,top1,via_B0,left0A0 A0B0 B0B1 B1top1
4174,19578.38,left0,top1,via_B0,left0A0 A0B0 B0B1 B1top1
4175,19591.48,bottom0,top0,background,bottom0A0 A0A1 A1top0
4176,19592.21,top0,left0,background,top0A1 A1A0 A0left0
4177,19600.50,top1,left1,background,top1B1 B1A1 A1left1
4178,19606.39,left0,top1,via_A1,left0A0 A0A1 A1B1 B1top1
4179,19608.29,top1,left0,background,top1B1 B1A1 A1A0 A0left0
4180,19608.76,bottom0,left1,background,bottom0A0 A0A1 A1left1
4181,19613.18,top0,right1,background,top0A1 A1B1 B1right1
4182,19630.37,top0,left0,background,top0A1 A1A0 A0left0
4183,19634.09,right0,bottom1,background,right0B0 B0bottom1
4184,19635.90,top0,bottom0,background,top0A1 A1A0 A0bottom0
4185,19639.77,right0,left1,background,right0B0 B0B1 B1A1 A1left1
4186,19646.63,top0,left1,background,top0A1 A1left1
4187,19646.78,right0,top1,background,right0B0 B0B1 B1top1
4188,19650.49,top1,right1,background,top1B1 B1right1
4189,19654.61,top1,right1,background,top1B1 B1right1
4190,19655.62,bottom1,right1,background,bottom1B0 B0B1 B1right1
4191,19656.32,left0,top1,via_B0,left0A0 A0B0 B0B1 B1top1
4192,19662.07,left1,right1,background,left1A1 A1B1 B1right1
4193,19666.07,right0,bottom1,background,right0B0 B0bottom1
4194,19670.49,top1,top0,background,top1B1 B1A1 A1top0
4195,19670.90,top1,bottom0,background,top1B1 B1B0 B0A0 A0bottom0
4196,19671.11,top0,bottom0,background,top0A1 A1A0 A0bottom0
4197,19684.80,top0,left1,background,top0A1 A1left1
4198,19689.88,bottom0,top1,background,bottom0A0 A0B0 B0B1 B1top1
4199,19691.57,left1,top0,background,left1A1 A1top0
4200,19692.61,top0,top1,background,top0A1 A1B1 B1top1
4201,19705.30,top1,bottom1,background,top1B1 B1B0 B0bottom1
4202,19706.84,left0,top1,via_B0,left0A0 A0B0 B0B1 B1top1
4203,19720.77,left1,bottom0,background,left1A1 A1A0 A0bottom0
4204,19726.25,top0,right0,background,top0A1 A1B1 B1B0 B0right0
4205,19740.96,left0,top1,via_A1,left0A0 A0A1 A1B1 B1top1
4206,19745.54,left1,bottom0,background,left1A1 A1A0 A0bottom0
4207,19752.89,left0,top1,via_B0,left0A0 A0B0 B0B1 B1top1
4208,19753.62,left0,top1,via_B0,left0A0 A0B0 B0B1 B1top1
4209,19756.15,top1,left0,background,top1B1 B1B0 B0A0 A0left0
4210,19756.49,top0,left1,background,top0A1 A1left1
4211,19759.24,bottom1,left0,background,bottom1B0 B0A0 A0left0
4212,19768.54,right0,top0,background,right0B0 B0A0 A0A1 A1top0
4213,19770.85,bottom1,bottom0,background,bottom1B0 B0A0 A0bottom0
4214,19771.90,right1,right0,background,right1B1 B1B0 B0right0
4215,19775.92,top1,bottom0,background,top1B1 B1B0 B0A0 A0bottom0
4216,19790.56,top0,top1,background,top0A1 A1B1 B1top1
4217,19804.69,bottom1,left0,background,bottom1B0 B0A0 A0left0
4218,19807.46,bottom0,top0,background,bottom0A0 A0A1 A1top0
4219,19811.03,bottom1,right1,background,bottom1B0 B0B1 B1right1
4220,19817.22,bottom1,right0,background,bottom1B0 B0right0
4221,19825.48,left1,right0,background,left1A1 A1A0 A0B0 B0right0
4222,19841.44,left0,bottom1,background,left0A0 A0B0 B0bottom1
4223,19842.36,bottom1,right1,background,bottom1B0 B0B1 B1right1
4224,19844.60,top0,right1,background,top0A1 A1B1 B1right1
4225,19844.99,left0,top1,via_A1,left0A0 A0A1 A1B1 B1top1
4226,19845.02,bottom0,bottom1,background,bottom0A0 A0B0 B0bottom1
4227,19845.36,bottom1,right1,background,bottom1B0 B0B1 B1right1
4228,19847.21,bottom1,top1,background,bottom1B0 B0B1 B1top1
4229,19849.15,right1,right0,background,right1B1 B1B0 B0right0
4230,19850.96,bottom0,right1,background,bottom0A0 A0B0 B0B1 B1right1
4231,19853.48,left0,right0,background,left0A0 A0B0 B0right0
4232,19856.36,right0,left1,background,right0B0 B0A0 A0A1 A1left1
4233,19858.57,left0,top1,via_A1,left0A0 A0A1 A1B1 B1top1
4234,19859.28,bottom1,left1,background,bottom1B0 B0A0 A0A1 A1left1
4235,19861.47,top0,bottom0,background,top0A1 A1A0 A0bottom0
4236,19872.24,bottom0,right1,background,bottom0A0 A0A1 A1B1 B1right1
4237,19876.44,right1,left1,background,right1B1 B1A1 A1left1
4238,19885.86,left1,bottom0,background,left1A1 A1A0 A0bottom0
4239,19891.90,bottom0,left0,background,bottom0A0 A0left0
4240,19892.28,top1,left1,background,top1B1 B1A1 A1left1
4241,19911.43,bottom0,top1,background,bottom0A0 A0B0 B0B1 B1top1
4242,19924.20,bottom1,left1,background,bottom1B0 B0B1 B1A1 A1left1
4243,19933.45,left0,top1,via_B0,left0A0 A0B0 B0B1 B1top1
4244,19936.96,left0,top1,via_B0,left0A0 A0B0 B0B1 B1top1
4245,19940.28,right0,left0,background,right0B0 B0A0 A0left0
4246,19940.68,left0,top1,via_B0,left0A0 A0B0 B0B1 B1top1
4247,19947.08,left0,top1,via_B0,left0A0 A0B0 B0B1 B1top1
4248,19947.13,bottom1,right1,background,bottom1B0 B0B1 B1right1
4249,19947.37,bottom1,bottom0,background,bottom1B0 B0A0 A0bottom0
4250,19949.44,bottom1,right0,background,bottom1B0 B0right0
4251,19949.55,bottom1,left1,background,bottom1B0 B0B1 B1A1 A1left1
4252,19951.68,bottom0,top1,background,bottom0A0 A0B0 B0B1 B1top1
4253,19954.23,right0,top0,background,right0B0 B0B1 B1A1 A1top0
4254,19955.06,left0,right0,background,left0A0 A0B0 B0right0
4255,19956.74,right0,right1,background,right0B0 B0B1 B1right1
4256,19963.04,right1,left0,background,right1B1 B1B0 B0A0 A0left0
4257,19985.19,left1,bottom0,background,left1A1 A1A0 A0bottom0
4258,19988.27,bottom1,left0,background,bottom1B0 B0A0 A0left0
4259,20001.95,bottom0,bottom1,background,bottom0A0 A0B0 B0bottom1
4260,20006.74,left0,left1,background,left0A0 A0A1 A1left1
4261,20008.58,left0,top1,via_A1,left0A0 A0A1 A1B1 B1top1
4262,20008.59,top1,top0,background,top1B1 B1A1 A1top0
4263,20012.45,left1,top0,background,left1A1 A1top0
4264,20017.26,left0,top1,via_B0,left0A0 A0B0 B0B1 B1top1
4265,20021.11,right0,right1,background,right0B0 B0B1 B1right1
4266,20024.43,left0,top1,via_A1,left0A0 A0A1 A1B1 B1top1
4267,20026.73,right1,bottom1,background,right1B1 B1B0 B0bottom1
4268,20031.48,left1,right1,background,left1A1 A1B1 B1right1
4269,20038.84,top0,right1,background,top0A1 A1B1 B1right1
4270,20046.93,left1,left0,background,left1A1 A1A0 A0left0
4271,20047.33,right1,left0,background,right1B1 B1B0 B0A0 A0left0
4272,20051.46,left0,top1,via_B0,left0A0 A0B0 B0B1 B1top1
4273,20064.64,left1,right1,background,left1A1 A1B1 B1right1
4274,20064.79,bottom1,right1,background,bottom1B0 B0B1 B1right1
4275,20070.21,right1,right0,background,right1B1 B1B0 B0right0
4276,20072.30,top0,top1,background,top0A1 A1B1 B1top1
4277,20073.70,left0,top1,via_A1,left0A0 A0A1 A1B1 B1top1
4278,20074.53,right0,left0,background,right0B0 B0A0 A0left0
4279,20074.59,top1,left1,background,top1B1 B1A1 A1left1
4280,20088.93,top1,top0,background,top1B1 B1A1 A1top0
4281,20089.16,bottom1,left1,background,bottom1B0 B0B1 B1A1 A1left1
4282,20100.11,left1,right0,background,left1A1 A1B1 B1B0 B0right0
4283,20105.06,top0,right1,background,top0A1 A1B1 B1right1
4284,20107.88,left1,left0,background,left1A1 A1A0 A0left0
4285,20109.83,bottom0,left1,background,bottom0A0 A0A1 A1left1
4286,20118.03,bottom1,bottom0,background,bottom1B0 B0A0 A0bottom0
4287,20124.62,left0,top1,via_B0,left0A0 A0B0 B0B1 B1top1
4288,20136.29,left0,bottom1,background,left0A0 A0B0 B0bottom1
4289,20141.12,top1,right0,background,top1B1 B1B0 B0right0
4290,20142.65,left1,left0,background,left1A1 A1A0 A0left0
4291,20148.32,bottom0,bottom1,background,bottom0A0 A0B0 B0bottom1
4292,20154.84,left0,top1,via_B0,left0A0 A0B0 B0B1 B1top1
4293,20159.50,left0,left1,background,left0A0 A0A1 A1left1
4294,20160.54,left0,top1,via_A1,left0A0 A0A1 A1B1 B1top1
4295,20165.66,left0,top1,via_A1,left0A0 A0A1 A1B1 B1top1
4296,20169.33,right1,left0,background,right1B1 B1A1 A1A0 A0left0
4297,20171.63,right0,bottom0,background,right0B0 B0A0 A0bottom0
4298,20172.28,top1,bottom1,background,top1B1 B1B0 B0bottom1
4299,20174.92,bottom1,right0,background,bottom1B0 B0right0
4300,20179.42,bottom0,left0,background,bottom0A0 A0left0
4301,20187.61,right1,top1,background,right1B1 B1top1
4302,20198.96,left0,top1,via_B0,left0A0 A0B0 B0B1 B1top1
4303,20200.03,bottom0,right1,background,bottom0A0 A0A1 A1B1 B1right1
4304,20201.48,top0,left0,background,top0A1 A1A0 A0left0
4305,20209.99,bottom0,top1,background,bottom0A0 A0B0 B0B1 B1top1
4306,20213.22,left0,top1,via_B0,left0A0 A0B0 B0B1 B1top1
4307,20214.62,bottom1,right1,background,bottom1B0 B0B1 B1right1
4308,20218.71,right0,left1,background,right0B0 B0A0 A0A1 A1left1
4309,20222.69,right1,left0,background,right1B1 B1A1 A1A0 A0left0
4310,20223.51,right1,bottom0,background,right1B1 B1A1 A1A0 A0bottom0
4311,20223.62,top0,top1,background,top0A1 A1B1 B1top1
4312,20224.42,top1,bottom1,background,top1B1 B1B0 B0bottom1
4313,20231.10,right0,right1,background,right0B0 B0B1 B1right1
4314,20236.95,left0,top1,via_B0,left0A0 A0B0 B0B1 B1top1
4315,20240.19,left0,top1,via_A1,left0A0 A0A1 A1B1 B1top1
4316,20249.11,bottom1,left1,background,bottom1B0 B0B1 B1A1 A1left1
4317,20250.84,left1,left0,background,left1A1 A1A0 A0left0
4318,20252.29,left0,top1,via_B0,left0A0 A0B0 B0B1 B1top1
4319,20256.83,right0,left1,background,right0B0 B0A0 A0A1 A1left1
4320,20258.22,left0,top1,via_A1,left0A0 A0A1 A1B1 B1top1
4321,20258.48,top0,right1,background,top0A1 A1B1 B1right1
4322,20261.95,top0,top1,background,top0A1 A1B1 B1top1
4323,20262.51,right0,left1,background,right0B0 B0A0 A0A1 A1left1
4324,20266.73,bottom0,top0,background,bottom0A0 A0A1 A1top0
4325,20276.27,right1,right0,background,right1B1 B1B0 B0right0
4326,20277.39,right1,bottom1,background,right1B1 B1B0 B0bottom1
4327,20279.58,left1,top0,background,left1A1 A1top0
4328,20281.62,bottom1,left0,background,bottom1B0 B0A0 A0left0
4329,20293.66,top1,bottom1,background,top1B1 B1B0 B0bottom1
4330,20298.51,left1,right1,background,left1A1 A1B1 B1right1
4331,20300.78,left0,top1,via_B0,left0A0 A0B0 B0B1 B1top1
4332,20303.72,bottom0,left0,background,bottom0A0 A0left0
4333,20305.13,left1,left0,background,left1A1 A1A0 A0left0
4334,20313.36,left0,top1,via_B0,left0A0 A0B0 B0B1 B1top1
4335,20313.99,bottom0,left0,background,bottom0A0 A0left0
4336,20321.31,left1,right0,background,left1A1 A1A0 A0B0 B0right0
4337,20334.82,bottom0,right1,background,bottom0A0 A0A1 A1B1 B1right1
4338,20335.02,left1,left0,background,left1A1 A1A0 A0left0
4339,20335.99,right0,bottom1,background,right0B0 B0bottom1
4340,20336.20,bottom1,bottom0,background,bottom1B0 B0A0 A0bottom0
4341,20356.83,left0,top1,via_B0,left0A0 A0B0 B0B1 B1top1
4342,20358.76,left1,right0,background,left1A1 A1A0 A0B0 B0right0
4343,20359.66,top0,right1,background,top0A1 A1B1 B1right1
4344,20361.81,right0,bottom1,background,right0B0 B0bottom1
4345,20373.03,top0,right1,background,top0A1 A1B1 B1right1
4346,20374.23,left0,top1,via_B0,left0A0 A0B0 B0B1 B1top1
4347,20375.22,bottom0,right0,background,bottom0A0 A0B0 B0right0
4348,20378.48,bottom1,bottom0,background,bottom1B0 B0A0 A0bottom0
4349,20379.35,left0,top1,via_B0,left0A0 A0B0 B0B1 B1top1
4350,20383.65,top1,left1,background,top1B1 B1A1 A1left1
4351,20388.09,bottom0,bottom1,background,bottom0A0 A0B0 B0bottom1
4352,20390.24,top0,top1,background,top0A1 A1B1 B1top1
4353,20397.45,left1,top1,background,left1A1 A1B1 B1top1
4354,20397.90,bottom1,right0,background,bottom1B0 B0right0
4355,20418.05,right1,left0,background,right1B1 B1A1 A1A0 A0left0
4356,20418.13,bottom1,right1,background,bottom1B0 B0B1 B1right1
4357,20431.30,bottom0,left0,background,bottom0A0 A0left0
4358,20432.15,right0,bottom1,background,right0B0 B0bottom1
4359,20446.57,top0,bottom0,background,top0A1 A1A0 A0bottom0
4360,20447.71,bottom0,left1,background,bottom0A0 A0A1 A1left1
4361,20451.64,left0,top1,via_B0,left0A0 A0B0 B0B1 B1top1
4362,20464.05,left0,top1,via_A1,left0A0 A0A1 A1B1 B1top1
4363,20465.14,left0,top1,via_B0,left0A0 A0B0 B0B1 B1top1
4364,20468.21,top1,right0,background,top1B1 B1B0 B0right0
4365,20476.39,right1,bottom1,background,right1B1 B1B0 B0bottom1
4366,20489.59,left0,top1,via_B0,left0A0 A0B0 B0B1 B1top1
4367,20489.90,right1,bottom1,background,right1B1 B1B0 B0bottom1
4368,20495.29,left0,top1,via_A1,left0A0 A0A1 A1B1 B1top1
4369,20495.88,top1,bottom0,background,top1B1 B1A1 A1A0 A0bottom0
4370,20496.39,bottom1,left1,background,bottom1B0 B0B1 B1A1 A1left1
4371,20499.94,left0,top1,via_B0,left0A0 A0B0 B0B1 B1top1
4372,20502.01,bottom1,right1,background,bottom1B0 B0B1 B1right1
4373,20503.84,left0,top1,via_B0,left0A0 A0B0 B0B1 B1top1
4374,20518.23,bottom0,left1,background,bottom0A0 A0A1 A1left1
4375,20519.64,bottom0,top1,background,bottom0A0 A0A1 A1B1 B1top1
4376,20530.52,top1,top0,background,top1B1 B1A1 A1top0
4377,20531.41,left0,top1,via_A1,left0A0 A0A1 A1B1 B1top1
4378,20531.56,left0,top1,via_B0,left0A0 A0B0 B0B1 B1top1
4379,20536.37,bottom1,top0,background,bottom1B0 B0B1 B1A1 A1top0
4380,20555.17,top1,top0,background,top1B1 B1A1 A1top0
4381,20565.18,right1,bottom1,background,right1B1 B1B0 B0bottom1
4382,20569.92,right1,top0,background,right1B1 B1A1 A1top0
4383,20569.94,left1,top1,background,left1A1 A1B1 B1top1
4384,20594.68,right0,left0,background,right0B0 B0A0 A0left0
4385,20595.06,top1,right0,background,top1B1 B1B0 B0right0
4386,20597.47,right1,top1,background,right1B1 B1top1
4387,20605.79,right0,left1,background,right0B0 B0A0 A0A1 A1left1
4388,20607.03,bottom0,right0,background,bottom0A0 A0B0 B0right0
4389,20607.22,top0,right1,background,top0A1 A1B1 B1right1
4390,20607.59,top0,bottom1,background,top0A1 A1B1 B1B0 B0bottom1
4391,20616.93,bottom0,right1,background,bottom0A0 A0B0 B0B1 B1right1
4392,20619.32,left0,right0,background,left0A0 A0B0 B0right0
4393,20620.37,left0,top1,via_A1,left0A0 A0A1 A1B1 B1top1
4394,20624.52,top1,bottom1,background,top1B1 B1B0 B0bottom1
4395,20630.55,top1,left1,background,top1B1 B1A1 A1left1
4396,20632.35,right1,left0,background,right1B1 B1A1 A1A0 A0left0
4397,20641.52,top0,left1,background,top0A1 A1left1
4398,20651.19,left0,top1,via_B0,left0A0 A0B0 B0B1 B1top1
4399,20652.51,left0,top1,via_A1,left0A0 A0A1 A1B1 B1top1
4400,20663.94,right1,left1,background,right1B1 B1A1 A1left1
4401,20672.31,left0,top1,via_A1,left0A0 A0A1 A1B1 B1top1
4402,20675.51,right1,bottom1,background,right1B1 B1B0 B0bottom1
4403,20679.17,left1,bottom1,background,left1A1 A1B1 B1B0 B0bottom1
4404,20682.13,bottom0,right0,background,bottom0A0 A0B0 B0right0
4405,20682.91,right1,left1,background,right1B1 B1A1 A1left1
4406,20690.96,right0,top1,background,right0B0 B0B1 B1top1
4407,20694.80,left0,top1,via_A1,left0A0 A0A1 A1B1 B1top1
4408,20700.92,left0,bottom1,background,left0A0 A0B0 B0bottom1
4409,20701.97,left1,right1,background,left1A1 A1B1 B1right1
4410,20704.87,right1,bottom1,background,right1B1 B1B0 B0bottom1
4411,20708.25,top0,left0,background,top0A1 A1A0 A0left0
4412,20708.76,left1,top1,background,left1A1 A1B1 B1top1
4413,20709.88,bottom1,top1,background,bottom1B0 B0B1 B1top1
4414,20715.66,bottom0,bottom1,background,bottom0A0 A0B0 B0bottom1
4415,20718.71,top1,bottom0,background,top1B1 B1A1 A1A0 A0bottom0
4416,20725.42,bottom0,right0,background,bottom0A0 A0B0 B0right0
4417,20726.07,bottom0,top0,background,bottom0A0 A0A1 A1top0
4418,20729.90,left0,top1,via_A1,left0A0 A0A1 A1B1 B1top1
4419,20731.58,bottom1,bottom0,background,bottom1B0 B0A0 A0bottom0
4420,20731.60,left0,top1,via_A1,left0A0 A0A1 A1B1 B1top1
4421,20731.75,right1,bottom1,background,right1B1 B1B0 B0bottom1
4422,20741.62,top1,right1,background,top1B1 B1right1
4423,20742.38,top0,right0,background,top0A1 A1B1 B1B0 B0right0
4424,20742.99,right0,top1,background,right0B0 B0B1 B1top1
4425,20744.83,top0,top1,background,top0A1 A1B1 B1top1
4426,20748.86,top1,right1,background,top1B1 B1right1
4427,20752.68,bottom0,right1,background,bottom0A0 A0B0 B0B1 B1right1
4428,20768.35,top0,top1,background,top0A1 A1B1 B1top1
4429,20768.48,left0,top1,via_A1,left0A0 A0A1 A1B1 B1top1
4430,20771.68,left0,left1,background,left0A0 A0A1 A1left1
4431,20774.09,top0,left0,background,top0A1 A1A0 A0left0
4432,20774.62,bottom1,top0,background,bottom1B0 B0B1 B1A1 A1top0
4433,20781.13,right0,top0,background,right0B0 B0A0 A0A1 A1top0
4434,20786.41,left0,top1,via_A1,left0A0 A0A1 A1B1 B1top1
4435,20792.34,left0,top1,via_B0,left0A0 A0B0 B0B1 B1top1
4436,20801.25,left1,top0,background,left1A1 A1top0
4437,20804.23,left0,top1,via_A1,left0A0 A0A1 A1B1 B1top1
4438,20804.51,left1,bottom0,background,left1A1 A1A0 A0bottom0
4439,20814.19,top1,bottom1,background,top1B1 B1B0 B0bottom1
4440,20820.09,right1,right0,background,right1B1 B1B0 B0right0
4441,20823.61,bottom0,right0,background,bottom0A0 A0B0 B0right0
4442,20832.48,left0,top1,via_A1,left0A0 A0A1 A1B1 B1top1
4443,20839.40,left0,top1,via_A1,left0A0 A0A1 A1B1 B1top1
4444,20843.94,top1,top0,background,top1B1 B1A1 A1top0
4445,20853.08,top1,bottom1,background,top1B1 B1B0 B0bottom1
4446,20855.29,left0,top1,via_A1,left0A0 A0A1 A1B1 B1top1
4447,20856.74,left0,top1,via_A1,left0A0 A0A1 A1B1 B1top1
4448,20861.77,left0,top1,via_A1,left0A0 A0A1 A1B1 B1top1
4449,20869.33,top0,bottom1,background,top0A1 A1A0 A0B0 B0bottom1
4450,20875.54,right0,top0,background,right0B0 B0B1 B1A1 A1top0
4451,20876.74,top0,top1,background,top0A1 A1B1 B1top1
4452,20883.41,top0,right0,background,top0A1 A1B1 B1B0 B0right0
4453,20892.17,right0,top1,background,right0B0 B0B1 B1top1
4454,20910.82,bottom0,top1,background,bottom0A0 A0A1 A1B1 B1top1
4455,20910.83,bottom1,top1,background,bottom1B0 B0B1 B1top1
4456,20914.64,bottom0,left1,background,bottom0A0 A0A1 A1left1
4457,20919.30,left1,bottom1,background,left1A1 A1A0 A0B0 B0bottom1
4458,20922.38,left0,top1,via_A1,left0A0 A0A1 A1B1 B1top1
4459,20930.13,bottom0,bottom1,background,bottom0A0 A0B0 B0bottom1
4460,20930.50,right1,left1,background,right1B1 B1A1 A1left1
4461,20934.76,right0,bottom1,background,right0B0 B0bottom1
4462,20935.51,right1,top0,background,right1B1 B1A1 A1top0
4463,20938.68,top0,left0,background,top0A1 A1A0 A0left0
4464,20941.19,top1,right0,background,top1B1 B1B0 B0right0
4465,20951.51,top0,bottom1,background,top0A1 A1B1 B1B0 B0bottom1
4466,20951.98,bottom0,right0,background,bottom0A0 A0B0 B0right0
4467,20952.26,bottom1,left0,background,bottom1B0 B0A0 A0left0
4468,20955.22,bottom1,left1,background,bottom1B0 B0B1 B1A1 A1left1
4469,20956.60,bottom1,bottom0,background,bottom1B0 B0A0 A0bottom0
4470,20963.70,right1,top0,background,right1B1 B1A1 A1top0
4471,20966.69,right0,left0,background,right0B0 B0A0 A0left0
4472,20968.06,bottom1,right0,background,bottom1B0 B0right0
4473,20969.23,bottom1,right1,background,bottom1B0 B0B1 B1right1
4474,20973.89,right0,top0,background,right0B0 B0A0 A0A1 A1top0
4475,20976.86,bottom1,right1,background,bottom1B0 B0B1 B1right1
4476,20984.07,top1,bottom1,background,top1B1 B1B0 B0bottom1
4477,20993.02,bottom0,right0,background,bottom0A0 A0B0 B0right0
4478,20996.97,right0,top0,background,right0B0 B0B1 B1A1 A1top0
4479,20998.07,right1,right0,background,right1B1 B1B0 B0right0
4480,21001.01,left0,top1,via_B0,left0A0 A0B0 B0B1 B1top1
4481,21001.56,right0,top0,background,right0B0 B0A0 A0A1 A1top0
4482,21008.88,bottom1,left1,background,bottom1B0 B0A0 A0A1 A1left1
4483,21009.11,bottom0,right1,background,bottom0A0 A0A1 A1B1 B1right1
4484,21013.31,left0,bottom1,background,left0A0 A0B0 B0bottom1
4485,21017.43,bottom1,left1,background,bottom1B0 B0B1 B1A1 A1left1
4486,21024.78,left0,top1,via_A1,left0A0 A0A1 A1B1 B1top1
4487,21025.60,left0,top1,via_B0,left0A0 A0B0 B0B1 B1top1
4488,21033.62,bottom0,right1,background,bottom0A0 A0B0 B0B1 B1right1
4489,21035.04,right1,top0,background,right1B1 B1A1 A1top0
4490,21035.07,bottom1,right0,background,bottom1B0 B0right0
4491,21039.10,top1,left1,background,top1B1 B1A1 A1left1
4492,21040.57,right1,top0,background,right1B1 B1A1 A1top0
4493,21043.59,left0,bottom0,background,left0A0 A0bottom0
4494,21045.09,left0,top1,via_B0,left0A0 A0B0 B0B1 B1top1
4495,21046.24,left0,top1,via_A1,left0A0 A0A1 A1B1 B1top1
4496,21052.00,bottom1,left0,background,bottom1B0 B0A0 A0left0
4497,21055.58,left0,top1,via_B0,left0A0 A0B0 B0B1 B1top1
4498,21059.10,bottom1,left0,background,bottom1B0 B0A0 A0left0
4499,21064.32,bottom1,left1,background,bottom1B0 B0A0 A0A1 A1left1
4500,21065.16,top1,left1,background,top1B1 B1A1 A1left1
4501,21065.64,left1,bottom0,background,left1A1 A1A0 A0bottom0
4502,21069.40,top1,bottom0,background,top1B1 B1B0 B0A0 A0bottom0
4503,21074.81,left1,bottom0,background,left1A1 A1A0 A0bottom0
4504,21076.73,right0,left0,background,right0B0 B0A0 A0left0
4505,21083.43,right1,bottom0,background,right1B1 B1B0 B0A0 A0bottom0
4506,21091.84,top1,bottom1,background,top1B1 B1B0 B0bottom1
4507,21101.21,left0,top1,via_B0,left0A0 A0B0 B0B1 B1top1
4508,21104.53,right1,left0,background,right1B1 B1A1 A1A0 A0left0
4509,21110.73,top1,right0,background,top1B1 B1B0 B0right0
4510,21114.62,left1,top0,background,left1A1 A1top0
4511,21116.44,left0,top1,via_B0,left0A0 A0B0 B0B1 B1top1
4512,21117.45,bottom1,right1,background,bottom1B0 B0B1 B1right1
4513,21126.62,top0,top1,background,top0A1 A1B1 B1top1
4514,21128.48,bottom0,bottom1,background,bottom0A0 A0B0 B0bottom1
4515,21132.81,left0,top1,via_A1,left0A0 A0A1 A1B1 B1top1
4516,21135.33,right0,top1,background,right0B0 B0B1 B1top1
4517,21141.68,top1,right1,background,top1B1 B1right1
4518,21149.42,top0,top1,background,top0A1 A1B1 B1top1
4519,21152.07,left0,top1,via_A1,left0A0 A0A1 A1B1 B1top1
4520,21156.20,left0,top1,via_B0,left0A0 A0B0 B0B1 B1top1
4521,21168.45,bottom0,top0,background,bottom0A0 A0A1 A1top0
4522,21168.63,right0,left1,background,right0B0 B0A0 A0A1 A1left1
4523,21171.87,bottom0,top0,background,bottom0A0 A0A1 A1top0
4524,21182.57,top0,right0,background,top0A1 A1A0 A0B0 B0right0
4525,21191.63,right1,left1,background,right1B1 B1A1 A1left1
4526,21191.91,right1,bottom1,background,right1B1 B1B0 B0bottom1
4527,21193.36,right1,left0,background,right1B1 B1B0 B0A0 A0left0
4528,21199.92,left0,top1,background,left0A0 A0B0 B0B1 B1top1
4529,21212.65,top1,right0,background,top1B1 B1B0 B0right0
4530,21234.96,left0,top1,via_A1,left0A0 A0A1 A1B1 B1top1
4531,21240.49,left1,bottom1,background,left1A1 A1A0 A0B0 B0bottom1
4532,21242.64,top0,left1,background,top0A1 A1left1
4533,21248.54,left1,top0,background,left1A1 A1top0
4534,21251.25,top1,bottom0,background,top1B1 B1A1 A1A0 A0bottom0
4535,21260.33,left0,top1,via_A1,left0A0 A0A1 A1B1 B1top1
4536,21279.28,top1,bottom1,background,top1B1 B1B0 B0bottom1
4537,21281.18,bottom1,right0,background,bottom1B0 B0right0
4538,21289.59,top0,right1,background,top0A1 A1B1 B1right1
4539,21291.60,top1,left1,background,top1B1 B1A1 A1left1
4540,21297.19,left0,top1,via_B0,left0A0 A0B0 B0B1 B1top1
4541,21301.46,top0,bottom0,background,top0A1 A1A0 A0bottom0
4542,21302.21,top1,left1,background,top1B1 B1A1 A1left1
4543,21306.67,bottom1,left1,background,bottom1B0 B0A0 A0A1 A1left1
4544,21309.52,right1,top1,background,right1B1 B1top1
4545,21311.93,right0,bottom0,background,right0B0 B0A0 A0bottom0
4546,21316.03,bottom0,left0,background,bottom0A0 A0left0
4547,21327.42,bottom0,right1,background,bottom0A0 A0B0 B0B1 B1right1
4548,21343.10,left1,top1,background,left1A1 A1B1 B1top1
4549,21348.24,left0,top1,via_B0,left0A0 A0B0 B0B1 B1top1
4550,21349.16,bottom1,top0,background,bottom1B0 B0A0 A0A1 A1top0
4551,21354.90,top0,top1,background,top0A1 A1B1 B1top1
4552,21357.57,left0,top1,via_A1,left0A0 A0A1 A1B1 B1top1
4553,21359.62,right0,right1,background,right0B0 B0B1 B1right1
4554,21369.62,bottom1,right0,background,bottom1B0 B0right0
4555,21377.84,left1,top1,background,left1A1 A1B1 B1top1
4556,21383.58,top1,right0,background,top1B1 B1B0 B0right0
4557,21387.73,left0,top1,via_B0,left0A0 A0B0 B0B1 B1top1
4558,21392.41,right1,top0,background,right1B1 B1A1 A1top0
4559,21395.11,left0,top1,via_A1,left0A0 A0A1 A1B1 B1top1
4560,21395.24,top0,left0,background,top0A1 A1A0 A0left0
4561,21397.54,left1,right1,background,left1A1 A1B1 B1right1
4562,21399.46,bottom0,top0,background,bottom0A0 A0A1 A1top0
4563,21400.14,top0,bottom1,background,top0A1 A1A0 A0B0 B0bottom1
4564,21400.59,right1,bottom1,background,right1B1 B1B0 B0bottom1
4565,21402.87,right0,left0,background,right0B0 B0A0 A0left0
4566,21411.61,left0,top1,via_A1,left0A0 A0A1 A1B1 B1top1
4567,21412.15,top1,bottom0,background,top1B1 B1B0 B0A0 A0bottom0
4568,21424.04,bottom0,right1,background,bottom0A0 A0B0 B0B1 B1right1
4569,21428.63,top1,left0,background,top1B1 B1A1 A1A0 A0left0
4570,21434.21,left0,top1,via_A1,left0A0 A0A1 A1B1 B1top1
4571,21436.72,bottom0,left1,background,bottom0A0 A0A1 A1left1
4572,21440.61,top0,left1,background,top0A1 A1left1
4573,21442.51,left0,top1,via_A1,left0A0 A0A1 A1B1 B1top1
4574,21457.60,left1,top1,background,left1A1 A1B1 B1top1
4575,21459.42,top1,right0,background,top1B1 B1B0 B0right0
4576,21463.98,bottom0,left1,background,bottom0A0 A0A1 A1left1
4577,21475.63,top0,left0,background,top0A1 A1A0 A0left0
4578,21480.46,right0,left1,background,right0B0 B0A0 A0A1 A1left1
4579,21491.24,right0,top1,background,right0B0 B0B1 B1top1
4580,21496.29,bottom1,top1,background,bottom1B0 B0B1 B1top1
4581,21501.68,right1,top0,background,right1B1 B1A1 A1top0
4582,21512.72,left0,top1,via_A1,left0A0 A0A1 A1B1 B1top1
4583,21514.62,left0,top1,background,left0A0 A0B0 B0B1 B1top1
4584,21516.92,left0,top1,via_B0,left0A0 A0B0 B0B1 B1top1
4585,21525.03,left0,top1,via_A1,left0A0 A0A1 A1B1 B1top1
4586,21527.64,right0,right1,background,right0B0 B0B1 B1right1
4587,21535.08,bottom1,bottom0,background,bottom1B0 B0A0 A0bottom0
4588,21536.38,right0,top1,background,right0B0 B0B1 B1top1
4589,21540.88,right1,bottom0,background,right1B1 B1A1 A1A0 A0bottom0
4590,21541.88,bottom1,bottom0,background,bottom1B0 B0A0 A0bottom0
4591,21543.86,left0,top1,via_A1,left0A0 A0A1 A1B1 B1top1
4592,21550.60,top0,bottom1,background,top0A1 A1A0 A0B0 B0bottom1
4593,21552.40,left0,top1,via_A1,left0A0 A0A1 A1B1 B1top1
4594,21553.56,left1,left0,background,left1A1 A1A0 A0left0
4595,21553.75,left0,top1,via_A1,left0A0 A0A1 A1B1 B1top1
4596,21556.54,left1,top1,background,left1A1 A1B1 B1top1
4597,21556.99,right1,left1,background,right1B1 B1A1 A1left1
4598,21559.20,left1,left0,background,left1A1 A1A0 A0left0
4599,21561.91,top1,right0,background,top1B1 B1B0 B0right0
4600,21571.19,top1,left1,background,top1B1 B1A1 A1left1
4601,21573.67,left1,left0,background,left1A1 A1A0 A0left0
4602,21575.46,right0,left1,background,right0B0 B0B1 B1A1 A1left1
4603,21580.35,right1,top1,background,right1B1 B1top1
4604,21587.56,left0,top1,via_A1,left0A0 A0A1 A1B1 B1top1
4605,21588.87,left0,top1,via_A1,left0A0 A0A1 A1B1 B1top1
4606,21594.10,top1,bottom1,background,top1B1 B1B0 B0bottom1
4607,21594.85,left1,right1,background,left1A1 A1B1 B1right1
