time_s,signal,approach,incoming_edge,lane_id,lane_label,vehicles_on_road,sumo_vehicles_on_road,entered_last_decision,vehicles_on_lane,moving_on_lane,stopped_on_lane,lane_changes_in,lane_changes_out
0.0,A0,北,A1A0,A1A0_0,Turn right,0,0,0,0,0,0,0,0
0.0,A0,北,A1A0,A1A0_1,Go straight,0,0,0,0,0,0,0,0
0.0,A0,北,A1A0,A1A0_2,Turn left,0,0,0,0,0,0,0,0
0.0,A0,东,B0A0,B0A0_0,Turn right,0,0,0,0,0,0,0,0
0.0,A0,东,B0A0,B0A0_1,Go straight,0,0,0,0,0,0,0,0
0.0,A0,东,B0A0,B0A0_2,Turn left,0,0,0,0,0,0,0,0
0.0,A0,南,bottom0A0,bottom0A0_0,Turn right,0,0,0,0,0,0,0,0
0.0,A0,南,bottom0A0,bottom0A0_1,Go straight,0,0,0,0,0,0,0,0
0.0,A0,南,bottom0A0,bottom0A0_2,Turn left,0,0,0,0,0,0,0,0
0.0,A0,西,left0A0,left0A0_0,Turn right,0,0,0,0,0,0,0,0
0.0,A0,西,left0A0,left0A0_1,Go straight,0,0,0,0,0,0,0,0
0.0,A0,西,left0A0,left0A0_2,Turn left,0,0,0,0,0,0,0,0
0.0,A1,南,A0A1,A0A1_0,Turn right,0,0,0,0,0,0,0,0
0.0,A1,南,A0A1,A0A1_1,Go straight,0,0,0,0,0,0,0,0
0.0,A1,南,A0A1,A0A1_2,Turn left,0,0,0,0,0,0,0,0
0.0,A1,北,A2A1,A2A1_0,Turn right,0,0,0,0,0,0,0,0
0.0,A1,北,A2A1,A2A1_1,Go straight,0,0,0,0,0,0,0,0
0.0,A1,北,A2A1,A2A1_2,Turn left,0,0,0,0,0,0,0,0
0.0,A1,东,B1A1,B1A1_0,Turn right,0,0,0,0,0,0,0,0
0.0,A1,东,B1A1,B1A1_1,Go straight,0,0,0,0,0,0,0,0
0.0,A1,东,B1A1,B1A1_2,Turn left,0,0,0,0,0,0,0,0
0.0,A1,西,left1A1,left1A1_0,Turn right,0,0,0,0,0,0,0,0
0.0,A1,西,left1A1,left1A1_1,Go straight,0,0,0,0,0,0,0,0
0.0,A1,西,left1A1,left1A1_2,Turn left,0,0,0,0,0,0,0,0
0.0,A2,南,A1A2,A1A2_0,Turn right,0,0,0,0,0,0,0,0
0.0,A2,南,A1A2,A1A2_1,Go straight,0,0,0,0,0,0,0,0
0.0,A2,南,A1A2,A1A2_2,Turn left,0,0,0,0,0,0,0,0
0.0,A2,东,B2A2,B2A2_0,Turn right,0,0,0,0,0,0,0,0
0.0,A2,东,B2A2,B2A2_1,Go straight,0,0,0,0,0,0,0,0
0.0,A2,东,B2A2,B2A2_2,Turn left,0,0,0,0,0,0,0,0
0.0,A2,西,left2A2,left2A2_0,Turn right,0,0,0,0,0,0,0,0
0.0,A2,西,left2A2,left2A2_1,Go straight,0,0,0,0,0,0,0,0
0.0,A2,西,left2A2,left2A2_2,Turn left,0,0,0,0,0,0,0,0
0.0,A2,北,top0A2,top0A2_0,Turn right,0,0,0,0,0,0,0,0
0.0,A2,北,top0A2,top0A2_1,Go straight,0,0,0,0,0,0,0,0
0.0,A2,北,top0A2,top0A2_2,Turn left,0,0,0,0,0,0,0,0
0.0,B0,西,A0B0,A0B0_0,Turn right,0,0,0,0,0,0,0,0
0.0,B0,西,A0B0,A0B0_1,Go straight,0,0,0,0,0,0,0,0
0.0,B0,西,A0B0,A0B0_2,Turn left,0,0,0,0,0,0,0,0
0.0,B0,北,B1B0,B1B0_0,Turn right,0,0,0,0,0,0,0,0
0.0,B0,北,B1B0,B1B0_1,Go straight,0,0,0,0,0,0,0,0
0.0,B0,北,B1B0,B1B0_2,Turn left,0,0,0,0,0,0,0,0
0.0,B0,东,C0B0,C0B0_0,Turn right,0,0,0,0,0,0,0,0
0.0,B0,东,C0B0,C0B0_1,Go straight,0,0,0,0,0,0,0,0
0.0,B0,东,C0B0,C0B0_2,Turn left,0,0,0,0,0,0,0,0
0.0,B0,南,bottom1B0,bottom1B0_0,Turn right,0,0,0,0,0,0,0,0
0.0,B0,南,bottom1B0,bottom1B0_1,Go straight,0,0,0,0,0,0,0,0
0.0,B0,南,bottom1B0,bottom1B0_2,Turn left,0,0,0,0,0,0,0,0
0.0,B1,西,A1B1,A1B1_0,Turn right,0,0,0,0,0,0,0,0
0.0,B1,西,A1B1,A1B1_1,Go straight,0,0,0,0,0,0,0,0
0.0,B1,西,A1B1,A1B1_2,Turn left,0,0,0,0,0,0,0,0
0.0,B1,南,B0B1,B0B1_0,Turn right,0,0,0,0,0,0,0,0
0.0,B1,南,B0B1,B0B1_1,Go straight,0,0,0,0,0,0,0,0
0.0,B1,南,B0B1,B0B1_2,Turn left,0,0,0,0,0,0,0,0
0.0,B1,北,B2B1,B2B1_0,Turn right,0,0,0,0,0,0,0,0
0.0,B1,北,B2B1,B2B1_1,Go straight,0,0,0,0,0,0,0,0
0.0,B1,北,B2B1,B2B1_2,Turn left,0,0,0,0,0,0,0,0
0.0,B1,东,C1B1,C1B1_0,Turn right,0,0,0,0,0,0,0,0
0.0,B1,东,C1B1,C1B1_1,Go straight,0,0,0,0,0,0,0,0
0.0,B1,东,C1B1,C1B1_2,Turn left,0,0,0,0,0,0,0,0
0.0,B2,西,A2B2,A2B2_0,Turn right,0,0,0,0,0,0,0,0
0.0,B2,西,A2B2,A2B2_1,Go straight,0,0,0,0,0,0,0,0
0.0,B2,西,A2B2,A2B2_2,Turn left,0,0,0,0,0,0,0,0
0.0,B2,南,B1B2,B1B2_0,Turn right,0,0,0,0,0,0,0,0
0.0,B2,南,B1B2,B1B2_1,Go straight,0,0,0,0,0,0,0,0
0.0,B2,南,B1B2,B1B2_2,Turn left,0,0,0,0,0,0,0,0
0.0,B2,东,C2B2,C2B2_0,Turn right,0,0,0,0,0,0,0,0
0.0,B2,东,C2B2,C2B2_1,Go straight,0,0,0,0,0,0,0,0
0.0,B2,东,C2B2,C2B2_2,Turn left,0,0,0,0,0,0,0,0
0.0,B2,北,top1B2,top1B2_0,Turn right,0,0,0,0,0,0,0,0
0.0,B2,北,top1B2,top1B2_1,Go straight,0,0,0,0,0,0,0,0
0.0,B2,北,top1B2,top1B2_2,Turn left,0,0,0,0,0,0,0,0
0.0,C0,西,B0C0,B0C0_0,Turn right,0,0,0,0,0,0,0,0
0.0,C0,西,B0C0,B0C0_1,Go straight,0,0,0,0,0,0,0,0
0.0,C0,西,B0C0,B0C0_2,Turn left,0,0,0,0,0,0,0,0
0.0,C0,北,C1C0,C1C0_0,Turn right,0,0,0,0,0,0,0,0
0.0,C0,北,C1C0,C1C0_1,Go straight,0,0,0,0,0,0,0,0
0.0,C0,北,C1C0,C1C0_2,Turn left,0,0,0,0,0,0,0,0
0.0,C0,南,bottom2C0,bottom2C0_0,Turn right,0,0,0,0,0,0,0,0
0.0,C0,南,bottom2C0,bottom2C0_1,Go straight,0,0,0,0,0,0,0,0
0.0,C0,南,bottom2C0,bottom2C0_2,Turn left,0,0,0,0,0,0,0,0
0.0,C0,东,right0C0,right0C0_0,Turn right,0,0,0,0,0,0,0,0
0.0,C0,东,right0C0,right0C0_1,Go straight,0,0,0,0,0,0,0,0
0.0,C0,东,right0C0,right0C0_2,Turn left,0,0,0,0,0,0,0,0
0.0,C1,西,B1C1,B1C1_0,Turn right,0,0,0,0,0,0,0,0
0.0,C1,西,B1C1,B1C1_1,Go straight,0,0,0,0,0,0,0,0
0.0,C1,西,B1C1,B1C1_2,Turn left,0,0,0,0,0,0,0,0
0.0,C1,南,C0C1,C0C1_0,Turn right,0,0,0,0,0,0,0,0
0.0,C1,南,C0C1,C0C1_1,Go straight,0,0,0,0,0,0,0,0
0.0,C1,南,C0C1,C0C1_2,Turn left,0,0,0,0,0,0,0,0
0.0,C1,北,C2C1,C2C1_0,Turn right,0,0,0,0,0,0,0,0
0.0,C1,北,C2C1,C2C1_1,Go straight,0,0,0,0,0,0,0,0
0.0,C1,北,C2C1,C2C1_2,Turn left,0,0,0,0,0,0,0,0
0.0,C1,东,right1C1,right1C1_0,Turn right,0,0,0,0,0,0,0,0
0.0,C1,东,right1C1,right1C1_1,Go straight,0,0,0,0,0,0,0,0
0.0,C1,东,right1C1,right1C1_2,Turn left,0,0,0,0,0,0,0,0
0.0,C2,西,B2C2,B2C2_0,Turn right,0,0,0,0,0,0,0,0
0.0,C2,西,B2C2,B2C2_1,Go straight,0,0,0,0,0,0,0,0
0.0,C2,西,B2C2,B2C2_2,Turn left,0,0,0,0,0,0,0,0
0.0,C2,南,C1C2,C1C2_0,Turn right,0,0,0,0,0,0,0,0
0.0,C2,南,C1C2,C1C2_1,Go straight,0,0,0,0,0,0,0,0
0.0,C2,南,C1C2,C1C2_2,Turn left,0,0,0,0,0,0,0,0
0.0,C2,东,right2C2,right2C2_0,Turn right,0,0,0,0,0,0,0,0
0.0,C2,东,right2C2,right2C2_1,Go straight,0,0,0,0,0,0,0,0
0.0,C2,东,right2C2,right2C2_2,Turn left,0,0,0,0,0,0,0,0
0.0,C2,北,top2C2,top2C2_0,Turn right,0,0,0,0,0,0,0,0
0.0,C2,北,top2C2,top2C2_1,Go straight,0,0,0,0,0,0,0,0
0.0,C2,北,top2C2,top2C2_2,Turn left,0,0,0,0,0,0,0,0
5.0,A0,北,A1A0,A1A0_0,Turn right,0,0,0,0,0,0,0,0
5.0,A0,北,A1A0,A1A0_1,Go straight,0,0,0,0,0,0,0,0
5.0,A0,北,A1A0,A1A0_2,Turn left,0,0,0,0,0,0,0,0
5.0,A0,东,B0A0,B0A0_0,Turn right,0,0,0,0,0,0,0,0
5.0,A0,东,B0A0,B0A0_1,Go straight,0,0,0,0,0,0,0,0
5.0,A0,东,B0A0,B0A0_2,Turn left,0,0,0,0,0,0,0,0
5.0,A0,南,bottom0A0,bottom0A0_0,Turn right,0,0,0,0,0,0,0,0
5.0,A0,南,bottom0A0,bottom0A0_1,Go straight,0,0,0,0,0,0,0,0
5.0,A0,南,bottom0A0,bottom0A0_2,Turn left,0,0,0,0,0,0,0,0
5.0,A0,西,left0A0,left0A0_0,Turn right,0,0,0,0,0,0,0,0
5.0,A0,西,left0A0,left0A0_1,Go straight,0,0,0,0,0,0,0,0
5.0,A0,西,left0A0,left0A0_2,Turn left,0,0,0,0,0,0,0,0
5.0,A1,南,A0A1,A0A1_0,Turn right,0,0,0,0,0,0,0,0
5.0,A1,南,A0A1,A0A1_1,Go straight,0,0,0,0,0,0,0,0
5.0,A1,南,A0A1,A0A1_2,Turn left,0,0,0,0,0,0,0,0
5.0,A1,北,A2A1,A2A1_0,Turn right,0,0,0,0,0,0,0,0
5.0,A1,北,A2A1,A2A1_1,Go straight,0,0,0,0,0,0,0,0
5.0,A1,北,A2A1,A2A1_2,Turn left,0,0,0,0,0,0,0,0
5.0,A1,东,B1A1,B1A1_0,Turn right,0,0,0,0,0,0,0,0
5.0,A1,东,B1A1,B1A1_1,Go straight,0,0,0,0,0,0,0,0
5.0,A1,东,B1A1,B1A1_2,Turn left,0,0,0,0,0,0,0,0
5.0,A1,西,left1A1,left1A1_0,Turn right,1,1,1,0,0,0,0,1
5.0,A1,西,left1A1,left1A1_1,Go straight,1,1,1,1,1,0,1,0
5.0,A1,西,left1A1,left1A1_2,Turn left,1,1,1,0,0,0,0,0
5.0,A2,南,A1A2,A1A2_0,Turn right,0,0,0,0,0,0,0,0
5.0,A2,南,A1A2,A1A2_1,Go straight,0,0,0,0,0,0,0,0
5.0,A2,南,A1A2,A1A2_2,Turn left,0,0,0,0,0,0,0,0
5.0,A2,东,B2A2,B2A2_0,Turn right,0,0,0,0,0,0,0,0
5.0,A2,东,B2A2,B2A2_1,Go straight,0,0,0,0,0,0,0,0
5.0,A2,东,B2A2,B2A2_2,Turn left,0,0,0,0,0,0,0,0
5.0,A2,西,left2A2,left2A2_0,Turn right,0,0,0,0,0,0,0,0
5.0,A2,西,left2A2,left2A2_1,Go straight,0,0,0,0,0,0,0,0
5.0,A2,西,left2A2,left2A2_2,Turn left,0,0,0,0,0,0,0,0
5.0,A2,北,top0A2,top0A2_0,Turn right,0,0,0,0,0,0,0,0
5.0,A2,北,top0A2,top0A2_1,Go straight,0,0,0,0,0,0,0,0
5.0,A2,北,top0A2,top0A2_2,Turn left,0,0,0,0,0,0,0,0
5.0,B0,西,A0B0,A0B0_0,Turn right,0,0,0,0,0,0,0,0
5.0,B0,西,A0B0,A0B0_1,Go straight,0,0,0,0,0,0,0,0
5.0,B0,西,A0B0,A0B0_2,Turn left,0,0,0,0,0,0,0,0
5.0,B0,北,B1B0,B1B0_0,Turn right,0,0,0,0,0,0,0,0
5.0,B0,北,B1B0,B1B0_1,Go straight,0,0,0,0,0,0,0,0
5.0,B0,北,B1B0,B1B0_2,Turn left,0,0,0,0,0,0,0,0
5.0,B0,东,C0B0,C0B0_0,Turn right,0,0,0,0,0,0,0,0
5.0,B0,东,C0B0,C0B0_1,Go straight,0,0,0,0,0,0,0,0
5.0,B0,东,C0B0,C0B0_2,Turn left,0,0,0,0,0,0,0,0
5.0,B0,南,bottom1B0,bottom1B0_0,Turn right,0,0,0,0,0,0,0,0
5.0,B0,南,bottom1B0,bottom1B0_1,Go straight,0,0,0,0,0,0,0,0
5.0,B0,南,bottom1B0,bottom1B0_2,Turn left,0,0,0,0,0,0,0,0
5.0,B1,西,A1B1,A1B1_0,Turn right,0,0,0,0,0,0,0,0
5.0,B1,西,A1B1,A1B1_1,Go straight,0,0,0,0,0,0,0,0
5.0,B1,西,A1B1,A1B1_2,Turn left,0,0,0,0,0,0,0,0
5.0,B1,南,B0B1,B0B1_0,Turn right,0,0,0,0,0,0,0,0
5.0,B1,南,B0B1,B0B1_1,Go straight,0,0,0,0,0,0,0,0
5.0,B1,南,B0B1,B0B1_2,Turn left,0,0,0,0,0,0,0,0
5.0,B1,北,B2B1,B2B1_0,Turn right,0,0,0,0,0,0,0,0
5.0,B1,北,B2B1,B2B1_1,Go straight,0,0,0,0,0,0,0,0
5.0,B1,北,B2B1,B2B1_2,Turn left,0,0,0,0,0,0,0,0
5.0,B1,东,C1B1,C1B1_0,Turn right,0,0,0,0,0,0,0,0
5.0,B1,东,C1B1,C1B1_1,Go straight,0,0,0,0,0,0,0,0
5.0,B1,东,C1B1,C1B1_2,Turn left,0,0,0,0,0,0,0,0
5.0,B2,西,A2B2,A2B2_0,Turn right,0,0,0,0,0,0,0,0
5.0,B2,西,A2B2,A2B2_1,Go straight,0,0,0,0,0,0,0,0
5.0,B2,西,A2B2,A2B2_2,Turn left,0,0,0,0,0,0,0,0
5.0,B2,南,B1B2,B1B2_0,Turn right,0,0,0,0,0,0,0,0
5.0,B2,南,B1B2,B1B2_1,Go straight,0,0,0,0,0,0,0,0
5.0,B2,南,B1B2,B1B2_2,Turn left,0,0,0,0,0,0,0,0
5.0,B2,东,C2B2,C2B2_0,Turn right,0,0,0,0,0,0,0,0
5.0,B2,东,C2B2,C2B2_1,Go straight,0,0,0,0,0,0,0,0
5.0,B2,东,C2B2,C2B2_2,Turn left,0,0,0,0,0,0,0,0
5.0,B2,北,top1B2,top1B2_0,Turn right,0,0,0,0,0,0,0,0
5.0,B2,北,top1B2,top1B2_1,Go straight,0,0,0,0,0,0,0,0
5.0,B2,北,top1B2,top1B2_2,Turn left,0,0,0,0,0,0,0,0
5.0,C0,西,B0C0,B0C0_0,Turn right,0,0,0,0,0,0,0,0
5.0,C0,西,B0C0,B0C0_1,Go straight,0,0,0,0,0,0,0,0
5.0,C0,西,B0C0,B0C0_2,Turn left,0,0,0,0,0,0,0,0
5.0,C0,北,C1C0,C1C0_0,Turn right,0,0,0,0,0,0,0,0
5.0,C0,北,C1C0,C1C0_1,Go straight,0,0,0,0,0,0,0,0
5.0,C0,北,C1C0,C1C0_2,Turn left,0,0,0,0,0,0,0,0
5.0,C0,南,bottom2C0,bottom2C0_0,Turn right,0,0,0,0,0,0,0,0
5.0,C0,南,bottom2C0,bottom2C0_1,Go straight,0,0,0,0,0,0,0,0
5.0,C0,南,bottom2C0,bottom2C0_2,Turn left,0,0,0,0,0,0,0,0
5.0,C0,东,right0C0,right0C0_0,Turn right,0,0,0,0,0,0,0,0
5.0,C0,东,right0C0,right0C0_1,Go straight,0,0,0,0,0,0,0,0
5.0,C0,东,right0C0,right0C0_2,Turn left,0,0,0,0,0,0,0,0
5.0,C1,西,B1C1,B1C1_0,Turn right,0,0,0,0,0,0,0,0
5.0,C1,西,B1C1,B1C1_1,Go straight,0,0,0,0,0,0,0,0
5.0,C1,西,B1C1,B1C1_2,Turn left,0,0,0,0,0,0,0,0
5.0,C1,南,C0C1,C0C1_0,Turn right,0,0,0,0,0,0,0,0
5.0,C1,南,C0C1,C0C1_1,Go straight,0,0,0,0,0,0,0,0
5.0,C1,南,C0C1,C0C1_2,Turn left,0,0,0,0,0,0,0,0
5.0,C1,北,C2C1,C2C1_0,Turn right,0,0,0,0,0,0,0,0
5.0,C1,北,C2C1,C2C1_1,Go straight,0,0,0,0,0,0,0,0
5.0,C1,北,C2C1,C2C1_2,Turn left,0,0,0,0,0,0,0,0
5.0,C1,东,right1C1,right1C1_0,Turn right,0,0,0,0,0,0,0,0
5.0,C1,东,right1C1,right1C1_1,Go straight,0,0,0,0,0,0,0,0
5.0,C1,东,right1C1,right1C1_2,Turn left,0,0,0,0,0,0,0,0
5.0,C2,西,B2C2,B2C2_0,Turn right,0,0,0,0,0,0,0,0
5.0,C2,西,B2C2,B2C2_1,Go straight,0,0,0,0,0,0,0,0
5.0,C2,西,B2C2,B2C2_2,Turn left,0,0,0,0,0,0,0,0
5.0,C2,南,C1C2,C1C2_0,Turn right,0,0,0,0,0,0,0,0
5.0,C2,南,C1C2,C1C2_1,Go straight,0,0,0,0,0,0,0,0
5.0,C2,南,C1C2,C1C2_2,Turn left,0,0,0,0,0,0,0,0
5.0,C2,东,right2C2,right2C2_0,Turn right,0,0,0,0,0,0,0,0
5.0,C2,东,right2C2,right2C2_1,Go straight,0,0,0,0,0,0,0,0
5.0,C2,东,right2C2,right2C2_2,Turn left,0,0,0,0,0,0,0,0
5.0,C2,北,top2C2,top2C2_0,Turn right,0,0,0,0,0,0,0,0
5.0,C2,北,top2C2,top2C2_1,Go straight,0,0,0,0,0,0,0,0
5.0,C2,北,top2C2,top2C2_2,Turn left,0,0,0,0,0,0,0,0
10.0,A0,北,A1A0,A1A0_0,Turn right,0,0,0,0,0,0,0,0
10.0,A0,北,A1A0,A1A0_1,Go straight,0,0,0,0,0,0,0,0
10.0,A0,北,A1A0,A1A0_2,Turn left,0,0,0,0,0,0,0,0
10.0,A0,东,B0A0,B0A0_0,Turn right,0,0,0,0,0,0,0,0
10.0,A0,东,B0A0,B0A0_1,Go straight,0,0,0,0,0,0,0,0
10.0,A0,东,B0A0,B0A0_2,Turn left,0,0,0,0,0,0,0,0
10.0,A0,南,bottom0A0,bottom0A0_0,Turn right,0,0,0,0,0,0,0,0
10.0,A0,南,bottom0A0,bottom0A0_1,Go straight,0,0,0,0,0,0,0,0
10.0,A0,南,bottom0A0,bottom0A0_2,Turn left,0,0,0,0,0,0,0,0
10.0,A0,西,left0A0,left0A0_0,Turn right,1,1,1,0,0,0,0,1
10.0,A0,西,left0A0,left0A0_1,Go straight,1,1,1,1,1,0,1,0
10.0,A0,西,left0A0,left0A0_2,Turn left,1,1,1,0,0,0,0,0
10.0,A1,南,A0A1,A0A1_0,Turn right,0,0,0,0,0,0,0,0
10.0,A1,南,A0A1,A0A1_1,Go straight,0,0,0,0,0,0,0,0
10.0,A1,南,A0A1,A0A1_2,Turn left,0,0,0,0,0,0,0,0
10.0,A1,北,A2A1,A2A1_0,Turn right,0,0,0,0,0,0,0,0
10.0,A1,北,A2A1,A2A1_1,Go straight,0,0,0,0,0,0,0,0
10.0,A1,北,A2A1,A2A1_2,Turn left,0,0,0,0,0,0,0,0
10.0,A1,东,B1A1,B1A1_0,Turn right,0,0,0,0,0,0,0,0
10.0,A1,东,B1A1,B1A1_1,Go straight,0,0,0,0,0,0,0,0
10.0,A1,东,B1A1,B1A1_2,Turn left,0,0,0,0,0,0,0,0
10.0,A1,西,left1A1,left1A1_0,Turn right,1,1,0,0,0,0,0,0
10.0,A1,西,left1A1,left1A1_1,Go straight,1,1,0,1,1,0,0,0
10.0,A1,西,left1A1,left1A1_2,Turn left,1,1,0,0,0,0,0,0
10.0,A2,南,A1A2,A1A2_0,Turn right,0,0,0,0,0,0,0,0
10.0,A2,南,A1A2,A1A2_1,Go straight,0,0,0,0,0,0,0,0
10.0,A2,南,A1A2,A1A2_2,Turn left,0,0,0,0,0,0,0,0
10.0,A2,东,B2A2,B2A2_0,Turn right,0,0,0,0,0,0,0,0
10.0,A2,东,B2A2,B2A2_1,Go straight,0,0,0,0,0,0,0,0
10.0,A2,东,B2A2,B2A2_2,Turn left,0,0,0,0,0,0,0,0
10.0,A2,西,left2A2,left2A2_0,Turn right,0,0,0,0,0,0,0,0
10.0,A2,西,left2A2,left2A2_1,Go straight,0,0,0,0,0,0,0,0
10.0,A2,西,left2A2,left2A2_2,Turn left,0,0,0,0,0,0,0,0
10.0,A2,北,top0A2,top0A2_0,Turn right,0,0,0,0,0,0,0,0
10.0,A2,北,top0A2,top0A2_1,Go straight,0,0,0,0,0,0,0,0
10.0,A2,北,top0A2,top0A2_2,Turn left,0,0,0,0,0,0,0,0
10.0,B0,西,A0B0,A0B0_0,Turn right,0,0,0,0,0,0,0,0
10.0,B0,西,A0B0,A0B0_1,Go straight,0,0,0,0,0,0,0,0
10.0,B0,西,A0B0,A0B0_2,Turn left,0,0,0,0,0,0,0,0
10.0,B0,北,B1B0,B1B0_0,Turn right,0,0,0,0,0,0,0,0
10.0,B0,北,B1B0,B1B0_1,Go straight,0,0,0,0,0,0,0,0
10.0,B0,北,B1B0,B1B0_2,Turn left,0,0,0,0,0,0,0,0
10.0,B0,东,C0B0,C0B0_0,Turn right,0,0,0,0,0,0,0,0
10.0,B0,东,C0B0,C0B0_1,Go straight,0,0,0,0,0,0,0,0
10.0,B0,东,C0B0,C0B0_2,Turn left,0,0,0,0,0,0,0,0
10.0,B0,南,bottom1B0,bottom1B0_0,Turn right,0,0,0,0,0,0,0,0
10.0,B0,南,bottom1B0,bottom1B0_1,Go straight,0,0,0,0,0,0,0,0
10.0,B0,南,bottom1B0,bottom1B0_2,Turn left,0,0,0,0,0,0,0,0
10.0,B1,西,A1B1,A1B1_0,Turn right,0,0,0,0,0,0,0,0
10.0,B1,西,A1B1,A1B1_1,Go straight,0,0,0,0,0,0,0,0
10.0,B1,西,A1B1,A1B1_2,Turn left,0,0,0,0,0,0,0,0
10.0,B1,南,B0B1,B0B1_0,Turn right,0,0,0,0,0,0,0,0
10.0,B1,南,B0B1,B0B1_1,Go straight,0,0,0,0,0,0,0,0
10.0,B1,南,B0B1,B0B1_2,Turn left,0,0,0,0,0,0,0,0
10.0,B1,北,B2B1,B2B1_0,Turn right,0,0,0,0,0,0,0,0
10.0,B1,北,B2B1,B2B1_1,Go straight,0,0,0,0,0,0,0,0
10.0,B1,北,B2B1,B2B1_2,Turn left,0,0,0,0,0,0,0,0
10.0,B1,东,C1B1,C1B1_0,Turn right,0,0,0,0,0,0,0,0
10.0,B1,东,C1B1,C1B1_1,Go straight,0,0,0,0,0,0,0,0
10.0,B1,东,C1B1,C1B1_2,Turn left,0,0,0,0,0,0,0,0
10.0,B2,西,A2B2,A2B2_0,Turn right,0,0,0,0,0,0,0,0
10.0,B2,西,A2B2,A2B2_1,Go straight,0,0,0,0,0,0,0,0
10.0,B2,西,A2B2,A2B2_2,Turn left,0,0,0,0,0,0,0,0
10.0,B2,南,B1B2,B1B2_0,Turn right,0,0,0,0,0,0,0,0
10.0,B2,南,B1B2,B1B2_1,Go straight,0,0,0,0,0,0,0,0
10.0,B2,南,B1B2,B1B2_2,Turn left,0,0,0,0,0,0,0,0
10.0,B2,东,C2B2,C2B2_0,Turn right,0,0,0,0,0,0,0,0
10.0,B2,东,C2B2,C2B2_1,Go straight,0,0,0,0,0,0,0,0
10.0,B2,东,C2B2,C2B2_2,Turn left,0,0,0,0,0,0,0,0
10.0,B2,北,top1B2,top1B2_0,Turn right,0,0,0,0,0,0,0,0
10.0,B2,北,top1B2,top1B2_1,Go straight,0,0,0,0,0,0,0,0
10.0,B2,北,top1B2,top1B2_2,Turn left,0,0,0,0,0,0,0,0
10.0,C0,西,B0C0,B0C0_0,Turn right,0,0,0,0,0,0,0,0
10.0,C0,西,B0C0,B0C0_1,Go straight,0,0,0,0,0,0,0,0
10.0,C0,西,B0C0,B0C0_2,Turn left,0,0,0,0,0,0,0,0
10.0,C0,北,C1C0,C1C0_0,Turn right,0,0,0,0,0,0,0,0
10.0,C0,北,C1C0,C1C0_1,Go straight,0,0,0,0,0,0,0,0
10.0,C0,北,C1C0,C1C0_2,Turn left,0,0,0,0,0,0,0,0
10.0,C0,南,bottom2C0,bottom2C0_0,Turn right,0,0,0,0,0,0,0,0
10.0,C0,南,bottom2C0,bottom2C0_1,Go straight,0,0,0,0,0,0,0,0
10.0,C0,南,bottom2C0,bottom2C0_2,Turn left,0,0,0,0,0,0,0,0
10.0,C0,东,right0C0,right0C0_0,Turn right,0,0,0,0,0,0,0,0
10.0,C0,东,right0C0,right0C0_1,Go straight,0,0,0,0,0,0,0,0
10.0,C0,东,right0C0,right0C0_2,Turn left,0,0,0,0,0,0,0,0
10.0,C1,西,B1C1,B1C1_0,Turn right,0,0,0,0,0,0,0,0
10.0,C1,西,B1C1,B1C1_1,Go straight,0,0,0,0,0,0,0,0
10.0,C1,西,B1C1,B1C1_2,Turn left,0,0,0,0,0,0,0,0
10.0,C1,南,C0C1,C0C1_0,Turn right,0,0,0,0,0,0,0,0
10.0,C1,南,C0C1,C0C1_1,Go straight,0,0,0,0,0,0,0,0
10.0,C1,南,C0C1,C0C1_2,Turn left,0,0,0,0,0,0,0,0
10.0,C1,北,C2C1,C2C1_0,Turn right,0,0,0,0,0,0,0,0
10.0,C1,北,C2C1,C2C1_1,Go straight,0,0,0,0,0,0,0,0
10.0,C1,北,C2C1,C2C1_2,Turn left,0,0,0,0,0,0,0,0
10.0,C1,东,right1C1,right1C1_0,Turn right,0,0,0,0,0,0,0,0
10.0,C1,东,right1C1,right1C1_1,Go straight,0,0,0,0,0,0,0,0
10.0,C1,东,right1C1,right1C1_2,Turn left,0,0,0,0,0,0,0,0
10.0,C2,西,B2C2,B2C2_0,Turn right,0,0,0,0,0,0,0,0
10.0,C2,西,B2C2,B2C2_1,Go straight,0,0,0,0,0,0,0,0
10.0,C2,西,B2C2,B2C2_2,Turn left,0,0,0,0,0,0,0,0
10.0,C2,南,C1C2,C1C2_0,Turn right,0,0,0,0,0,0,0,0
10.0,C2,南,C1C2,C1C2_1,Go straight,0,0,0,0,0,0,0,0
10.0,C2,南,C1C2,C1C2_2,Turn left,0,0,0,0,0,0,0,0
10.0,C2,东,right2C2,right2C2_0,Turn right,0,0,0,0,0,0,0,0
10.0,C2,东,right2C2,right2C2_1,Go straight,0,0,0,0,0,0,0,0
10.0,C2,东,right2C2,right2C2_2,Turn left,0,0,0,0,0,0,0,0
10.0,C2,北,top2C2,top2C2_0,Turn right,0,0,0,0,0,0,0,0
10.0,C2,北,top2C2,top2C2_1,Go straight,0,0,0,0,0,0,0,0
10.0,C2,北,top2C2,top2C2_2,Turn left,0,0,0,0,0,0,0,0
15.0,A0,北,A1A0,A1A0_0,Turn right,0,0,0,0,0,0,0,0
15.0,A0,北,A1A0,A1A0_1,Go straight,0,0,0,0,0,0,0,0
15.0,A0,北,A1A0,A1A0_2,Turn left,0,0,0,0,0,0,0,0
15.0,A0,东,B0A0,B0A0_0,Turn right,0,0,0,0,0,0,0,0
15.0,A0,东,B0A0,B0A0_1,Go straight,0,0,0,0,0,0,0,0
15.0,A0,东,B0A0,B0A0_2,Turn left,0,0,0,0,0,0,0,0
15.0,A0,南,bottom0A0,bottom0A0_0,Turn right,0,0,0,0,0,0,0,0
15.0,A0,南,bottom0A0,bottom0A0_1,Go straight,0,0,0,0,0,0,0,0
15.0,A0,南,bottom0A0,bottom0A0_2,Turn left,0,0,0,0,0,0,0,0
15.0,A0,西,left0A0,left0A0_0,Turn right,1,1,0,0,0,0,0,0
15.0,A0,西,left0A0,left0A0_1,Go straight,1,1,0,0,0,0,0,1
15.0,A0,西,left0A0,left0A0_2,Turn left,1,1,0,1,1,0,1,0
15.0,A1,南,A0A1,A0A1_0,Turn right,0,0,0,0,0,0,0,0
15.0,A1,南,A0A1,A0A1_1,Go straight,0,0,0,0,0,0,0,0
15.0,A1,南,A0A1,A0A1_2,Turn left,0,0,0,0,0,0,0,0
15.0,A1,北,A2A1,A2A1_0,Turn right,0,0,0,0,0,0,0,0
15.0,A1,北,A2A1,A2A1_1,Go straight,0,0,0,0,0,0,0,0
15.0,A1,北,A2A1,A2A1_2,Turn left,0,0,0,0,0,0,0,0
15.0,A1,东,B1A1,B1A1_0,Turn right,0,0,0,0,0,0,0,0
15.0,A1,东,B1A1,B1A1_1,Go straight,0,0,0,0,0,0,0,0
15.0,A1,东,B1A1,B1A1_2,Turn left,0,0,0,0,0,0,0,0
15.0,A1,西,left1A1,left1A1_0,Turn right,1,1,0,0,0,0,0,0
15.0,A1,西,left1A1,left1A1_1,Go straight,1,1,0,1,1,0,0,0
15.0,A1,西,left1A1,left1A1_2,Turn left,1,1,0,0,0,0,0,0
15.0,A2,南,A1A2,A1A2_0,Turn right,0,0,0,0,0,0,0,0
15.0,A2,南,A1A2,A1A2_1,Go straight,0,0,0,0,0,0,0,0
15.0,A2,南,A1A2,A1A2_2,Turn left,0,0,0,0,0,0,0,0
15.0,A2,东,B2A2,B2A2_0,Turn right,0,0,0,0,0,0,0,0
15.0,A2,东,B2A2,B2A2_1,Go straight,0,0,0,0,0,0,0,0
15.0,A2,东,B2A2,B2A2_2,Turn left,0,0,0,0,0,0,0,0
15.0,A2,西,left2A2,left2A2_0,Turn right,0,0,0,0,0,0,0,0
15.0,A2,西,left2A2,left2A2_1,Go straight,0,0,0,0,0,0,0,0
15.0,A2,西,left2A2,left2A2_2,Turn left,0,0,0,0,0,0,0,0
15.0,A2,北,top0A2,top0A2_0,Turn right,0,0,0,0,0,0,0,0
15.0,A2,北,top0A2,top0A2_1,Go straight,0,0,0,0,0,0,0,0
15.0,A2,北,top0A2,top0A2_2,Turn left,0,0,0,0,0,0,0,0
15.0,B0,西,A0B0,A0B0_0,Turn right,0,0,0,0,0,0,0,0
15.0,B0,西,A0B0,A0B0_1,Go straight,0,0,0,0,0,0,0,0
15.0,B0,西,A0B0,A0B0_2,Turn left,0,0,0,0,0,0,0,0
15.0,B0,北,B1B0,B1B0_0,Turn right,0,0,0,0,0,0,0,0
15.0,B0,北,B1B0,B1B0_1,Go straight,0,0,0,0,0,0,0,0
15.0,B0,北,B1B0,B1B0_2,Turn left,0,0,0,0,0,0,0,0
15.0,B0,东,C0B0,C0B0_0,Turn right,0,0,0,0,0,0,0,0
15.0,B0,东,C0B0,C0B0_1,Go straight,0,0,0,0,0,0,0,0
15.0,B0,东,C0B0,C0B0_2,Turn left,0,0,0,0,0,0,0,0
15.0,B0,南,bottom1B0,bottom1B0_0,Turn right,0,0,0,0,0,0,0,0
15.0,B0,南,bottom1B0,bottom1B0_1,Go straight,0,0,0,0,0,0,0,0
15.0,B0,南,bottom1B0,bottom1B0_2,Turn left,0,0,0,0,0,0,0,0
15.0,B1,西,A1B1,A1B1_0,Turn right,0,0,0,0,0,0,0,0
15.0,B1,西,A1B1,A1B1_1,Go straight,0,0,0,0,0,0,0,0
15.0,B1,西,A1B1,A1B1_2,Turn left,0,0,0,0,0,0,0,0
15.0,B1,南,B0B1,B0B1_0,Turn right,0,0,0,0,0,0,0,0
15.0,B1,南,B0B1,B0B1_1,Go straight,0,0,0,0,0,0,0,0
15.0,B1,南,B0B1,B0B1_2,Turn left,0,0,0,0,0,0,0,0
15.0,B1,北,B2B1,B2B1_0,Turn right,0,0,0,0,0,0,0,0
15.0,B1,北,B2B1,B2B1_1,Go straight,0,0,0,0,0,0,0,0
15.0,B1,北,B2B1,B2B1_2,Turn left,0,0,0,0,0,0,0,0
15.0,B1,东,C1B1,C1B1_0,Turn right,0,0,0,0,0,0,0,0
15.0,B1,东,C1B1,C1B1_1,Go straight,0,0,0,0,0,0,0,0
15.0,B1,东,C1B1,C1B1_2,Turn left,0,0,0,0,0,0,0,0
15.0,B2,西,A2B2,A2B2_0,Turn right,0,0,0,0,0,0,0,0
15.0,B2,西,A2B2,A2B2_1,Go straight,0,0,0,0,0,0,0,0
15.0,B2,西,A2B2,A2B2_2,Turn left,0,0,0,0,0,0,0,0
15.0,B2,南,B1B2,B1B2_0,Turn right,0,0,0,0,0,0,0,0
15.0,B2,南,B1B2,B1B2_1,Go straight,0,0,0,0,0,0,0,0
15.0,B2,南,B1B2,B1B2_2,Turn left,0,0,0,0,0,0,0,0
15.0,B2,东,C2B2,C2B2_0,Turn right,0,0,0,0,0,0,0,0
15.0,B2,东,C2B2,C2B2_1,Go straight,0,0,0,0,0,0,0,0
15.0,B2,东,C2B2,C2B2_2,Turn left,0,0,0,0,0,0,0,0
15.0,B2,北,top1B2,top1B2_0,Turn right,0,0,0,0,0,0,0,0
15.0,B2,北,top1B2,top1B2_1,Go straight,0,0,0,0,0,0,0,0
15.0,B2,北,top1B2,top1B2_2,Turn left,0,0,0,0,0,0,0,0
15.0,C0,西,B0C0,B0C0_0,Turn right,0,0,0,0,0,0,0,0
15.0,C0,西,B0C0,B0C0_1,Go straight,0,0,0,0,0,0,0,0
15.0,C0,西,B0C0,B0C0_2,Turn left,0,0,0,0,0,0,0,0
15.0,C0,北,C1C0,C1C0_0,Turn right,0,0,0,0,0,0,0,0
15.0,C0,北,C1C0,C1C0_1,Go straight,0,0,0,0,0,0,0,0
15.0,C0,北,C1C0,C1C0_2,Turn left,0,0,0,0,0,0,0,0
15.0,C0,南,bottom2C0,bottom2C0_0,Turn right,0,0,0,0,0,0,0,0
15.0,C0,南,bottom2C0,bottom2C0_1,Go straight,0,0,0,0,0,0,0,0
15.0,C0,南,bottom2C0,bottom2C0_2,Turn left,0,0,0,0,0,0,0,0
15.0,C0,东,right0C0,right0C0_0,Turn right,0,0,0,0,0,0,0,0
15.0,C0,东,right0C0,right0C0_1,Go straight,0,0,0,0,0,0,0,0
15.0,C0,东,right0C0,right0C0_2,Turn left,0,0,0,0,0,0,0,0
15.0,C1,西,B1C1,B1C1_0,Turn right,0,0,0,0,0,0,0,0
15.0,C1,西,B1C1,B1C1_1,Go straight,0,0,0,0,0,0,0,0
15.0,C1,西,B1C1,B1C1_2,Turn left,0,0,0,0,0,0,0,0
15.0,C1,南,C0C1,C0C1_0,Turn right,0,0,0,0,0,0,0,0
15.0,C1,南,C0C1,C0C1_1,Go straight,0,0,0,0,0,0,0,0
15.0,C1,南,C0C1,C0C1_2,Turn left,0,0,0,0,0,0,0,0
15.0,C1,北,C2C1,C2C1_0,Turn right,0,0,0,0,0,0,0,0
15.0,C1,北,C2C1,C2C1_1,Go straight,0,0,0,0,0,0,0,0
15.0,C1,北,C2C1,C2C1_2,Turn left,0,0,0,0,0,0,0,0
15.0,C1,东,right1C1,right1C1_0,Turn right,2,2,2,1,1,0,0,1
15.0,C1,东,right1C1,right1C1_1,Go straight,2,2,2,1,1,0,1,0
15.0,C1,东,right1C1,right1C1_2,Turn left,2,2,2,0,0,0,0,0
15.0,C2,西,B2C2,B2C2_0,Turn right,0,0,0,0,0,0,0,0
15.0,C2,西,B2C2,B2C2_1,Go straight,0,0,0,0,0,0,0,0
15.0,C2,西,B2C2,B2C2_2,Turn left,0,0,0,0,0,0,0,0
15.0,C2,南,C1C2,C1C2_0,Turn right,0,0,0,0,0,0,0,0
15.0,C2,南,C1C2,C1C2_1,Go straight,0,0,0,0,0,0,0,0
15.0,C2,南,C1C2,C1C2_2,Turn left,0,0,0,0,0,0,0,0
15.0,C2,东,right2C2,right2C2_0,Turn right,0,0,0,0,0,0,0,0
15.0,C2,东,right2C2,right2C2_1,Go straight,0,0,0,0,0,0,0,0
15.0,C2,东,right2C2,right2C2_2,Turn left,0,0,0,0,0,0,0,0
15.0,C2,北,top2C2,top2C2_0,Turn right,0,0,0,0,0,0,0,0
15.0,C2,北,top2C2,top2C2_1,Go straight,0,0,0,0,0,0,0,0
15.0,C2,北,top2C2,top2C2_2,Turn left,0,0,0,0,0,0,0,0
20.0,A0,北,A1A0,A1A0_0,Turn right,0,0,0,0,0,0,0,0
20.0,A0,北,A1A0,A1A0_1,Go straight,0,0,0,0,0,0,0,0
20.0,A0,北,A1A0,A1A0_2,Turn left,0,0,0,0,0,0,0,0
20.0,A0,东,B0A0,B0A0_0,Turn right,0,0,0,0,0,0,0,0
20.0,A0,东,B0A0,B0A0_1,Go straight,0,0,0,0,0,0,0,0
20.0,A0,东,B0A0,B0A0_2,Turn left,0,0,0,0,0,0,0,0
20.0,A0,南,bottom0A0,bottom0A0_0,Turn right,1,1,1,1,1,0,0,0
20.0,A0,南,bottom0A0,bottom0A0_1,Go straight,1,1,1,0,0,0,0,0
20.0,A0,南,bottom0A0,bottom0A0_2,Turn left,1,1,1,0,0,0,0,0
20.0,A0,西,left0A0,left0A0_0,Turn right,1,1,0,0,0,0,0,0
20.0,A0,西,left0A0,left0A0_1,Go straight,1,1,0,0,0,0,0,0
20.0,A0,西,left0A0,left0A0_2,Turn left,1,1,0,1,1,0,0,0
20.0,A1,南,A0A1,A0A1_0,Turn right,0,0,0,0,0,0,0,0
20.0,A1,南,A0A1,A0A1_1,Go straight,0,0,0,0,0,0,0,0
20.0,A1,南,A0A1,A0A1_2,Turn left,0,0,0,0,0,0,0,0
20.0,A1,北,A2A1,A2A1_0,Turn right,0,0,0,0,0,0,0,0
20.0,A1,北,A2A1,A2A1_1,Go straight,0,0,0,0,0,0,0,0
20.0,A1,北,A2A1,A2A1_2,Turn left,0,0,0,0,0,0,0,0
20.0,A1,东,B1A1,B1A1_0,Turn right,0,0,0,0,0,0,0,0
20.0,A1,东,B1A1,B1A1_1,Go straight,0,0,0,0,0,0,0,0
20.0,A1,东,B1A1,B1A1_2,Turn left,0,0,0,0,0,0,0,0
20.0,A1,西,left1A1,left1A1_0,Turn right,1,1,0,0,0,0,0,0
20.0,A1,西,left1A1,left1A1_1,Go straight,1,1,0,1,1,0,0,0
20.0,A1,西,left1A1,left1A1_2,Turn left,1,1,0,0,0,0,0,0
20.0,A2,南,A1A2,A1A2_0,Turn right,0,0,0,0,0,0,0,0
20.0,A2,南,A1A2,A1A2_1,Go straight,0,0,0,0,0,0,0,0
20.0,A2,南,A1A2,A1A2_2,Turn left,0,0,0,0,0,0,0,0
20.0,A2,东,B2A2,B2A2_0,Turn right,0,0,0,0,0,0,0,0
20.0,A2,东,B2A2,B2A2_1,Go straight,0,0,0,0,0,0,0,0
20.0,A2,东,B2A2,B2A2_2,Turn left,0,0,0,0,0,0,0,0
20.0,A2,西,left2A2,left2A2_0,Turn right,0,0,0,0,0,0,0,0
20.0,A2,西,left2A2,left2A2_1,Go straight,0,0,0,0,0,0,0,0
20.0,A2,西,left2A2,left2A2_2,Turn left,0,0,0,0,0,0,0,0
20.0,A2,北,top0A2,top0A2_0,Turn right,0,0,0,0,0,0,0,0
20.0,A2,北,top0A2,top0A2_1,Go straight,0,0,0,0,0,0,0,0
20.0,A2,北,top0A2,top0A2_2,Turn left,0,0,0,0,0,0,0,0
20.0,B0,西,A0B0,A0B0_0,Turn right,0,0,0,0,0,0,0,0
20.0,B0,西,A0B0,A0B0_1,Go straight,0,0,0,0,0,0,0,0
20.0,B0,西,A0B0,A0B0_2,Turn left,0,0,0,0,0,0,0,0
20.0,B0,北,B1B0,B1B0_0,Turn right,0,0,0,0,0,0,0,0
20.0,B0,北,B1B0,B1B0_1,Go straight,0,0,0,0,0,0,0,0
20.0,B0,北,B1B0,B1B0_2,Turn left,0,0,0,0,0,0,0,0
20.0,B0,东,C0B0,C0B0_0,Turn right,0,0,0,0,0,0,0,0
20.0,B0,东,C0B0,C0B0_1,Go straight,0,0,0,0,0,0,0,0
20.0,B0,东,C0B0,C0B0_2,Turn left,0,0,0,0,0,0,0,0
20.0,B0,南,bottom1B0,bottom1B0_0,Turn right,0,0,0,0,0,0,0,0
20.0,B0,南,bottom1B0,bottom1B0_1,Go straight,0,0,0,0,0,0,0,0
20.0,B0,南,bottom1B0,bottom1B0_2,Turn left,0,0,0,0,0,0,0,0
20.0,B1,西,A1B1,A1B1_0,Turn right,0,0,0,0,0,0,0,0
20.0,B1,西,A1B1,A1B1_1,Go straight,0,0,0,0,0,0,0,0
20.0,B1,西,A1B1,A1B1_2,Turn left,0,0,0,0,0,0,0,0
20.0,B1,南,B0B1,B0B1_0,Turn right,0,0,0,0,0,0,0,0
20.0,B1,南,B0B1,B0B1_1,Go straight,0,0,0,0,0,0,0,0
20.0,B1,南,B0B1,B0B1_2,Turn left,0,0,0,0,0,0,0,0
20.0,B1,北,B2B1,B2B1_0,Turn right,0,0,0,0,0,0,0,0
20.0,B1,北,B2B1,B2B1_1,Go straight,0,0,0,0,0,0,0,0
20.0,B1,北,B2B1,B2B1_2,Turn left,0,0,0,0,0,0,0,0
20.0,B1,东,C1B1,C1B1_0,Turn right,0,0,0,0,0,0,0,0
20.0,B1,东,C1B1,C1B1_1,Go straight,0,0,0,0,0,0,0,0
20.0,B1,东,C1B1,C1B1_2,Turn left,0,0,0,0,0,0,0,0
20.0,B2,西,A2B2,A2B2_0,Turn right,0,0,0,0,0,0,0,0
20.0,B2,西,A2B2,A2B2_1,Go straight,0,0,0,0,0,0,0,0
20.0,B2,西,A2B2,A2B2_2,Turn left,0,0,0,0,0,0,0,0
20.0,B2,南,B1B2,B1B2_0,Turn right,0,0,0,0,0,0,0,0
20.0,B2,南,B1B2,B1B2_1,Go straight,0,0,0,0,0,0,0,0
20.0,B2,南,B1B2,B1B2_2,Turn left,0,0,0,0,0,0,0,0
20.0,B2,东,C2B2,C2B2_0,Turn right,0,0,0,0,0,0,0,0
20.0,B2,东,C2B2,C2B2_1,Go straight,0,0,0,0,0,0,0,0
20.0,B2,东,C2B2,C2B2_2,Turn left,0,0,0,0,0,0,0,0
20.0,B2,北,top1B2,top1B2_0,Turn right,0,0,0,0,0,0,0,0
20.0,B2,北,top1B2,top1B2_1,Go straight,0,0,0,0,0,0,0,0
20.0,B2,北,top1B2,top1B2_2,Turn left,0,0,0,0,0,0,0,0
20.0,C0,西,B0C0,B0C0_0,Turn right,0,0,0,0,0,0,0,0
20.0,C0,西,B0C0,B0C0_1,Go straight,0,0,0,0,0,0,0,0
20.0,C0,西,B0C0,B0C0_2,Turn left,0,0,0,0,0,0,0,0
20.0,C0,北,C1C0,C1C0_0,Turn right,0,0,0,0,0,0,0,0
20.0,C0,北,C1C0,C1C0_1,Go straight,0,0,0,0,0,0,0,0
20.0,C0,北,C1C0,C1C0_2,Turn left,0,0,0,0,0,0,0,0
20.0,C0,南,bottom2C0,bottom2C0_0,Turn right,0,0,0,0,0,0,0,0
20.0,C0,南,bottom2C0,bottom2C0_1,Go straight,0,0,0,0,0,0,0,0
20.0,C0,南,bottom2C0,bottom2C0_2,Turn left,0,0,0,0,0,0,0,0
20.0,C0,东,right0C0,right0C0_0,Turn right,0,0,0,0,0,0,0,0
20.0,C0,东,right0C0,right0C0_1,Go straight,0,0,0,0,0,0,0,0
20.0,C0,东,right0C0,right0C0_2,Turn left,0,0,0,0,0,0,0,0
20.0,C1,西,B1C1,B1C1_0,Turn right,0,0,0,0,0,0,0,0
20.0,C1,西,B1C1,B1C1_1,Go straight,0,0,0,0,0,0,0,0
20.0,C1,西,B1C1,B1C1_2,Turn left,0,0,0,0,0,0,0,0
20.0,C1,南,C0C1,C0C1_0,Turn right,0,0,0,0,0,0,0,0
20.0,C1,南,C0C1,C0C1_1,Go straight,0,0,0,0,0,0,0,0
20.0,C1,南,C0C1,C0C1_2,Turn left,0,0,0,0,0,0,0,0
20.0,C1,北,C2C1,C2C1_0,Turn right,0,0,0,0,0,0,0,0
20.0,C1,北,C2C1,C2C1_1,Go straight,0,0,0,0,0,0,0,0
20.0,C1,北,C2C1,C2C1_2,Turn left,0,0,0,0,0,0,0,0
20.0,C1,东,right1C1,right1C1_0,Turn right,2,2,0,1,1,0,0,0
20.0,C1,东,right1C1,right1C1_1,Go straight,2,2,0,0,0,0,0,1
20.0,C1,东,right1C1,right1C1_2,Turn left,2,2,0,1,1,0,1,0
20.0,C2,西,B2C2,B2C2_0,Turn right,0,0,0,0,0,0,0,0
20.0,C2,西,B2C2,B2C2_1,Go straight,0,0,0,0,0,0,0,0
20.0,C2,西,B2C2,B2C2_2,Turn left,0,0,0,0,0,0,0,0
20.0,C2,南,C1C2,C1C2_0,Turn right,0,0,0,0,0,0,0,0
20.0,C2,南,C1C2,C1C2_1,Go straight,0,0,0,0,0,0,0,0
20.0,C2,南,C1C2,C1C2_2,Turn left,0,0,0,0,0,0,0,0
20.0,C2,东,right2C2,right2C2_0,Turn right,1,1,1,0,0,0,0,1
20.0,C2,东,right2C2,right2C2_1,Go straight,1,1,1,0,0,0,1,1
20.0,C2,东,right2C2,right2C2_2,Turn left,1,1,1,1,1,0,1,0
20.0,C2,北,top2C2,top2C2_0,Turn right,0,0,0,0,0,0,0,0
20.0,C2,北,top2C2,top2C2_1,Go straight,0,0,0,0,0,0,0,0
20.0,C2,北,top2C2,top2C2_2,Turn left,0,0,0,0,0,0,0,0
25.0,A0,北,A1A0,A1A0_0,Turn right,0,0,0,0,0,0,0,0
25.0,A0,北,A1A0,A1A0_1,Go straight,0,0,0,0,0,0,0,0
25.0,A0,北,A1A0,A1A0_2,Turn left,0,0,0,0,0,0,0,0
25.0,A0,东,B0A0,B0A0_0,Turn right,0,0,0,0,0,0,0,0
25.0,A0,东,B0A0,B0A0_1,Go straight,0,0,0,0,0,0,0,0
25.0,A0,东,B0A0,B0A0_2,Turn left,0,0,0,0,0,0,0,0
25.0,A0,南,bottom0A0,bottom0A0_0,Turn right,1,1,0,1,1,0,0,0
25.0,A0,南,bottom0A0,bottom0A0_1,Go straight,1,1,0,0,0,0,0,0
25.0,A0,南,bottom0A0,bottom0A0_2,Turn left,1,1,0,0,0,0,0,0
25.0,A0,西,left0A0,left0A0_0,Turn right,2,2,1,0,0,0,0,1
25.0,A0,西,left0A0,left0A0_1,Go straight,2,2,1,0,0,0,1,1
25.0,A0,西,left0A0,left0A0_2,Turn left,2,2,1,2,2,0,1,0
25.0,A1,南,A0A1,A0A1_0,Turn right,0,0,0,0,0,0,0,0
25.0,A1,南,A0A1,A0A1_1,Go straight,0,0,0,0,0,0,0,0
25.0,A1,南,A0A1,A0A1_2,Turn left,0,0,0,0,0,0,0,0
25.0,A1,北,A2A1,A2A1_0,Turn right,0,0,0,0,0,0,0,0
25.0,A1,北,A2A1,A2A1_1,Go straight,0,0,0,0,0,0,0,0
25.0,A1,北,A2A1,A2A1_2,Turn left,0,0,0,0,0,0,0,0
25.0,A1,东,B1A1,B1A1_0,Turn right,0,0,0,0,0,0,0,0
25.0,A1,东,B1A1,B1A1_1,Go straight,0,0,0,0,0,0,0,0
25.0,A1,东,B1A1,B1A1_2,Turn left,0,0,0,0,0,0,0,0
25.0,A1,西,left1A1,left1A1_0,Turn right,1,1,0,0,0,0,0,0
25.0,A1,西,left1A1,left1A1_1,Go straight,1,1,0,1,1,0,0,0
25.0,A1,西,left1A1,left1A1_2,Turn left,1,1,0,0,0,0,0,0
25.0,A2,南,A1A2,A1A2_0,Turn right,0,0,0,0,0,0,0,0
25.0,A2,南,A1A2,A1A2_1,Go straight,0,0,0,0,0,0,0,0
25.0,A2,南,A1A2,A1A2_2,Turn left,0,0,0,0,0,0,0,0
25.0,A2,东,B2A2,B2A2_0,Turn right,0,0,0,0,0,0,0,0
25.0,A2,东,B2A2,B2A2_1,Go straight,0,0,0,0,0,0,0,0
25.0,A2,东,B2A2,B2A2_2,Turn left,0,0,0,0,0,0,0,0
25.0,A2,西,left2A2,left2A2_0,Turn right,0,0,0,0,0,0,0,0
25.0,A2,西,left2A2,left2A2_1,Go straight,0,0,0,0,0,0,0,0
25.0,A2,西,left2A2,left2A2_2,Turn left,0,0,0,0,0,0,0,0
25.0,A2,北,top0A2,top0A2_0,Turn right,0,0,0,0,0,0,0,0
25.0,A2,北,top0A2,top0A2_1,Go straight,0,0,0,0,0,0,0,0
25.0,A2,北,top0A2,top0A2_2,Turn left,0,0,0,0,0,0,0,0
25.0,B0,西,A0B0,A0B0_0,Turn right,0,0,0,0,0,0,0,0
25.0,B0,西,A0B0,A0B0_1,Go straight,0,0,0,0,0,0,0,0
25.0,B0,西,A0B0,A0B0_2,Turn left,0,0,0,0,0,0,0,0
25.0,B0,北,B1B0,B1B0_0,Turn right,0,0,0,0,0,0,0,0
25.0,B0,北,B1B0,B1B0_1,Go straight,0,0,0,0,0,0,0,0
25.0,B0,北,B1B0,B1B0_2,Turn left,0,0,0,0,0,0,0,0
25.0,B0,东,C0B0,C0B0_0,Turn right,0,0,0,0,0,0,0,0
25.0,B0,东,C0B0,C0B0_1,Go straight,0,0,0,0,0,0,0,0
25.0,B0,东,C0B0,C0B0_2,Turn left,0,0,0,0,0,0,0,0
25.0,B0,南,bottom1B0,bottom1B0_0,Turn right,0,0,0,0,0,0,0,0
25.0,B0,南,bottom1B0,bottom1B0_1,Go straight,0,0,0,0,0,0,0,0
25.0,B0,南,bottom1B0,bottom1B0_2,Turn left,0,0,0,0,0,0,0,0
25.0,B1,西,A1B1,A1B1_0,Turn right,0,0,0,0,0,0,0,0
25.0,B1,西,A1B1,A1B1_1,Go straight,0,0,0,0,0,0,0,0
25.0,B1,西,A1B1,A1B1_2,Turn left,0,0,0,0,0,0,0,0
25.0,B1,南,B0B1,B0B1_0,Turn right,0,0,0,0,0,0,0,0
25.0,B1,南,B0B1,B0B1_1,Go straight,0,0,0,0,0,0,0,0
25.0,B1,南,B0B1,B0B1_2,Turn left,0,0,0,0,0,0,0,0
25.0,B1,北,B2B1,B2B1_0,Turn right,0,0,0,0,0,0,0,0
25.0,B1,北,B2B1,B2B1_1,Go straight,0,0,0,0,0,0,0,0
25.0,B1,北,B2B1,B2B1_2,Turn left,0,0,0,0,0,0,0,0
25.0,B1,东,C1B1,C1B1_0,Turn right,0,0,0,0,0,0,0,0
25.0,B1,东,C1B1,C1B1_1,Go straight,0,0,0,0,0,0,0,0
25.0,B1,东,C1B1,C1B1_2,Turn left,0,0,0,0,0,0,0,0
25.0,B2,西,A2B2,A2B2_0,Turn right,0,0,0,0,0,0,0,0
25.0,B2,西,A2B2,A2B2_1,Go straight,0,0,0,0,0,0,0,0
25.0,B2,西,A2B2,A2B2_2,Turn left,0,0,0,0,0,0,0,0
25.0,B2,南,B1B2,B1B2_0,Turn right,0,0,0,0,0,0,0,0
25.0,B2,南,B1B2,B1B2_1,Go straight,0,0,0,0,0,0,0,0
25.0,B2,南,B1B2,B1B2_2,Turn left,0,0,0,0,0,0,0,0
25.0,B2,东,C2B2,C2B2_0,Turn right,0,0,0,0,0,0,0,0
25.0,B2,东,C2B2,C2B2_1,Go straight,0,0,0,0,0,0,0,0
25.0,B2,东,C2B2,C2B2_2,Turn left,0,0,0,0,0,0,0,0
25.0,B2,北,top1B2,top1B2_0,Turn right,0,0,0,0,0,0,0,0
25.0,B2,北,top1B2,top1B2_1,Go straight,0,0,0,0,0,0,0,0
25.0,B2,北,top1B2,top1B2_2,Turn left,0,0,0,0,0,0,0,0
25.0,C0,西,B0C0,B0C0_0,Turn right,0,0,0,0,0,0,0,0
25.0,C0,西,B0C0,B0C0_1,Go straight,0,0,0,0,0,0,0,0
25.0,C0,西,B0C0,B0C0_2,Turn left,0,0,0,0,0,0,0,0
25.0,C0,北,C1C0,C1C0_0,Turn right,0,0,0,0,0,0,0,0
25.0,C0,北,C1C0,C1C0_1,Go straight,0,0,0,0,0,0,0,0
25.0,C0,北,C1C0,C1C0_2,Turn left,0,0,0,0,0,0,0,0
25.0,C0,南,bottom2C0,bottom2C0_0,Turn right,0,0,0,0,0,0,0,0
25.0,C0,南,bottom2C0,bottom2C0_1,Go straight,0,0,0,0,0,0,0,0
25.0,C0,南,bottom2C0,bottom2C0_2,Turn left,0,0,0,0,0,0,0,0
25.0,C0,东,right0C0,right0C0_0,Turn right,0,0,0,0,0,0,0,0
25.0,C0,东,right0C0,right0C0_1,Go straight,0,0,0,0,0,0,0,0
25.0,C0,东,right0C0,right0C0_2,Turn left,0,0,0,0,0,0,0,0
25.0,C1,西,B1C1,B1C1_0,Turn right,0,0,0,0,0,0,0,0
25.0,C1,西,B1C1,B1C1_1,Go straight,0,0,0,0,0,0,0,0
25.0,C1,西,B1C1,B1C1_2,Turn left,0,0,0,0,0,0,0,0
25.0,C1,南,C0C1,C0C1_0,Turn right,0,0,0,0,0,0,0,0
25.0,C1,南,C0C1,C0C1_1,Go straight,0,0,0,0,0,0,0,0
25.0,C1,南,C0C1,C0C1_2,Turn left,0,0,0,0,0,0,0,0
25.0,C1,北,C2C1,C2C1_0,Turn right,0,0,0,0,0,0,0,0
25.0,C1,北,C2C1,C2C1_1,Go straight,0,0,0,0,0,0,0,0
25.0,C1,北,C2C1,C2C1_2,Turn left,0,0,0,0,0,0,0,0
25.0,C1,东,right1C1,right1C1_0,Turn right,2,2,0,1,1,0,0,0
25.0,C1,东,right1C1,right1C1_1,Go straight,2,2,0,0,0,0,0,0
25.0,C1,东,right1C1,right1C1_2,Turn left,2,2,0,1,1,0,0,0
25.0,C2,西,B2C2,B2C2_0,Turn right,0,0,0,0,0,0,0,0
25.0,C2,西,B2C2,B2C2_1,Go straight,0,0,0,0,0,0,0,0
25.0,C2,西,B2C2,B2C2_2,Turn left,0,0,0,0,0,0,0,0
25.0,C2,南,C1C2,C1C2_0,Turn right,0,0,0,0,0,0,0,0
25.0,C2,南,C1C2,C1C2_1,Go straight,0,0,0,0,0,0,0,0
25.0,C2,南,C1C2,C1C2_2,Turn left,0,0,0,0,0,0,0,0
25.0,C2,东,right2C2,right2C2_0,Turn right,1,1,0,0,0,0,0,0
25.0,C2,东,right2C2,right2C2_1,Go straight,1,1,0,0,0,0,0,0
25.0,C2,东,right2C2,right2C2_2,Turn left,1,1,0,1,1,0,0,0
25.0,C2,北,top2C2,top2C2_0,Turn right,1,1,1,1,1,0,0,0
25.0,C2,北,top2C2,top2C2_1,Go straight,1,1,1,0,0,0,0,0
25.0,C2,北,top2C2,top2C2_2,Turn left,1,1,1,0,0,0,0,0
30.0,A0,北,A1A0,A1A0_0,Turn right,0,0,0,0,0,0,0,0
30.0,A0,北,A1A0,A1A0_1,Go straight,0,0,0,0,0,0,0,0
30.0,A0,北,A1A0,A1A0_2,Turn left,0,0,0,0,0,0,0,0
30.0,A0,东,B0A0,B0A0_0,Turn right,0,0,0,0,0,0,0,0
30.0,A0,东,B0A0,B0A0_1,Go straight,0,0,0,0,0,0,0,0
30.0,A0,东,B0A0,B0A0_2,Turn left,0,0,0,0,0,0,0,0
30.0,A0,南,bottom0A0,bottom0A0_0,Turn right,1,1,0,1,1,0,0,0
30.0,A0,南,bottom0A0,bottom0A0_1,Go straight,1,1,0,0,0,0,0,0
30.0,A0,南,bottom0A0,bottom0A0_2,Turn left,1,1,0,0,0,0,0,0
30.0,A0,西,left0A0,left0A0_0,Turn right,2,2,0,0,0,0,0,0
30.0,A0,西,left0A0,left0A0_1,Go straight,2,2,0,0,0,0,0,0
30.0,A0,西,left0A0,left0A0_2,Turn left,2,2,0,2,2,0,0,0
30.0,A1,南,A0A1,A0A1_0,Turn right,0,0,0,0,0,0,0,0
30.0,A1,南,A0A1,A0A1_1,Go straight,0,0,0,0,0,0,0,0
30.0,A1,南,A0A1,A0A1_2,Turn left,0,0,0,0,0,0,0,0
30.0,A1,北,A2A1,A2A1_0,Turn right,0,0,0,0,0,0,0,0
30.0,A1,北,A2A1,A2A1_1,Go straight,0,0,0,0,0,0,0,0
30.0,A1,北,A2A1,A2A1_2,Turn left,0,0,0,0,0,0,0,0
30.0,A1,东,B1A1,B1A1_0,Turn right,0,0,0,0,0,0,0,0
30.0,A1,东,B1A1,B1A1_1,Go straight,0,0,0,0,0,0,0,0
30.0,A1,东,B1A1,B1A1_2,Turn left,0,0,0,0,0,0,0,0
30.0,A1,西,left1A1,left1A1_0,Turn right,2,2,1,0,0,0,0,1
30.0,A1,西,left1A1,left1A1_1,Go straight,2,2,1,2,2,0,1,0
30.0,A1,西,left1A1,left1A1_2,Turn left,2,2,1,0,0,0,0,0
30.0,A2,南,A1A2,A1A2_0,Turn right,0,0,0,0,0,0,0,0
30.0,A2,南,A1A2,A1A2_1,Go straight,0,0,0,0,0,0,0,0
30.0,A2,南,A1A2,A1A2_2,Turn left,0,0,0,0,0,0,0,0
30.0,A2,东,B2A2,B2A2_0,Turn right,0,0,0,0,0,0,0,0
30.0,A2,东,B2A2,B2A2_1,Go straight,0,0,0,0,0,0,0,0
30.0,A2,东,B2A2,B2A2_2,Turn left,0,0,0,0,0,0,0,0
30.0,A2,西,left2A2,left2A2_0,Turn right,0,0,0,0,0,0,0,0
30.0,A2,西,left2A2,left2A2_1,Go straight,0,0,0,0,0,0,0,0
30.0,A2,西,left2A2,left2A2_2,Turn left,0,0,0,0,0,0,0,0
30.0,A2,北,top0A2,top0A2_0,Turn right,0,0,0,0,0,0,0,0
30.0,A2,北,top0A2,top0A2_1,Go straight,0,0,0,0,0,0,0,0
30.0,A2,北,top0A2,top0A2_2,Turn left,0,0,0,0,0,0,0,0
30.0,B0,西,A0B0,A0B0_0,Turn right,0,0,0,0,0,0,0,0
30.0,B0,西,A0B0,A0B0_1,Go straight,0,0,0,0,0,0,0,0
30.0,B0,西,A0B0,A0B0_2,Turn left,0,0,0,0,0,0,0,0
30.0,B0,北,B1B0,B1B0_0,Turn right,0,0,0,0,0,0,0,0
30.0,B0,北,B1B0,B1B0_1,Go straight,0,0,0,0,0,0,0,0
30.0,B0,北,B1B0,B1B0_2,Turn left,0,0,0,0,0,0,0,0
30.0,B0,东,C0B0,C0B0_0,Turn right,0,0,0,0,0,0,0,0
30.0,B0,东,C0B0,C0B0_1,Go straight,0,0,0,0,0,0,0,0
30.0,B0,东,C0B0,C0B0_2,Turn left,0,0,0,0,0,0,0,0
30.0,B0,南,bottom1B0,bottom1B0_0,Turn right,0,0,0,0,0,0,0,0
30.0,B0,南,bottom1B0,bottom1B0_1,Go straight,0,0,0,0,0,0,0,0
30.0,B0,南,bottom1B0,bottom1B0_2,Turn left,0,0,0,0,0,0,0,0
30.0,B1,西,A1B1,A1B1_0,Turn right,0,0,0,0,0,0,0,0
30.0,B1,西,A1B1,A1B1_1,Go straight,0,0,0,0,0,0,0,0
30.0,B1,西,A1B1,A1B1_2,Turn left,0,0,0,0,0,0,0,0
30.0,B1,南,B0B1,B0B1_0,Turn right,0,0,0,0,0,0,0,0
30.0,B1,南,B0B1,B0B1_1,Go straight,0,0,0,0,0,0,0,0
30.0,B1,南,B0B1,B0B1_2,Turn left,0,0,0,0,0,0,0,0
30.0,B1,北,B2B1,B2B1_0,Turn right,0,0,0,0,0,0,0,0
30.0,B1,北,B2B1,B2B1_1,Go straight,0,0,0,0,0,0,0,0
30.0,B1,北,B2B1,B2B1_2,Turn left,0,0,0,0,0,0,0,0
30.0,B1,东,C1B1,C1B1_0,Turn right,0,0,0,0,0,0,0,0
30.0,B1,东,C1B1,C1B1_1,Go straight,0,0,0,0,0,0,0,0
30.0,B1,东,C1B1,C1B1_2,Turn left,0,0,0,0,0,0,0,0
30.0,B2,西,A2B2,A2B2_0,Turn right,0,0,0,0,0,0,0,0
30.0,B2,西,A2B2,A2B2_1,Go straight,0,0,0,0,0,0,0,0
30.0,B2,西,A2B2,A2B2_2,Turn left,0,0,0,0,0,0,0,0
30.0,B2,南,B1B2,B1B2_0,Turn right,0,0,0,0,0,0,0,0
30.0,B2,南,B1B2,B1B2_1,Go straight,0,0,0,0,0,0,0,0
30.0,B2,南,B1B2,B1B2_2,Turn left,0,0,0,0,0,0,0,0
30.0,B2,东,C2B2,C2B2_0,Turn right,0,0,0,0,0,0,0,0
30.0,B2,东,C2B2,C2B2_1,Go straight,0,0,0,0,0,0,0,0
30.0,B2,东,C2B2,C2B2_2,Turn left,0,0,0,0,0,0,0,0
30.0,B2,北,top1B2,top1B2_0,Turn right,1,1,1,0,0,0,0,1
30.0,B2,北,top1B2,top1B2_1,Go straight,1,1,1,1,1,0,1,0
30.0,B2,北,top1B2,top1B2_2,Turn left,1,1,1,0,0,0,0,0
30.0,C0,西,B0C0,B0C0_0,Turn right,0,0,0,0,0,0,0,0
30.0,C0,西,B0C0,B0C0_1,Go straight,0,0,0,0,0,0,0,0
30.0,C0,西,B0C0,B0C0_2,Turn left,0,0,0,0,0,0,0,0
30.0,C0,北,C1C0,C1C0_0,Turn right,0,0,0,0,0,0,0,0
30.0,C0,北,C1C0,C1C0_1,Go straight,0,0,0,0,0,0,0,0
30.0,C0,北,C1C0,C1C0_2,Turn left,0,0,0,0,0,0,0,0
30.0,C0,南,bottom2C0,bottom2C0_0,Turn right,0,0,0,0,0,0,0,0
30.0,C0,南,bottom2C0,bottom2C0_1,Go straight,0,0,0,0,0,0,0,0
30.0,C0,南,bottom2C0,bottom2C0_2,Turn left,0,0,0,0,0,0,0,0
30.0,C0,东,right0C0,right0C0_0,Turn right,0,0,0,0,0,0,0,0
30.0,C0,东,right0C0,right0C0_1,Go straight,0,0,0,0,0,0,0,0
30.0,C0,东,right0C0,right0C0_2,Turn left,0,0,0,0,0,0,0,0
30.0,C1,西,B1C1,B1C1_0,Turn right,0,0,0,0,0,0,0,0
30.0,C1,西,B1C1,B1C1_1,Go straight,0,0,0,0,0,0,0,0
30.0,C1,西,B1C1,B1C1_2,Turn left,0,0,0,0,0,0,0,0
30.0,C1,南,C0C1,C0C1_0,Turn right,0,0,0,0,0,0,0,0
30.0,C1,南,C0C1,C0C1_1,Go straight,0,0,0,0,0,0,0,0
30.0,C1,南,C0C1,C0C1_2,Turn left,0,0,0,0,0,0,0,0
30.0,C1,北,C2C1,C2C1_0,Turn right,0,0,0,0,0,0,0,0
30.0,C1,北,C2C1,C2C1_1,Go straight,0,0,0,0,0,0,0,0
30.0,C1,北,C2C1,C2C1_2,Turn left,0,0,0,0,0,0,0,0
30.0,C1,东,right1C1,right1C1_0,Turn right,2,2,0,1,1,0,0,0
30.0,C1,东,right1C1,right1C1_1,Go straight,2,2,0,0,0,0,0,0
30.0,C1,东,right1C1,right1C1_2,Turn left,2,2,0,1,1,0,0,0
30.0,C2,西,B2C2,B2C2_0,Turn right,0,0,0,0,0,0,0,0
30.0,C2,西,B2C2,B2C2_1,Go straight,0,0,0,0,0,0,0,0
30.0,C2,西,B2C2,B2C2_2,Turn left,0,0,0,0,0,0,0,0
30.0,C2,南,C1C2,C1C2_0,Turn right,0,0,0,0,0,0,0,0
30.0,C2,南,C1C2,C1C2_1,Go straight,0,0,0,0,0,0,0,0
30.0,C2,南,C1C2,C1C2_2,Turn left,0,0,0,0,0,0,0,0
30.0,C2,东,right2C2,right2C2_0,Turn right,1,1,0,0,0,0,0,0
30.0,C2,东,right2C2,right2C2_1,Go straight,1,1,0,0,0,0,0,0
30.0,C2,东,right2C2,right2C2_2,Turn left,1,1,0,1,1,0,0,0
30.0,C2,北,top2C2,top2C2_0,Turn right,1,1,0,1,1,0,0,0
30.0,C2,北,top2C2,top2C2_1,Go straight,1,1,0,0,0,0,0,0
30.0,C2,北,top2C2,top2C2_2,Turn left,1,1,0,0,0,0,0,0
35.0,A0,北,A1A0,A1A0_0,Turn right,0,0,0,0,0,0,0,0
35.0,A0,北,A1A0,A1A0_1,Go straight,0,0,0,0,0,0,0,0
35.0,A0,北,A1A0,A1A0_2,Turn left,0,0,0,0,0,0,0,0
35.0,A0,东,B0A0,B0A0_0,Turn right,0,0,0,0,0,0,0,0
35.0,A0,东,B0A0,B0A0_1,Go straight,0,0,0,0,0,0,0,0
35.0,A0,东,B0A0,B0A0_2,Turn left,0,0,0,0,0,0,0,0
35.0,A0,南,bottom0A0,bottom0A0_0,Turn right,2,2,1,1,1,0,0,0
35.0,A0,南,bottom0A0,bottom0A0_1,Go straight,2,2,1,1,1,0,0,0
35.0,A0,南,bottom0A0,bottom0A0_2,Turn left,2,2,1,0,0,0,0,0
35.0,A0,西,left0A0,left0A0_0,Turn right,2,2,0,0,0,0,0,0
35.0,A0,西,left0A0,left0A0_1,Go straight,2,2,0,0,0,0,0,0
35.0,A0,西,left0A0,left0A0_2,Turn left,2,2,0,2,2,0,0,0
35.0,A1,南,A0A1,A0A1_0,Turn right,0,0,0,0,0,0,0,0
35.0,A1,南,A0A1,A0A1_1,Go straight,0,0,0,0,0,0,0,0
35.0,A1,南,A0A1,A0A1_2,Turn left,0,0,0,0,0,0,0,0
35.0,A1,北,A2A1,A2A1_0,Turn right,0,0,0,0,0,0,0,0
35.0,A1,北,A2A1,A2A1_1,Go straight,0,0,0,0,0,0,0,0
35.0,A1,北,A2A1,A2A1_2,Turn left,0,0,0,0,0,0,0,0
35.0,A1,东,B1A1,B1A1_0,Turn right,0,0,0,0,0,0,0,0
35.0,A1,东,B1A1,B1A1_1,Go straight,0,0,0,0,0,0,0,0
35.0,A1,东,B1A1,B1A1_2,Turn left,0,0,0,0,0,0,0,0
35.0,A1,西,left1A1,left1A1_0,Turn right,2,2,0,0,0,0,0,0
35.0,A1,西,left1A1,left1A1_1,Go straight,2,2,0,2,1,1,0,0
35.0,A1,西,left1A1,left1A1_2,Turn left,2,2,0,0,0,0,0,0
35.0,A2,南,A1A2,A1A2_0,Turn right,0,0,0,0,0,0,0,0
35.0,A2,南,A1A2,A1A2_1,Go straight,0,0,0,0,0,0,0,0
35.0,A2,南,A1A2,A1A2_2,Turn left,0,0,0,0,0,0,0,0
35.0,A2,东,B2A2,B2A2_0,Turn right,0,0,0,0,0,0,0,0
35.0,A2,东,B2A2,B2A2_1,Go straight,0,0,0,0,0,0,0,0
35.0,A2,东,B2A2,B2A2_2,Turn left,0,0,0,0,0,0,0,0
35.0,A2,西,left2A2,left2A2_0,Turn right,1,1,1,0,0,0,0,1
35.0,A2,西,left2A2,left2A2_1,Go straight,1,1,1,1,1,0,1,0
35.0,A2,西,left2A2,left2A2_2,Turn left,1,1,1,0,0,0,0,0
35.0,A2,北,top0A2,top0A2_0,Turn right,0,0,0,0,0,0,0,0
35.0,A2,北,top0A2,top0A2_1,Go straight,0,0,0,0,0,0,0,0
35.0,A2,北,top0A2,top0A2_2,Turn left,0,0,0,0,0,0,0,0
35.0,B0,西,A0B0,A0B0_0,Turn right,0,0,0,0,0,0,0,0
35.0,B0,西,A0B0,A0B0_1,Go straight,0,0,0,0,0,0,0,0
35.0,B0,西,A0B0,A0B0_2,Turn left,0,0,0,0,0,0,0,0
35.0,B0,北,B1B0,B1B0_0,Turn right,0,0,0,0,0,0,0,0
35.0,B0,北,B1B0,B1B0_1,Go straight,0,0,0,0,0,0,0,0
35.0,B0,北,B1B0,B1B0_2,Turn left,0,0,0,0,0,0,0,0
35.0,B0,东,C0B0,C0B0_0,Turn right,0,0,0,0,0,0,0,0
35.0,B0,东,C0B0,C0B0_1,Go straight,0,0,0,0,0,0,0,0
35.0,B0,东,C0B0,C0B0_2,Turn left,0,0,0,0,0,0,0,0
35.0,B0,南,bottom1B0,bottom1B0_0,Turn right,0,0,0,0,0,0,0,0
35.0,B0,南,bottom1B0,bottom1B0_1,Go straight,0,0,0,0,0,0,0,0
35.0,B0,南,bottom1B0,bottom1B0_2,Turn left,0,0,0,0,0,0,0,0
35.0,B1,西,A1B1,A1B1_0,Turn right,0,0,0,0,0,0,0,0
35.0,B1,西,A1B1,A1B1_1,Go straight,0,0,0,0,0,0,0,0
35.0,B1,西,A1B1,A1B1_2,Turn left,0,0,0,0,0,0,0,0
35.0,B1,南,B0B1,B0B1_0,Turn right,0,0,0,0,0,0,0,0
35.0,B1,南,B0B1,B0B1_1,Go straight,0,0,0,0,0,0,0,0
35.0,B1,南,B0B1,B0B1_2,Turn left,0,0,0,0,0,0,0,0
35.0,B1,北,B2B1,B2B1_0,Turn right,0,0,0,0,0,0,0,0
35.0,B1,北,B2B1,B2B1_1,Go straight,0,0,0,0,0,0,0,0
35.0,B1,北,B2B1,B2B1_2,Turn left,0,0,0,0,0,0,0,0
35.0,B1,东,C1B1,C1B1_0,Turn right,0,0,0,0,0,0,0,0
35.0,B1,东,C1B1,C1B1_1,Go straight,0,0,0,0,0,0,0,0
35.0,B1,东,C1B1,C1B1_2,Turn left,0,0,0,0,0,0,0,0
35.0,B2,西,A2B2,A2B2_0,Turn right,0,0,0,0,0,0,0,0
35.0,B2,西,A2B2,A2B2_1,Go straight,0,0,0,0,0,0,0,0
35.0,B2,西,A2B2,A2B2_2,Turn left,0,0,0,0,0,0,0,0
35.0,B2,南,B1B2,B1B2_0,Turn right,0,0,0,0,0,0,0,0
35.0,B2,南,B1B2,B1B2_1,Go straight,0,0,0,0,0,0,0,0
35.0,B2,南,B1B2,B1B2_2,Turn left,0,0,0,0,0,0,0,0
35.0,B2,东,C2B2,C2B2_0,Turn right,0,0,0,0,0,0,0,0
35.0,B2,东,C2B2,C2B2_1,Go straight,0,0,0,0,0,0,0,0
35.0,B2,东,C2B2,C2B2_2,Turn left,0,0,0,0,0,0,0,0
35.0,B2,北,top1B2,top1B2_0,Turn right,1,1,0,0,0,0,0,0
35.0,B2,北,top1B2,top1B2_1,Go straight,1,1,0,1,1,0,0,0
35.0,B2,北,top1B2,top1B2_2,Turn left,1,1,0,0,0,0,0,0
35.0,C0,西,B0C0,B0C0_0,Turn right,0,0,0,0,0,0,0,0
35.0,C0,西,B0C0,B0C0_1,Go straight,0,0,0,0,0,0,0,0
35.0,C0,西,B0C0,B0C0_2,Turn left,0,0,0,0,0,0,0,0
35.0,C0,北,C1C0,C1C0_0,Turn right,0,0,0,0,0,0,0,0
35.0,C0,北,C1C0,C1C0_1,Go straight,0,0,0,0,0,0,0,0
35.0,C0,北,C1C0,C1C0_2,Turn left,0,0,0,0,0,0,0,0
35.0,C0,南,bottom2C0,bottom2C0_0,Turn right,0,0,0,0,0,0,0,0
35.0,C0,南,bottom2C0,bottom2C0_1,Go straight,0,0,0,0,0,0,0,0
35.0,C0,南,bottom2C0,bottom2C0_2,Turn left,0,0,0,0,0,0,0,0
35.0,C0,东,right0C0,right0C0_0,Turn right,0,0,0,0,0,0,0,0
35.0,C0,东,right0C0,right0C0_1,Go straight,0,0,0,0,0,0,0,0
35.0,C0,东,right0C0,right0C0_2,Turn left,0,0,0,0,0,0,0,0
35.0,C1,西,B1C1,B1C1_0,Turn right,0,0,0,0,0,0,0,0
35.0,C1,西,B1C1,B1C1_1,Go straight,0,0,0,0,0,0,0,0
35.0,C1,西,B1C1,B1C1_2,Turn left,0,0,0,0,0,0,0,0
35.0,C1,南,C0C1,C0C1_0,Turn right,0,0,0,0,0,0,0,0
35.0,C1,南,C0C1,C0C1_1,Go straight,0,0,0,0,0,0,0,0
35.0,C1,南,C0C1,C0C1_2,Turn left,0,0,0,0,0,0,0,0
35.0,C1,北,C2C1,C2C1_0,Turn right,0,0,0,0,0,0,0,0
35.0,C1,北,C2C1,C2C1_1,Go straight,0,0,0,0,0,0,0,0
35.0,C1,北,C2C1,C2C1_2,Turn left,0,0,0,0,0,0,0,0
35.0,C1,东,right1C1,right1C1_0,Turn right,2,2,0,1,1,0,0,0
35.0,C1,东,right1C1,right1C1_1,Go straight,2,2,0,0,0,0,0,0
35.0,C1,东,right1C1,right1C1_2,Turn left,2,2,0,1,1,0,0,0
35.0,C2,西,B2C2,B2C2_0,Turn right,0,0,0,0,0,0,0,0
35.0,C2,西,B2C2,B2C2_1,Go straight,0,0,0,0,0,0,0,0
35.0,C2,西,B2C2,B2C2_2,Turn left,0,0,0,0,0,0,0,0
35.0,C2,南,C1C2,C1C2_0,Turn right,0,0,0,0,0,0,0,0
35.0,C2,南,C1C2,C1C2_1,Go straight,0,0,0,0,0,0,0,0
35.0,C2,南,C1C2,C1C2_2,Turn left,0,0,0,0,0,0,0,0
35.0,C2,东,right2C2,right2C2_0,Turn right,1,1,0,0,0,0,0,0
35.0,C2,东,right2C2,right2C2_1,Go straight,1,1,0,0,0,0,0,0
35.0,C2,东,right2C2,right2C2_2,Turn left,1,1,0,1,1,0,0,0
35.0,C2,北,top2C2,top2C2_0,Turn right,1,1,0,1,1,0,0,0
35.0,C2,北,top2C2,top2C2_1,Go straight,1,1,0,0,0,0,0,0
35.0,C2,北,top2C2,top2C2_2,Turn left,1,1,0,0,0,0,0,0
40.0,A0,北,A1A0,A1A0_0,Turn right,0,0,0,0,0,0,0,0
40.0,A0,北,A1A0,A1A0_1,Go straight,0,0,0,0,0,0,0,0
40.0,A0,北,A1A0,A1A0_2,Turn left,0,0,0,0,0,0,0,0
40.0,A0,东,B0A0,B0A0_0,Turn right,0,0,0,0,0,0,0,0
40.0,A0,东,B0A0,B0A0_1,Go straight,0,0,0,0,0,0,0,0
40.0,A0,东,B0A0,B0A0_2,Turn left,0,0,0,0,0,0,0,0
40.0,A0,南,bottom0A0,bottom0A0_0,Turn right,3,3,1,2,2,0,1,0
40.0,A0,南,bottom0A0,bottom0A0_1,Go straight,3,3,1,1,1,0,1,1
40.0,A0,南,bottom0A0,bottom0A0_2,Turn left,3,3,1,0,0,0,0,1
40.0,A0,西,left0A0,left0A0_0,Turn right,3,3,1,0,0,0,0,1
40.0,A0,西,left0A0,left0A0_1,Go straight,3,3,1,0,0,0,1,1
40.0,A0,西,left0A0,left0A0_2,Turn left,3,3,1,3,2,1,1,0
40.0,A1,南,A0A1,A0A1_0,Turn right,0,0,0,0,0,0,0,0
40.0,A1,南,A0A1,A0A1_1,Go straight,0,0,0,0,0,0,0,0
40.0,A1,南,A0A1,A0A1_2,Turn left,0,0,0,0,0,0,0,0
40.0,A1,北,A2A1,A2A1_0,Turn right,0,0,0,0,0,0,0,0
40.0,A1,北,A2A1,A2A1_1,Go straight,0,0,0,0,0,0,0,0
40.0,A1,北,A2A1,A2A1_2,Turn left,0,0,0,0,0,0,0,0
40.0,A1,东,B1A1,B1A1_0,Turn right,0,0,0,0,0,0,0,0
40.0,A1,东,B1A1,B1A1_1,Go straight,0,0,0,0,0,0,0,0
40.0,A1,东,B1A1,B1A1_2,Turn left,0,0,0,0,0,0,0,0
40.0,A1,西,left1A1,left1A1_0,Turn right,2,2,0,0,0,0,0,0
40.0,A1,西,left1A1,left1A1_1,Go straight,2,2,0,2,1,1,0,0
40.0,A1,西,left1A1,left1A1_2,Turn left,2,2,0,0,0,0,0,0
40.0,A2,南,A1A2,A1A2_0,Turn right,0,0,0,0,0,0,0,0
40.0,A2,南,A1A2,A1A2_1,Go straight,0,0,0,0,0,0,0,0
40.0,A2,南,A1A2,A1A2_2,Turn left,0,0,0,0,0,0,0,0
40.0,A2,东,B2A2,B2A2_0,Turn right,0,0,0,0,0,0,0,0
40.0,A2,东,B2A2,B2A2_1,Go straight,0,0,0,0,0,0,0,0
40.0,A2,东,B2A2,B2A2_2,Turn left,0,0,0,0,0,0,0,0
40.0,A2,西,left2A2,left2A2_0,Turn right,1,1,0,0,0,0,0,0
40.0,A2,西,left2A2,left2A2_1,Go straight,1,1,0,1,1,0,0,0
40.0,A2,西,left2A2,left2A2_2,Turn left,1,1,0,0,0,0,0,0
40.0,A2,北,top0A2,top0A2_0,Turn right,1,1,1,0,0,0,0,1
40.0,A2,北,top0A2,top0A2_1,Go straight,1,1,1,1,1,0,1,0
40.0,A2,北,top0A2,top0A2_2,Turn left,1,1,1,0,0,0,0,0
40.0,B0,西,A0B0,A0B0_0,Turn right,0,0,0,0,0,0,0,0
40.0,B0,西,A0B0,A0B0_1,Go straight,0,0,0,0,0,0,0,0
40.0,B0,西,A0B0,A0B0_2,Turn left,0,0,0,0,0,0,0,0
40.0,B0,北,B1B0,B1B0_0,Turn right,0,0,0,0,0,0,0,0
40.0,B0,北,B1B0,B1B0_1,Go straight,0,0,0,0,0,0,0,0
40.0,B0,北,B1B0,B1B0_2,Turn left,0,0,0,0,0,0,0,0
40.0,B0,东,C0B0,C0B0_0,Turn right,0,0,0,0,0,0,0,0
40.0,B0,东,C0B0,C0B0_1,Go straight,0,0,0,0,0,0,0,0
40.0,B0,东,C0B0,C0B0_2,Turn left,0,0,0,0,0,0,0,0
40.0,B0,南,bottom1B0,bottom1B0_0,Turn right,0,0,0,0,0,0,0,0
40.0,B0,南,bottom1B0,bottom1B0_1,Go straight,0,0,0,0,0,0,0,0
40.0,B0,南,bottom1B0,bottom1B0_2,Turn left,0,0,0,0,0,0,0,0
40.0,B1,西,A1B1,A1B1_0,Turn right,0,0,0,0,0,0,0,0
40.0,B1,西,A1B1,A1B1_1,Go straight,0,0,0,0,0,0,0,0
40.0,B1,西,A1B1,A1B1_2,Turn left,0,0,0,0,0,0,0,0
40.0,B1,南,B0B1,B0B1_0,Turn right,0,0,0,0,0,0,0,0
40.0,B1,南,B0B1,B0B1_1,Go straight,0,0,0,0,0,0,0,0
40.0,B1,南,B0B1,B0B1_2,Turn left,0,0,0,0,0,0,0,0
40.0,B1,北,B2B1,B2B1_0,Turn right,0,0,0,0,0,0,0,0
40.0,B1,北,B2B1,B2B1_1,Go straight,0,0,0,0,0,0,0,0
40.0,B1,北,B2B1,B2B1_2,Turn left,0,0,0,0,0,0,0,0
40.0,B1,东,C1B1,C1B1_0,Turn right,0,0,0,0,0,0,0,0
40.0,B1,东,C1B1,C1B1_1,Go straight,0,0,0,0,0,0,0,0
40.0,B1,东,C1B1,C1B1_2,Turn left,0,0,0,0,0,0,0,0
40.0,B2,西,A2B2,A2B2_0,Turn right,0,0,0,0,0,0,0,0
40.0,B2,西,A2B2,A2B2_1,Go straight,0,0,0,0,0,0,0,0
40.0,B2,西,A2B2,A2B2_2,Turn left,0,0,0,0,0,0,0,0
40.0,B2,南,B1B2,B1B2_0,Turn right,0,0,0,0,0,0,0,0
40.0,B2,南,B1B2,B1B2_1,Go straight,0,0,0,0,0,0,0,0
40.0,B2,南,B1B2,B1B2_2,Turn left,0,0,0,0,0,0,0,0
40.0,B2,东,C2B2,C2B2_0,Turn right,0,0,0,0,0,0,0,0
40.0,B2,东,C2B2,C2B2_1,Go straight,0,0,0,0,0,0,0,0
40.0,B2,东,C2B2,C2B2_2,Turn left,0,0,0,0,0,0,0,0
40.0,B2,北,top1B2,top1B2_0,Turn right,1,1,0,0,0,0,0,0
40.0,B2,北,top1B2,top1B2_1,Go straight,1,1,0,1,1,0,0,0
40.0,B2,北,top1B2,top1B2_2,Turn left,1,1,0,0,0,0,0,0
40.0,C0,西,B0C0,B0C0_0,Turn right,0,0,0,0,0,0,0,0
40.0,C0,西,B0C0,B0C0_1,Go straight,0,0,0,0,0,0,0,0
40.0,C0,西,B0C0,B0C0_2,Turn left,0,0,0,0,0,0,0,0
40.0,C0,北,C1C0,C1C0_0,Turn right,0,0,0,0,0,0,0,0
40.0,C0,北,C1C0,C1C0_1,Go straight,0,0,0,0,0,0,0,0
40.0,C0,北,C1C0,C1C0_2,Turn left,0,0,0,0,0,0,0,0
40.0,C0,南,bottom2C0,bottom2C0_0,Turn right,0,0,0,0,0,0,0,0
40.0,C0,南,bottom2C0,bottom2C0_1,Go straight,0,0,0,0,0,0,0,0
40.0,C0,南,bottom2C0,bottom2C0_2,Turn left,0,0,0,0,0,0,0,0
40.0,C0,东,right0C0,right0C0_0,Turn right,0,0,0,0,0,0,0,0
40.0,C0,东,right0C0,right0C0_1,Go straight,0,0,0,0,0,0,0,0
40.0,C0,东,right0C0,right0C0_2,Turn left,0,0,0,0,0,0,0,0
40.0,C1,西,B1C1,B1C1_0,Turn right,0,0,0,0,0,0,0,0
40.0,C1,西,B1C1,B1C1_1,Go straight,0,0,0,0,0,0,0,0
40.0,C1,西,B1C1,B1C1_2,Turn left,0,0,0,0,0,0,0,0
40.0,C1,南,C0C1,C0C1_0,Turn right,0,0,0,0,0,0,0,0
40.0,C1,南,C0C1,C0C1_1,Go straight,0,0,0,0,0,0,0,0
40.0,C1,南,C0C1,C0C1_2,Turn left,0,0,0,0,0,0,0,0
40.0,C1,北,C2C1,C2C1_0,Turn right,0,0,0,0,0,0,0,0
40.0,C1,北,C2C1,C2C1_1,Go straight,0,0,0,0,0,0,0,0
40.0,C1,北,C2C1,C2C1_2,Turn left,0,0,0,0,0,0,0,0
40.0,C1,东,right1C1,right1C1_0,Turn right,2,2,0,1,1,0,0,0
40.0,C1,东,right1C1,right1C1_1,Go straight,2,2,0,0,0,0,0,0
40.0,C1,东,right1C1,right1C1_2,Turn left,2,2,0,1,1,0,0,0
40.0,C2,西,B2C2,B2C2_0,Turn right,0,0,0,0,0,0,0,0
40.0,C2,西,B2C2,B2C2_1,Go straight,0,0,0,0,0,0,0,0
40.0,C2,西,B2C2,B2C2_2,Turn left,0,0,0,0,0,0,0,0
40.0,C2,南,C1C2,C1C2_0,Turn right,0,0,0,0,0,0,0,0
40.0,C2,南,C1C2,C1C2_1,Go straight,0,0,0,0,0,0,0,0
40.0,C2,南,C1C2,C1C2_2,Turn left,0,0,0,0,0,0,0,0
40.0,C2,东,right2C2,right2C2_0,Turn right,1,1,0,0,0,0,0,0
40.0,C2,东,right2C2,right2C2_1,Go straight,1,1,0,0,0,0,0,0
40.0,C2,东,right2C2,right2C2_2,Turn left,1,1,0,1,1,0,0,0
40.0,C2,北,top2C2,top2C2_0,Turn right,1,1,0,1,1,0,0,0
40.0,C2,北,top2C2,top2C2_1,Go straight,1,1,0,0,0,0,0,0
40.0,C2,北,top2C2,top2C2_2,Turn left,1,1,0,0,0,0,0,0
45.0,A0,北,A1A0,A1A0_0,Turn right,0,0,0,0,0,0,0,0
45.0,A0,北,A1A0,A1A0_1,Go straight,0,0,0,0,0,0,0,0
45.0,A0,北,A1A0,A1A0_2,Turn left,0,0,0,0,0,0,0,0
45.0,A0,东,B0A0,B0A0_0,Turn right,0,0,0,0,0,0,0,0
45.0,A0,东,B0A0,B0A0_1,Go straight,0,0,0,0,0,0,0,0
45.0,A0,东,B0A0,B0A0_2,Turn left,0,0,0,0,0,0,0,0
45.0,A0,南,bottom0A0,bottom0A0_0,Turn right,3,3,0,2,2,0,0,0
45.0,A0,南,bottom0A0,bottom0A0_1,Go straight,3,3,0,1,1,0,0,0
45.0,A0,南,bottom0A0,bottom0A0_2,Turn left,3,3,0,0,0,0,0,0
45.0,A0,西,left0A0,left0A0_0,Turn right,3,3,0,0,0,0,0,0
45.0,A0,西,left0A0,left0A0_1,Go straight,3,3,0,0,0,0,0,0
45.0,A0,西,left0A0,left0A0_2,Turn left,3,3,0,3,2,1,0,0
45.0,A1,南,A0A1,A0A1_0,Turn right,0,0,0,0,0,0,0,0
45.0,A1,南,A0A1,A0A1_1,Go straight,0,0,0,0,0,0,0,0
45.0,A1,南,A0A1,A0A1_2,Turn left,0,0,0,0,0,0,0,0
45.0,A1,北,A2A1,A2A1_0,Turn right,0,0,0,0,0,0,0,0
45.0,A1,北,A2A1,A2A1_1,Go straight,0,0,0,0,0,0,0,0
45.0,A1,北,A2A1,A2A1_2,Turn left,0,0,0,0,0,0,0,0
45.0,A1,东,B1A1,B1A1_0,Turn right,0,0,0,0,0,0,0,0
45.0,A1,东,B1A1,B1A1_1,Go straight,0,0,0,0,0,0,0,0
45.0,A1,东,B1A1,B1A1_2,Turn left,0,0,0,0,0,0,0,0
45.0,A1,西,left1A1,left1A1_0,Turn right,2,2,0,0,0,0,0,0
45.0,A1,西,left1A1,left1A1_1,Go straight,2,2,0,2,1,1,0,0
45.0,A1,西,left1A1,left1A1_2,Turn left,2,2,0,0,0,0,0,0
45.0,A2,南,A1A2,A1A2_0,Turn right,0,0,0,0,0,0,0,0
45.0,A2,南,A1A2,A1A2_1,Go straight,0,0,0,0,0,0,0,0
45.0,A2,南,A1A2,A1A2_2,Turn left,0,0,0,0,0,0,0,0
45.0,A2,东,B2A2,B2A2_0,Turn right,0,0,0,0,0,0,0,0
45.0,A2,东,B2A2,B2A2_1,Go straight,0,0,0,0,0,0,0,0
45.0,A2,东,B2A2,B2A2_2,Turn left,0,0,0,0,0,0,0,0
45.0,A2,西,left2A2,left2A2_0,Turn right,1,1,0,0,0,0,0,0
45.0,A2,西,left2A2,left2A2_1,Go straight,1,1,0,1,1,0,0,0
45.0,A2,西,left2A2,left2A2_2,Turn left,1,1,0,0,0,0,0,0
45.0,A2,北,top0A2,top0A2_0,Turn right,1,1,0,0,0,0,0,0
45.0,A2,北,top0A2,top0A2_1,Go straight,1,1,0,1,1,0,0,0
45.0,A2,北,top0A2,top0A2_2,Turn left,1,1,0,0,0,0,0,0
45.0,B0,西,A0B0,A0B0_0,Turn right,0,0,0,0,0,0,0,0
45.0,B0,西,A0B0,A0B0_1,Go straight,0,0,0,0,0,0,0,0
45.0,B0,西,A0B0,A0B0_2,Turn left,0,0,0,0,0,0,0,0
45.0,B0,北,B1B0,B1B0_0,Turn right,0,0,0,0,0,0,0,0
45.0,B0,北,B1B0,B1B0_1,Go straight,0,0,0,0,0,0,0,0
45.0,B0,北,B1B0,B1B0_2,Turn left,0,0,0,0,0,0,0,0
45.0,B0,东,C0B0,C0B0_0,Turn right,0,0,0,0,0,0,0,0
45.0,B0,东,C0B0,C0B0_1,Go straight,0,0,0,0,0,0,0,0
45.0,B0,东,C0B0,C0B0_2,Turn left,0,0,0,0,0,0,0,0
45.0,B0,南,bottom1B0,bottom1B0_0,Turn right,0,0,0,0,0,0,0,0
45.0,B0,南,bottom1B0,bottom1B0_1,Go straight,0,0,0,0,0,0,0,0
45.0,B0,南,bottom1B0,bottom1B0_2,Turn left,0,0,0,0,0,0,0,0
45.0,B1,西,A1B1,A1B1_0,Turn right,0,0,0,0,0,0,0,0
45.0,B1,西,A1B1,A1B1_1,Go straight,0,0,0,0,0,0,0,0
45.0,B1,西,A1B1,A1B1_2,Turn left,0,0,0,0,0,0,0,0
45.0,B1,南,B0B1,B0B1_0,Turn right,0,0,0,0,0,0,0,0
45.0,B1,南,B0B1,B0B1_1,Go straight,0,0,0,0,0,0,0,0
45.0,B1,南,B0B1,B0B1_2,Turn left,0,0,0,0,0,0,0,0
45.0,B1,北,B2B1,B2B1_0,Turn right,0,0,0,0,0,0,0,0
45.0,B1,北,B2B1,B2B1_1,Go straight,0,0,0,0,0,0,0,0
45.0,B1,北,B2B1,B2B1_2,Turn left,0,0,0,0,0,0,0,0
45.0,B1,东,C1B1,C1B1_0,Turn right,0,0,0,0,0,0,0,0
45.0,B1,东,C1B1,C1B1_1,Go straight,0,0,0,0,0,0,0,0
45.0,B1,东,C1B1,C1B1_2,Turn left,0,0,0,0,0,0,0,0
45.0,B2,西,A2B2,A2B2_0,Turn right,0,0,0,0,0,0,0,0
45.0,B2,西,A2B2,A2B2_1,Go straight,0,0,0,0,0,0,0,0
45.0,B2,西,A2B2,A2B2_2,Turn left,0,0,0,0,0,0,0,0
45.0,B2,南,B1B2,B1B2_0,Turn right,0,0,0,0,0,0,0,0
45.0,B2,南,B1B2,B1B2_1,Go straight,0,0,0,0,0,0,0,0
45.0,B2,南,B1B2,B1B2_2,Turn left,0,0,0,0,0,0,0,0
45.0,B2,东,C2B2,C2B2_0,Turn right,1,1,1,0,0,0,0,0
45.0,B2,东,C2B2,C2B2_1,Go straight,1,1,1,1,1,0,0,0
45.0,B2,东,C2B2,C2B2_2,Turn left,1,1,1,0,0,0,0,0
45.0,B2,北,top1B2,top1B2_0,Turn right,1,1,0,0,0,0,0,0
45.0,B2,北,top1B2,top1B2_1,Go straight,1,1,0,1,1,0,0,0
45.0,B2,北,top1B2,top1B2_2,Turn left,1,1,0,0,0,0,0,0
45.0,C0,西,B0C0,B0C0_0,Turn right,0,0,0,0,0,0,0,0
45.0,C0,西,B0C0,B0C0_1,Go straight,0,0,0,0,0,0,0,0
45.0,C0,西,B0C0,B0C0_2,Turn left,0,0,0,0,0,0,0,0
45.0,C0,北,C1C0,C1C0_0,Turn right,0,0,0,0,0,0,0,0
45.0,C0,北,C1C0,C1C0_1,Go straight,0,0,0,0,0,0,0,0
45.0,C0,北,C1C0,C1C0_2,Turn left,0,0,0,0,0,0,0,0
45.0,C0,南,bottom2C0,bottom2C0_0,Turn right,0,0,0,0,0,0,0,0
45.0,C0,南,bottom2C0,bottom2C0_1,Go straight,0,0,0,0,0,0,0,0
45.0,C0,南,bottom2C0,bottom2C0_2,Turn left,0,0,0,0,0,0,0,0
45.0,C0,东,right0C0,right0C0_0,Turn right,0,0,0,0,0,0,0,0
45.0,C0,东,right0C0,right0C0_1,Go straight,0,0,0,0,0,0,0,0
45.0,C0,东,right0C0,right0C0_2,Turn left,0,0,0,0,0,0,0,0
45.0,C1,西,B1C1,B1C1_0,Turn right,0,0,0,0,0,0,0,0
45.0,C1,西,B1C1,B1C1_1,Go straight,0,0,0,0,0,0,0,0
45.0,C1,西,B1C1,B1C1_2,Turn left,0,0,0,0,0,0,0,0
45.0,C1,南,C0C1,C0C1_0,Turn right,0,0,0,0,0,0,0,0
45.0,C1,南,C0C1,C0C1_1,Go straight,0,0,0,0,0,0,0,0
45.0,C1,南,C0C1,C0C1_2,Turn left,0,0,0,0,0,0,0,0
45.0,C1,北,C2C1,C2C1_0,Turn right,0,0,0,0,0,0,0,0
45.0,C1,北,C2C1,C2C1_1,Go straight,0,0,0,0,0,0,0,0
45.0,C1,北,C2C1,C2C1_2,Turn left,0,0,0,0,0,0,0,0
45.0,C1,东,right1C1,right1C1_0,Turn right,1,1,0,0,0,0,0,0
45.0,C1,东,right1C1,right1C1_1,Go straight,1,1,0,0,0,0,0,0
45.0,C1,东,right1C1,right1C1_2,Turn left,1,1,0,1,0,1,0,0
45.0,C2,西,B2C2,B2C2_0,Turn right,0,0,0,0,0,0,0,0
45.0,C2,西,B2C2,B2C2_1,Go straight,0,0,0,0,0,0,0,0
45.0,C2,西,B2C2,B2C2_2,Turn left,0,0,0,0,0,0,0,0
45.0,C2,南,C1C2,C1C2_0,Turn right,1,1,1,1,1,0,0,0
45.0,C2,南,C1C2,C1C2_1,Go straight,1,1,1,0,0,0,0,0
45.0,C2,南,C1C2,C1C2_2,Turn left,1,1,1,0,0,0,0,0
45.0,C2,东,right2C2,right2C2_0,Turn right,1,1,0,0,0,0,0,0
45.0,C2,东,right2C2,right2C2_1,Go straight,1,1,0,0,0,0,0,0
45.0,C2,东,right2C2,right2C2_2,Turn left,1,1,0,1,1,0,0,0
45.0,C2,北,top2C2,top2C2_0,Turn right,0,0,0,0,0,0,0,0
45.0,C2,北,top2C2,top2C2_1,Go straight,0,0,0,0,0,0,0,0
45.0,C2,北,top2C2,top2C2_2,Turn left,0,0,0,0,0,0,0,0
50.0,A0,北,A1A0,A1A0_0,Turn right,0,0,0,0,0,0,0,0
50.0,A0,北,A1A0,A1A0_1,Go straight,0,0,0,0,0,0,0,0
50.0,A0,北,A1A0,A1A0_2,Turn left,0,0,0,0,0,0,0,0
50.0,A0,东,B0A0,B0A0_0,Turn right,0,0,0,0,0,0,0,0
50.0,A0,东,B0A0,B0A0_1,Go straight,0,0,0,0,0,0,0,0
50.0,A0,东,B0A0,B0A0_2,Turn left,0,0,0,0,0,0,0,0
50.0,A0,南,bottom0A0,bottom0A0_0,Turn right,2,2,0,2,2,0,1,0
50.0,A0,南,bottom0A0,bottom0A0_1,Go straight,2,2,0,0,0,0,0,1
50.0,A0,南,bottom0A0,bottom0A0_2,Turn left,2,2,0,0,0,0,0,0
50.0,A0,西,left0A0,left0A0_0,Turn right,3,3,0,0,0,0,0,0
50.0,A0,西,left0A0,left0A0_1,Go straight,3,3,0,0,0,0,0,0
50.0,A0,西,left0A0,left0A0_2,Turn left,3,3,0,3,2,1,0,0
50.0,A1,南,A0A1,A0A1_0,Turn right,0,0,0,0,0,0,0,0
50.0,A1,南,A0A1,A0A1_1,Go straight,0,0,0,0,0,0,0,0
50.0,A1,南,A0A1,A0A1_2,Turn left,0,0,0,0,0,0,0,0
50.0,A1,北,A2A1,A2A1_0,Turn right,0,0,0,0,0,0,0,0
50.0,A1,北,A2A1,A2A1_1,Go straight,0,0,0,0,0,0,0,0
50.0,A1,北,A2A1,A2A1_2,Turn left,0,0,0,0,0,0,0,0
50.0,A1,东,B1A1,B1A1_0,Turn right,0,0,0,0,0,0,0,0
50.0,A1,东,B1A1,B1A1_1,Go straight,0,0,0,0,0,0,0,0
50.0,A1,东,B1A1,B1A1_2,Turn left,0,0,0,0,0,0,0,0
50.0,A1,西,left1A1,left1A1_0,Turn right,2,2,0,0,0,0,0,0
50.0,A1,西,left1A1,left1A1_1,Go straight,2,2,0,2,1,1,0,0
50.0,A1,西,left1A1,left1A1_2,Turn left,2,2,0,0,0,0,0,0
50.0,A2,南,A1A2,A1A2_0,Turn right,0,0,0,0,0,0,0,0
50.0,A2,南,A1A2,A1A2_1,Go straight,0,0,0,0,0,0,0,0
50.0,A2,南,A1A2,A1A2_2,Turn left,0,0,0,0,0,0,0,0
50.0,A2,东,B2A2,B2A2_0,Turn right,0,0,0,0,0,0,0,0
50.0,A2,东,B2A2,B2A2_1,Go straight,0,0,0,0,0,0,0,0
50.0,A2,东,B2A2,B2A2_2,Turn left,0,0,0,0,0,0,0,0
50.0,A2,西,left2A2,left2A2_0,Turn right,2,2,1,0,0,0,0,1
50.0,A2,西,left2A2,left2A2_1,Go straight,2,2,1,2,2,0,1,0
50.0,A2,西,left2A2,left2A2_2,Turn left,2,2,1,0,0,0,0,0
50.0,A2,北,top0A2,top0A2_0,Turn right,2,2,1,0,0,0,0,1
50.0,A2,北,top0A2,top0A2_1,Go straight,2,2,1,1,1,0,1,1
50.0,A2,北,top0A2,top0A2_2,Turn left,2,2,1,1,1,0,1,0
50.0,B0,西,A0B0,A0B0_0,Turn right,1,1,1,0,0,0,0,0
50.0,B0,西,A0B0,A0B0_1,Go straight,1,1,1,1,1,0,0,0
50.0,B0,西,A0B0,A0B0_2,Turn left,1,1,1,0,0,0,0,0
50.0,B0,北,B1B0,B1B0_0,Turn right,0,0,0,0,0,0,0,0
50.0,B0,北,B1B0,B1B0_1,Go straight,0,0,0,0,0,0,0,0
50.0,B0,北,B1B0,B1B0_2,Turn left,0,0,0,0,0,0,0,0
50.0,B0,东,C0B0,C0B0_0,Turn right,0,0,0,0,0,0,0,0
50.0,B0,东,C0B0,C0B0_1,Go straight,0,0,0,0,0,0,0,0
50.0,B0,东,C0B0,C0B0_2,Turn left,0,0,0,0,0,0,0,0
50.0,B0,南,bottom1B0,bottom1B0_0,Turn right,0,0,0,0,0,0,0,0
50.0,B0,南,bottom1B0,bottom1B0_1,Go straight,0,0,0,0,0,0,0,0
50.0,B0,南,bottom1B0,bottom1B0_2,Turn left,0,0,0,0,0,0,0,0
50.0,B1,西,A1B1,A1B1_0,Turn right,0,0,0,0,0,0,0,0
50.0,B1,西,A1B1,A1B1_1,Go straight,0,0,0,0,0,0,0,0
50.0,B1,西,A1B1,A1B1_2,Turn left,0,0,0,0,0,0,0,0
50.0,B1,南,B0B1,B0B1_0,Turn right,0,0,0,0,0,0,0,0
50.0,B1,南,B0B1,B0B1_1,Go straight,0,0,0,0,0,0,0,0
50.0,B1,南,B0B1,B0B1_2,Turn left,0,0,0,0,0,0,0,0
50.0,B1,北,B2B1,B2B1_0,Turn right,1,1,1,0,0,0,0,0
50.0,B1,北,B2B1,B2B1_1,Go straight,1,1,1,0,0,0,0,0
50.0,B1,北,B2B1,B2B1_2,Turn left,1,1,1,1,1,0,0,0
50.0,B1,东,C1B1,C1B1_0,Turn right,0,0,0,0,0,0,0,0
50.0,B1,东,C1B1,C1B1_1,Go straight,0,0,0,0,0,0,0,0
50.0,B1,东,C1B1,C1B1_2,Turn left,0,0,0,0,0,0,0,0
50.0,B2,西,A2B2,A2B2_0,Turn right,0,0,0,0,0,0,0,0
50.0,B2,西,A2B2,A2B2_1,Go straight,0,0,0,0,0,0,0,0
50.0,B2,西,A2B2,A2B2_2,Turn left,0,0,0,0,0,0,0,0
50.0,B2,南,B1B2,B1B2_0,Turn right,0,0,0,0,0,0,0,0
50.0,B2,南,B1B2,B1B2_1,Go straight,0,0,0,0,0,0,0,0
50.0,B2,南,B1B2,B1B2_2,Turn left,0,0,0,0,0,0,0,0
50.0,B2,东,C2B2,C2B2_0,Turn right,1,1,0,0,0,0,0,0
50.0,B2,东,C2B2,C2B2_1,Go straight,1,1,0,1,1,0,0,0
50.0,B2,东,C2B2,C2B2_2,Turn left,1,1,0,0,0,0,0,0
50.0,B2,北,top1B2,top1B2_0,Turn right,0,0,0,0,0,0,0,0
50.0,B2,北,top1B2,top1B2_1,Go straight,0,0,0,0,0,0,0,0
50.0,B2,北,top1B2,top1B2_2,Turn left,0,0,0,0,0,0,0,0
50.0,C0,西,B0C0,B0C0_0,Turn right,0,0,0,0,0,0,0,0
50.0,C0,西,B0C0,B0C0_1,Go straight,0,0,0,0,0,0,0,0
50.0,C0,西,B0C0,B0C0_2,Turn left,0,0,0,0,0,0,0,0
50.0,C0,北,C1C0,C1C0_0,Turn right,0,0,0,0,0,0,0,0
50.0,C0,北,C1C0,C1C0_1,Go straight,0,0,0,0,0,0,0,0
50.0,C0,北,C1C0,C1C0_2,Turn left,0,0,0,0,0,0,0,0
50.0,C0,南,bottom2C0,bottom2C0_0,Turn right,0,0,0,0,0,0,0,0
50.0,C0,南,bottom2C0,bottom2C0_1,Go straight,0,0,0,0,0,0,0,0
50.0,C0,南,bottom2C0,bottom2C0_2,Turn left,0,0,0,0,0,0,0,0
50.0,C0,东,right0C0,right0C0_0,Turn right,0,0,0,0,0,0,0,0
50.0,C0,东,right0C0,right0C0_1,Go straight,0,0,0,0,0,0,0,0
50.0,C0,东,right0C0,right0C0_2,Turn left,0,0,0,0,0,0,0,0
50.0,C1,西,B1C1,B1C1_0,Turn right,0,0,0,0,0,0,0,0
50.0,C1,西,B1C1,B1C1_1,Go straight,0,0,0,0,0,0,0,0
50.0,C1,西,B1C1,B1C1_2,Turn left,0,0,0,0,0,0,0,0
50.0,C1,南,C0C1,C0C1_0,Turn right,0,0,0,0,0,0,0,0
50.0,C1,南,C0C1,C0C1_1,Go straight,0,0,0,0,0,0,0,0
50.0,C1,南,C0C1,C0C1_2,Turn left,0,0,0,0,0,0,0,0
50.0,C1,北,C2C1,C2C1_0,Turn right,0,0,0,0,0,0,0,0
50.0,C1,北,C2C1,C2C1_1,Go straight,0,0,0,0,0,0,0,0
50.0,C1,北,C2C1,C2C1_2,Turn left,0,0,0,0,0,0,0,0
50.0,C1,东,right1C1,right1C1_0,Turn right,1,1,0,0,0,0,0,0
50.0,C1,东,right1C1,right1C1_1,Go straight,1,1,0,0,0,0,0,0
50.0,C1,东,right1C1,right1C1_2,Turn left,1,1,0,1,0,1,0,0
50.0,C2,西,B2C2,B2C2_0,Turn right,0,0,0,0,0,0,0,0
50.0,C2,西,B2C2,B2C2_1,Go straight,0,0,0,0,0,0,0,0
50.0,C2,西,B2C2,B2C2_2,Turn left,0,0,0,0,0,0,0,0
50.0,C2,南,C1C2,C1C2_0,Turn right,1,1,0,1,1,0,0,0
50.0,C2,南,C1C2,C1C2_1,Go straight,1,1,0,0,0,0,0,0
50.0,C2,南,C1C2,C1C2_2,Turn left,1,1,0,0,0,0,0,0
50.0,C2,东,right2C2,right2C2_0,Turn right,1,1,0,0,0,0,0,0
50.0,C2,东,right2C2,right2C2_1,Go straight,1,1,0,0,0,0,0,0
50.0,C2,东,right2C2,right2C2_2,Turn left,1,1,0,1,0,1,0,0
50.0,C2,北,top2C2,top2C2_0,Turn right,0,0,0,0,0,0,0,0
50.0,C2,北,top2C2,top2C2_1,Go straight,0,0,0,0,0,0,0,0
50.0,C2,北,top2C2,top2C2_2,Turn left,0,0,0,0,0,0,0,0
55.0,A0,北,A1A0,A1A0_0,Turn right,0,0,0,0,0,0,0,0
55.0,A0,北,A1A0,A1A0_1,Go straight,0,0,0,0,0,0,0,0
55.0,A0,北,A1A0,A1A0_2,Turn left,0,0,0,0,0,0,0,0
55.0,A0,东,B0A0,B0A0_0,Turn right,0,0,0,0,0,0,0,0
55.0,A0,东,B0A0,B0A0_1,Go straight,0,0,0,0,0,0,0,0
55.0,A0,东,B0A0,B0A0_2,Turn left,0,0,0,0,0,0,0,0
55.0,A0,南,bottom0A0,bottom0A0_0,Turn right,1,1,0,1,1,0,0,0
55.0,A0,南,bottom0A0,bottom0A0_1,Go straight,1,1,0,0,0,0,0,0
55.0,A0,南,bottom0A0,bottom0A0_2,Turn left,1,1,0,0,0,0,0,0
55.0,A0,西,left0A0,left0A0_0,Turn right,4,4,1,0,0,0,0,1
55.0,A0,西,left0A0,left0A0_1,Go straight,4,4,1,0,0,0,1,1
55.0,A0,西,left0A0,left0A0_2,Turn left,4,4,1,4,2,2,1,0
55.0,A1,南,A0A1,A0A1_0,Turn right,0,0,0,0,0,0,0,0
55.0,A1,南,A0A1,A0A1_1,Go straight,0,0,0,0,0,0,0,0
55.0,A1,南,A0A1,A0A1_2,Turn left,0,0,0,0,0,0,0,0
55.0,A1,北,A2A1,A2A1_0,Turn right,0,0,0,0,0,0,0,0
55.0,A1,北,A2A1,A2A1_1,Go straight,0,0,0,0,0,0,0,0
55.0,A1,北,A2A1,A2A1_2,Turn left,0,0,0,0,0,0,0,0
55.0,A1,东,B1A1,B1A1_0,Turn right,0,0,0,0,0,0,0,0
55.0,A1,东,B1A1,B1A1_1,Go straight,0,0,0,0,0,0,0,0
55.0,A1,东,B1A1,B1A1_2,Turn left,0,0,0,0,0,0,0,0
55.0,A1,西,left1A1,left1A1_0,Turn right,3,3,1,1,1,0,0,0
55.0,A1,西,left1A1,left1A1_1,Go straight,3,3,1,2,1,1,0,0
55.0,A1,西,left1A1,left1A1_2,Turn left,3,3,1,0,0,0,0,0
55.0,A2,南,A1A2,A1A2_0,Turn right,0,0,0,0,0,0,0,0
55.0,A2,南,A1A2,A1A2_1,Go straight,0,0,0,0,0,0,0,0
55.0,A2,南,A1A2,A1A2_2,Turn left,0,0,0,0,0,0,0,0
55.0,A2,东,B2A2,B2A2_0,Turn right,0,0,0,0,0,0,0,0
55.0,A2,东,B2A2,B2A2_1,Go straight,0,0,0,0,0,0,0,0
55.0,A2,东,B2A2,B2A2_2,Turn left,0,0,0,0,0,0,0,0
55.0,A2,西,left2A2,left2A2_0,Turn right,2,2,0,0,0,0,0,0
55.0,A2,西,left2A2,left2A2_1,Go straight,2,2,0,2,2,0,0,0
55.0,A2,西,left2A2,left2A2_2,Turn left,2,2,0,0,0,0,0,0
55.0,A2,北,top0A2,top0A2_0,Turn right,2,2,0,0,0,0,0,0
55.0,A2,北,top0A2,top0A2_1,Go straight,2,2,0,1,1,0,0,0
55.0,A2,北,top0A2,top0A2_2,Turn left,2,2,0,1,1,0,0,0
55.0,B0,西,A0B0,A0B0_0,Turn right,1,1,0,0,0,0,0,0
55.0,B0,西,A0B0,A0B0_1,Go straight,1,1,0,1,1,0,0,0
55.0,B0,西,A0B0,A0B0_2,Turn left,1,1,0,0,0,0,0,0
55.0,B0,北,B1B0,B1B0_0,Turn right,0,0,0,0,0,0,0,0
55.0,B0,北,B1B0,B1B0_1,Go straight,0,0,0,0,0,0,0,0
55.0,B0,北,B1B0,B1B0_2,Turn left,0,0,0,0,0,0,0,0
55.0,B0,东,C0B0,C0B0_0,Turn right,0,0,0,0,0,0,0,0
55.0,B0,东,C0B0,C0B0_1,Go straight,0,0,0,0,0,0,0,0
55.0,B0,东,C0B0,C0B0_2,Turn left,0,0,0,0,0,0,0,0
55.0,B0,南,bottom1B0,bottom1B0_0,Turn right,0,0,0,0,0,0,0,0
55.0,B0,南,bottom1B0,bottom1B0_1,Go straight,0,0,0,0,0,0,0,0
55.0,B0,南,bottom1B0,bottom1B0_2,Turn left,0,0,0,0,0,0,0,0
55.0,B1,西,A1B1,A1B1_0,Turn right,0,0,0,0,0,0,0,0
55.0,B1,西,A1B1,A1B1_1,Go straight,0,0,0,0,0,0,0,0
55.0,B1,西,A1B1,A1B1_2,Turn left,0,0,0,0,0,0,0,0
55.0,B1,南,B0B1,B0B1_0,Turn right,0,0,0,0,0,0,0,0
55.0,B1,南,B0B1,B0B1_1,Go straight,0,0,0,0,0,0,0,0
55.0,B1,南,B0B1,B0B1_2,Turn left,0,0,0,0,0,0,0,0
55.0,B1,北,B2B1,B2B1_0,Turn right,1,1,0,0,0,0,0,0
55.0,B1,北,B2B1,B2B1_1,Go straight,1,1,0,0,0,0,0,0
55.0,B1,北,B2B1,B2B1_2,Turn left,1,1,0,1,1,0,0,0
55.0,B1,东,C1B1,C1B1_0,Turn right,0,0,0,0,0,0,0,0
55.0,B1,东,C1B1,C1B1_1,Go straight,0,0,0,0,0,0,0,0
55.0,B1,东,C1B1,C1B1_2,Turn left,0,0,0,0,0,0,0,0
55.0,B2,西,A2B2,A2B2_0,Turn right,0,0,0,0,0,0,0,0
55.0,B2,西,A2B2,A2B2_1,Go straight,0,0,0,0,0,0,0,0
55.0,B2,西,A2B2,A2B2_2,Turn left,0,0,0,0,0,0,0,0
55.0,B2,南,B1B2,B1B2_0,Turn right,0,0,0,0,0,0,0,0
55.0,B2,南,B1B2,B1B2_1,Go straight,0,0,0,0,0,0,0,0
55.0,B2,南,B1B2,B1B2_2,Turn left,0,0,0,0,0,0,0,0
55.0,B2,东,C2B2,C2B2_0,Turn right,1,1,0,0,0,0,0,0
55.0,B2,东,C2B2,C2B2_1,Go straight,1,1,0,1,1,0,0,0
55.0,B2,东,C2B2,C2B2_2,Turn left,1,1,0,0,0,0,0,0
55.0,B2,北,top1B2,top1B2_0,Turn right,0,0,0,0,0,0,0,0
55.0,B2,北,top1B2,top1B2_1,Go straight,0,0,0,0,0,0,0,0
55.0,B2,北,top1B2,top1B2_2,Turn left,0,0,0,0,0,0,0,0
55.0,C0,西,B0C0,B0C0_0,Turn right,0,0,0,0,0,0,0,0
55.0,C0,西,B0C0,B0C0_1,Go straight,0,0,0,0,0,0,0,0
55.0,C0,西,B0C0,B0C0_2,Turn left,0,0,0,0,0,0,0,0
55.0,C0,北,C1C0,C1C0_0,Turn right,0,0,0,0,0,0,0,0
55.0,C0,北,C1C0,C1C0_1,Go straight,0,0,0,0,0,0,0,0
55.0,C0,北,C1C0,C1C0_2,Turn left,0,0,0,0,0,0,0,0
55.0,C0,南,bottom2C0,bottom2C0_0,Turn right,0,0,0,0,0,0,0,0
55.0,C0,南,bottom2C0,bottom2C0_1,Go straight,0,0,0,0,0,0,0,0
55.0,C0,南,bottom2C0,bottom2C0_2,Turn left,0,0,0,0,0,0,0,0
55.0,C0,东,right0C0,right0C0_0,Turn right,0,0,0,0,0,0,0,0
55.0,C0,东,right0C0,right0C0_1,Go straight,0,0,0,0,0,0,0,0
55.0,C0,东,right0C0,right0C0_2,Turn left,0,0,0,0,0,0,0,0
55.0,C1,西,B1C1,B1C1_0,Turn right,0,0,0,0,0,0,0,0
55.0,C1,西,B1C1,B1C1_1,Go straight,0,0,0,0,0,0,0,0
55.0,C1,西,B1C1,B1C1_2,Turn left,0,0,0,0,0,0,0,0
55.0,C1,南,C0C1,C0C1_0,Turn right,0,0,0,0,0,0,0,0
55.0,C1,南,C0C1,C0C1_1,Go straight,0,0,0,0,0,0,0,0
55.0,C1,南,C0C1,C0C1_2,Turn left,0,0,0,0,0,0,0,0
55.0,C1,北,C2C1,C2C1_0,Turn right,0,0,0,0,0,0,0,0
55.0,C1,北,C2C1,C2C1_1,Go straight,0,0,0,0,0,0,0,0
55.0,C1,北,C2C1,C2C1_2,Turn left,0,0,0,0,0,0,0,0
55.0,C1,东,right1C1,right1C1_0,Turn right,1,1,0,0,0,0,0,0
55.0,C1,东,right1C1,right1C1_1,Go straight,1,1,0,0,0,0,0,0
55.0,C1,东,right1C1,right1C1_2,Turn left,1,1,0,1,0,1,0,0
55.0,C2,西,B2C2,B2C2_0,Turn right,0,0,0,0,0,0,0,0
55.0,C2,西,B2C2,B2C2_1,Go straight,0,0,0,0,0,0,0,0
55.0,C2,西,B2C2,B2C2_2,Turn left,0,0,0,0,0,0,0,0
55.0,C2,南,C1C2,C1C2_0,Turn right,1,1,0,1,1,0,0,0
55.0,C2,南,C1C2,C1C2_1,Go straight,1,1,0,0,0,0,0,0
55.0,C2,南,C1C2,C1C2_2,Turn left,1,1,0,0,0,0,0,0
55.0,C2,东,right2C2,right2C2_0,Turn right,1,1,0,0,0,0,0,0
55.0,C2,东,right2C2,right2C2_1,Go straight,1,1,0,0,0,0,0,0
55.0,C2,东,right2C2,right2C2_2,Turn left,1,1,0,1,0,1,0,0
55.0,C2,北,top2C2,top2C2_0,Turn right,0,0,0,0,0,0,0,0
55.0,C2,北,top2C2,top2C2_1,Go straight,0,0,0,0,0,0,0,0
55.0,C2,北,top2C2,top2C2_2,Turn left,0,0,0,0,0,0,0,0
60.0,A0,北,A1A0,A1A0_0,Turn right,0,0,0,0,0,0,0,0
60.0,A0,北,A1A0,A1A0_1,Go straight,0,0,0,0,0,0,0,0
60.0,A0,北,A1A0,A1A0_2,Turn left,0,0,0,0,0,0,0,0
60.0,A0,东,B0A0,B0A0_0,Turn right,0,0,0,0,0,0,0,0
60.0,A0,东,B0A0,B0A0_1,Go straight,0,0,0,0,0,0,0,0
60.0,A0,东,B0A0,B0A0_2,Turn left,0,0,0,0,0,0,0,0
60.0,A0,南,bottom0A0,bottom0A0_0,Turn right,0,0,0,0,0,0,0,0
60.0,A0,南,bottom0A0,bottom0A0_1,Go straight,0,0,0,0,0,0,0,0
60.0,A0,南,bottom0A0,bottom0A0_2,Turn left,0,0,0,0,0,0,0,0
60.0,A0,西,left0A0,left0A0_0,Turn right,5,5,1,1,1,0,0,0
60.0,A0,西,left0A0,left0A0_1,Go straight,5,5,1,0,0,0,0,0
60.0,A0,西,left0A0,left0A0_2,Turn left,5,5,1,4,1,3,0,0
60.0,A1,南,A0A1,A0A1_0,Turn right,0,0,0,0,0,0,0,0
60.0,A1,南,A0A1,A0A1_1,Go straight,0,0,0,0,0,0,0,0
60.0,A1,南,A0A1,A0A1_2,Turn left,0,0,0,0,0,0,0,0
60.0,A1,北,A2A1,A2A1_0,Turn right,0,0,0,0,0,0,0,0
60.0,A1,北,A2A1,A2A1_1,Go straight,0,0,0,0,0,0,0,0
60.0,A1,北,A2A1,A2A1_2,Turn left,0,0,0,0,0,0,0,0
60.0,A1,东,B1A1,B1A1_0,Turn right,0,0,0,0,0,0,0,0
60.0,A1,东,B1A1,B1A1_1,Go straight,0,0,0,0,0,0,0,0
60.0,A1,东,B1A1,B1A1_2,Turn left,0,0,0,0,0,0,0,0
60.0,A1,西,left1A1,left1A1_0,Turn right,3,3,0,0,0,0,0,1
60.0,A1,西,left1A1,left1A1_1,Go straight,3,3,0,2,0,2,1,1
60.0,A1,西,left1A1,left1A1_2,Turn left,3,3,0,1,1,0,1,0
60.0,A2,南,A1A2,A1A2_0,Turn right,0,0,0,0,0,0,0,0
60.0,A2,南,A1A2,A1A2_1,Go straight,0,0,0,0,0,0,0,0
60.0,A2,南,A1A2,A1A2_2,Turn left,0,0,0,0,0,0,0,0
60.0,A2,东,B2A2,B2A2_0,Turn right,0,0,0,0,0,0,0,0
60.0,A2,东,B2A2,B2A2_1,Go straight,0,0,0,0,0,0,0,0
60.0,A2,东,B2A2,B2A2_2,Turn left,0,0,0,0,0,0,0,0
60.0,A2,西,left2A2,left2A2_0,Turn right,2,2,0,0,0,0,0,0
60.0,A2,西,left2A2,left2A2_1,Go straight,2,2,0,2,1,1,0,0
60.0,A2,西,left2A2,left2A2_2,Turn left,2,2,0,0,0,0,0,0
60.0,A2,北,top0A2,top0A2_0,Turn right,3,3,1,1,1,0,0,0
60.0,A2,北,top0A2,top0A2_1,Go straight,3,3,1,1,1,0,0,0
60.0,A2,北,top0A2,top0A2_2,Turn left,3,3,1,1,1,0,0,0
60.0,B0,西,A0B0,A0B0_0,Turn right,3,3,2,0,0,0,0,0
60.0,B0,西,A0B0,A0B0_1,Go straight,3,3,2,2,2,0,0,0
60.0,B0,西,A0B0,A0B0_2,Turn left,3,3,2,1,1,0,0,0
60.0,B0,北,B1B0,B1B0_0,Turn right,0,0,0,0,0,0,0,0
60.0,B0,北,B1B0,B1B0_1,Go straight,0,0,0,0,0,0,0,0
60.0,B0,北,B1B0,B1B0_2,Turn left,0,0,0,0,0,0,0,0
60.0,B0,东,C0B0,C0B0_0,Turn right,0,0,0,0,0,0,0,0
60.0,B0,东,C0B0,C0B0_1,Go straight,0,0,0,0,0,0,0,0
60.0,B0,东,C0B0,C0B0_2,Turn left,0,0,0,0,0,0,0,0
60.0,B0,南,bottom1B0,bottom1B0_0,Turn right,0,0,0,0,0,0,0,0
60.0,B0,南,bottom1B0,bottom1B0_1,Go straight,0,0,0,0,0,0,0,0
60.0,B0,南,bottom1B0,bottom1B0_2,Turn left,0,0,0,0,0,0,0,0
60.0,B1,西,A1B1,A1B1_0,Turn right,0,0,0,0,0,0,0,0
60.0,B1,西,A1B1,A1B1_1,Go straight,0,0,0,0,0,0,0,0
60.0,B1,西,A1B1,A1B1_2,Turn left,0,0,0,0,0,0,0,0
60.0,B1,南,B0B1,B0B1_0,Turn right,0,0,0,0,0,0,0,0
60.0,B1,南,B0B1,B0B1_1,Go straight,0,0,0,0,0,0,0,0
60.0,B1,南,B0B1,B0B1_2,Turn left,0,0,0,0,0,0,0,0
60.0,B1,北,B2B1,B2B1_0,Turn right,1,1,0,0,0,0,0,0
60.0,B1,北,B2B1,B2B1_1,Go straight,1,1,0,0,0,0,0,0
60.0,B1,北,B2B1,B2B1_2,Turn left,1,1,0,1,1,0,0,0
60.0,B1,东,C1B1,C1B1_0,Turn right,0,0,0,0,0,0,0,0
60.0,B1,东,C1B1,C1B1_1,Go straight,0,0,0,0,0,0,0,0
60.0,B1,东,C1B1,C1B1_2,Turn left,0,0,0,0,0,0,0,0
60.0,B2,西,A2B2,A2B2_0,Turn right,0,0,0,0,0,0,0,0
60.0,B2,西,A2B2,A2B2_1,Go straight,0,0,0,0,0,0,0,0
60.0,B2,西,A2B2,A2B2_2,Turn left,0,0,0,0,0,0,0,0
60.0,B2,南,B1B2,B1B2_0,Turn right,0,0,0,0,0,0,0,0
60.0,B2,南,B1B2,B1B2_1,Go straight,0,0,0,0,0,0,0,0
60.0,B2,南,B1B2,B1B2_2,Turn left,0,0,0,0,0,0,0,0
60.0,B2,东,C2B2,C2B2_0,Turn right,1,1,0,0,0,0,0,0
60.0,B2,东,C2B2,C2B2_1,Go straight,1,1,0,1,1,0,0,0
60.0,B2,东,C2B2,C2B2_2,Turn left,1,1,0,0,0,0,0,0
60.0,B2,北,top1B2,top1B2_0,Turn right,0,0,0,0,0,0,0,0
60.0,B2,北,top1B2,top1B2_1,Go straight,0,0,0,0,0,0,0,0
60.0,B2,北,top1B2,top1B2_2,Turn left,0,0,0,0,0,0,0,0
60.0,C0,西,B0C0,B0C0_0,Turn right,0,0,0,0,0,0,0,0
60.0,C0,西,B0C0,B0C0_1,Go straight,0,0,0,0,0,0,0,0
60.0,C0,西,B0C0,B0C0_2,Turn left,0,0,0,0,0,0,0,0
60.0,C0,北,C1C0,C1C0_0,Turn right,0,0,0,0,0,0,0,0
60.0,C0,北,C1C0,C1C0_1,Go straight,0,0,0,0,0,0,0,0
60.0,C0,北,C1C0,C1C0_2,Turn left,0,0,0,0,0,0,0,0
60.0,C0,南,bottom2C0,bottom2C0_0,Turn right,0,0,0,0,0,0,0,0
60.0,C0,南,bottom2C0,bottom2C0_1,Go straight,0,0,0,0,0,0,0,0
60.0,C0,南,bottom2C0,bottom2C0_2,Turn left,0,0,0,0,0,0,0,0
60.0,C0,东,right0C0,right0C0_0,Turn right,0,0,0,0,0,0,0,0
60.0,C0,东,right0C0,right0C0_1,Go straight,0,0,0,0,0,0,0,0
60.0,C0,东,right0C0,right0C0_2,Turn left,0,0,0,0,0,0,0,0
60.0,C1,西,B1C1,B1C1_0,Turn right,0,0,0,0,0,0,0,0
60.0,C1,西,B1C1,B1C1_1,Go straight,0,0,0,0,0,0,0,0
60.0,C1,西,B1C1,B1C1_2,Turn left,0,0,0,0,0,0,0,0
60.0,C1,南,C0C1,C0C1_0,Turn right,0,0,0,0,0,0,0,0
60.0,C1,南,C0C1,C0C1_1,Go straight,0,0,0,0,0,0,0,0
60.0,C1,南,C0C1,C0C1_2,Turn left,0,0,0,0,0,0,0,0
60.0,C1,北,C2C1,C2C1_0,Turn right,0,0,0,0,0,0,0,0
60.0,C1,北,C2C1,C2C1_1,Go straight,0,0,0,0,0,0,0,0
60.0,C1,北,C2C1,C2C1_2,Turn left,0,0,0,0,0,0,0,0
60.0,C1,东,right1C1,right1C1_0,Turn right,1,1,0,0,0,0,0,0
60.0,C1,东,right1C1,right1C1_1,Go straight,1,1,0,0,0,0,0,0
60.0,C1,东,right1C1,right1C1_2,Turn left,1,1,0,1,0,1,0,0
60.0,C2,西,B2C2,B2C2_0,Turn right,0,0,0,0,0,0,0,0
60.0,C2,西,B2C2,B2C2_1,Go straight,0,0,0,0,0,0,0,0
60.0,C2,西,B2C2,B2C2_2,Turn left,0,0,0,0,0,0,0,0
60.0,C2,南,C1C2,C1C2_0,Turn right,1,1,0,1,1,0,0,0
60.0,C2,南,C1C2,C1C2_1,Go straight,1,1,0,0,0,0,0,0
60.0,C2,南,C1C2,C1C2_2,Turn left,1,1,0,0,0,0,0,0
60.0,C2,东,right2C2,right2C2_0,Turn right,1,1,0,0,0,0,0,0
60.0,C2,东,right2C2,right2C2_1,Go straight,1,1,0,0,0,0,0,0
60.0,C2,东,right2C2,right2C2_2,Turn left,1,1,0,1,0,1,0,0
60.0,C2,北,top2C2,top2C2_0,Turn right,0,0,0,0,0,0,0,0
60.0,C2,北,top2C2,top2C2_1,Go straight,0,0,0,0,0,0,0,0
60.0,C2,北,top2C2,top2C2_2,Turn left,0,0,0,0,0,0,0,0
65.0,A0,北,A1A0,A1A0_0,Turn right,0,0,0,0,0,0,0,0
65.0,A0,北,A1A0,A1A0_1,Go straight,0,0,0,0,0,0,0,0
65.0,A0,北,A1A0,A1A0_2,Turn left,0,0,0,0,0,0,0,0
65.0,A0,东,B0A0,B0A0_0,Turn right,0,0,0,0,0,0,0,0
65.0,A0,东,B0A0,B0A0_1,Go straight,0,0,0,0,0,0,0,0
65.0,A0,东,B0A0,B0A0_2,Turn left,0,0,0,0,0,0,0,0
65.0,A0,南,bottom0A0,bottom0A0_0,Turn right,0,0,0,0,0,0,0,0
65.0,A0,南,bottom0A0,bottom0A0_1,Go straight,0,0,0,0,0,0,0,0
65.0,A0,南,bottom0A0,bottom0A0_2,Turn left,0,0,0,0,0,0,0,0
65.0,A0,西,left0A0,left0A0_0,Turn right,7,7,2,0,0,0,0,3
65.0,A0,西,left0A0,left0A0_1,Go straight,7,7,2,3,3,0,3,0
65.0,A0,西,left0A0,left0A0_2,Turn left,7,7,2,4,1,3,0,0
65.0,A1,南,A0A1,A0A1_0,Turn right,0,0,0,0,0,0,0,0
65.0,A1,南,A0A1,A0A1_1,Go straight,0,0,0,0,0,0,0,0
65.0,A1,南,A0A1,A0A1_2,Turn left,0,0,0,0,0,0,0,0
65.0,A1,北,A2A1,A2A1_0,Turn right,0,0,0,0,0,0,0,0
65.0,A1,北,A2A1,A2A1_1,Go straight,0,0,0,0,0,0,0,0
65.0,A1,北,A2A1,A2A1_2,Turn left,0,0,0,0,0,0,0,0
65.0,A1,东,B1A1,B1A1_0,Turn right,0,0,0,0,0,0,0,0
65.0,A1,东,B1A1,B1A1_1,Go straight,0,0,0,0,0,0,0,0
65.0,A1,东,B1A1,B1A1_2,Turn left,0,0,0,0,0,0,0,0
65.0,A1,西,left1A1,left1A1_0,Turn right,2,2,0,0,0,0,0,0
65.0,A1,西,left1A1,left1A1_1,Go straight,2,2,0,1,1,0,0,0
65.0,A1,西,left1A1,left1A1_2,Turn left,2,2,0,1,1,0,0,0
65.0,A2,南,A1A2,A1A2_0,Turn right,0,0,0,0,0,0,0,0
65.0,A2,南,A1A2,A1A2_1,Go straight,0,0,0,0,0,0,0,0
65.0,A2,南,A1A2,A1A2_2,Turn left,0,0,0,0,0,0,0,0
65.0,A2,东,B2A2,B2A2_0,Turn right,0,0,0,0,0,0,0,0
65.0,A2,东,B2A2,B2A2_1,Go straight,0,0,0,0,0,0,0,0
65.0,A2,东,B2A2,B2A2_2,Turn left,0,0,0,0,0,0,0,0
65.0,A2,西,left2A2,left2A2_0,Turn right,2,2,1,1,1,0,0,0
65.0,A2,西,left2A2,left2A2_1,Go straight,2,2,1,1,1,0,0,0
65.0,A2,西,left2A2,left2A2_2,Turn left,2,2,1,0,0,0,0,0
65.0,A2,北,top0A2,top0A2_0,Turn right,4,4,1,1,1,0,0,0
65.0,A2,北,top0A2,top0A2_1,Go straight,4,4,1,2,2,0,0,0
65.0,A2,北,top0A2,top0A2_2,Turn left,4,4,1,1,1,0,0,0
65.0,B0,西,A0B0,A0B0_0,Turn right,3,3,0,0,0,0,0,0
65.0,B0,西,A0B0,A0B0_1,Go straight,3,3,0,2,2,0,0,0
65.0,B0,西,A0B0,A0B0_2,Turn left,3,3,0,1,1,0,0,0
65.0,B0,北,B1B0,B1B0_0,Turn right,0,0,0,0,0,0,0,0
65.0,B0,北,B1B0,B1B0_1,Go straight,0,0,0,0,0,0,0,0
65.0,B0,北,B1B0,B1B0_2,Turn left,0,0,0,0,0,0,0,0
65.0,B0,东,C0B0,C0B0_0,Turn right,0,0,0,0,0,0,0,0
65.0,B0,东,C0B0,C0B0_1,Go straight,0,0,0,0,0,0,0,0
65.0,B0,东,C0B0,C0B0_2,Turn left,0,0,0,0,0,0,0,0
65.0,B0,南,bottom1B0,bottom1B0_0,Turn right,0,0,0,0,0,0,0,0
65.0,B0,南,bottom1B0,bottom1B0_1,Go straight,0,0,0,0,0,0,0,0
65.0,B0,南,bottom1B0,bottom1B0_2,Turn left,0,0,0,0,0,0,0,0
65.0,B1,西,A1B1,A1B1_0,Turn right,0,0,0,0,0,0,0,0
65.0,B1,西,A1B1,A1B1_1,Go straight,0,0,0,0,0,0,0,0
65.0,B1,西,A1B1,A1B1_2,Turn left,0,0,0,0,0,0,0,0
65.0,B1,南,B0B1,B0B1_0,Turn right,0,0,0,0,0,0,0,0
65.0,B1,南,B0B1,B0B1_1,Go straight,0,0,0,0,0,0,0,0
65.0,B1,南,B0B1,B0B1_2,Turn left,0,0,0,0,0,0,0,0
65.0,B1,北,B2B1,B2B1_0,Turn right,1,1,0,0,0,0,0,0
65.0,B1,北,B2B1,B2B1_1,Go straight,1,1,0,0,0,0,0,0
65.0,B1,北,B2B1,B2B1_2,Turn left,1,1,0,1,1,0,0,0
65.0,B1,东,C1B1,C1B1_0,Turn right,0,0,0,0,0,0,0,0
65.0,B1,东,C1B1,C1B1_1,Go straight,0,0,0,0,0,0,0,0
65.0,B1,东,C1B1,C1B1_2,Turn left,0,0,0,0,0,0,0,0
65.0,B2,西,A2B2,A2B2_0,Turn right,0,0,0,0,0,0,0,0
65.0,B2,西,A2B2,A2B2_1,Go straight,0,0,0,0,0,0,0,0
65.0,B2,西,A2B2,A2B2_2,Turn left,0,0,0,0,0,0,0,0
65.0,B2,南,B1B2,B1B2_0,Turn right,0,0,0,0,0,0,0,0
65.0,B2,南,B1B2,B1B2_1,Go straight,0,0,0,0,0,0,0,0
65.0,B2,南,B1B2,B1B2_2,Turn left,0,0,0,0,0,0,0,0
65.0,B2,东,C2B2,C2B2_0,Turn right,1,1,0,0,0,0,0,0
65.0,B2,东,C2B2,C2B2_1,Go straight,1,1,0,1,1,0,0,0
65.0,B2,东,C2B2,C2B2_2,Turn left,1,1,0,0,0,0,0,0
65.0,B2,北,top1B2,top1B2_0,Turn right,0,0,0,0,0,0,0,0
65.0,B2,北,top1B2,top1B2_1,Go straight,0,0,0,0,0,0,0,0
65.0,B2,北,top1B2,top1B2_2,Turn left,0,0,0,0,0,0,0,0
65.0,C0,西,B0C0,B0C0_0,Turn right,0,0,0,0,0,0,0,0
65.0,C0,西,B0C0,B0C0_1,Go straight,0,0,0,0,0,0,0,0
65.0,C0,西,B0C0,B0C0_2,Turn left,0,0,0,0,0,0,0,0
65.0,C0,北,C1C0,C1C0_0,Turn right,0,0,0,0,0,0,0,0
65.0,C0,北,C1C0,C1C0_1,Go straight,0,0,0,0,0,0,0,0
65.0,C0,北,C1C0,C1C0_2,Turn left,0,0,0,0,0,0,0,0
65.0,C0,南,bottom2C0,bottom2C0_0,Turn right,0,0,0,0,0,0,0,0
65.0,C0,南,bottom2C0,bottom2C0_1,Go straight,0,0,0,0,0,0,0,0
65.0,C0,南,bottom2C0,bottom2C0_2,Turn left,0,0,0,0,0,0,0,0
65.0,C0,东,right0C0,right0C0_0,Turn right,1,1,1,0,0,0,0,1
65.0,C0,东,right0C0,right0C0_1,Go straight,1,1,1,1,1,0,1,0
65.0,C0,东,right0C0,right0C0_2,Turn left,1,1,1,0,0,0,0,0
65.0,C1,西,B1C1,B1C1_0,Turn right,0,0,0,0,0,0,0,0
65.0,C1,西,B1C1,B1C1_1,Go straight,0,0,0,0,0,0,0,0
65.0,C1,西,B1C1,B1C1_2,Turn left,0,0,0,0,0,0,0,0
65.0,C1,南,C0C1,C0C1_0,Turn right,0,0,0,0,0,0,0,0
65.0,C1,南,C0C1,C0C1_1,Go straight,0,0,0,0,0,0,0,0
65.0,C1,南,C0C1,C0C1_2,Turn left,0,0,0,0,0,0,0,0
65.0,C1,北,C2C1,C2C1_0,Turn right,0,0,0,0,0,0,0,0
65.0,C1,北,C2C1,C2C1_1,Go straight,0,0,0,0,0,0,0,0
65.0,C1,北,C2C1,C2C1_2,Turn left,0,0,0,0,0,0,0,0
65.0,C1,东,right1C1,right1C1_0,Turn right,1,1,0,0,0,0,0,0
65.0,C1,东,right1C1,right1C1_1,Go straight,1,1,0,0,0,0,0,0
65.0,C1,东,right1C1,right1C1_2,Turn left,1,1,0,1,0,1,0,0
65.0,C2,西,B2C2,B2C2_0,Turn right,0,0,0,0,0,0,0,0
65.0,C2,西,B2C2,B2C2_1,Go straight,0,0,0,0,0,0,0,0
65.0,C2,西,B2C2,B2C2_2,Turn left,0,0,0,0,0,0,0,0
65.0,C2,南,C1C2,C1C2_0,Turn right,1,1,0,1,1,0,0,0
65.0,C2,南,C1C2,C1C2_1,Go straight,1,1,0,0,0,0,0,0
65.0,C2,南,C1C2,C1C2_2,Turn left,1,1,0,0,0,0,0,0
65.0,C2,东,right2C2,right2C2_0,Turn right,1,1,0,0,0,0,0,0
65.0,C2,东,right2C2,right2C2_1,Go straight,1,1,0,0,0,0,0,0
65.0,C2,东,right2C2,right2C2_2,Turn left,1,1,0,1,0,1,0,0
65.0,C2,北,top2C2,top2C2_0,Turn right,0,0,0,0,0,0,0,0
65.0,C2,北,top2C2,top2C2_1,Go straight,0,0,0,0,0,0,0,0
65.0,C2,北,top2C2,top2C2_2,Turn left,0,0,0,0,0,0,0,0
70.0,A0,北,A1A0,A1A0_0,Turn right,0,0,0,0,0,0,0,0
70.0,A0,北,A1A0,A1A0_1,Go straight,0,0,0,0,0,0,0,0
70.0,A0,北,A1A0,A1A0_2,Turn left,0,0,0,0,0,0,0,0
70.0,A0,东,B0A0,B0A0_0,Turn right,0,0,0,0,0,0,0,0
70.0,A0,东,B0A0,B0A0_1,Go straight,0,0,0,0,0,0,0,0
70.0,A0,东,B0A0,B0A0_2,Turn left,0,0,0,0,0,0,0,0
70.0,A0,南,bottom0A0,bottom0A0_0,Turn right,0,0,0,0,0,0,0,0
70.0,A0,南,bottom0A0,bottom0A0_1,Go straight,0,0,0,0,0,0,0,0
70.0,A0,南,bottom0A0,bottom0A0_2,Turn left,0,0,0,0,0,0,0,0
70.0,A0,西,left0A0,left0A0_0,Turn right,7,7,0,0,0,0,0,0
70.0,A0,西,left0A0,left0A0_1,Go straight,7,7,0,2,2,0,0,1
70.0,A0,西,left0A0,left0A0_2,Turn left,7,7,0,5,2,3,1,0
70.0,A1,南,A0A1,A0A1_0,Turn right,0,0,0,0,0,0,0,0
70.0,A1,南,A0A1,A0A1_1,Go straight,0,0,0,0,0,0,0,0
70.0,A1,南,A0A1,A0A1_2,Turn left,0,0,0,0,0,0,0,0
70.0,A1,北,A2A1,A2A1_0,Turn right,0,0,0,0,0,0,0,0
70.0,A1,北,A2A1,A2A1_1,Go straight,0,0,0,0,0,0,0,0
70.0,A1,北,A2A1,A2A1_2,Turn left,0,0,0,0,0,0,0,0
70.0,A1,东,B1A1,B1A1_0,Turn right,0,0,0,0,0,0,0,0
70.0,A1,东,B1A1,B1A1_1,Go straight,0,0,0,0,0,0,0,0
70.0,A1,东,B1A1,B1A1_2,Turn left,0,0,0,0,0,0,0,0
70.0,A1,西,left1A1,left1A1_0,Turn right,1,1,0,0,0,0,0,0
70.0,A1,西,left1A1,left1A1_1,Go straight,1,1,0,0,0,0,0,0
70.0,A1,西,left1A1,left1A1_2,Turn left,1,1,0,1,1,0,0,0
70.0,A2,南,A1A2,A1A2_0,Turn right,0,0,0,0,0,0,0,0
70.0,A2,南,A1A2,A1A2_1,Go straight,0,0,0,0,0,0,0,0
70.0,A2,南,A1A2,A1A2_2,Turn left,0,0,0,0,0,0,0,0
70.0,A2,东,B2A2,B2A2_0,Turn right,1,1,1,1,1,0,0,0
70.0,A2,东,B2A2,B2A2_1,Go straight,1,1,1,0,0,0,0,0
70.0,A2,东,B2A2,B2A2_2,Turn left,1,1,1,0,0,0,0,0
70.0,A2,西,left2A2,left2A2_0,Turn right,2,2,0,0,0,0,0,1
70.0,A2,西,left2A2,left2A2_1,Go straight,2,2,0,2,2,0,1,0
70.0,A2,西,left2A2,left2A2_2,Turn left,2,2,0,0,0,0,0,0
70.0,A2,北,top0A2,top0A2_0,Turn right,5,5,1,1,1,0,0,0
70.0,A2,北,top0A2,top0A2_1,Go straight,5,5,1,2,1,1,0,0
70.0,A2,北,top0A2,top0A2_2,Turn left,5,5,1,2,2,0,0,0
70.0,B0,西,A0B0,A0B0_0,Turn right,3,3,0,0,0,0,0,0
70.0,B0,西,A0B0,A0B0_1,Go straight,3,3,0,2,2,0,0,0
70.0,B0,西,A0B0,A0B0_2,Turn left,3,3,0,1,1,0,0,0
70.0,B0,北,B1B0,B1B0_0,Turn right,0,0,0,0,0,0,0,0
70.0,B0,北,B1B0,B1B0_1,Go straight,0,0,0,0,0,0,0,0
70.0,B0,北,B1B0,B1B0_2,Turn left,0,0,0,0,0,0,0,0
70.0,B0,东,C0B0,C0B0_0,Turn right,0,0,0,0,0,0,0,0
70.0,B0,东,C0B0,C0B0_1,Go straight,0,0,0,0,0,0,0,0
70.0,B0,东,C0B0,C0B0_2,Turn left,0,0,0,0,0,0,0,0
70.0,B0,南,bottom1B0,bottom1B0_0,Turn right,0,0,0,0,0,0,0,0
70.0,B0,南,bottom1B0,bottom1B0_1,Go straight,0,0,0,0,0,0,0,0
70.0,B0,南,bottom1B0,bottom1B0_2,Turn left,0,0,0,0,0,0,0,0
70.0,B1,西,A1B1,A1B1_0,Turn right,2,2,2,0,0,0,0,0
70.0,B1,西,A1B1,A1B1_1,Go straight,2,2,2,2,2,0,0,0
70.0,B1,西,A1B1,A1B1_2,Turn left,2,2,2,0,0,0,0,0
70.0,B1,南,B0B1,B0B1_0,Turn right,0,0,0,0,0,0,0,0
70.0,B1,南,B0B1,B0B1_1,Go straight,0,0,0,0,0,0,0,0
70.0,B1,南,B0B1,B0B1_2,Turn left,0,0,0,0,0,0,0,0
70.0,B1,北,B2B1,B2B1_0,Turn right,1,1,0,0,0,0,0,0
70.0,B1,北,B2B1,B2B1_1,Go straight,1,1,0,0,0,0,0,0
70.0,B1,北,B2B1,B2B1_2,Turn left,1,1,0,1,1,0,0,0
70.0,B1,东,C1B1,C1B1_0,Turn right,0,0,0,0,0,0,0,0
70.0,B1,东,C1B1,C1B1_1,Go straight,0,0,0,0,0,0,0,0
70.0,B1,东,C1B1,C1B1_2,Turn left,0,0,0,0,0,0,0,0
70.0,B2,西,A2B2,A2B2_0,Turn right,1,1,1,0,0,0,0,0
70.0,B2,西,A2B2,A2B2_1,Go straight,1,1,1,1,1,0,0,0
70.0,B2,西,A2B2,A2B2_2,Turn left,1,1,1,0,0,0,0,0
70.0,B2,南,B1B2,B1B2_0,Turn right,0,0,0,0,0,0,0,0
70.0,B2,南,B1B2,B1B2_1,Go straight,0,0,0,0,0,0,0,0
70.0,B2,南,B1B2,B1B2_2,Turn left,0,0,0,0,0,0,0,0
70.0,B2,东,C2B2,C2B2_0,Turn right,0,0,0,0,0,0,0,0
70.0,B2,东,C2B2,C2B2_1,Go straight,0,0,0,0,0,0,0,0
70.0,B2,东,C2B2,C2B2_2,Turn left,0,0,0,0,0,0,0,0
70.0,B2,北,top1B2,top1B2_0,Turn right,1,1,1,0,0,0,0,1
70.0,B2,北,top1B2,top1B2_1,Go straight,1,1,1,0,0,0,1,1
70.0,B2,北,top1B2,top1B2_2,Turn left,1,1,1,1,1,0,1,0
70.0,C0,西,B0C0,B0C0_0,Turn right,0,0,0,0,0,0,0,0
70.0,C0,西,B0C0,B0C0_1,Go straight,0,0,0,0,0,0,0,0
70.0,C0,西,B0C0,B0C0_2,Turn left,0,0,0,0,0,0,0,0
70.0,C0,北,C1C0,C1C0_0,Turn right,0,0,0,0,0,0,0,0
70.0,C0,北,C1C0,C1C0_1,Go straight,0,0,0,0,0,0,0,0
70.0,C0,北,C1C0,C1C0_2,Turn left,0,0,0,0,0,0,0,0
70.0,C0,南,bottom2C0,bottom2C0_0,Turn right,0,0,0,0,0,0,0,0
70.0,C0,南,bottom2C0,bottom2C0_1,Go straight,0,0,0,0,0,0,0,0
70.0,C0,南,bottom2C0,bottom2C0_2,Turn left,0,0,0,0,0,0,0,0
70.0,C0,东,right0C0,right0C0_0,Turn right,2,2,1,1,1,0,0,0
70.0,C0,东,right0C0,right0C0_1,Go straight,2,2,1,1,1,0,0,0
70.0,C0,东,right0C0,right0C0_2,Turn left,2,2,1,0,0,0,0,0
70.0,C1,西,B1C1,B1C1_0,Turn right,0,0,0,0,0,0,0,0
70.0,C1,西,B1C1,B1C1_1,Go straight,0,0,0,0,0,0,0,0
70.0,C1,西,B1C1,B1C1_2,Turn left,0,0,0,0,0,0,0,0
70.0,C1,南,C0C1,C0C1_0,Turn right,0,0,0,0,0,0,0,0
70.0,C1,南,C0C1,C0C1_1,Go straight,0,0,0,0,0,0,0,0
70.0,C1,南,C0C1,C0C1_2,Turn left,0,0,0,0,0,0,0,0
70.0,C1,北,C2C1,C2C1_0,Turn right,0,0,0,0,0,0,0,0
70.0,C1,北,C2C1,C2C1_1,Go straight,0,0,0,0,0,0,0,0
70.0,C1,北,C2C1,C2C1_2,Turn left,0,0,0,0,0,0,0,0
70.0,C1,东,right1C1,right1C1_0,Turn right,1,1,0,0,0,0,0,0
70.0,C1,东,right1C1,right1C1_1,Go straight,1,1,0,0,0,0,0,0
70.0,C1,东,right1C1,right1C1_2,Turn left,1,1,0,1,0,1,0,0
70.0,C2,西,B2C2,B2C2_0,Turn right,0,0,0,0,0,0,0,0
70.0,C2,西,B2C2,B2C2_1,Go straight,0,0,0,0,0,0,0,0
70.0,C2,西,B2C2,B2C2_2,Turn left,0,0,0,0,0,0,0,0
70.0,C2,南,C1C2,C1C2_0,Turn right,1,1,0,1,1,0,0,0
70.0,C2,南,C1C2,C1C2_1,Go straight,1,1,0,0,0,0,0,0
70.0,C2,南,C1C2,C1C2_2,Turn left,1,1,0,0,0,0,0,0
70.0,C2,东,right2C2,right2C2_0,Turn right,2,2,1,0,0,0,0,1
70.0,C2,东,right2C2,right2C2_1,Go straight,2,2,1,1,1,0,1,0
70.0,C2,东,right2C2,right2C2_2,Turn left,2,2,1,1,0,1,0,0
70.0,C2,北,top2C2,top2C2_0,Turn right,0,0,0,0,0,0,0,0
70.0,C2,北,top2C2,top2C2_1,Go straight,0,0,0,0,0,0,0,0
70.0,C2,北,top2C2,top2C2_2,Turn left,0,0,0,0,0,0,0,0
75.0,A0,北,A1A0,A1A0_0,Turn right,0,0,0,0,0,0,0,0
75.0,A0,北,A1A0,A1A0_1,Go straight,0,0,0,0,0,0,0,0
75.0,A0,北,A1A0,A1A0_2,Turn left,0,0,0,0,0,0,0,0
75.0,A0,东,B0A0,B0A0_0,Turn right,0,0,0,0,0,0,0,0
75.0,A0,东,B0A0,B0A0_1,Go straight,0,0,0,0,0,0,0,0
75.0,A0,东,B0A0,B0A0_2,Turn left,0,0,0,0,0,0,0,0
75.0,A0,南,bottom0A0,bottom0A0_0,Turn right,0,0,0,0,0,0,0,0
75.0,A0,南,bottom0A0,bottom0A0_1,Go straight,0,0,0,0,0,0,0,0
75.0,A0,南,bottom0A0,bottom0A0_2,Turn left,0,0,0,0,0,0,0,0
75.0,A0,西,left0A0,left0A0_0,Turn right,8,8,1,0,0,0,0,1
75.0,A0,西,left0A0,left0A0_1,Go straight,8,8,1,3,3,0,1,0
75.0,A0,西,left0A0,left0A0_2,Turn left,8,8,1,5,2,3,0,0
75.0,A1,南,A0A1,A0A1_0,Turn right,0,0,0,0,0,0,0,0
75.0,A1,南,A0A1,A0A1_1,Go straight,0,0,0,0,0,0,0,0
75.0,A1,南,A0A1,A0A1_2,Turn left,0,0,0,0,0,0,0,0
75.0,A1,北,A2A1,A2A1_0,Turn right,0,0,0,0,0,0,0,0
75.0,A1,北,A2A1,A2A1_1,Go straight,0,0,0,0,0,0,0,0
75.0,A1,北,A2A1,A2A1_2,Turn left,0,0,0,0,0,0,0,0
75.0,A1,东,B1A1,B1A1_0,Turn right,0,0,0,0,0,0,0,0
75.0,A1,东,B1A1,B1A1_1,Go straight,0,0,0,0,0,0,0,0
75.0,A1,东,B1A1,B1A1_2,Turn left,0,0,0,0,0,0,0,0
75.0,A1,西,left1A1,left1A1_0,Turn right,1,1,0,0,0,0,0,0
75.0,A1,西,left1A1,left1A1_1,Go straight,1,1,0,0,0,0,0,0
75.0,A1,西,left1A1,left1A1_2,Turn left,1,1,0,1,1,0,0,0
75.0,A2,南,A1A2,A1A2_0,Turn right,0,0,0,0,0,0,0,0
75.0,A2,南,A1A2,A1A2_1,Go straight,0,0,0,0,0,0,0,0
75.0,A2,南,A1A2,A1A2_2,Turn left,0,0,0,0,0,0,0,0
75.0,A2,东,B2A2,B2A2_0,Turn right,1,1,0,1,1,0,0,0
75.0,A2,东,B2A2,B2A2_1,Go straight,1,1,0,0,0,0,0,0
75.0,A2,东,B2A2,B2A2_2,Turn left,1,1,0,0,0,0,0,0
75.0,A2,西,left2A2,left2A2_0,Turn right,1,1,0,0,0,0,0,0
75.0,A2,西,left2A2,left2A2_1,Go straight,1,1,0,1,1,0,0,0
75.0,A2,西,left2A2,left2A2_2,Turn left,1,1,0,0,0,0,0,0
75.0,A2,北,top0A2,top0A2_0,Turn right,5,5,0,1,1,0,0,0
75.0,A2,北,top0A2,top0A2_1,Go straight,5,5,0,2,1,1,0,0
75.0,A2,北,top0A2,top0A2_2,Turn left,5,5,0,2,1,1,0,0
75.0,B0,西,A0B0,A0B0_0,Turn right,2,2,0,0,0,0,0,0
75.0,B0,西,A0B0,A0B0_1,Go straight,2,2,0,1,1,0,0,0
75.0,B0,西,A0B0,A0B0_2,Turn left,2,2,0,1,1,0,0,0
75.0,B0,北,B1B0,B1B0_0,Turn right,0,0,0,0,0,0,0,0
75.0,B0,北,B1B0,B1B0_1,Go straight,0,0,0,0,0,0,0,0
75.0,B0,北,B1B0,B1B0_2,Turn left,0,0,0,0,0,0,0,0
75.0,B0,东,C0B0,C0B0_0,Turn right,0,0,0,0,0,0,0,0
75.0,B0,东,C0B0,C0B0_1,Go straight,0,0,0,0,0,0,0,0
75.0,B0,东,C0B0,C0B0_2,Turn left,0,0,0,0,0,0,0,0
75.0,B0,南,bottom1B0,bottom1B0_0,Turn right,0,0,0,0,0,0,0,0
75.0,B0,南,bottom1B0,bottom1B0_1,Go straight,0,0,0,0,0,0,0,0
75.0,B0,南,bottom1B0,bottom1B0_2,Turn left,0,0,0,0,0,0,0,0
75.0,B1,西,A1B1,A1B1_0,Turn right,2,2,0,0,0,0,0,0
75.0,B1,西,A1B1,A1B1_1,Go straight,2,2,0,2,2,0,0,0
75.0,B1,西,A1B1,A1B1_2,Turn left,2,2,0,0,0,0,0,0
75.0,B1,南,B0B1,B0B1_0,Turn right,0,0,0,0,0,0,0,0
75.0,B1,南,B0B1,B0B1_1,Go straight,0,0,0,0,0,0,0,0
75.0,B1,南,B0B1,B0B1_2,Turn left,0,0,0,0,0,0,0,0
75.0,B1,北,B2B1,B2B1_0,Turn right,1,1,0,0,0,0,0,0
75.0,B1,北,B2B1,B2B1_1,Go straight,1,1,0,0,0,0,0,0
75.0,B1,北,B2B1,B2B1_2,Turn left,1,1,0,1,0,1,0,0
75.0,B1,东,C1B1,C1B1_0,Turn right,0,0,0,0,0,0,0,0
75.0,B1,东,C1B1,C1B1_1,Go straight,0,0,0,0,0,0,0,0
75.0,B1,东,C1B1,C1B1_2,Turn left,0,0,0,0,0,0,0,0
75.0,B2,西,A2B2,A2B2_0,Turn right,2,2,1,0,0,0,0,0
75.0,B2,西,A2B2,A2B2_1,Go straight,2,2,1,1,1,0,0,0
75.0,B2,西,A2B2,A2B2_2,Turn left,2,2,1,1,1,0,0,0
75.0,B2,南,B1B2,B1B2_0,Turn right,0,0,0,0,0,0,0,0
75.0,B2,南,B1B2,B1B2_1,Go straight,0,0,0,0,0,0,0,0
75.0,B2,南,B1B2,B1B2_2,Turn left,0,0,0,0,0,0,0,0
75.0,B2,东,C2B2,C2B2_0,Turn right,0,0,0,0,0,0,0,0
75.0,B2,东,C2B2,C2B2_1,Go straight,0,0,0,0,0,0,0,0
75.0,B2,东,C2B2,C2B2_2,Turn left,0,0,0,0,0,0,0,0
75.0,B2,北,top1B2,top1B2_0,Turn right,1,1,0,0,0,0,0,0
75.0,B2,北,top1B2,top1B2_1,Go straight,1,1,0,0,0,0,0,0
75.0,B2,北,top1B2,top1B2_2,Turn left,1,1,0,1,1,0,0,0
75.0,C0,西,B0C0,B0C0_0,Turn right,0,0,0,0,0,0,0,0
75.0,C0,西,B0C0,B0C0_1,Go straight,0,0,0,0,0,0,0,0
75.0,C0,西,B0C0,B0C0_2,Turn left,0,0,0,0,0,0,0,0
75.0,C0,北,C1C0,C1C0_0,Turn right,0,0,0,0,0,0,0,0
75.0,C0,北,C1C0,C1C0_1,Go straight,0,0,0,0,0,0,0,0
75.0,C0,北,C1C0,C1C0_2,Turn left,0,0,0,0,0,0,0,0
75.0,C0,南,bottom2C0,bottom2C0_0,Turn right,0,0,0,0,0,0,0,0
75.0,C0,南,bottom2C0,bottom2C0_1,Go straight,0,0,0,0,0,0,0,0
75.0,C0,南,bottom2C0,bottom2C0_2,Turn left,0,0,0,0,0,0,0,0
75.0,C0,东,right0C0,right0C0_0,Turn right,2,2,0,1,1,0,0,0
75.0,C0,东,right0C0,right0C0_1,Go straight,2,2,0,1,1,0,0,0
75.0,C0,东,right0C0,right0C0_2,Turn left,2,2,0,0,0,0,0,0
75.0,C1,西,B1C1,B1C1_0,Turn right,0,0,0,0,0,0,0,0
75.0,C1,西,B1C1,B1C1_1,Go straight,0,0,0,0,0,0,0,0
75.0,C1,西,B1C1,B1C1_2,Turn left,0,0,0,0,0,0,0,0
75.0,C1,南,C0C1,C0C1_0,Turn right,0,0,0,0,0,0,0,0
75.0,C1,南,C0C1,C0C1_1,Go straight,0,0,0,0,0,0,0,0
75.0,C1,南,C0C1,C0C1_2,Turn left,0,0,0,0,0,0,0,0
75.0,C1,北,C2C1,C2C1_0,Turn right,0,0,0,0,0,0,0,0
75.0,C1,北,C2C1,C2C1_1,Go straight,0,0,0,0,0,0,0,0
75.0,C1,北,C2C1,C2C1_2,Turn left,0,0,0,0,0,0,0,0
75.0,C1,东,right1C1,right1C1_0,Turn right,2,2,1,1,1,0,0,0
75.0,C1,东,right1C1,right1C1_1,Go straight,2,2,1,0,0,0,0,0
75.0,C1,东,right1C1,right1C1_2,Turn left,2,2,1,1,0,1,0,0
75.0,C2,西,B2C2,B2C2_0,Turn right,0,0,0,0,0,0,0,0
75.0,C2,西,B2C2,B2C2_1,Go straight,0,0,0,0,0,0,0,0
75.0,C2,西,B2C2,B2C2_2,Turn left,0,0,0,0,0,0,0,0
75.0,C2,南,C1C2,C1C2_0,Turn right,0,0,0,0,0,0,0,0
75.0,C2,南,C1C2,C1C2_1,Go straight,0,0,0,0,0,0,0,0
75.0,C2,南,C1C2,C1C2_2,Turn left,0,0,0,0,0,0,0,0
75.0,C2,东,right2C2,right2C2_0,Turn right,2,2,0,0,0,0,0,0
75.0,C2,东,right2C2,right2C2_1,Go straight,2,2,0,1,1,0,0,0
75.0,C2,东,right2C2,right2C2_2,Turn left,2,2,0,1,0,1,0,0
75.0,C2,北,top2C2,top2C2_0,Turn right,0,0,0,0,0,0,0,0
75.0,C2,北,top2C2,top2C2_1,Go straight,0,0,0,0,0,0,0,0
75.0,C2,北,top2C2,top2C2_2,Turn left,0,0,0,0,0,0,0,0
80.0,A0,北,A1A0,A1A0_0,Turn right,0,0,0,0,0,0,0,0
80.0,A0,北,A1A0,A1A0_1,Go straight,0,0,0,0,0,0,0,0
80.0,A0,北,A1A0,A1A0_2,Turn left,0,0,0,0,0,0,0,0
80.0,A0,东,B0A0,B0A0_0,Turn right,0,0,0,0,0,0,0,0
80.0,A0,东,B0A0,B0A0_1,Go straight,0,0,0,0,0,0,0,0
80.0,A0,东,B0A0,B0A0_2,Turn left,0,0,0,0,0,0,0,0
80.0,A0,南,bottom0A0,bottom0A0_0,Turn right,0,0,0,0,0,0,0,0
80.0,A0,南,bottom0A0,bottom0A0_1,Go straight,0,0,0,0,0,0,0,0
80.0,A0,南,bottom0A0,bottom0A0_2,Turn left,0,0,0,0,0,0,0,0
80.0,A0,西,left0A0,left0A0_0,Turn right,8,8,1,0,0,0,0,1
80.0,A0,西,left0A0,left0A0_1,Go straight,8,8,1,2,2,0,1,1
80.0,A0,西,left0A0,left0A0_2,Turn left,8,8,1,6,2,4,1,0
80.0,A1,南,A0A1,A0A1_0,Turn right,0,0,0,0,0,0,0,0
80.0,A1,南,A0A1,A0A1_1,Go straight,0,0,0,0,0,0,0,0
80.0,A1,南,A0A1,A0A1_2,Turn left,0,0,0,0,0,0,0,0
80.0,A1,北,A2A1,A2A1_0,Turn right,0,0,0,0,0,0,0,0
80.0,A1,北,A2A1,A2A1_1,Go straight,0,0,0,0,0,0,0,0
80.0,A1,北,A2A1,A2A1_2,Turn left,0,0,0,0,0,0,0,0
80.0,A1,东,B1A1,B1A1_0,Turn right,0,0,0,0,0,0,0,0
80.0,A1,东,B1A1,B1A1_1,Go straight,0,0,0,0,0,0,0,0
80.0,A1,东,B1A1,B1A1_2,Turn left,0,0,0,0,0,0,0,0
80.0,A1,西,left1A1,left1A1_0,Turn right,2,2,1,0,0,0,0,1
80.0,A1,西,left1A1,left1A1_1,Go straight,2,2,1,0,0,0,1,1
80.0,A1,西,left1A1,left1A1_2,Turn left,2,2,1,2,2,0,1,0
80.0,A2,南,A1A2,A1A2_0,Turn right,0,0,0,0,0,0,0,0
80.0,A2,南,A1A2,A1A2_1,Go straight,0,0,0,0,0,0,0,0
80.0,A2,南,A1A2,A1A2_2,Turn left,0,0,0,0,0,0,0,0
80.0,A2,东,B2A2,B2A2_0,Turn right,1,1,0,1,1,0,0,0
80.0,A2,东,B2A2,B2A2_1,Go straight,1,1,0,0,0,0,0,0
80.0,A2,东,B2A2,B2A2_2,Turn left,1,1,0,0,0,0,0,0
80.0,A2,西,left2A2,left2A2_0,Turn right,1,1,0,0,0,0,0,0
80.0,A2,西,left2A2,left2A2_1,Go straight,1,1,0,1,1,0,0,0
80.0,A2,西,left2A2,left2A2_2,Turn left,1,1,0,0,0,0,0,0
80.0,A2,北,top0A2,top0A2_0,Turn right,5,5,0,1,1,0,0,0
80.0,A2,北,top0A2,top0A2_1,Go straight,5,5,0,2,1,1,0,0
80.0,A2,北,top0A2,top0A2_2,Turn left,5,5,0,2,1,1,0,0
80.0,B0,西,A0B0,A0B0_0,Turn right,3,3,1,0,0,0,0,0
80.0,B0,西,A0B0,A0B0_1,Go straight,3,3,1,1,1,0,0,0
80.0,B0,西,A0B0,A0B0_2,Turn left,3,3,1,2,2,0,0,0
80.0,B0,北,B1B0,B1B0_0,Turn right,0,0,0,0,0,0,0,0
80.0,B0,北,B1B0,B1B0_1,Go straight,0,0,0,0,0,0,0,0
80.0,B0,北,B1B0,B1B0_2,Turn left,0,0,0,0,0,0,0,0
80.0,B0,东,C0B0,C0B0_0,Turn right,0,0,0,0,0,0,0,0
80.0,B0,东,C0B0,C0B0_1,Go straight,0,0,0,0,0,0,0,0
80.0,B0,东,C0B0,C0B0_2,Turn left,0,0,0,0,0,0,0,0
80.0,B0,南,bottom1B0,bottom1B0_0,Turn right,0,0,0,0,0,0,0,0
80.0,B0,南,bottom1B0,bottom1B0_1,Go straight,0,0,0,0,0,0,0,0
80.0,B0,南,bottom1B0,bottom1B0_2,Turn left,0,0,0,0,0,0,0,0
80.0,B1,西,A1B1,A1B1_0,Turn right,2,2,0,0,0,0,0,0
80.0,B1,西,A1B1,A1B1_1,Go straight,2,2,0,2,2,0,0,0
80.0,B1,西,A1B1,A1B1_2,Turn left,2,2,0,0,0,0,0,0
80.0,B1,南,B0B1,B0B1_0,Turn right,0,0,0,0,0,0,0,0
80.0,B1,南,B0B1,B0B1_1,Go straight,0,0,0,0,0,0,0,0
80.0,B1,南,B0B1,B0B1_2,Turn left,0,0,0,0,0,0,0,0
80.0,B1,北,B2B1,B2B1_0,Turn right,1,1,0,0,0,0,0,0
80.0,B1,北,B2B1,B2B1_1,Go straight,1,1,0,0,0,0,0,0
80.0,B1,北,B2B1,B2B1_2,Turn left,1,1,0,1,0,1,0,0
80.0,B1,东,C1B1,C1B1_0,Turn right,0,0,0,0,0,0,0,0
80.0,B1,东,C1B1,C1B1_1,Go straight,0,0,0,0,0,0,0,0
80.0,B1,东,C1B1,C1B1_2,Turn left,0,0,0,0,0,0,0,0
80.0,B2,西,A2B2,A2B2_0,Turn right,2,2,0,0,0,0,0,0
80.0,B2,西,A2B2,A2B2_1,Go straight,2,2,0,1,1,0,0,0
80.0,B2,西,A2B2,A2B2_2,Turn left,2,2,0,1,1,0,0,0
80.0,B2,南,B1B2,B1B2_0,Turn right,0,0,0,0,0,0,0,0
80.0,B2,南,B1B2,B1B2_1,Go straight,0,0,0,0,0,0,0,0
80.0,B2,南,B1B2,B1B2_2,Turn left,0,0,0,0,0,0,0,0
80.0,B2,东,C2B2,C2B2_0,Turn right,0,0,0,0,0,0,0,0
80.0,B2,东,C2B2,C2B2_1,Go straight,0,0,0,0,0,0,0,0
80.0,B2,东,C2B2,C2B2_2,Turn left,0,0,0,0,0,0,0,0
80.0,B2,北,top1B2,top1B2_0,Turn right,1,1,0,0,0,0,0,0
80.0,B2,北,top1B2,top1B2_1,Go straight,1,1,0,0,0,0,0,0
80.0,B2,北,top1B2,top1B2_2,Turn left,1,1,0,1,1,0,0,0
80.0,C0,西,B0C0,B0C0_0,Turn right,1,1,1,0,0,0,0,0
80.0,C0,西,B0C0,B0C0_1,Go straight,1,1,1,1,1,0,0,0
80.0,C0,西,B0C0,B0C0_2,Turn left,1,1,1,0,0,0,0,0
80.0,C0,北,C1C0,C1C0_0,Turn right,0,0,0,0,0,0,0,0
80.0,C0,北,C1C0,C1C0_1,Go straight,0,0,0,0,0,0,0,0
80.0,C0,北,C1C0,C1C0_2,Turn left,0,0,0,0,0,0,0,0
80.0,C0,南,bottom2C0,bottom2C0_0,Turn right,0,0,0,0,0,0,0,0
80.0,C0,南,bottom2C0,bottom2C0_1,Go straight,0,0,0,0,0,0,0,0
80.0,C0,南,bottom2C0,bottom2C0_2,Turn left,0,0,0,0,0,0,0,0
80.0,C0,东,right0C0,right0C0_0,Turn right,2,2,0,1,1,0,0,0
80.0,C0,东,right0C0,right0C0_1,Go straight,2,2,0,1,1,0,0,0
80.0,C0,东,right0C0,right0C0_2,Turn left,2,2,0,0,0,0,0,0
80.0,C1,西,B1C1,B1C1_0,Turn right,0,0,0,0,0,0,0,0
80.0,C1,西,B1C1,B1C1_1,Go straight,0,0,0,0,0,0,0,0
80.0,C1,西,B1C1,B1C1_2,Turn left,0,0,0,0,0,0,0,0
80.0,C1,南,C0C1,C0C1_0,Turn right,0,0,0,0,0,0,0,0
80.0,C1,南,C0C1,C0C1_1,Go straight,0,0,0,0,0,0,0,0
80.0,C1,南,C0C1,C0C1_2,Turn left,0,0,0,0,0,0,0,0
80.0,C1,北,C2C1,C2C1_0,Turn right,0,0,0,0,0,0,0,0
80.0,C1,北,C2C1,C2C1_1,Go straight,0,0,0,0,0,0,0,0
80.0,C1,北,C2C1,C2C1_2,Turn left,0,0,0,0,0,0,0,0
80.0,C1,东,right1C1,right1C1_0,Turn right,2,2,0,1,1,0,0,0
80.0,C1,东,right1C1,right1C1_1,Go straight,2,2,0,0,0,0,0,0
80.0,C1,东,right1C1,right1C1_2,Turn left,2,2,0,1,0,1,0,0
80.0,C2,西,B2C2,B2C2_0,Turn right,0,0,0,0,0,0,0,0
80.0,C2,西,B2C2,B2C2_1,Go straight,0,0,0,0,0,0,0,0
80.0,C2,西,B2C2,B2C2_2,Turn left,0,0,0,0,0,0,0,0
80.0,C2,南,C1C2,C1C2_0,Turn right,0,0,0,0,0,0,0,0
80.0,C2,南,C1C2,C1C2_1,Go straight,0,0,0,0,0,0,0,0
80.0,C2,南,C1C2,C1C2_2,Turn left,0,0,0,0,0,0,0,0
80.0,C2,东,right2C2,right2C2_0,Turn right,2,2,0,0,0,0,0,0
80.0,C2,东,right2C2,right2C2_1,Go straight,2,2,0,1,1,0,0,0
80.0,C2,东,right2C2,right2C2_2,Turn left,2,2,0,1,0,1,0,0
80.0,C2,北,top2C2,top2C2_0,Turn right,0,0,0,0,0,0,0,0
80.0,C2,北,top2C2,top2C2_1,Go straight,0,0,0,0,0,0,0,0
80.0,C2,北,top2C2,top2C2_2,Turn left,0,0,0,0,0,0,0,0
85.0,A0,北,A1A0,A1A0_0,Turn right,0,0,0,0,0,0,0,0
85.0,A0,北,A1A0,A1A0_1,Go straight,0,0,0,0,0,0,0,0
85.0,A0,北,A1A0,A1A0_2,Turn left,0,0,0,0,0,0,0,0
85.0,A0,东,B0A0,B0A0_0,Turn right,0,0,0,0,0,0,0,0
85.0,A0,东,B0A0,B0A0_1,Go straight,0,0,0,0,0,0,0,0
85.0,A0,东,B0A0,B0A0_2,Turn left,0,0,0,0,0,0,0,0
85.0,A0,南,bottom0A0,bottom0A0_0,Turn right,0,0,0,0,0,0,0,0
85.0,A0,南,bottom0A0,bottom0A0_1,Go straight,0,0,0,0,0,0,0,0
85.0,A0,南,bottom0A0,bottom0A0_2,Turn left,0,0,0,0,0,0,0,0
85.0,A0,西,left0A0,left0A0_0,Turn right,7,7,1,0,0,0,0,1
85.0,A0,西,left0A0,left0A0_1,Go straight,7,7,1,2,2,0,1,0
85.0,A0,西,left0A0,left0A0_2,Turn left,7,7,1,5,3,2,0,0
85.0,A1,南,A0A1,A0A1_0,Turn right,0,0,0,0,0,0,0,0
85.0,A1,南,A0A1,A0A1_1,Go straight,0,0,0,0,0,0,0,0
85.0,A1,南,A0A1,A0A1_2,Turn left,0,0,0,0,0,0,0,0
85.0,A1,北,A2A1,A2A1_0,Turn right,0,0,0,0,0,0,0,0
85.0,A1,北,A2A1,A2A1_1,Go straight,0,0,0,0,0,0,0,0
85.0,A1,北,A2A1,A2A1_2,Turn left,0,0,0,0,0,0,0,0
85.0,A1,东,B1A1,B1A1_0,Turn right,0,0,0,0,0,0,0,0
85.0,A1,东,B1A1,B1A1_1,Go straight,0,0,0,0,0,0,0,0
85.0,A1,东,B1A1,B1A1_2,Turn left,0,0,0,0,0,0,0,0
85.0,A1,西,left1A1,left1A1_0,Turn right,1,1,0,0,0,0,0,0
85.0,A1,西,left1A1,left1A1_1,Go straight,1,1,0,0,0,0,0,0
85.0,A1,西,left1A1,left1A1_2,Turn left,1,1,0,1,1,0,0,0
85.0,A2,南,A1A2,A1A2_0,Turn right,0,0,0,0,0,0,0,0
85.0,A2,南,A1A2,A1A2_1,Go straight,0,0,0,0,0,0,0,0
85.0,A2,南,A1A2,A1A2_2,Turn left,0,0,0,0,0,0,0,0
85.0,A2,东,B2A2,B2A2_0,Turn right,1,1,0,1,1,0,0,0
85.0,A2,东,B2A2,B2A2_1,Go straight,1,1,0,0,0,0,0,0
85.0,A2,东,B2A2,B2A2_2,Turn left,1,1,0,0,0,0,0,0
85.0,A2,西,left2A2,left2A2_0,Turn right,1,1,0,0,0,0,0,0
85.0,A2,西,left2A2,left2A2_1,Go straight,1,1,0,1,1,0,0,0
85.0,A2,西,left2A2,left2A2_2,Turn left,1,1,0,0,0,0,0,0
85.0,A2,北,top0A2,top0A2_0,Turn right,5,5,0,1,1,0,0,0
85.0,A2,北,top0A2,top0A2_1,Go straight,5,5,0,2,1,1,0,0
85.0,A2,北,top0A2,top0A2_2,Turn left,5,5,0,2,1,1,0,0
85.0,B0,西,A0B0,A0B0_0,Turn right,2,2,1,0,0,0,0,0
85.0,B0,西,A0B0,A0B0_1,Go straight,2,2,1,0,0,0,0,0
85.0,B0,西,A0B0,A0B0_2,Turn left,2,2,1,2,2,0,0,0
85.0,B0,北,B1B0,B1B0_0,Turn right,0,0,0,0,0,0,0,0
85.0,B0,北,B1B0,B1B0_1,Go straight,0,0,0,0,0,0,0,0
85.0,B0,北,B1B0,B1B0_2,Turn left,0,0,0,0,0,0,0,0
85.0,B0,东,C0B0,C0B0_0,Turn right,0,0,0,0,0,0,0,0
85.0,B0,东,C0B0,C0B0_1,Go straight,0,0,0,0,0,0,0,0
85.0,B0,东,C0B0,C0B0_2,Turn left,0,0,0,0,0,0,0,0
85.0,B0,南,bottom1B0,bottom1B0_0,Turn right,0,0,0,0,0,0,0,0
85.0,B0,南,bottom1B0,bottom1B0_1,Go straight,0,0,0,0,0,0,0,0
85.0,B0,南,bottom1B0,bottom1B0_2,Turn left,0,0,0,0,0,0,0,0
85.0,B1,西,A1B1,A1B1_0,Turn right,2,2,0,0,0,0,0,0
85.0,B1,西,A1B1,A1B1_1,Go straight,2,2,0,2,2,0,0,0
85.0,B1,西,A1B1,A1B1_2,Turn left,2,2,0,0,0,0,0,0
85.0,B1,南,B0B1,B0B1_0,Turn right,0,0,0,0,0,0,0,0
85.0,B1,南,B0B1,B0B1_1,Go straight,0,0,0,0,0,0,0,0
85.0,B1,南,B0B1,B0B1_2,Turn left,0,0,0,0,0,0,0,0
85.0,B1,北,B2B1,B2B1_0,Turn right,1,1,0,0,0,0,0,0
85.0,B1,北,B2B1,B2B1_1,Go straight,1,1,0,0,0,0,0,0
85.0,B1,北,B2B1,B2B1_2,Turn left,1,1,0,1,0,1,0,0
85.0,B1,东,C1B1,C1B1_0,Turn right,0,0,0,0,0,0,0,0
85.0,B1,东,C1B1,C1B1_1,Go straight,0,0,0,0,0,0,0,0
85.0,B1,东,C1B1,C1B1_2,Turn left,0,0,0,0,0,0,0,0
85.0,B2,西,A2B2,A2B2_0,Turn right,2,2,0,0,0,0,0,0
85.0,B2,西,A2B2,A2B2_1,Go straight,2,2,0,1,1,0,0,0
85.0,B2,西,A2B2,A2B2_2,Turn left,2,2,0,1,1,0,0,0
85.0,B2,南,B1B2,B1B2_0,Turn right,0,0,0,0,0,0,0,0
85.0,B2,南,B1B2,B1B2_1,Go straight,0,0,0,0,0,0,0,0
85.0,B2,南,B1B2,B1B2_2,Turn left,0,0,0,0,0,0,0,0
85.0,B2,东,C2B2,C2B2_0,Turn right,0,0,0,0,0,0,0,0
85.0,B2,东,C2B2,C2B2_1,Go straight,0,0,0,0,0,0,0,0
85.0,B2,东,C2B2,C2B2_2,Turn left,0,0,0,0,0,0,0,0
85.0,B2,北,top1B2,top1B2_0,Turn right,1,1,0,0,0,0,0,0
85.0,B2,北,top1B2,top1B2_1,Go straight,1,1,0,0,0,0,0,0
85.0,B2,北,top1B2,top1B2_2,Turn left,1,1,0,1,1,0,0,0
85.0,C0,西,B0C0,B0C0_0,Turn right,2,2,1,0,0,0,0,0
85.0,C0,西,B0C0,B0C0_1,Go straight,2,2,1,2,2,0,0,0
85.0,C0,西,B0C0,B0C0_2,Turn left,2,2,1,0,0,0,0,0
85.0,C0,北,C1C0,C1C0_0,Turn right,0,0,0,0,0,0,0,0
85.0,C0,北,C1C0,C1C0_1,Go straight,0,0,0,0,0,0,0,0
85.0,C0,北,C1C0,C1C0_2,Turn left,0,0,0,0,0,0,0,0
85.0,C0,南,bottom2C0,bottom2C0_0,Turn right,0,0,0,0,0,0,0,0
85.0,C0,南,bottom2C0,bottom2C0_1,Go straight,0,0,0,0,0,0,0,0
85.0,C0,南,bottom2C0,bottom2C0_2,Turn left,0,0,0,0,0,0,0,0
85.0,C0,东,right0C0,right0C0_0,Turn right,2,2,0,1,1,0,0,0
85.0,C0,东,right0C0,right0C0_1,Go straight,2,2,0,1,1,0,0,0
85.0,C0,东,right0C0,right0C0_2,Turn left,2,2,0,0,0,0,0,0
85.0,C1,西,B1C1,B1C1_0,Turn right,0,0,0,0,0,0,0,0
85.0,C1,西,B1C1,B1C1_1,Go straight,0,0,0,0,0,0,0,0
85.0,C1,西,B1C1,B1C1_2,Turn left,0,0,0,0,0,0,0,0
85.0,C1,南,C0C1,C0C1_0,Turn right,0,0,0,0,0,0,0,0
85.0,C1,南,C0C1,C0C1_1,Go straight,0,0,0,0,0,0,0,0
85.0,C1,南,C0C1,C0C1_2,Turn left,0,0,0,0,0,0,0,0
85.0,C1,北,C2C1,C2C1_0,Turn right,0,0,0,0,0,0,0,0
85.0,C1,北,C2C1,C2C1_1,Go straight,0,0,0,0,0,0,0,0
85.0,C1,北,C2C1,C2C1_2,Turn left,0,0,0,0,0,0,0,0
85.0,C1,东,right1C1,right1C1_0,Turn right,1,1,0,1,1,0,0,0
85.0,C1,东,right1C1,right1C1_1,Go straight,1,1,0,0,0,0,0,0
85.0,C1,东,right1C1,right1C1_2,Turn left,1,1,0,0,0,0,0,0
85.0,C2,西,B2C2,B2C2_0,Turn right,0,0,0,0,0,0,0,0
85.0,C2,西,B2C2,B2C2_1,Go straight,0,0,0,0,0,0,0,0
85.0,C2,西,B2C2,B2C2_2,Turn left,0,0,0,0,0,0,0,0
85.0,C2,南,C1C2,C1C2_0,Turn right,0,0,0,0,0,0,0,0
85.0,C2,南,C1C2,C1C2_1,Go straight,0,0,0,0,0,0,0,0
85.0,C2,南,C1C2,C1C2_2,Turn left,0,0,0,0,0,0,0,0
85.0,C2,东,right2C2,right2C2_0,Turn right,1,1,0,0,0,0,0,0
85.0,C2,东,right2C2,right2C2_1,Go straight,1,1,0,1,1,0,0,0
85.0,C2,东,right2C2,right2C2_2,Turn left,1,1,0,0,0,0,0,0
85.0,C2,北,top2C2,top2C2_0,Turn right,0,0,0,0,0,0,0,0
85.0,C2,北,top2C2,top2C2_1,Go straight,0,0,0,0,0,0,0,0
85.0,C2,北,top2C2,top2C2_2,Turn left,0,0,0,0,0,0,0,0
90.0,A0,北,A1A0,A1A0_0,Turn right,0,0,0,0,0,0,0,0
90.0,A0,北,A1A0,A1A0_1,Go straight,0,0,0,0,0,0,0,0
90.0,A0,北,A1A0,A1A0_2,Turn left,0,0,0,0,0,0,0,0
90.0,A0,东,B0A0,B0A0_0,Turn right,0,0,0,0,0,0,0,0
90.0,A0,东,B0A0,B0A0_1,Go straight,0,0,0,0,0,0,0,0
90.0,A0,东,B0A0,B0A0_2,Turn left,0,0,0,0,0,0,0,0
90.0,A0,南,bottom0A0,bottom0A0_0,Turn right,0,0,0,0,0,0,0,0
90.0,A0,南,bottom0A0,bottom0A0_1,Go straight,0,0,0,0,0,0,0,0
90.0,A0,南,bottom0A0,bottom0A0_2,Turn left,0,0,0,0,0,0,0,0
90.0,A0,西,left0A0,left0A0_0,Turn right,5,5,0,0,0,0,0,0
90.0,A0,西,left0A0,left0A0_1,Go straight,5,5,0,2,2,0,0,0
90.0,A0,西,left0A0,left0A0_2,Turn left,5,5,0,3,3,0,0,0
90.0,A1,南,A0A1,A0A1_0,Turn right,1,1,1,0,0,0,0,0
90.0,A1,南,A0A1,A0A1_1,Go straight,1,1,1,1,1,0,0,0
90.0,A1,南,A0A1,A0A1_2,Turn left,1,1,1,0,0,0,0,0
90.0,A1,北,A2A1,A2A1_0,Turn right,0,0,0,0,0,0,0,0
90.0,A1,北,A2A1,A2A1_1,Go straight,0,0,0,0,0,0,0,0
90.0,A1,北,A2A1,A2A1_2,Turn left,0,0,0,0,0,0,0,0
90.0,A1,东,B1A1,B1A1_0,Turn right,0,0,0,0,0,0,0,0
90.0,A1,东,B1A1,B1A1_1,Go straight,0,0,0,0,0,0,0,0
90.0,A1,东,B1A1,B1A1_2,Turn left,0,0,0,0,0,0,0,0
90.0,A1,西,left1A1,left1A1_0,Turn right,1,1,0,0,0,0,0,0
90.0,A1,西,left1A1,left1A1_1,Go straight,1,1,0,0,0,0,0,0
90.0,A1,西,left1A1,left1A1_2,Turn left,1,1,0,1,1,0,0,0
90.0,A2,南,A1A2,A1A2_0,Turn right,1,1,1,1,1,0,0,0
90.0,A2,南,A1A2,A1A2_1,Go straight,1,1,1,0,0,0,0,0
90.0,A2,南,A1A2,A1A2_2,Turn left,1,1,1,0,0,0,0,0
90.0,A2,东,B2A2,B2A2_0,Turn right,1,1,0,1,1,0,0,0
90.0,A2,东,B2A2,B2A2_1,Go straight,1,1,0,0,0,0,0,0
90.0,A2,东,B2A2,B2A2_2,Turn left,1,1,0,0,0,0,0,0
90.0,A2,西,left2A2,left2A2_0,Turn right,1,1,0,0,0,0,0,0
90.0,A2,西,left2A2,left2A2_1,Go straight,1,1,0,1,1,0,0,0
90.0,A2,西,left2A2,left2A2_2,Turn left,1,1,0,0,0,0,0,0
90.0,A2,北,top0A2,top0A2_0,Turn right,4,4,0,0,0,0,0,0
90.0,A2,北,top0A2,top0A2_1,Go straight,4,4,0,2,1,1,0,0
90.0,A2,北,top0A2,top0A2_2,Turn left,4,4,0,2,1,1,0,0
90.0,B0,西,A0B0,A0B0_0,Turn right,2,2,0,0,0,0,0,0
90.0,B0,西,A0B0,A0B0_1,Go straight,2,2,0,0,0,0,0,0
90.0,B0,西,A0B0,A0B0_2,Turn left,2,2,0,2,2,0,0,0
90.0,B0,北,B1B0,B1B0_0,Turn right,0,0,0,0,0,0,0,0
90.0,B0,北,B1B0,B1B0_1,Go straight,0,0,0,0,0,0,0,0
90.0,B0,北,B1B0,B1B0_2,Turn left,0,0,0,0,0,0,0,0
90.0,B0,东,C0B0,C0B0_0,Turn right,0,0,0,0,0,0,0,0
90.0,B0,东,C0B0,C0B0_1,Go straight,0,0,0,0,0,0,0,0
90.0,B0,东,C0B0,C0B0_2,Turn left,0,0,0,0,0,0,0,0
90.0,B0,南,bottom1B0,bottom1B0_0,Turn right,0,0,0,0,0,0,0,0
90.0,B0,南,bottom1B0,bottom1B0_1,Go straight,0,0,0,0,0,0,0,0
90.0,B0,南,bottom1B0,bottom1B0_2,Turn left,0,0,0,0,0,0,0,0
90.0,B1,西,A1B1,A1B1_0,Turn right,2,2,0,0,0,0,0,0
90.0,B1,西,A1B1,A1B1_1,Go straight,2,2,0,2,2,0,0,0
90.0,B1,西,A1B1,A1B1_2,Turn left,2,2,0,0,0,0,0,0
90.0,B1,南,B0B1,B0B1_0,Turn right,1,1,1,1,1,0,0,0
90.0,B1,南,B0B1,B0B1_1,Go straight,1,1,1,0,0,0,0,0
90.0,B1,南,B0B1,B0B1_2,Turn left,1,1,1,0,0,0,0,0
90.0,B1,北,B2B1,B2B1_0,Turn right,1,1,0,0,0,0,0,0
90.0,B1,北,B2B1,B2B1_1,Go straight,1,1,0,0,0,0,0,0
90.0,B1,北,B2B1,B2B1_2,Turn left,1,1,0,1,0,1,0,0
90.0,B1,东,C1B1,C1B1_0,Turn right,0,0,0,0,0,0,0,0
90.0,B1,东,C1B1,C1B1_1,Go straight,0,0,0,0,0,0,0,0
90.0,B1,东,C1B1,C1B1_2,Turn left,0,0,0,0,0,0,0,0
90.0,B2,西,A2B2,A2B2_0,Turn right,2,2,0,0,0,0,0,0
90.0,B2,西,A2B2,A2B2_1,Go straight,2,2,0,1,1,0,0,0
90.0,B2,西,A2B2,A2B2_2,Turn left,2,2,0,1,1,0,0,0
90.0,B2,南,B1B2,B1B2_0,Turn right,0,0,0,0,0,0,0,0
90.0,B2,南,B1B2,B1B2_1,Go straight,0,0,0,0,0,0,0,0
90.0,B2,南,B1B2,B1B2_2,Turn left,0,0,0,0,0,0,0,0
90.0,B2,东,C2B2,C2B2_0,Turn right,0,0,0,0,0,0,0,0
90.0,B2,东,C2B2,C2B2_1,Go straight,0,0,0,0,0,0,0,0
90.0,B2,东,C2B2,C2B2_2,Turn left,0,0,0,0,0,0,0,0
90.0,B2,北,top1B2,top1B2_0,Turn right,1,1,0,0,0,0,0,0
90.0,B2,北,top1B2,top1B2_1,Go straight,1,1,0,0,0,0,0,0
90.0,B2,北,top1B2,top1B2_2,Turn left,1,1,0,1,1,0,0,0
90.0,C0,西,B0C0,B0C0_0,Turn right,2,2,0,0,0,0,0,0
90.0,C0,西,B0C0,B0C0_1,Go straight,2,2,0,2,2,0,0,0
90.0,C0,西,B0C0,B0C0_2,Turn left,2,2,0,0,0,0,0,0
90.0,C0,北,C1C0,C1C0_0,Turn right,1,1,1,0,0,0,0,0
90.0,C0,北,C1C0,C1C0_1,Go straight,1,1,1,0,0,0,0,0
90.0,C0,北,C1C0,C1C0_2,Turn left,1,1,1,1,1,0,0,0
90.0,C0,南,bottom2C0,bottom2C0_0,Turn right,0,0,0,0,0,0,0,0
90.0,C0,南,bottom2C0,bottom2C0_1,Go straight,0,0,0,0,0,0,0,0
90.0,C0,南,bottom2C0,bottom2C0_2,Turn left,0,0,0,0,0,0,0,0
90.0,C0,东,right0C0,right0C0_0,Turn right,2,2,0,1,1,0,0,0
90.0,C0,东,right0C0,right0C0_1,Go straight,2,2,0,1,0,1,0,0
90.0,C0,东,right0C0,right0C0_2,Turn left,2,2,0,0,0,0,0,0
90.0,C1,西,B1C1,B1C1_0,Turn right,0,0,0,0,0,0,0,0
90.0,C1,西,B1C1,B1C1_1,Go straight,0,0,0,0,0,0,0,0
90.0,C1,西,B1C1,B1C1_2,Turn left,0,0,0,0,0,0,0,0
90.0,C1,南,C0C1,C0C1_0,Turn right,0,0,0,0,0,0,0,0
90.0,C1,南,C0C1,C0C1_1,Go straight,0,0,0,0,0,0,0,0
90.0,C1,南,C0C1,C0C1_2,Turn left,0,0,0,0,0,0,0,0
90.0,C1,北,C2C1,C2C1_0,Turn right,1,1,1,1,1,0,0,0
90.0,C1,北,C2C1,C2C1_1,Go straight,1,1,1,0,0,0,0,0
90.0,C1,北,C2C1,C2C1_2,Turn left,1,1,1,0,0,0,0,0
90.0,C1,东,right1C1,right1C1_0,Turn right,1,1,0,1,1,0,0,0
90.0,C1,东,right1C1,right1C1_1,Go straight,1,1,0,0,0,0,0,0
90.0,C1,东,right1C1,right1C1_2,Turn left,1,1,0,0,0,0,0,0
90.0,C2,西,B2C2,B2C2_0,Turn right,0,0,0,0,0,0,0,0
90.0,C2,西,B2C2,B2C2_1,Go straight,0,0,0,0,0,0,0,0
90.0,C2,西,B2C2,B2C2_2,Turn left,0,0,0,0,0,0,0,0
90.0,C2,南,C1C2,C1C2_0,Turn right,0,0,0,0,0,0,0,0
90.0,C2,南,C1C2,C1C2_1,Go straight,0,0,0,0,0,0,0,0
90.0,C2,南,C1C2,C1C2_2,Turn left,0,0,0,0,0,0,0,0
90.0,C2,东,right2C2,right2C2_0,Turn right,1,1,0,0,0,0,0,0
90.0,C2,东,right2C2,right2C2_1,Go straight,1,1,0,1,1,0,0,0
90.0,C2,东,right2C2,right2C2_2,Turn left,1,1,0,0,0,0,0,0
90.0,C2,北,top2C2,top2C2_0,Turn right,0,0,0,0,0,0,0,0
90.0,C2,北,top2C2,top2C2_1,Go straight,0,0,0,0,0,0,0,0
90.0,C2,北,top2C2,top2C2_2,Turn left,0,0,0,0,0,0,0,0
95.0,A0,北,A1A0,A1A0_0,Turn right,0,0,0,0,0,0,0,0
95.0,A0,北,A1A0,A1A0_1,Go straight,0,0,0,0,0,0,0,0
95.0,A0,北,A1A0,A1A0_2,Turn left,0,0,0,0,0,0,0,0
95.0,A0,东,B0A0,B0A0_0,Turn right,0,0,0,0,0,0,0,0
95.0,A0,东,B0A0,B0A0_1,Go straight,0,0,0,0,0,0,0,0
95.0,A0,东,B0A0,B0A0_2,Turn left,0,0,0,0,0,0,0,0
95.0,A0,南,bottom0A0,bottom0A0_0,Turn right,0,0,0,0,0,0,0,0
95.0,A0,南,bottom0A0,bottom0A0_1,Go straight,0,0,0,0,0,0,0,0
95.0,A0,南,bottom0A0,bottom0A0_2,Turn left,0,0,0,0,0,0,0,0
95.0,A0,西,left0A0,left0A0_0,Turn right,4,4,1,0,0,0,0,1
95.0,A0,西,left0A0,left0A0_1,Go straight,4,4,1,3,3,0,1,0
95.0,A0,西,left0A0,left0A0_2,Turn left,4,4,1,1,1,0,0,0
95.0,A1,南,A0A1,A0A1_0,Turn right,4,4,3,0,0,0,0,0
95.0,A1,南,A0A1,A0A1_1,Go straight,4,4,3,3,3,0,0,0
95.0,A1,南,A0A1,A0A1_2,Turn left,4,4,3,1,1,0,0,0
95.0,A1,北,A2A1,A2A1_0,Turn right,0,0,0,0,0,0,0,0
95.0,A1,北,A2A1,A2A1_1,Go straight,0,0,0,0,0,0,0,0
95.0,A1,北,A2A1,A2A1_2,Turn left,0,0,0,0,0,0,0,0
95.0,A1,东,B1A1,B1A1_0,Turn right,0,0,0,0,0,0,0,0
95.0,A1,东,B1A1,B1A1_1,Go straight,0,0,0,0,0,0,0,0
95.0,A1,东,B1A1,B1A1_2,Turn left,0,0,0,0,0,0,0,0
95.0,A1,西,left1A1,left1A1_0,Turn right,1,1,0,0,0,0,0,0
95.0,A1,西,left1A1,left1A1_1,Go straight,1,1,0,0,0,0,0,0
95.0,A1,西,left1A1,left1A1_2,Turn left,1,1,0,1,1,0,0,0
95.0,A2,南,A1A2,A1A2_0,Turn right,1,1,0,1,1,0,0,0
95.0,A2,南,A1A2,A1A2_1,Go straight,1,1,0,0,0,0,0,0
95.0,A2,南,A1A2,A1A2_2,Turn left,1,1,0,0,0,0,0,0
95.0,A2,东,B2A2,B2A2_0,Turn right,0,0,0,0,0,0,0,0
95.0,A2,东,B2A2,B2A2_1,Go straight,0,0,0,0,0,0,0,0
95.0,A2,东,B2A2,B2A2_2,Turn left,0,0,0,0,0,0,0,0
95.0,A2,西,left2A2,left2A2_0,Turn right,0,0,0,0,0,0,0,0
95.0,A2,西,left2A2,left2A2_1,Go straight,0,0,0,0,0,0,0,0
95.0,A2,西,left2A2,left2A2_2,Turn left,0,0,0,0,0,0,0,0
95.0,A2,北,top0A2,top0A2_0,Turn right,5,5,1,1,1,0,0,0
95.0,A2,北,top0A2,top0A2_1,Go straight,5,5,1,2,0,2,0,0
95.0,A2,北,top0A2,top0A2_2,Turn left,5,5,1,2,1,1,0,0
95.0,B0,西,A0B0,A0B0_0,Turn right,2,2,0,0,0,0,0,0
95.0,B0,西,A0B0,A0B0_1,Go straight,2,2,0,0,0,0,0,0
95.0,B0,西,A0B0,A0B0_2,Turn left,2,2,0,2,2,0,0,0
95.0,B0,北,B1B0,B1B0_0,Turn right,0,0,0,0,0,0,0,0
95.0,B0,北,B1B0,B1B0_1,Go straight,0,0,0,0,0,0,0,0
95.0,B0,北,B1B0,B1B0_2,Turn left,0,0,0,0,0,0,0,0
95.0,B0,东,C0B0,C0B0_0,Turn right,0,0,0,0,0,0,0,0
95.0,B0,东,C0B0,C0B0_1,Go straight,0,0,0,0,0,0,0,0
95.0,B0,东,C0B0,C0B0_2,Turn left,0,0,0,0,0,0,0,0
95.0,B0,南,bottom1B0,bottom1B0_0,Turn right,0,0,0,0,0,0,0,0
95.0,B0,南,bottom1B0,bottom1B0_1,Go straight,0,0,0,0,0,0,0,0
95.0,B0,南,bottom1B0,bottom1B0_2,Turn left,0,0,0,0,0,0,0,0
95.0,B1,西,A1B1,A1B1_0,Turn right,1,1,0,0,0,0,0,0
95.0,B1,西,A1B1,A1B1_1,Go straight,1,1,0,1,1,0,0,0
95.0,B1,西,A1B1,A1B1_2,Turn left,1,1,0,0,0,0,0,0
95.0,B1,南,B0B1,B0B1_0,Turn right,1,1,0,1,1,0,0,0
95.0,B1,南,B0B1,B0B1_1,Go straight,1,1,0,0,0,0,0,0
95.0,B1,南,B0B1,B0B1_2,Turn left,1,1,0,0,0,0,0,0
95.0,B1,北,B2B1,B2B1_0,Turn right,1,1,0,0,0,0,0,0
95.0,B1,北,B2B1,B2B1_1,Go straight,1,1,0,0,0,0,0,0
95.0,B1,北,B2B1,B2B1_2,Turn left,1,1,0,1,0,1,0,0
95.0,B1,东,C1B1,C1B1_0,Turn right,0,0,0,0,0,0,0,0
95.0,B1,东,C1B1,C1B1_1,Go straight,0,0,0,0,0,0,0,0
95.0,B1,东,C1B1,C1B1_2,Turn left,0,0,0,0,0,0,0,0
95.0,B2,西,A2B2,A2B2_0,Turn right,1,1,0,0,0,0,0,0
95.0,B2,西,A2B2,A2B2_1,Go straight,1,1,0,0,0,0,0,0
95.0,B2,西,A2B2,A2B2_2,Turn left,1,1,0,1,1,0,0,0
95.0,B2,南,B1B2,B1B2_0,Turn right,0,0,0,0,0,0,0,0
95.0,B2,南,B1B2,B1B2_1,Go straight,0,0,0,0,0,0,0,0
95.0,B2,南,B1B2,B1B2_2,Turn left,0,0,0,0,0,0,0,0
95.0,B2,东,C2B2,C2B2_0,Turn right,0,0,0,0,0,0,0,0
95.0,B2,东,C2B2,C2B2_1,Go straight,0,0,0,0,0,0,0,0
95.0,B2,东,C2B2,C2B2_2,Turn left,0,0,0,0,0,0,0,0
95.0,B2,北,top1B2,top1B2_0,Turn right,1,1,0,0,0,0,0,0
95.0,B2,北,top1B2,top1B2_1,Go straight,1,1,0,0,0,0,0,0
95.0,B2,北,top1B2,top1B2_2,Turn left,1,1,0,1,0,1,0,0
95.0,C0,西,B0C0,B0C0_0,Turn right,2,2,0,0,0,0,0,0
95.0,C0,西,B0C0,B0C0_1,Go straight,2,2,0,2,2,0,0,0
95.0,C0,西,B0C0,B0C0_2,Turn left,2,2,0,0,0,0,0,0
95.0,C0,北,C1C0,C1C0_0,Turn right,1,1,0,0,0,0,0,0
95.0,C0,北,C1C0,C1C0_1,Go straight,1,1,0,0,0,0,0,0
95.0,C0,北,C1C0,C1C0_2,Turn left,1,1,0,1,1,0,0,0
95.0,C0,南,bottom2C0,bottom2C0_0,Turn right,1,1,1,1,1,0,0,0
95.0,C0,南,bottom2C0,bottom2C0_1,Go straight,1,1,1,0,0,0,0,0
95.0,C0,南,bottom2C0,bottom2C0_2,Turn left,1,1,1,0,0,0,0,0
95.0,C0,东,right0C0,right0C0_0,Turn right,1,1,0,0,0,0,0,0
95.0,C0,东,right0C0,right0C0_1,Go straight,1,1,0,1,0,1,0,0
95.0,C0,东,right0C0,right0C0_2,Turn left,1,1,0,0,0,0,0,0
95.0,C1,西,B1C1,B1C1_0,Turn right,0,0,0,0,0,0,0,0
95.0,C1,西,B1C1,B1C1_1,Go straight,0,0,0,0,0,0,0,0
95.0,C1,西,B1C1,B1C1_2,Turn left,0,0,0,0,0,0,0,0
95.0,C1,南,C0C1,C0C1_0,Turn right,0,0,0,0,0,0,0,0
95.0,C1,南,C0C1,C0C1_1,Go straight,0,0,0,0,0,0,0,0
95.0,C1,南,C0C1,C0C1_2,Turn left,0,0,0,0,0,0,0,0
95.0,C1,北,C2C1,C2C1_0,Turn right,1,1,0,1,1,0,0,0
95.0,C1,北,C2C1,C2C1_1,Go straight,1,1,0,0,0,0,0,0
95.0,C1,北,C2C1,C2C1_2,Turn left,1,1,0,0,0,0,0,0
95.0,C1,东,right1C1,right1C1_0,Turn right,1,1,0,1,1,0,0,0
95.0,C1,东,right1C1,right1C1_1,Go straight,1,1,0,0,0,0,0,0
95.0,C1,东,right1C1,right1C1_2,Turn left,1,1,0,0,0,0,0,0
95.0,C2,西,B2C2,B2C2_0,Turn right,0,0,0,0,0,0,0,0
95.0,C2,西,B2C2,B2C2_1,Go straight,0,0,0,0,0,0,0,0
95.0,C2,西,B2C2,B2C2_2,Turn left,0,0,0,0,0,0,0,0
95.0,C2,南,C1C2,C1C2_0,Turn right,0,0,0,0,0,0,0,0
95.0,C2,南,C1C2,C1C2_1,Go straight,0,0,0,0,0,0,0,0
95.0,C2,南,C1C2,C1C2_2,Turn left,0,0,0,0,0,0,0,0
95.0,C2,东,right2C2,right2C2_0,Turn right,1,1,0,0,0,0,0,0
95.0,C2,东,right2C2,right2C2_1,Go straight,1,1,0,1,1,0,0,0
95.0,C2,东,right2C2,right2C2_2,Turn left,1,1,0,0,0,0,0,0
95.0,C2,北,top2C2,top2C2_0,Turn right,0,0,0,0,0,0,0,0
95.0,C2,北,top2C2,top2C2_1,Go straight,0,0,0,0,0,0,0,0
95.0,C2,北,top2C2,top2C2_2,Turn left,0,0,0,0,0,0,0,0
100.0,A0,北,A1A0,A1A0_0,Turn right,0,0,0,0,0,0,0,0
100.0,A0,北,A1A0,A1A0_1,Go straight,0,0,0,0,0,0,0,0
100.0,A0,北,A1A0,A1A0_2,Turn left,0,0,0,0,0,0,0,0
100.0,A0,东,B0A0,B0A0_0,Turn right,0,0,0,0,0,0,0,0
100.0,A0,东,B0A0,B0A0_1,Go straight,0,0,0,0,0,0,0,0
100.0,A0,东,B0A0,B0A0_2,Turn left,0,0,0,0,0,0,0,0
100.0,A0,南,bottom0A0,bottom0A0_0,Turn right,0,0,0,0,0,0,0,0
100.0,A0,南,bottom0A0,bottom0A0_1,Go straight,0,0,0,0,0,0,0,0
100.0,A0,南,bottom0A0,bottom0A0_2,Turn left,0,0,0,0,0,0,0,0
100.0,A0,西,left0A0,left0A0_0,Turn right,3,3,1,0,0,0,0,1
100.0,A0,西,left0A0,left0A0_1,Go straight,3,3,1,3,3,0,1,0
100.0,A0,西,left0A0,left0A0_2,Turn left,3,3,1,0,0,0,0,0
100.0,A1,南,A0A1,A0A1_0,Turn right,5,5,1,0,0,0,0,0
100.0,A1,南,A0A1,A0A1_1,Go straight,5,5,1,4,4,0,0,0
100.0,A1,南,A0A1,A0A1_2,Turn left,5,5,1,1,1,0,0,0
100.0,A1,北,A2A1,A2A1_0,Turn right,0,0,0,0,0,0,0,0
100.0,A1,北,A2A1,A2A1_1,Go straight,0,0,0,0,0,0,0,0
100.0,A1,北,A2A1,A2A1_2,Turn left,0,0,0,0,0,0,0,0
100.0,A1,东,B1A1,B1A1_0,Turn right,0,0,0,0,0,0,0,0
100.0,A1,东,B1A1,B1A1_1,Go straight,0,0,0,0,0,0,0,0
100.0,A1,东,B1A1,B1A1_2,Turn left,0,0,0,0,0,0,0,0
100.0,A1,西,left1A1,left1A1_0,Turn right,0,0,0,0,0,0,0,0
100.0,A1,西,left1A1,left1A1_1,Go straight,0,0,0,0,0,0,0,0
100.0,A1,西,left1A1,left1A1_2,Turn left,0,0,0,0,0,0,0,0
100.0,A2,南,A1A2,A1A2_0,Turn right,2,2,1,1,1,0,0,0
100.0,A2,南,A1A2,A1A2_1,Go straight,2,2,1,1,1,0,0,0
100.0,A2,南,A1A2,A1A2_2,Turn left,2,2,1,0,0,0,0,0
100.0,A2,东,B2A2,B2A2_0,Turn right,0,0,0,0,0,0,0,0
100.0,A2,东,B2A2,B2A2_1,Go straight,0,0,0,0,0,0,0,0
100.0,A2,东,B2A2,B2A2_2,Turn left,0,0,0,0,0,0,0,0
100.0,A2,西,left2A2,left2A2_0,Turn right,0,0,0,0,0,0,0,0
100.0,A2,西,left2A2,left2A2_1,Go straight,0,0,0,0,0,0,0,0
100.0,A2,西,left2A2,left2A2_2,Turn left,0,0,0,0,0,0,0,0
100.0,A2,北,top0A2,top0A2_0,Turn right,5,5,0,1,1,0,0,0
100.0,A2,北,top0A2,top0A2_1,Go straight,5,5,0,2,0,2,0,0
100.0,A2,北,top0A2,top0A2_2,Turn left,5,5,0,2,0,2,0,0
100.0,B0,西,A0B0,A0B0_0,Turn right,2,2,1,0,0,0,0,0
100.0,B0,西,A0B0,A0B0_1,Go straight,2,2,1,0,0,0,0,0
100.0,B0,西,A0B0,A0B0_2,Turn left,2,2,1,2,2,0,0,0
100.0,B0,北,B1B0,B1B0_0,Turn right,0,0,0,0,0,0,0,0
100.0,B0,北,B1B0,B1B0_1,Go straight,0,0,0,0,0,0,0,0
100.0,B0,北,B1B0,B1B0_2,Turn left,0,0,0,0,0,0,0,0
100.0,B0,东,C0B0,C0B0_0,Turn right,0,0,0,0,0,0,0,0
100.0,B0,东,C0B0,C0B0_1,Go straight,0,0,0,0,0,0,0,0
100.0,B0,东,C0B0,C0B0_2,Turn left,0,0,0,0,0,0,0,0
100.0,B0,南,bottom1B0,bottom1B0_0,Turn right,0,0,0,0,0,0,0,0
100.0,B0,南,bottom1B0,bottom1B0_1,Go straight,0,0,0,0,0,0,0,0
100.0,B0,南,bottom1B0,bottom1B0_2,Turn left,0,0,0,0,0,0,0,0
100.0,B1,西,A1B1,A1B1_0,Turn right,0,0,0,0,0,0,0,0
100.0,B1,西,A1B1,A1B1_1,Go straight,0,0,0,0,0,0,0,0
100.0,B1,西,A1B1,A1B1_2,Turn left,0,0,0,0,0,0,0,0
100.0,B1,南,B0B1,B0B1_0,Turn right,2,2,1,2,2,0,0,0
100.0,B1,南,B0B1,B0B1_1,Go straight,2,2,1,0,0,0,0,0
100.0,B1,南,B0B1,B0B1_2,Turn left,2,2,1,0,0,0,0,0
100.0,B1,北,B2B1,B2B1_0,Turn right,1,1,0,0,0,0,0,0
100.0,B1,北,B2B1,B2B1_1,Go straight,1,1,0,0,0,0,0,0
100.0,B1,北,B2B1,B2B1_2,Turn left,1,1,0,1,0,1,0,0
100.0,B1,东,C1B1,C1B1_0,Turn right,0,0,0,0,0,0,0,0
100.0,B1,东,C1B1,C1B1_1,Go straight,0,0,0,0,0,0,0,0
100.0,B1,东,C1B1,C1B1_2,Turn left,0,0,0,0,0,0,0,0
100.0,B2,西,A2B2,A2B2_0,Turn right,1,1,1,1,1,0,0,0
100.0,B2,西,A2B2,A2B2_1,Go straight,1,1,1,0,0,0,0,0
100.0,B2,西,A2B2,A2B2_2,Turn left,1,1,1,0,0,0,0,0
100.0,B2,南,B1B2,B1B2_0,Turn right,0,0,0,0,0,0,0,0
100.0,B2,南,B1B2,B1B2_1,Go straight,0,0,0,0,0,0,0,0
100.0,B2,南,B1B2,B1B2_2,Turn left,0,0,0,0,0,0,0,0
100.0,B2,东,C2B2,C2B2_0,Turn right,0,0,0,0,0,0,0,0
100.0,B2,东,C2B2,C2B2_1,Go straight,0,0,0,0,0,0,0,0
100.0,B2,东,C2B2,C2B2_2,Turn left,0,0,0,0,0,0,0,0
100.0,B2,北,top1B2,top1B2_0,Turn right,1,1,0,0,0,0,0,0
100.0,B2,北,top1B2,top1B2_1,Go straight,1,1,0,0,0,0,0,0
100.0,B2,北,top1B2,top1B2_2,Turn left,1,1,0,1,0,1,0,0
100.0,C0,西,B0C0,B0C0_0,Turn right,2,2,0,0,0,0,0,0
100.0,C0,西,B0C0,B0C0_1,Go straight,2,2,0,2,2,0,0,0
100.0,C0,西,B0C0,B0C0_2,Turn left,2,2,0,0,0,0,0,0
100.0,C0,北,C1C0,C1C0_0,Turn right,1,1,0,0,0,0,0,0
100.0,C0,北,C1C0,C1C0_1,Go straight,1,1,0,0,0,0,0,0
100.0,C0,北,C1C0,C1C0_2,Turn left,1,1,0,1,1,0,0,0
100.0,C0,南,bottom2C0,bottom2C0_0,Turn right,1,1,0,0,0,0,0,1
100.0,C0,南,bottom2C0,bottom2C0_1,Go straight,1,1,0,0,0,0,1,1
100.0,C0,南,bottom2C0,bottom2C0_2,Turn left,1,1,0,1,1,0,1,0
100.0,C0,东,right0C0,right0C0_0,Turn right,1,1,0,0,0,0,0,0
100.0,C0,东,right0C0,right0C0_1,Go straight,1,1,0,1,0,1,0,0
100.0,C0,东,right0C0,right0C0_2,Turn left,1,1,0,0,0,0,0,0
100.0,C1,西,B1C1,B1C1_0,Turn right,2,2,2,1,1,0,0,0
100.0,C1,西,B1C1,B1C1_1,Go straight,2,2,2,0,0,0,0,0
100.0,C1,西,B1C1,B1C1_2,Turn left,2,2,2,1,1,0,0,0
100.0,C1,南,C0C1,C0C1_0,Turn right,1,1,1,0,0,0,0,0
100.0,C1,南,C0C1,C0C1_1,Go straight,1,1,1,0,0,0,0,0
100.0,C1,南,C0C1,C0C1_2,Turn left,1,1,1,1,1,0,0,0
100.0,C1,北,C2C1,C2C1_0,Turn right,1,1,0,1,1,0,0,0
100.0,C1,北,C2C1,C2C1_1,Go straight,1,1,0,0,0,0,0,0
100.0,C1,北,C2C1,C2C1_2,Turn left,1,1,0,0,0,0,0,0
100.0,C1,东,right1C1,right1C1_0,Turn right,0,0,0,0,0,0,0,0
100.0,C1,东,right1C1,right1C1_1,Go straight,0,0,0,0,0,0,0,0
100.0,C1,东,right1C1,right1C1_2,Turn left,0,0,0,0,0,0,0,0
100.0,C2,西,B2C2,B2C2_0,Turn right,1,1,1,0,0,0,0,0
100.0,C2,西,B2C2,B2C2_1,Go straight,1,1,1,0,0,0,0,0
100.0,C2,西,B2C2,B2C2_2,Turn left,1,1,1,1,1,0,0,0
100.0,C2,南,C1C2,C1C2_0,Turn right,0,0,0,0,0,0,0,0
100.0,C2,南,C1C2,C1C2_1,Go straight,0,0,0,0,0,0,0,0
100.0,C2,南,C1C2,C1C2_2,Turn left,0,0,0,0,0,0,0,0
100.0,C2,东,right2C2,right2C2_0,Turn right,1,1,0,0,0,0,0,0
100.0,C2,东,right2C2,right2C2_1,Go straight,1,1,0,1,0,1,0,0
100.0,C2,东,right2C2,right2C2_2,Turn left,1,1,0,0,0,0,0,0
100.0,C2,北,top2C2,top2C2_0,Turn right,0,0,0,0,0,0,0,0
100.0,C2,北,top2C2,top2C2_1,Go straight,0,0,0,0,0,0,0,0
100.0,C2,北,top2C2,top2C2_2,Turn left,0,0,0,0,0,0,0,0
105.0,A0,北,A1A0,A1A0_0,Turn right,0,0,0,0,0,0,0,0
105.0,A0,北,A1A0,A1A0_1,Go straight,0,0,0,0,0,0,0,0
105.0,A0,北,A1A0,A1A0_2,Turn left,0,0,0,0,0,0,0,0
105.0,A0,东,B0A0,B0A0_0,Turn right,0,0,0,0,0,0,0,0
105.0,A0,东,B0A0,B0A0_1,Go straight,0,0,0,0,0,0,0,0
105.0,A0,东,B0A0,B0A0_2,Turn left,0,0,0,0,0,0,0,0
105.0,A0,南,bottom0A0,bottom0A0_0,Turn right,0,0,0,0,0,0,0,0
105.0,A0,南,bottom0A0,bottom0A0_1,Go straight,0,0,0,0,0,0,0,0
105.0,A0,南,bottom0A0,bottom0A0_2,Turn left,0,0,0,0,0,0,0,0
105.0,A0,西,left0A0,left0A0_0,Turn right,6,6,3,1,1,0,0,1
105.0,A0,西,left0A0,left0A0_1,Go straight,6,6,3,3,3,0,1,1
105.0,A0,西,left0A0,left0A0_2,Turn left,6,6,3,2,2,0,1,0
105.0,A1,南,A0A1,A0A1_0,Turn right,6,6,1,0,0,0,0,0
105.0,A1,南,A0A1,A0A1_1,Go straight,6,6,1,5,5,0,0,0
105.0,A1,南,A0A1,A0A1_2,Turn left,6,6,1,1,1,0,0,0
105.0,A1,北,A2A1,A2A1_0,Turn right,0,0,0,0,0,0,0,0
105.0,A1,北,A2A1,A2A1_1,Go straight,0,0,0,0,0,0,0,0
105.0,A1,北,A2A1,A2A1_2,Turn left,0,0,0,0,0,0,0,0
105.0,A1,东,B1A1,B1A1_0,Turn right,0,0,0,0,0,0,0,0
105.0,A1,东,B1A1,B1A1_1,Go straight,0,0,0,0,0,0,0,0
105.0,A1,东,B1A1,B1A1_2,Turn left,0,0,0,0,0,0,0,0
105.0,A1,西,left1A1,left1A1_0,Turn right,0,0,0,0,0,0,0,0
105.0,A1,西,left1A1,left1A1_1,Go straight,0,0,0,0,0,0,0,0
105.0,A1,西,left1A1,left1A1_2,Turn left,0,0,0,0,0,0,0,0
105.0,A2,南,A1A2,A1A2_0,Turn right,2,2,0,1,1,0,0,0
105.0,A2,南,A1A2,A1A2_1,Go straight,2,2,0,1,1,0,0,0
105.0,A2,南,A1A2,A1A2_2,Turn left,2,2,0,0,0,0,0,0
105.0,A2,东,B2A2,B2A2_0,Turn right,0,0,0,0,0,0,0,0
105.0,A2,东,B2A2,B2A2_1,Go straight,0,0,0,0,0,0,0,0
105.0,A2,东,B2A2,B2A2_2,Turn left,0,0,0,0,0,0,0,0
105.0,A2,西,left2A2,left2A2_0,Turn right,0,0,0,0,0,0,0,0
105.0,A2,西,left2A2,left2A2_1,Go straight,0,0,0,0,0,0,0,0
105.0,A2,西,left2A2,left2A2_2,Turn left,0,0,0,0,0,0,0,0
105.0,A2,北,top0A2,top0A2_0,Turn right,5,5,0,1,1,0,0,0
105.0,A2,北,top0A2,top0A2_1,Go straight,5,5,0,2,0,2,0,0
105.0,A2,北,top0A2,top0A2_2,Turn left,5,5,0,2,0,2,0,0
105.0,B0,西,A0B0,A0B0_0,Turn right,1,1,0,0,0,0,0,0
105.0,B0,西,A0B0,A0B0_1,Go straight,1,1,0,0,0,0,0,0
105.0,B0,西,A0B0,A0B0_2,Turn left,1,1,0,1,1,0,0,0
105.0,B0,北,B1B0,B1B0_0,Turn right,0,0,0,0,0,0,0,0
105.0,B0,北,B1B0,B1B0_1,Go straight,0,0,0,0,0,0,0,0
105.0,B0,北,B1B0,B1B0_2,Turn left,0,0,0,0,0,0,0,0
105.0,B0,东,C0B0,C0B0_0,Turn right,0,0,0,0,0,0,0,0
105.0,B0,东,C0B0,C0B0_1,Go straight,0,0,0,0,0,0,0,0
105.0,B0,东,C0B0,C0B0_2,Turn left,0,0,0,0,0,0,0,0
105.0,B0,南,bottom1B0,bottom1B0_0,Turn right,0,0,0,0,0,0,0,0
105.0,B0,南,bottom1B0,bottom1B0_1,Go straight,0,0,0,0,0,0,0,0
105.0,B0,南,bottom1B0,bottom1B0_2,Turn left,0,0,0,0,0,0,0,0
105.0,B1,西,A1B1,A1B1_0,Turn right,0,0,0,0,0,0,0,0
105.0,B1,西,A1B1,A1B1_1,Go straight,0,0,0,0,0,0,0,0
105.0,B1,西,A1B1,A1B1_2,Turn left,0,0,0,0,0,0,0,0
105.0,B1,南,B0B1,B0B1_0,Turn right,3,3,1,2,2,0,0,0
105.0,B1,南,B0B1,B0B1_1,Go straight,3,3,1,1,1,0,0,0
105.0,B1,南,B0B1,B0B1_2,Turn left,3,3,1,0,0,0,0,0
105.0,B1,北,B2B1,B2B1_0,Turn right,1,1,0,0,0,0,0,0
105.0,B1,北,B2B1,B2B1_1,Go straight,1,1,0,0,0,0,0,0
105.0,B1,北,B2B1,B2B1_2,Turn left,1,1,0,1,0,1,0,0
105.0,B1,东,C1B1,C1B1_0,Turn right,0,0,0,0,0,0,0,0
105.0,B1,东,C1B1,C1B1_1,Go straight,0,0,0,0,0,0,0,0
105.0,B1,东,C1B1,C1B1_2,Turn left,0,0,0,0,0,0,0,0
105.0,B2,西,A2B2,A2B2_0,Turn right,1,1,0,1,1,0,0,0
105.0,B2,西,A2B2,A2B2_1,Go straight,1,1,0,0,0,0,0,0
105.0,B2,西,A2B2,A2B2_2,Turn left,1,1,0,0,0,0,0,0
105.0,B2,南,B1B2,B1B2_0,Turn right,0,0,0,0,0,0,0,0
105.0,B2,南,B1B2,B1B2_1,Go straight,0,0,0,0,0,0,0,0
105.0,B2,南,B1B2,B1B2_2,Turn left,0,0,0,0,0,0,0,0
105.0,B2,东,C2B2,C2B2_0,Turn right,0,0,0,0,0,0,0,0
105.0,B2,东,C2B2,C2B2_1,Go straight,0,0,0,0,0,0,0,0
105.0,B2,东,C2B2,C2B2_2,Turn left,0,0,0,0,0,0,0,0
105.0,B2,北,top1B2,top1B2_0,Turn right,2,2,1,1,1,0,0,0
105.0,B2,北,top1B2,top1B2_1,Go straight,2,2,1,0,0,0,0,0
105.0,B2,北,top1B2,top1B2_2,Turn left,2,2,1,1,0,1,0,0
105.0,C0,西,B0C0,B0C0_0,Turn right,0,0,0,0,0,0,0,0
105.0,C0,西,B0C0,B0C0_1,Go straight,0,0,0,0,0,0,0,0
105.0,C0,西,B0C0,B0C0_2,Turn left,0,0,0,0,0,0,0,0
105.0,C0,北,C1C0,C1C0_0,Turn right,1,1,0,0,0,0,0,0
105.0,C0,北,C1C0,C1C0_1,Go straight,1,1,0,0,0,0,0,0
105.0,C0,北,C1C0,C1C0_2,Turn left,1,1,0,1,1,0,0,0
105.0,C0,南,bottom2C0,bottom2C0_0,Turn right,1,1,0,0,0,0,0,0
105.0,C0,南,bottom2C0,bottom2C0_1,Go straight,1,1,0,0,0,0,0,0
105.0,C0,南,bottom2C0,bottom2C0_2,Turn left,1,1,0,1,1,0,0,0
105.0,C0,东,right0C0,right0C0_0,Turn right,1,1,0,0,0,0,0,0
105.0,C0,东,right0C0,right0C0_1,Go straight,1,1,0,1,0,1,0,0
105.0,C0,东,right0C0,right0C0_2,Turn left,1,1,0,0,0,0,0,0
105.0,C1,西,B1C1,B1C1_0,Turn right,2,2,0,1,1,0,0,0
105.0,C1,西,B1C1,B1C1_1,Go straight,2,2,0,0,0,0,0,0
105.0,C1,西,B1C1,B1C1_2,Turn left,2,2,0,1,1,0,0,0
105.0,C1,南,C0C1,C0C1_0,Turn right,1,1,0,0,0,0,0,0
105.0,C1,南,C0C1,C0C1_1,Go straight,1,1,0,0,0,0,0,0
105.0,C1,南,C0C1,C0C1_2,Turn left,1,1,0,1,1,0,0,0
105.0,C1,北,C2C1,C2C1_0,Turn right,1,1,0,1,1,0,0,0
105.0,C1,北,C2C1,C2C1_1,Go straight,1,1,0,0,0,0,0,0
105.0,C1,北,C2C1,C2C1_2,Turn left,1,1,0,0,0,0,0,0
105.0,C1,东,right1C1,right1C1_0,Turn right,0,0,0,0,0,0,0,0
105.0,C1,东,right1C1,right1C1_1,Go straight,0,0,0,0,0,0,0,0
105.0,C1,东,right1C1,right1C1_2,Turn left,0,0,0,0,0,0,0,0
105.0,C2,西,B2C2,B2C2_0,Turn right,1,1,0,0,0,0,0,0
105.0,C2,西,B2C2,B2C2_1,Go straight,1,1,0,0,0,0,0,0
105.0,C2,西,B2C2,B2C2_2,Turn left,1,1,0,1,1,0,0,0
105.0,C2,南,C1C2,C1C2_0,Turn right,1,1,1,0,0,0,0,0
105.0,C2,南,C1C2,C1C2_1,Go straight,1,1,1,0,0,0,0,0
105.0,C2,南,C1C2,C1C2_2,Turn left,1,1,1,1,1,0,0,0
105.0,C2,东,right2C2,right2C2_0,Turn right,1,1,0,0,0,0,0,0
105.0,C2,东,right2C2,right2C2_1,Go straight,1,1,0,1,0,1,0,0
105.0,C2,东,right2C2,right2C2_2,Turn left,1,1,0,0,0,0,0,0
105.0,C2,北,top2C2,top2C2_0,Turn right,0,0,0,0,0,0,0,0
105.0,C2,北,top2C2,top2C2_1,Go straight,0,0,0,0,0,0,0,0
105.0,C2,北,top2C2,top2C2_2,Turn left,0,0,0,0,0,0,0,0
110.0,A0,北,A1A0,A1A0_0,Turn right,0,0,0,0,0,0,0,0
110.0,A0,北,A1A0,A1A0_1,Go straight,0,0,0,0,0,0,0,0
110.0,A0,北,A1A0,A1A0_2,Turn left,0,0,0,0,0,0,0,0
110.0,A0,东,B0A0,B0A0_0,Turn right,0,0,0,0,0,0,0,0
110.0,A0,东,B0A0,B0A0_1,Go straight,0,0,0,0,0,0,0,0
110.0,A0,东,B0A0,B0A0_2,Turn left,0,0,0,0,0,0,0,0
110.0,A0,南,bottom0A0,bottom0A0_0,Turn right,0,0,0,0,0,0,0,0
110.0,A0,南,bottom0A0,bottom0A0_1,Go straight,0,0,0,0,0,0,0,0
110.0,A0,南,bottom0A0,bottom0A0_2,Turn left,0,0,0,0,0,0,0,0
110.0,A0,西,left0A0,left0A0_0,Turn right,6,6,1,0,0,0,0,2
110.0,A0,西,left0A0,left0A0_1,Go straight,6,6,1,4,4,0,3,1
110.0,A0,西,left0A0,left0A0_2,Turn left,6,6,1,2,2,0,1,1
110.0,A1,南,A0A1,A0A1_0,Turn right,6,6,0,0,0,0,0,0
110.0,A1,南,A0A1,A0A1_1,Go straight,6,6,0,5,5,0,0,0
110.0,A1,南,A0A1,A0A1_2,Turn left,6,6,0,1,1,0,0,0
110.0,A1,北,A2A1,A2A1_0,Turn right,0,0,0,0,0,0,0,0
110.0,A1,北,A2A1,A2A1_1,Go straight,0,0,0,0,0,0,0,0
110.0,A1,北,A2A1,A2A1_2,Turn left,0,0,0,0,0,0,0,0
110.0,A1,东,B1A1,B1A1_0,Turn right,0,0,0,0,0,0,0,0
110.0,A1,东,B1A1,B1A1_1,Go straight,0,0,0,0,0,0,0,0
110.0,A1,东,B1A1,B1A1_2,Turn left,0,0,0,0,0,0,0,0
110.0,A1,西,left1A1,left1A1_0,Turn right,0,0,0,0,0,0,0,0
110.0,A1,西,left1A1,left1A1_1,Go straight,0,0,0,0,0,0,0,0
110.0,A1,西,left1A1,left1A1_2,Turn left,0,0,0,0,0,0,0,0
110.0,A2,南,A1A2,A1A2_0,Turn right,2,2,0,1,1,0,0,0
110.0,A2,南,A1A2,A1A2_1,Go straight,2,2,0,1,1,0,0,0
110.0,A2,南,A1A2,A1A2_2,Turn left,2,2,0,0,0,0,0,0
110.0,A2,东,B2A2,B2A2_0,Turn right,0,0,0,0,0,0,0,0
110.0,A2,东,B2A2,B2A2_1,Go straight,0,0,0,0,0,0,0,0
110.0,A2,东,B2A2,B2A2_2,Turn left,0,0,0,0,0,0,0,0
110.0,A2,西,left2A2,left2A2_0,Turn right,1,1,1,1,1,0,0,0
110.0,A2,西,left2A2,left2A2_1,Go straight,1,1,1,0,0,0,0,0
110.0,A2,西,left2A2,left2A2_2,Turn left,1,1,1,0,0,0,0,0
110.0,A2,北,top0A2,top0A2_0,Turn right,6,6,1,1,1,0,0,0
110.0,A2,北,top0A2,top0A2_1,Go straight,6,6,1,2,0,2,0,0
110.0,A2,北,top0A2,top0A2_2,Turn left,6,6,1,3,0,3,0,0
110.0,B0,西,A0B0,A0B0_0,Turn right,2,2,1,0,0,0,0,0
110.0,B0,西,A0B0,A0B0_1,Go straight,2,2,1,0,0,0,0,0
110.0,B0,西,A0B0,A0B0_2,Turn left,2,2,1,2,2,0,0,0
110.0,B0,北,B1B0,B1B0_0,Turn right,0,0,0,0,0,0,0,0
110.0,B0,北,B1B0,B1B0_1,Go straight,0,0,0,0,0,0,0,0
110.0,B0,北,B1B0,B1B0_2,Turn left,0,0,0,0,0,0,0,0
110.0,B0,东,C0B0,C0B0_0,Turn right,0,0,0,0,0,0,0,0
110.0,B0,东,C0B0,C0B0_1,Go straight,0,0,0,0,0,0,0,0
110.0,B0,东,C0B0,C0B0_2,Turn left,0,0,0,0,0,0,0,0
110.0,B0,南,bottom1B0,bottom1B0_0,Turn right,0,0,0,0,0,0,0,0
110.0,B0,南,bottom1B0,bottom1B0_1,Go straight,0,0,0,0,0,0,0,0
110.0,B0,南,bottom1B0,bottom1B0_2,Turn left,0,0,0,0,0,0,0,0
110.0,B1,西,A1B1,A1B1_0,Turn right,0,0,0,0,0,0,0,0
110.0,B1,西,A1B1,A1B1_1,Go straight,0,0,0,0,0,0,0,0
110.0,B1,西,A1B1,A1B1_2,Turn left,0,0,0,0,0,0,0,0
110.0,B1,南,B0B1,B0B1_0,Turn right,3,3,0,2,2,0,0,0
110.0,B1,南,B0B1,B0B1_1,Go straight,3,3,0,1,1,0,0,0
110.0,B1,南,B0B1,B0B1_2,Turn left,3,3,0,0,0,0,0,0
110.0,B1,北,B2B1,B2B1_0,Turn right,1,1,0,0,0,0,0,0
110.0,B1,北,B2B1,B2B1_1,Go straight,1,1,0,0,0,0,0,0
110.0,B1,北,B2B1,B2B1_2,Turn left,1,1,0,1,0,1,0,0
110.0,B1,东,C1B1,C1B1_0,Turn right,0,0,0,0,0,0,0,0
110.0,B1,东,C1B1,C1B1_1,Go straight,0,0,0,0,0,0,0,0
110.0,B1,东,C1B1,C1B1_2,Turn left,0,0,0,0,0,0,0,0
110.0,B2,西,A2B2,A2B2_0,Turn right,1,1,0,1,1,0,0,0
110.0,B2,西,A2B2,A2B2_1,Go straight,1,1,0,0,0,0,0,0
110.0,B2,西,A2B2,A2B2_2,Turn left,1,1,0,0,0,0,0,0
110.0,B2,南,B1B2,B1B2_0,Turn right,0,0,0,0,0,0,0,0
110.0,B2,南,B1B2,B1B2_1,Go straight,0,0,0,0,0,0,0,0
110.0,B2,南,B1B2,B1B2_2,Turn left,0,0,0,0,0,0,0,0
110.0,B2,东,C2B2,C2B2_0,Turn right,0,0,0,0,0,0,0,0
110.0,B2,东,C2B2,C2B2_1,Go straight,0,0,0,0,0,0,0,0
110.0,B2,东,C2B2,C2B2_2,Turn left,0,0,0,0,0,0,0,0
110.0,B2,北,top1B2,top1B2_0,Turn right,2,2,0,1,1,0,0,0
110.0,B2,北,top1B2,top1B2_1,Go straight,2,2,0,0,0,0,0,0
110.0,B2,北,top1B2,top1B2_2,Turn left,2,2,0,1,0,1,0,0
110.0,C0,西,B0C0,B0C0_0,Turn right,0,0,0,0,0,0,0,0
110.0,C0,西,B0C0,B0C0_1,Go straight,0,0,0,0,0,0,0,0
110.0,C0,西,B0C0,B0C0_2,Turn left,0,0,0,0,0,0,0,0
110.0,C0,北,C1C0,C1C0_0,Turn right,1,1,0,0,0,0,0,0
110.0,C0,北,C1C0,C1C0_1,Go straight,1,1,0,0,0,0,0,0
110.0,C0,北,C1C0,C1C0_2,Turn left,1,1,0,1,1,0,0,0
110.0,C0,南,bottom2C0,bottom2C0_0,Turn right,1,1,0,0,0,0,0,0
110.0,C0,南,bottom2C0,bottom2C0_1,Go straight,1,1,0,0,0,0,0,0
110.0,C0,南,bottom2C0,bottom2C0_2,Turn left,1,1,0,1,1,0,0,0
110.0,C0,东,right0C0,right0C0_0,Turn right,1,1,0,0,0,0,0,0
110.0,C0,东,right0C0,right0C0_1,Go straight,1,1,0,1,0,1,0,0
110.0,C0,东,right0C0,right0C0_2,Turn left,1,1,0,0,0,0,0,0
110.0,C1,西,B1C1,B1C1_0,Turn right,2,2,0,1,1,0,0,0
110.0,C1,西,B1C1,B1C1_1,Go straight,2,2,0,0,0,0,0,0
110.0,C1,西,B1C1,B1C1_2,Turn left,2,2,0,1,1,0,0,0
110.0,C1,南,C0C1,C0C1_0,Turn right,1,1,0,0,0,0,0,0
110.0,C1,南,C0C1,C0C1_1,Go straight,1,1,0,0,0,0,0,0
110.0,C1,南,C0C1,C0C1_2,Turn left,1,1,0,1,1,0,0,0
110.0,C1,北,C2C1,C2C1_0,Turn right,1,1,0,1,1,0,0,0
110.0,C1,北,C2C1,C2C1_1,Go straight,1,1,0,0,0,0,0,0
110.0,C1,北,C2C1,C2C1_2,Turn left,1,1,0,0,0,0,0,0
110.0,C1,东,right1C1,right1C1_0,Turn right,0,0,0,0,0,0,0,0
110.0,C1,东,right1C1,right1C1_1,Go straight,0,0,0,0,0,0,0,0
110.0,C1,东,right1C1,right1C1_2,Turn left,0,0,0,0,0,0,0,0
110.0,C2,西,B2C2,B2C2_0,Turn right,1,1,0,0,0,0,0,0
110.0,C2,西,B2C2,B2C2_1,Go straight,1,1,0,0,0,0,0,0
110.0,C2,西,B2C2,B2C2_2,Turn left,1,1,0,1,1,0,0,0
110.0,C2,南,C1C2,C1C2_0,Turn right,1,1,0,0,0,0,0,0
110.0,C2,南,C1C2,C1C2_1,Go straight,1,1,0,0,0,0,0,0
110.0,C2,南,C1C2,C1C2_2,Turn left,1,1,0,1,1,0,0,0
110.0,C2,东,right2C2,right2C2_0,Turn right,1,1,0,0,0,0,0,0
110.0,C2,东,right2C2,right2C2_1,Go straight,1,1,0,1,0,1,0,0
110.0,C2,东,right2C2,right2C2_2,Turn left,1,1,0,0,0,0,0,0
110.0,C2,北,top2C2,top2C2_0,Turn right,0,0,0,0,0,0,0,0
110.0,C2,北,top2C2,top2C2_1,Go straight,0,0,0,0,0,0,0,0
110.0,C2,北,top2C2,top2C2_2,Turn left,0,0,0,0,0,0,0,0
115.0,A0,北,A1A0,A1A0_0,Turn right,0,0,0,0,0,0,0,0
115.0,A0,北,A1A0,A1A0_1,Go straight,0,0,0,0,0,0,0,0
115.0,A0,北,A1A0,A1A0_2,Turn left,0,0,0,0,0,0,0,0
115.0,A0,东,B0A0,B0A0_0,Turn right,0,0,0,0,0,0,0,0
115.0,A0,东,B0A0,B0A0_1,Go straight,0,0,0,0,0,0,0,0
115.0,A0,东,B0A0,B0A0_2,Turn left,0,0,0,0,0,0,0,0
115.0,A0,南,bottom0A0,bottom0A0_0,Turn right,0,0,0,0,0,0,0,0
115.0,A0,南,bottom0A0,bottom0A0_1,Go straight,0,0,0,0,0,0,0,0
115.0,A0,南,bottom0A0,bottom0A0_2,Turn left,0,0,0,0,0,0,0,0
115.0,A0,西,left0A0,left0A0_0,Turn right,6,6,0,0,0,0,0,0
115.0,A0,西,left0A0,left0A0_1,Go straight,6,6,0,3,3,0,0,1
115.0,A0,西,left0A0,left0A0_2,Turn left,6,6,0,3,3,0,1,0
115.0,A1,南,A0A1,A0A1_0,Turn right,6,6,0,0,0,0,0,0
115.0,A1,南,A0A1,A0A1_1,Go straight,6,6,0,5,5,0,0,0
115.0,A1,南,A0A1,A0A1_2,Turn left,6,6,0,1,1,0,0,0
115.0,A1,北,A2A1,A2A1_0,Turn right,0,0,0,0,0,0,0,0
115.0,A1,北,A2A1,A2A1_1,Go straight,0,0,0,0,0,0,0,0
115.0,A1,北,A2A1,A2A1_2,Turn left,0,0,0,0,0,0,0,0
115.0,A1,东,B1A1,B1A1_0,Turn right,0,0,0,0,0,0,0,0
115.0,A1,东,B1A1,B1A1_1,Go straight,0,0,0,0,0,0,0,0
115.0,A1,东,B1A1,B1A1_2,Turn left,0,0,0,0,0,0,0,0
115.0,A1,西,left1A1,left1A1_0,Turn right,0,0,0,0,0,0,0,0
115.0,A1,西,left1A1,left1A1_1,Go straight,0,0,0,0,0,0,0,0
115.0,A1,西,left1A1,left1A1_2,Turn left,0,0,0,0,0,0,0,0
115.0,A2,南,A1A2,A1A2_0,Turn right,1,1,0,0,0,0,0,0
115.0,A2,南,A1A2,A1A2_1,Go straight,1,1,0,1,1,0,0,0
115.0,A2,南,A1A2,A1A2_2,Turn left,1,1,0,0,0,0,0,0
115.0,A2,东,B2A2,B2A2_0,Turn right,0,0,0,0,0,0,0,0
115.0,A2,东,B2A2,B2A2_1,Go straight,0,0,0,0,0,0,0,0
115.0,A2,东,B2A2,B2A2_2,Turn left,0,0,0,0,0,0,0,0
115.0,A2,西,left2A2,left2A2_0,Turn right,1,1,0,1,1,0,0,0
115.0,A2,西,left2A2,left2A2_1,Go straight,1,1,0,0,0,0,0,0
115.0,A2,西,left2A2,left2A2_2,Turn left,1,1,0,0,0,0,0,0
115.0,A2,北,top0A2,top0A2_0,Turn right,6,6,0,1,1,0,0,0
115.0,A2,北,top0A2,top0A2_1,Go straight,6,6,0,2,0,2,0,0
115.0,A2,北,top0A2,top0A2_2,Turn left,6,6,0,3,1,2,0,0
115.0,B0,西,A0B0,A0B0_0,Turn right,2,2,0,0,0,0,0,0
115.0,B0,西,A0B0,A0B0_1,Go straight,2,2,0,0,0,0,0,0
115.0,B0,西,A0B0,A0B0_2,Turn left,2,2,0,2,2,0,0,0
115.0,B0,北,B1B0,B1B0_0,Turn right,0,0,0,0,0,0,0,0
115.0,B0,北,B1B0,B1B0_1,Go straight,0,0,0,0,0,0,0,0
115.0,B0,北,B1B0,B1B0_2,Turn left,0,0,0,0,0,0,0,0
115.0,B0,东,C0B0,C0B0_0,Turn right,0,0,0,0,0,0,0,0
115.0,B0,东,C0B0,C0B0_1,Go straight,0,0,0,0,0,0,0,0
115.0,B0,东,C0B0,C0B0_2,Turn left,0,0,0,0,0,0,0,0
115.0,B0,南,bottom1B0,bottom1B0_0,Turn right,0,0,0,0,0,0,0,0
115.0,B0,南,bottom1B0,bottom1B0_1,Go straight,0,0,0,0,0,0,0,0
115.0,B0,南,bottom1B0,bottom1B0_2,Turn left,0,0,0,0,0,0,0,0
115.0,B1,西,A1B1,A1B1_0,Turn right,0,0,0,0,0,0,0,0
115.0,B1,西,A1B1,A1B1_1,Go straight,0,0,0,0,0,0,0,0
115.0,B1,西,A1B1,A1B1_2,Turn left,0,0,0,0,0,0,0,0
115.0,B1,南,B0B1,B0B1_0,Turn right,2,2,0,1,1,0,0,0
115.0,B1,南,B0B1,B0B1_1,Go straight,2,2,0,1,1,0,0,0
115.0,B1,南,B0B1,B0B1_2,Turn left,2,2,0,0,0,0,0,0
115.0,B1,北,B2B1,B2B1_0,Turn right,1,1,0,0,0,0,0,0
115.0,B1,北,B2B1,B2B1_1,Go straight,1,1,0,0,0,0,0,0
115.0,B1,北,B2B1,B2B1_2,Turn left,1,1,0,1,0,1,0,0
115.0,B1,东,C1B1,C1B1_0,Turn right,1,1,1,0,0,0,0,0
115.0,B1,东,C1B1,C1B1_1,Go straight,1,1,1,0,0,0,0,0
115.0,B1,东,C1B1,C1B1_2,Turn left,1,1,1,1,1,0,0,0
115.0,B2,西,A2B2,A2B2_0,Turn right,2,2,1,1,1,0,0,0
115.0,B2,西,A2B2,A2B2_1,Go straight,2,2,1,0,0,0,0,0
115.0,B2,西,A2B2,A2B2_2,Turn left,2,2,1,1,1,0,0,0
115.0,B2,南,B1B2,B1B2_0,Turn right,0,0,0,0,0,0,0,0
115.0,B2,南,B1B2,B1B2_1,Go straight,0,0,0,0,0,0,0,0
115.0,B2,南,B1B2,B1B2_2,Turn left,0,0,0,0,0,0,0,0
115.0,B2,东,C2B2,C2B2_0,Turn right,0,0,0,0,0,0,0,0
115.0,B2,东,C2B2,C2B2_1,Go straight,0,0,0,0,0,0,0,0
115.0,B2,东,C2B2,C2B2_2,Turn left,0,0,0,0,0,0,0,0
115.0,B2,北,top1B2,top1B2_0,Turn right,3,3,1,1,1,0,0,0
115.0,B2,北,top1B2,top1B2_1,Go straight,3,3,1,1,1,0,0,0
115.0,B2,北,top1B2,top1B2_2,Turn left,3,3,1,1,0,1,0,0
115.0,C0,西,B0C0,B0C0_0,Turn right,0,0,0,0,0,0,0,0
115.0,C0,西,B0C0,B0C0_1,Go straight,0,0,0,0,0,0,0,0
115.0,C0,西,B0C0,B0C0_2,Turn left,0,0,0,0,0,0,0,0
115.0,C0,北,C1C0,C1C0_0,Turn right,1,1,0,0,0,0,0,0
115.0,C0,北,C1C0,C1C0_1,Go straight,1,1,0,0,0,0,0,0
115.0,C0,北,C1C0,C1C0_2,Turn left,1,1,0,1,0,1,0,0
115.0,C0,南,bottom2C0,bottom2C0_0,Turn right,1,1,0,0,0,0,0,0
115.0,C0,南,bottom2C0,bottom2C0_1,Go straight,1,1,0,0,0,0,0,0
115.0,C0,南,bottom2C0,bottom2C0_2,Turn left,1,1,0,1,1,0,0,0
115.0,C0,东,right0C0,right0C0_0,Turn right,0,0,0,0,0,0,0,0
115.0,C0,东,right0C0,right0C0_1,Go straight,0,0,0,0,0,0,0,0
115.0,C0,东,right0C0,right0C0_2,Turn left,0,0,0,0,0,0,0,0
115.0,C1,西,B1C1,B1C1_0,Turn right,2,2,0,1,1,0,0,0
115.0,C1,西,B1C1,B1C1_1,Go straight,2,2,0,0,0,0,0,0
115.0,C1,西,B1C1,B1C1_2,Turn left,2,2,0,1,1,0,0,0
115.0,C1,南,C0C1,C0C1_0,Turn right,1,1,0,0,0,0,0,0
115.0,C1,南,C0C1,C0C1_1,Go straight,1,1,0,0,0,0,0,0
115.0,C1,南,C0C1,C0C1_2,Turn left,1,1,0,1,1,0,0,0
115.0,C1,北,C2C1,C2C1_0,Turn right,0,0,0,0,0,0,0,0
115.0,C1,北,C2C1,C2C1_1,Go straight,0,0,0,0,0,0,0,0
115.0,C1,北,C2C1,C2C1_2,Turn left,0,0,0,0,0,0,0,0
115.0,C1,东,right1C1,right1C1_0,Turn right,0,0,0,0,0,0,0,0
115.0,C1,东,right1C1,right1C1_1,Go straight,0,0,0,0,0,0,0,0
115.0,C1,东,right1C1,right1C1_2,Turn left,0,0,0,0,0,0,0,0
115.0,C2,西,B2C2,B2C2_0,Turn right,1,1,0,0,0,0,0,0
115.0,C2,西,B2C2,B2C2_1,Go straight,1,1,0,0,0,0,0,0
115.0,C2,西,B2C2,B2C2_2,Turn left,1,1,0,1,1,0,0,0
115.0,C2,南,C1C2,C1C2_0,Turn right,1,1,0,0,0,0,0,0
115.0,C2,南,C1C2,C1C2_1,Go straight,1,1,0,0,0,0,0,0
115.0,C2,南,C1C2,C1C2_2,Turn left,1,1,0,1,1,0,0,0
115.0,C2,东,right2C2,right2C2_0,Turn right,0,0,0,0,0,0,0,0
115.0,C2,东,right2C2,right2C2_1,Go straight,0,0,0,0,0,0,0,0
115.0,C2,东,right2C2,right2C2_2,Turn left,0,0,0,0,0,0,0,0
115.0,C2,北,top2C2,top2C2_0,Turn right,0,0,0,0,0,0,0,0
115.0,C2,北,top2C2,top2C2_1,Go straight,0,0,0,0,0,0,0,0
115.0,C2,北,top2C2,top2C2_2,Turn left,0,0,0,0,0,0,0,0
120.0,A0,北,A1A0,A1A0_0,Turn right,0,0,0,0,0,0,0,0
120.0,A0,北,A1A0,A1A0_1,Go straight,0,0,0,0,0,0,0,0
120.0,A0,北,A1A0,A1A0_2,Turn left,0,0,0,0,0,0,0,0
120.0,A0,东,B0A0,B0A0_0,Turn right,0,0,0,0,0,0,0,0
120.0,A0,东,B0A0,B0A0_1,Go straight,0,0,0,0,0,0,0,0
120.0,A0,东,B0A0,B0A0_2,Turn left,0,0,0,0,0,0,0,0
120.0,A0,南,bottom0A0,bottom0A0_0,Turn right,1,1,1,0,0,0,0,1
120.0,A0,南,bottom0A0,bottom0A0_1,Go straight,1,1,1,1,1,0,1,0
120.0,A0,南,bottom0A0,bottom0A0_2,Turn left,1,1,1,0,0,0,0,0
120.0,A0,西,left0A0,left0A0_0,Turn right,6,6,0,0,0,0,0,0
120.0,A0,西,left0A0,left0A0_1,Go straight,6,6,0,3,2,1,0,0
120.0,A0,西,left0A0,left0A0_2,Turn left,6,6,0,3,3,0,0,0
120.0,A1,南,A0A1,A0A1_0,Turn right,6,6,0,0,0,0,0,0
120.0,A1,南,A0A1,A0A1_1,Go straight,6,6,0,5,2,3,0,0
120.0,A1,南,A0A1,A0A1_2,Turn left,6,6,0,1,0,1,0,0
120.0,A1,北,A2A1,A2A1_0,Turn right,0,0,0,0,0,0,0,0
120.0,A1,北,A2A1,A2A1_1,Go straight,0,0,0,0,0,0,0,0
120.0,A1,北,A2A1,A2A1_2,Turn left,0,0,0,0,0,0,0,0
120.0,A1,东,B1A1,B1A1_0,Turn right,0,0,0,0,0,0,0,0
120.0,A1,东,B1A1,B1A1_1,Go straight,0,0,0,0,0,0,0,0
120.0,A1,东,B1A1,B1A1_2,Turn left,0,0,0,0,0,0,0,0
120.0,A1,西,left1A1,left1A1_0,Turn right,0,0,0,0,0,0,0,0
120.0,A1,西,left1A1,left1A1_1,Go straight,0,0,0,0,0,0,0,0
120.0,A1,西,left1A1,left1A1_2,Turn left,0,0,0,0,0,0,0,0
120.0,A2,南,A1A2,A1A2_0,Turn right,1,1,0,0,0,0,0,0
120.0,A2,南,A1A2,A1A2_1,Go straight,1,1,0,1,1,0,0,0
120.0,A2,南,A1A2,A1A2_2,Turn left,1,1,0,0,0,0,0,0
120.0,A2,东,B2A2,B2A2_0,Turn right,0,0,0,0,0,0,0,0
120.0,A2,东,B2A2,B2A2_1,Go straight,0,0,0,0,0,0,0,0
120.0,A2,东,B2A2,B2A2_2,Turn left,0,0,0,0,0,0,0,0
120.0,A2,西,left2A2,left2A2_0,Turn right,1,1,0,1,1,0,0,0
120.0,A2,西,left2A2,left2A2_1,Go straight,1,1,0,0,0,0,0,0
120.0,A2,西,left2A2,left2A2_2,Turn left,1,1,0,0,0,0,0,0
120.0,A2,北,top0A2,top0A2_0,Turn right,5,5,0,0,0,0,0,0
120.0,A2,北,top0A2,top0A2_1,Go straight,5,5,0,2,0,2,0,0
120.0,A2,北,top0A2,top0A2_2,Turn left,5,5,0,3,1,2,0,0
120.0,B0,西,A0B0,A0B0_0,Turn right,2,2,0,0,0,0,0,0
120.0,B0,西,A0B0,A0B0_1,Go straight,2,2,0,0,0,0,0,0
120.0,B0,西,A0B0,A0B0_2,Turn left,2,2,0,2,2,0,0,0
120.0,B0,北,B1B0,B1B0_0,Turn right,0,0,0,0,0,0,0,0
120.0,B0,北,B1B0,B1B0_1,Go straight,0,0,0,0,0,0,0,0
120.0,B0,北,B1B0,B1B0_2,Turn left,0,0,0,0,0,0,0,0
120.0,B0,东,C0B0,C0B0_0,Turn right,1,1,1,0,0,0,0,0
120.0,B0,东,C0B0,C0B0_1,Go straight,1,1,1,1,1,0,0,0
120.0,B0,东,C0B0,C0B0_2,Turn left,1,1,1,0,0,0,0,0
120.0,B0,南,bottom1B0,bottom1B0_0,Turn right,0,0,0,0,0,0,0,0
120.0,B0,南,bottom1B0,bottom1B0_1,Go straight,0,0,0,0,0,0,0,0
120.0,B0,南,bottom1B0,bottom1B0_2,Turn left,0,0,0,0,0,0,0,0
120.0,B1,西,A1B1,A1B1_0,Turn right,0,0,0,0,0,0,0,0
120.0,B1,西,A1B1,A1B1_1,Go straight,0,0,0,0,0,0,0,0
120.0,B1,西,A1B1,A1B1_2,Turn left,0,0,0,0,0,0,0,0
120.0,B1,南,B0B1,B0B1_0,Turn right,2,2,0,1,1,0,0,0
120.0,B1,南,B0B1,B0B1_1,Go straight,2,2,0,1,1,0,0,0
120.0,B1,南,B0B1,B0B1_2,Turn left,2,2,0,0,0,0,0,0
120.0,B1,北,B2B1,B2B1_0,Turn right,1,1,0,0,0,0,0,0
120.0,B1,北,B2B1,B2B1_1,Go straight,1,1,0,0,0,0,0,0
120.0,B1,北,B2B1,B2B1_2,Turn left,1,1,0,1,0,1,0,0
120.0,B1,东,C1B1,C1B1_0,Turn right,1,1,0,0,0,0,0,0
120.0,B1,东,C1B1,C1B1_1,Go straight,1,1,0,0,0,0,0,0
120.0,B1,东,C1B1,C1B1_2,Turn left,1,1,0,1,1,0,0,0
120.0,B2,西,A2B2,A2B2_0,Turn right,2,2,0,1,1,0,0,0
120.0,B2,西,A2B2,A2B2_1,Go straight,2,2,0,0,0,0,0,0
120.0,B2,西,A2B2,A2B2_2,Turn left,2,2,0,1,1,0,0,0
120.0,B2,南,B1B2,B1B2_0,Turn right,0,0,0,0,0,0,0,0
120.0,B2,南,B1B2,B1B2_1,Go straight,0,0,0,0,0,0,0,0
120.0,B2,南,B1B2,B1B2_2,Turn left,0,0,0,0,0,0,0,0
120.0,B2,东,C2B2,C2B2_0,Turn right,1,1,1,0,0,0,0,0
120.0,B2,东,C2B2,C2B2_1,Go straight,1,1,1,1,1,0,0,0
120.0,B2,东,C2B2,C2B2_2,Turn left,1,1,1,0,0,0,0,0
120.0,B2,北,top1B2,top1B2_0,Turn right,3,3,0,1,1,0,0,0
120.0,B2,北,top1B2,top1B2_1,Go straight,3,3,0,0,0,0,0,1
120.0,B2,北,top1B2,top1B2_2,Turn left,3,3,0,2,1,1,1,0
120.0,C0,西,B0C0,B0C0_0,Turn right,0,0,0,0,0,0,0,0
120.0,C0,西,B0C0,B0C0_1,Go straight,0,0,0,0,0,0,0,0
120.0,C0,西,B0C0,B0C0_2,Turn left,0,0,0,0,0,0,0,0
120.0,C0,北,C1C0,C1C0_0,Turn right,1,1,0,0,0,0,0,0
120.0,C0,北,C1C0,C1C0_1,Go straight,1,1,0,0,0,0,0,0
120.0,C0,北,C1C0,C1C0_2,Turn left,1,1,0,1,0,1,0,0
120.0,C0,南,bottom2C0,bottom2C0_0,Turn right,1,1,0,0,0,0,0,0
120.0,C0,南,bottom2C0,bottom2C0_1,Go straight,1,1,0,0,0,0,0,0
120.0,C0,南,bottom2C0,bottom2C0_2,Turn left,1,1,0,1,1,0,0,0
120.0,C0,东,right0C0,right0C0_0,Turn right,0,0,0,0,0,0,0,0
120.0,C0,东,right0C0,right0C0_1,Go straight,0,0,0,0,0,0,0,0
120.0,C0,东,right0C0,right0C0_2,Turn left,0,0,0,0,0,0,0,0
120.0,C1,西,B1C1,B1C1_0,Turn right,3,3,1,1,1,0,0,0
120.0,C1,西,B1C1,B1C1_1,Go straight,3,3,1,0,0,0,0,0
120.0,C1,西,B1C1,B1C1_2,Turn left,3,3,1,2,2,0,0,0
120.0,C1,南,C0C1,C0C1_0,Turn right,1,1,0,0,0,0,0,0
120.0,C1,南,C0C1,C0C1_1,Go straight,1,1,0,0,0,0,0,0
120.0,C1,南,C0C1,C0C1_2,Turn left,1,1,0,1,1,0,0,0
120.0,C1,北,C2C1,C2C1_0,Turn right,0,0,0,0,0,0,0,0
120.0,C1,北,C2C1,C2C1_1,Go straight,0,0,0,0,0,0,0,0
120.0,C1,北,C2C1,C2C1_2,Turn left,0,0,0,0,0,0,0,0
120.0,C1,东,right1C1,right1C1_0,Turn right,0,0,0,0,0,0,0,0
120.0,C1,东,right1C1,right1C1_1,Go straight,0,0,0,0,0,0,0,0
120.0,C1,东,right1C1,right1C1_2,Turn left,0,0,0,0,0,0,0,0
120.0,C2,西,B2C2,B2C2_0,Turn right,1,1,0,0,0,0,0,0
120.0,C2,西,B2C2,B2C2_1,Go straight,1,1,0,0,0,0,0,0
120.0,C2,西,B2C2,B2C2_2,Turn left,1,1,0,1,1,0,0,0
120.0,C2,南,C1C2,C1C2_0,Turn right,1,1,0,0,0,0,0,0
120.0,C2,南,C1C2,C1C2_1,Go straight,1,1,0,0,0,0,0,0
120.0,C2,南,C1C2,C1C2_2,Turn left,1,1,0,1,1,0,0,0
120.0,C2,东,right2C2,right2C2_0,Turn right,0,0,0,0,0,0,0,0
120.0,C2,东,right2C2,right2C2_1,Go straight,0,0,0,0,0,0,0,0
120.0,C2,东,right2C2,right2C2_2,Turn left,0,0,0,0,0,0,0,0
120.0,C2,北,top2C2,top2C2_0,Turn right,0,0,0,0,0,0,0,0
120.0,C2,北,top2C2,top2C2_1,Go straight,0,0,0,0,0,0,0,0
120.0,C2,北,top2C2,top2C2_2,Turn left,0,0,0,0,0,0,0,0
125.0,A0,北,A1A0,A1A0_0,Turn right,0,0,0,0,0,0,0,0
125.0,A0,北,A1A0,A1A0_1,Go straight,0,0,0,0,0,0,0,0
125.0,A0,北,A1A0,A1A0_2,Turn left,0,0,0,0,0,0,0,0
125.0,A0,东,B0A0,B0A0_0,Turn right,0,0,0,0,0,0,0,0
125.0,A0,东,B0A0,B0A0_1,Go straight,0,0,0,0,0,0,0,0
125.0,A0,东,B0A0,B0A0_2,Turn left,0,0,0,0,0,0,0,0
125.0,A0,南,bottom0A0,bottom0A0_0,Turn right,1,1,0,0,0,0,0,0
125.0,A0,南,bottom0A0,bottom0A0_1,Go straight,1,1,0,1,1,0,0,0
125.0,A0,南,bottom0A0,bottom0A0_2,Turn left,1,1,0,0,0,0,0,0
125.0,A0,西,left0A0,left0A0_0,Turn right,7,7,1,0,0,0,0,1
125.0,A0,西,left0A0,left0A0_1,Go straight,7,7,1,4,3,1,1,0
125.0,A0,西,left0A0,left0A0_2,Turn left,7,7,1,3,3,0,0,0
125.0,A1,南,A0A1,A0A1_0,Turn right,5,5,0,0,0,0,0,0
125.0,A1,南,A0A1,A0A1_1,Go straight,5,5,0,4,3,1,0,0
125.0,A1,南,A0A1,A0A1_2,Turn left,5,5,0,1,0,1,0,0
125.0,A1,北,A2A1,A2A1_0,Turn right,0,0,0,0,0,0,0,0
125.0,A1,北,A2A1,A2A1_1,Go straight,0,0,0,0,0,0,0,0
125.0,A1,北,A2A1,A2A1_2,Turn left,0,0,0,0,0,0,0,0
125.0,A1,东,B1A1,B1A1_0,Turn right,0,0,0,0,0,0,0,0
125.0,A1,东,B1A1,B1A1_1,Go straight,0,0,0,0,0,0,0,0
125.0,A1,东,B1A1,B1A1_2,Turn left,0,0,0,0,0,0,0,0
125.0,A1,西,left1A1,left1A1_0,Turn right,0,0,0,0,0,0,0,0
125.0,A1,西,left1A1,left1A1_1,Go straight,0,0,0,0,0,0,0,0
125.0,A1,西,left1A1,left1A1_2,Turn left,0,0,0,0,0,0,0,0
125.0,A2,南,A1A2,A1A2_0,Turn right,0,0,0,0,0,0,0,0
125.0,A2,南,A1A2,A1A2_1,Go straight,0,0,0,0,0,0,0,0
125.0,A2,南,A1A2,A1A2_2,Turn left,0,0,0,0,0,0,0,0
125.0,A2,东,B2A2,B2A2_0,Turn right,0,0,0,0,0,0,0,0
125.0,A2,东,B2A2,B2A2_1,Go straight,0,0,0,0,0,0,0,0
125.0,A2,东,B2A2,B2A2_2,Turn left,0,0,0,0,0,0,0,0
125.0,A2,西,left2A2,left2A2_0,Turn right,1,1,0,1,1,0,0,0
125.0,A2,西,left2A2,left2A2_1,Go straight,1,1,0,0,0,0,0,0
125.0,A2,西,left2A2,left2A2_2,Turn left,1,1,0,0,0,0,0,0
125.0,A2,北,top0A2,top0A2_0,Turn right,4,4,0,0,0,0,0,0
125.0,A2,北,top0A2,top0A2_1,Go straight,4,4,0,2,2,0,1,0
125.0,A2,北,top0A2,top0A2_2,Turn left,4,4,0,2,0,2,0,1
125.0,B0,西,A0B0,A0B0_0,Turn right,2,2,0,0,0,0,0,0
125.0,B0,西,A0B0,A0B0_1,Go straight,2,2,0,0,0,0,0,0
125.0,B0,西,A0B0,A0B0_2,Turn left,2,2,0,2,2,0,0,0
125.0,B0,北,B1B0,B1B0_0,Turn right,0,0,0,0,0,0,0,0
125.0,B0,北,B1B0,B1B0_1,Go straight,0,0,0,0,0,0,0,0
125.0,B0,北,B1B0,B1B0_2,Turn left,0,0,0,0,0,0,0,0
125.0,B0,东,C0B0,C0B0_0,Turn right,1,1,0,0,0,0,0,0
125.0,B0,东,C0B0,C0B0_1,Go straight,1,1,0,1,1,0,0,0
125.0,B0,东,C0B0,C0B0_2,Turn left,1,1,0,0,0,0,0,0
125.0,B0,南,bottom1B0,bottom1B0_0,Turn right,0,0,0,0,0,0,0,0
125.0,B0,南,bottom1B0,bottom1B0_1,Go straight,0,0,0,0,0,0,0,0
125.0,B0,南,bottom1B0,bottom1B0_2,Turn left,0,0,0,0,0,0,0,0
125.0,B1,西,A1B1,A1B1_0,Turn right,0,0,0,0,0,0,0,0
125.0,B1,西,A1B1,A1B1_1,Go straight,0,0,0,0,0,0,0,0
125.0,B1,西,A1B1,A1B1_2,Turn left,0,0,0,0,0,0,0,0
125.0,B1,南,B0B1,B0B1_0,Turn right,0,0,0,0,0,0,0,0
125.0,B1,南,B0B1,B0B1_1,Go straight,0,0,0,0,0,0,0,0
125.0,B1,南,B0B1,B0B1_2,Turn left,0,0,0,0,0,0,0,0
125.0,B1,北,B2B1,B2B1_0,Turn right,1,1,0,0,0,0,0,0
125.0,B1,北,B2B1,B2B1_1,Go straight,1,1,0,0,0,0,0,0
125.0,B1,北,B2B1,B2B1_2,Turn left,1,1,0,1,0,1,0,0
125.0,B1,东,C1B1,C1B1_0,Turn right,1,1,0,0,0,0,0,0
125.0,B1,东,C1B1,C1B1_1,Go straight,1,1,0,0,0,0,0,0
125.0,B1,东,C1B1,C1B1_2,Turn left,1,1,0,1,1,0,0,0
125.0,B2,西,A2B2,A2B2_0,Turn right,1,1,0,0,0,0,0,0
125.0,B2,西,A2B2,A2B2_1,Go straight,1,1,0,0,0,0,0,0
125.0,B2,西,A2B2,A2B2_2,Turn left,1,1,0,1,1,0,0,0
125.0,B2,南,B1B2,B1B2_0,Turn right,0,0,0,0,0,0,0,0
125.0,B2,南,B1B2,B1B2_1,Go straight,0,0,0,0,0,0,0,0
125.0,B2,南,B1B2,B1B2_2,Turn left,0,0,0,0,0,0,0,0
125.0,B2,东,C2B2,C2B2_0,Turn right,1,1,0,0,0,0,0,0
125.0,B2,东,C2B2,C2B2_1,Go straight,1,1,0,1,1,0,0,0
125.0,B2,东,C2B2,C2B2_2,Turn left,1,1,0,0,0,0,0,0
125.0,B2,北,top1B2,top1B2_0,Turn right,2,2,0,0,0,0,0,0
125.0,B2,北,top1B2,top1B2_1,Go straight,2,2,0,0,0,0,0,0
125.0,B2,北,top1B2,top1B2_2,Turn left,2,2,0,2,1,1,0,0
125.0,C0,西,B0C0,B0C0_0,Turn right,0,0,0,0,0,0,0,0
125.0,C0,西,B0C0,B0C0_1,Go straight,0,0,0,0,0,0,0,0
125.0,C0,西,B0C0,B0C0_2,Turn left,0,0,0,0,0,0,0,0
125.0,C0,北,C1C0,C1C0_0,Turn right,1,1,0,0,0,0,0,0
125.0,C0,北,C1C0,C1C0_1,Go straight,1,1,0,0,0,0,0,0
125.0,C0,北,C1C0,C1C0_2,Turn left,1,1,0,1,0,1,0,0
125.0,C0,南,bottom2C0,bottom2C0_0,Turn right,1,1,0,0,0,0,0,0
125.0,C0,南,bottom2C0,bottom2C0_1,Go straight,1,1,0,0,0,0,0,0
125.0,C0,南,bottom2C0,bottom2C0_2,Turn left,1,1,0,1,0,1,0,0
125.0,C0,东,right0C0,right0C0_0,Turn right,2,2,2,1,1,0,0,1
125.0,C0,东,right0C0,right0C0_1,Go straight,2,2,2,1,1,0,1,0
125.0,C0,东,right0C0,right0C0_2,Turn left,2,2,2,0,0,0,0,0
125.0,C1,西,B1C1,B1C1_0,Turn right,4,4,1,1,1,0,0,0
125.0,C1,西,B1C1,B1C1_1,Go straight,4,4,1,0,0,0,0,0
125.0,C1,西,B1C1,B1C1_2,Turn left,4,4,1,3,3,0,0,0
125.0,C1,南,C0C1,C0C1_0,Turn right,1,1,0,0,0,0,0,0
125.0,C1,南,C0C1,C0C1_1,Go straight,1,1,0,0,0,0,0,0
125.0,C1,南,C0C1,C0C1_2,Turn left,1,1,0,1,1,0,0,0
125.0,C1,北,C2C1,C2C1_0,Turn right,0,0,0,0,0,0,0,0
125.0,C1,北,C2C1,C2C1_1,Go straight,0,0,0,0,0,0,0,0
125.0,C1,北,C2C1,C2C1_2,Turn left,0,0,0,0,0,0,0,0
125.0,C1,东,right1C1,right1C1_0,Turn right,0,0,0,0,0,0,0,0
125.0,C1,东,right1C1,right1C1_1,Go straight,0,0,0,0,0,0,0,0
125.0,C1,东,right1C1,right1C1_2,Turn left,0,0,0,0,0,0,0,0
125.0,C2,西,B2C2,B2C2_0,Turn right,1,1,0,0,0,0,0,0
125.0,C2,西,B2C2,B2C2_1,Go straight,1,1,0,0,0,0,0,0
125.0,C2,西,B2C2,B2C2_2,Turn left,1,1,0,1,0,1,0,0
125.0,C2,南,C1C2,C1C2_0,Turn right,1,1,0,0,0,0,0,0
125.0,C2,南,C1C2,C1C2_1,Go straight,1,1,0,0,0,0,0,0
125.0,C2,南,C1C2,C1C2_2,Turn left,1,1,0,1,1,0,0,0
125.0,C2,东,right2C2,right2C2_0,Turn right,0,0,0,0,0,0,0,0
125.0,C2,东,right2C2,right2C2_1,Go straight,0,0,0,0,0,0,0,0
125.0,C2,东,right2C2,right2C2_2,Turn left,0,0,0,0,0,0,0,0
125.0,C2,北,top2C2,top2C2_0,Turn right,0,0,0,0,0,0,0,0
125.0,C2,北,top2C2,top2C2_1,Go straight,0,0,0,0,0,0,0,0
125.0,C2,北,top2C2,top2C2_2,Turn left,0,0,0,0,0,0,0,0
130.0,A0,北,A1A0,A1A0_0,Turn right,0,0,0,0,0,0,0,0
130.0,A0,北,A1A0,A1A0_1,Go straight,0,0,0,0,0,0,0,0
130.0,A0,北,A1A0,A1A0_2,Turn left,0,0,0,0,0,0,0,0
130.0,A0,东,B0A0,B0A0_0,Turn right,0,0,0,0,0,0,0,0
130.0,A0,东,B0A0,B0A0_1,Go straight,0,0,0,0,0,0,0,0
130.0,A0,东,B0A0,B0A0_2,Turn left,0,0,0,0,0,0,0,0
130.0,A0,南,bottom0A0,bottom0A0_0,Turn right,1,1,0,0,0,0,0,0
130.0,A0,南,bottom0A0,bottom0A0_1,Go straight,1,1,0,1,1,0,0,0
130.0,A0,南,bottom0A0,bottom0A0_2,Turn left,1,1,0,0,0,0,0,0
130.0,A0,西,left0A0,left0A0_0,Turn right,7,7,0,0,0,0,0,0
130.0,A0,西,left0A0,left0A0_1,Go straight,7,7,0,4,1,3,0,0
130.0,A0,西,left0A0,left0A0_2,Turn left,7,7,0,3,2,1,0,0
130.0,A1,南,A0A1,A0A1_0,Turn right,3,3,0,0,0,0,0,0
130.0,A1,南,A0A1,A0A1_1,Go straight,3,3,0,2,2,0,0,0
130.0,A1,南,A0A1,A0A1_2,Turn left,3,3,0,1,0,1,0,0
130.0,A1,北,A2A1,A2A1_0,Turn right,1,1,1,0,0,0,0,0
130.0,A1,北,A2A1,A2A1_1,Go straight,1,1,1,0,0,0,0,0
130.0,A1,北,A2A1,A2A1_2,Turn left,1,1,1,1,1,0,0,0
130.0,A1,东,B1A1,B1A1_0,Turn right,0,0,0,0,0,0,0,0
130.0,A1,东,B1A1,B1A1_1,Go straight,0,0,0,0,0,0,0,0
130.0,A1,东,B1A1,B1A1_2,Turn left,0,0,0,0,0,0,0,0
130.0,A1,西,left1A1,left1A1_0,Turn right,0,0,0,0,0,0,0,0
130.0,A1,西,left1A1,left1A1_1,Go straight,0,0,0,0,0,0,0,0
130.0,A1,西,left1A1,left1A1_2,Turn left,0,0,0,0,0,0,0,0
130.0,A2,南,A1A2,A1A2_0,Turn right,1,1,1,1,1,0,0,0
130.0,A2,南,A1A2,A1A2_1,Go straight,1,1,1,0,0,0,0,0
130.0,A2,南,A1A2,A1A2_2,Turn left,1,1,1,0,0,0,0,0
130.0,A2,东,B2A2,B2A2_0,Turn right,1,1,1,1,1,0,0,0
130.0,A2,东,B2A2,B2A2_1,Go straight,1,1,1,0,0,0,0,0
130.0,A2,东,B2A2,B2A2_2,Turn left,1,1,1,0,0,0,0,0
130.0,A2,西,left2A2,left2A2_0,Turn right,1,1,0,1,1,0,0,0
130.0,A2,西,left2A2,left2A2_1,Go straight,1,1,0,0,0,0,0,0
130.0,A2,西,left2A2,left2A2_2,Turn left,1,1,0,0,0,0,0,0
130.0,A2,北,top0A2,top0A2_0,Turn right,3,3,0,0,0,0,0,0
130.0,A2,北,top0A2,top0A2_1,Go straight,3,3,0,1,1,0,0,0
130.0,A2,北,top0A2,top0A2_2,Turn left,3,3,0,2,0,2,0,0
130.0,B0,西,A0B0,A0B0_0,Turn right,2,2,0,0,0,0,0,0
130.0,B0,西,A0B0,A0B0_1,Go straight,2,2,0,0,0,0,0,0
130.0,B0,西,A0B0,A0B0_2,Turn left,2,2,0,2,1,1,0,0
130.0,B0,北,B1B0,B1B0_0,Turn right,0,0,0,0,0,0,0,0
130.0,B0,北,B1B0,B1B0_1,Go straight,0,0,0,0,0,0,0,0
130.0,B0,北,B1B0,B1B0_2,Turn left,0,0,0,0,0,0,0,0
130.0,B0,东,C0B0,C0B0_0,Turn right,1,1,0,0,0,0,0,0
130.0,B0,东,C0B0,C0B0_1,Go straight,1,1,0,1,1,0,0,0
130.0,B0,东,C0B0,C0B0_2,Turn left,1,1,0,0,0,0,0,0
130.0,B0,南,bottom1B0,bottom1B0_0,Turn right,0,0,0,0,0,0,0,0
130.0,B0,南,bottom1B0,bottom1B0_1,Go straight,0,0,0,0,0,0,0,0
130.0,B0,南,bottom1B0,bottom1B0_2,Turn left,0,0,0,0,0,0,0,0
130.0,B1,西,A1B1,A1B1_0,Turn right,0,0,0,0,0,0,0,0
130.0,B1,西,A1B1,A1B1_1,Go straight,0,0,0,0,0,0,0,0
130.0,B1,西,A1B1,A1B1_2,Turn left,0,0,0,0,0,0,0,0
130.0,B1,南,B0B1,B0B1_0,Turn right,0,0,0,0,0,0,0,0
130.0,B1,南,B0B1,B0B1_1,Go straight,0,0,0,0,0,0,0,0
130.0,B1,南,B0B1,B0B1_2,Turn left,0,0,0,0,0,0,0,0
130.0,B1,北,B2B1,B2B1_0,Turn right,2,2,1,0,0,0,0,0
130.0,B1,北,B2B1,B2B1_1,Go straight,2,2,1,1,1,0,0,0
130.0,B1,北,B2B1,B2B1_2,Turn left,2,2,1,1,0,1,0,0
130.0,B1,东,C1B1,C1B1_0,Turn right,1,1,0,0,0,0,0,0
130.0,B1,东,C1B1,C1B1_1,Go straight,1,1,0,0,0,0,0,0
130.0,B1,东,C1B1,C1B1_2,Turn left,1,1,0,1,1,0,0,0
130.0,B2,西,A2B2,A2B2_0,Turn right,1,1,0,0,0,0,0,0
130.0,B2,西,A2B2,A2B2_1,Go straight,1,1,0,0,0,0,0,0
130.0,B2,西,A2B2,A2B2_2,Turn left,1,1,0,1,1,0,0,0
130.0,B2,南,B1B2,B1B2_0,Turn right,1,1,1,0,0,0,0,0
130.0,B2,南,B1B2,B1B2_1,Go straight,1,1,1,1,1,0,0,0
130.0,B2,南,B1B2,B1B2_2,Turn left,1,1,1,0,0,0,0,0
130.0,B2,东,C2B2,C2B2_0,Turn right,1,1,0,0,0,0,0,0
130.0,B2,东,C2B2,C2B2_1,Go straight,1,1,0,1,1,0,0,0
130.0,B2,东,C2B2,C2B2_2,Turn left,1,1,0,0,0,0,0,0
130.0,B2,北,top1B2,top1B2_0,Turn right,2,2,0,0,0,0,0,0
130.0,B2,北,top1B2,top1B2_1,Go straight,2,2,0,0,0,0,0,0
130.0,B2,北,top1B2,top1B2_2,Turn left,2,2,0,2,1,1,0,0
130.0,C0,西,B0C0,B0C0_0,Turn right,0,0,0,0,0,0,0,0
130.0,C0,西,B0C0,B0C0_1,Go straight,0,0,0,0,0,0,0,0
130.0,C0,西,B0C0,B0C0_2,Turn left,0,0,0,0,0,0,0,0
130.0,C0,北,C1C0,C1C0_0,Turn right,1,1,0,0,0,0,0,0
130.0,C0,北,C1C0,C1C0_1,Go straight,1,1,0,0,0,0,0,0
130.0,C0,北,C1C0,C1C0_2,Turn left,1,1,0,1,0,1,0,0
130.0,C0,南,bottom2C0,bottom2C0_0,Turn right,1,1,0,0,0,0,0,0
130.0,C0,南,bottom2C0,bottom2C0_1,Go straight,1,1,0,0,0,0,0,0
130.0,C0,南,bottom2C0,bottom2C0_2,Turn left,1,1,0,1,0,1,0,0
130.0,C0,东,right0C0,right0C0_0,Turn right,2,2,0,0,0,0,0,1
130.0,C0,东,right0C0,right0C0_1,Go straight,2,2,0,1,1,0,1,1
130.0,C0,东,right0C0,right0C0_2,Turn left,2,2,0,1,1,0,1,0
130.0,C1,西,B1C1,B1C1_0,Turn right,3,3,0,0,0,0,0,0
130.0,C1,西,B1C1,B1C1_1,Go straight,3,3,0,0,0,0,0,0
130.0,C1,西,B1C1,B1C1_2,Turn left,3,3,0,3,2,1,0,0
130.0,C1,南,C0C1,C0C1_0,Turn right,1,1,0,0,0,0,0,0
130.0,C1,南,C0C1,C0C1_1,Go straight,1,1,0,0,0,0,0,0
130.0,C1,南,C0C1,C0C1_2,Turn left,1,1,0,1,0,1,0,0
130.0,C1,北,C2C1,C2C1_0,Turn right,0,0,0,0,0,0,0,0
130.0,C1,北,C2C1,C2C1_1,Go straight,0,0,0,0,0,0,0,0
130.0,C1,北,C2C1,C2C1_2,Turn left,0,0,0,0,0,0,0,0
130.0,C1,东,right1C1,right1C1_0,Turn right,0,0,0,0,0,0,0,0
130.0,C1,东,right1C1,right1C1_1,Go straight,0,0,0,0,0,0,0,0
130.0,C1,东,right1C1,right1C1_2,Turn left,0,0,0,0,0,0,0,0
130.0,C2,西,B2C2,B2C2_0,Turn right,1,1,0,0,0,0,0,0
130.0,C2,西,B2C2,B2C2_1,Go straight,1,1,0,0,0,0,0,0
130.0,C2,西,B2C2,B2C2_2,Turn left,1,1,0,1,0,1,0,0
130.0,C2,南,C1C2,C1C2_0,Turn right,1,1,0,0,0,0,0,0
130.0,C2,南,C1C2,C1C2_1,Go straight,1,1,0,0,0,0,0,0
130.0,C2,南,C1C2,C1C2_2,Turn left,1,1,0,1,1,0,0,0
130.0,C2,东,right2C2,right2C2_0,Turn right,0,0,0,0,0,0,0,0
130.0,C2,东,right2C2,right2C2_1,Go straight,0,0,0,0,0,0,0,0
130.0,C2,东,right2C2,right2C2_2,Turn left,0,0,0,0,0,0,0,0
130.0,C2,北,top2C2,top2C2_0,Turn right,1,1,1,1,1,0,0,0
130.0,C2,北,top2C2,top2C2_1,Go straight,1,1,1,0,0,0,0,0
130.0,C2,北,top2C2,top2C2_2,Turn left,1,1,1,0,0,0,0,0
135.0,A0,北,A1A0,A1A0_0,Turn right,0,0,0,0,0,0,0,0
135.0,A0,北,A1A0,A1A0_1,Go straight,0,0,0,0,0,0,0,0
135.0,A0,北,A1A0,A1A0_2,Turn left,0,0,0,0,0,0,0,0
135.0,A0,东,B0A0,B0A0_0,Turn right,0,0,0,0,0,0,0,0
135.0,A0,东,B0A0,B0A0_1,Go straight,0,0,0,0,0,0,0,0
135.0,A0,东,B0A0,B0A0_2,Turn left,0,0,0,0,0,0,0,0
135.0,A0,南,bottom0A0,bottom0A0_0,Turn right,2,2,1,0,0,0,0,1
135.0,A0,南,bottom0A0,bottom0A0_1,Go straight,2,2,1,2,2,0,1,0
135.0,A0,南,bottom0A0,bottom0A0_2,Turn left,2,2,1,0,0,0,0,0
135.0,A0,西,left0A0,left0A0_0,Turn right,7,7,0,0,0,0,0,0
135.0,A0,西,left0A0,left0A0_1,Go straight,7,7,0,4,1,3,0,0
135.0,A0,西,left0A0,left0A0_2,Turn left,7,7,0,3,1,2,0,0
135.0,A1,南,A0A1,A0A1_0,Turn right,1,1,0,0,0,0,0,0
135.0,A1,南,A0A1,A0A1_1,Go straight,1,1,0,0,0,0,0,0
135.0,A1,南,A0A1,A0A1_2,Turn left,1,1,0,1,0,1,0,0
135.0,A1,北,A2A1,A2A1_0,Turn right,3,3,2,1,1,0,0,0
135.0,A1,北,A2A1,A2A1_1,Go straight,3,3,2,1,1,0,0,0
135.0,A1,北,A2A1,A2A1_2,Turn left,3,3,2,1,1,0,0,0
135.0,A1,东,B1A1,B1A1_0,Turn right,0,0,0,0,0,0,0,0
135.0,A1,东,B1A1,B1A1_1,Go straight,0,0,0,0,0,0,0,0
135.0,A1,东,B1A1,B1A1_2,Turn left,0,0,0,0,0,0,0,0
135.0,A1,西,left1A1,left1A1_0,Turn right,0,0,0,0,0,0,0,0
135.0,A1,西,left1A1,left1A1_1,Go straight,0,0,0,0,0,0,0,0
135.0,A1,西,left1A1,left1A1_2,Turn left,0,0,0,0,0,0,0,0
135.0,A2,南,A1A2,A1A2_0,Turn right,4,4,3,4,4,0,0,0
135.0,A2,南,A1A2,A1A2_1,Go straight,4,4,3,0,0,0,0,0
135.0,A2,南,A1A2,A1A2_2,Turn left,4,4,3,0,0,0,0,0
135.0,A2,东,B2A2,B2A2_0,Turn right,1,1,0,1,1,0,0,0
135.0,A2,东,B2A2,B2A2_1,Go straight,1,1,0,0,0,0,0,0
135.0,A2,东,B2A2,B2A2_2,Turn left,1,1,0,0,0,0,0,0
135.0,A2,西,left2A2,left2A2_0,Turn right,0,0,0,0,0,0,0,0
135.0,A2,西,left2A2,left2A2_1,Go straight,0,0,0,0,0,0,0,0
135.0,A2,西,left2A2,left2A2_2,Turn left,0,0,0,0,0,0,0,0
135.0,A2,北,top0A2,top0A2_0,Turn right,3,3,0,0,0,0,0,0
135.0,A2,北,top0A2,top0A2_1,Go straight,3,3,0,1,1,0,0,0
135.0,A2,北,top0A2,top0A2_2,Turn left,3,3,0,2,0,2,0,0
135.0,B0,西,A0B0,A0B0_0,Turn right,2,2,0,0,0,0,0,0
135.0,B0,西,A0B0,A0B0_1,Go straight,2,2,0,0,0,0,0,0
135.0,B0,西,A0B0,A0B0_2,Turn left,2,2,0,2,1,1,0,0
135.0,B0,北,B1B0,B1B0_0,Turn right,0,0,0,0,0,0,0,0
135.0,B0,北,B1B0,B1B0_1,Go straight,0,0,0,0,0,0,0,0
135.0,B0,北,B1B0,B1B0_2,Turn left,0,0,0,0,0,0,0,0
135.0,B0,东,C0B0,C0B0_0,Turn right,1,1,0,0,0,0,0,0
135.0,B0,东,C0B0,C0B0_1,Go straight,1,1,0,1,1,0,0,0
135.0,B0,东,C0B0,C0B0_2,Turn left,1,1,0,0,0,0,0,0
135.0,B0,南,bottom1B0,bottom1B0_0,Turn right,0,0,0,0,0,0,0,0
135.0,B0,南,bottom1B0,bottom1B0_1,Go straight,0,0,0,0,0,0,0,0
135.0,B0,南,bottom1B0,bottom1B0_2,Turn left,0,0,0,0,0,0,0,0
135.0,B1,西,A1B1,A1B1_0,Turn right,0,0,0,0,0,0,0,0
135.0,B1,西,A1B1,A1B1_1,Go straight,0,0,0,0,0,0,0,0
135.0,B1,西,A1B1,A1B1_2,Turn left,0,0,0,0,0,0,0,0
135.0,B1,南,B0B1,B0B1_0,Turn right,0,0,0,0,0,0,0,0
135.0,B1,南,B0B1,B0B1_1,Go straight,0,0,0,0,0,0,0,0
135.0,B1,南,B0B1,B0B1_2,Turn left,0,0,0,0,0,0,0,0
135.0,B1,北,B2B1,B2B1_0,Turn right,2,2,0,0,0,0,0,0
135.0,B1,北,B2B1,B2B1_1,Go straight,2,2,0,1,1,0,0,0
135.0,B1,北,B2B1,B2B1_2,Turn left,2,2,0,1,0,1,0,0
135.0,B1,东,C1B1,C1B1_0,Turn right,1,1,0,0,0,0,0,0
135.0,B1,东,C1B1,C1B1_1,Go straight,1,1,0,0,0,0,0,0
135.0,B1,东,C1B1,C1B1_2,Turn left,1,1,0,1,1,0,0,0
135.0,B2,西,A2B2,A2B2_0,Turn right,1,1,0,0,0,0,0,0
135.0,B2,西,A2B2,A2B2_1,Go straight,1,1,0,0,0,0,0,0
135.0,B2,西,A2B2,A2B2_2,Turn left,1,1,0,1,1,0,0,0
135.0,B2,南,B1B2,B1B2_0,Turn right,1,1,0,0,0,0,0,0
135.0,B2,南,B1B2,B1B2_1,Go straight,1,1,0,1,1,0,0,0
135.0,B2,南,B1B2,B1B2_2,Turn left,1,1,0,0,0,0,0,0
135.0,B2,东,C2B2,C2B2_0,Turn right,1,1,0,0,0,0,0,0
135.0,B2,东,C2B2,C2B2_1,Go straight,1,1,0,1,1,0,0,0
135.0,B2,东,C2B2,C2B2_2,Turn left,1,1,0,0,0,0,0,0
135.0,B2,北,top1B2,top1B2_0,Turn right,2,2,0,0,0,0,0,0
135.0,B2,北,top1B2,top1B2_1,Go straight,2,2,0,0,0,0,0,0
135.0,B2,北,top1B2,top1B2_2,Turn left,2,2,0,2,1,1,0,0
135.0,C0,西,B0C0,B0C0_0,Turn right,0,0,0,0,0,0,0,0
135.0,C0,西,B0C0,B0C0_1,Go straight,0,0,0,0,0,0,0,0
135.0,C0,西,B0C0,B0C0_2,Turn left,0,0,0,0,0,0,0,0
135.0,C0,北,C1C0,C1C0_0,Turn right,2,2,1,0,0,0,0,0
135.0,C0,北,C1C0,C1C0_1,Go straight,2,2,1,0,0,0,0,0
135.0,C0,北,C1C0,C1C0_2,Turn left,2,2,1,2,1,1,0,0
135.0,C0,南,bottom2C0,bottom2C0_0,Turn right,1,1,0,0,0,0,0,0
135.0,C0,南,bottom2C0,bottom2C0_1,Go straight,1,1,0,0,0,0,0,0
135.0,C0,南,bottom2C0,bottom2C0_2,Turn left,1,1,0,1,0,1,0,0
135.0,C0,东,right0C0,right0C0_0,Turn right,2,2,0,0,0,0,0,0
135.0,C0,东,right0C0,right0C0_1,Go straight,2,2,0,1,1,0,0,0
135.0,C0,东,right0C0,right0C0_2,Turn left,2,2,0,1,1,0,0,0
135.0,C1,西,B1C1,B1C1_0,Turn right,3,3,0,0,0,0,0,0
135.0,C1,西,B1C1,B1C1_1,Go straight,3,3,0,0,0,0,0,0
135.0,C1,西,B1C1,B1C1_2,Turn left,3,3,0,3,2,1,0,0
135.0,C1,南,C0C1,C0C1_0,Turn right,1,1,0,0,0,0,0,0
135.0,C1,南,C0C1,C0C1_1,Go straight,1,1,0,0,0,0,0,0
135.0,C1,南,C0C1,C0C1_2,Turn left,1,1,0,1,0,1,0,0
135.0,C1,北,C2C1,C2C1_0,Turn right,0,0,0,0,0,0,0,0
135.0,C1,北,C2C1,C2C1_1,Go straight,0,0,0,0,0,0,0,0
135.0,C1,北,C2C1,C2C1_2,Turn left,0,0,0,0,0,0,0,0
135.0,C1,东,right1C1,right1C1_0,Turn right,0,0,0,0,0,0,0,0
135.0,C1,东,right1C1,right1C1_1,Go straight,0,0,0,0,0,0,0,0
135.0,C1,东,right1C1,right1C1_2,Turn left,0,0,0,0,0,0,0,0
135.0,C2,西,B2C2,B2C2_0,Turn right,1,1,0,0,0,0,0,0
135.0,C2,西,B2C2,B2C2_1,Go straight,1,1,0,0,0,0,0,0
135.0,C2,西,B2C2,B2C2_2,Turn left,1,1,0,1,0,1,0,0
135.0,C2,南,C1C2,C1C2_0,Turn right,1,1,0,0,0,0,0,0
135.0,C2,南,C1C2,C1C2_1,Go straight,1,1,0,0,0,0,0,0
135.0,C2,南,C1C2,C1C2_2,Turn left,1,1,0,1,0,1,0,0
135.0,C2,东,right2C2,right2C2_0,Turn right,1,1,1,1,1,0,0,0
135.0,C2,东,right2C2,right2C2_1,Go straight,1,1,1,0,0,0,0,0
135.0,C2,东,right2C2,right2C2_2,Turn left,1,1,1,0,0,0,0,0
135.0,C2,北,top2C2,top2C2_0,Turn right,2,2,1,1,1,0,0,0
135.0,C2,北,top2C2,top2C2_1,Go straight,2,2,1,1,1,0,0,0
135.0,C2,北,top2C2,top2C2_2,Turn left,2,2,1,0,0,0,0,0
140.0,A0,北,A1A0,A1A0_0,Turn right,0,0,0,0,0,0,0,0
140.0,A0,北,A1A0,A1A0_1,Go straight,0,0,0,0,0,0,0,0
140.0,A0,北,A1A0,A1A0_2,Turn left,0,0,0,0,0,0,0,0
140.0,A0,东,B0A0,B0A0_0,Turn right,0,0,0,0,0,0,0,0
140.0,A0,东,B0A0,B0A0_1,Go straight,0,0,0,0,0,0,0,0
140.0,A0,东,B0A0,B0A0_2,Turn left,0,0,0,0,0,0,0,0
140.0,A0,南,bottom0A0,bottom0A0_0,Turn right,1,1,0,0,0,0,0,0
140.0,A0,南,bottom0A0,bottom0A0_1,Go straight,1,1,0,1,1,0,0,0
140.0,A0,南,bottom0A0,bottom0A0_2,Turn left,1,1,0,0,0,0,0,0
140.0,A0,西,left0A0,left0A0_0,Turn right,7,7,0,0,0,0,0,0
140.0,A0,西,left0A0,left0A0_1,Go straight,7,7,0,4,1,3,0,0
140.0,A0,西,left0A0,left0A0_2,Turn left,7,7,0,3,0,3,0,0
140.0,A1,南,A0A1,A0A1_0,Turn right,2,2,1,0,0,0,0,0
140.0,A1,南,A0A1,A0A1_1,Go straight,2,2,1,1,1,0,0,0
140.0,A1,南,A0A1,A0A1_2,Turn left,2,2,1,1,0,1,0,0
140.0,A1,北,A2A1,A2A1_0,Turn right,3,3,0,1,1,0,0,0
140.0,A1,北,A2A1,A2A1_1,Go straight,3,3,0,1,1,0,0,0
140.0,A1,北,A2A1,A2A1_2,Turn left,3,3,0,1,1,0,0,0
140.0,A1,东,B1A1,B1A1_0,Turn right,0,0,0,0,0,0,0,0
140.0,A1,东,B1A1,B1A1_1,Go straight,0,0,0,0,0,0,0,0
140.0,A1,东,B1A1,B1A1_2,Turn left,0,0,0,0,0,0,0,0
140.0,A1,西,left1A1,left1A1_0,Turn right,0,0,0,0,0,0,0,0
140.0,A1,西,left1A1,left1A1_1,Go straight,0,0,0,0,0,0,0,0
140.0,A1,西,left1A1,left1A1_2,Turn left,0,0,0,0,0,0,0,0
140.0,A2,南,A1A2,A1A2_0,Turn right,5,5,1,5,5,0,0,0
140.0,A2,南,A1A2,A1A2_1,Go straight,5,5,1,0,0,0,0,0
140.0,A2,南,A1A2,A1A2_2,Turn left,5,5,1,0,0,0,0,0
140.0,A2,东,B2A2,B2A2_0,Turn right,1,1,0,1,1,0,0,0
140.0,A2,东,B2A2,B2A2_1,Go straight,1,1,0,0,0,0,0,0
140.0,A2,东,B2A2,B2A2_2,Turn left,1,1,0,0,0,0,0,0
140.0,A2,西,left2A2,left2A2_0,Turn right,0,0,0,0,0,0,0,0
140.0,A2,西,left2A2,left2A2_1,Go straight,0,0,0,0,0,0,0,0
140.0,A2,西,left2A2,left2A2_2,Turn left,0,0,0,0,0,0,0,0
140.0,A2,北,top0A2,top0A2_0,Turn right,2,2,0,0,0,0,0,0
140.0,A2,北,top0A2,top0A2_1,Go straight,2,2,0,0,0,0,0,0
140.0,A2,北,top0A2,top0A2_2,Turn left,2,2,0,2,0,2,0,0
140.0,B0,西,A0B0,A0B0_0,Turn right,2,2,0,0,0,0,0,0
140.0,B0,西,A0B0,A0B0_1,Go straight,2,2,0,0,0,0,0,0
140.0,B0,西,A0B0,A0B0_2,Turn left,2,2,0,2,0,2,0,0
140.0,B0,北,B1B0,B1B0_0,Turn right,0,0,0,0,0,0,0,0
140.0,B0,北,B1B0,B1B0_1,Go straight,0,0,0,0,0,0,0,0
140.0,B0,北,B1B0,B1B0_2,Turn left,0,0,0,0,0,0,0,0
140.0,B0,东,C0B0,C0B0_0,Turn right,1,1,0,0,0,0,0,0
140.0,B0,东,C0B0,C0B0_1,Go straight,1,1,0,1,1,0,0,0
140.0,B0,东,C0B0,C0B0_2,Turn left,1,1,0,0,0,0,0,0
140.0,B0,南,bottom1B0,bottom1B0_0,Turn right,0,0,0,0,0,0,0,0
140.0,B0,南,bottom1B0,bottom1B0_1,Go straight,0,0,0,0,0,0,0,0
140.0,B0,南,bottom1B0,bottom1B0_2,Turn left,0,0,0,0,0,0,0,0
140.0,B1,西,A1B1,A1B1_0,Turn right,0,0,0,0,0,0,0,0
140.0,B1,西,A1B1,A1B1_1,Go straight,0,0,0,0,0,0,0,0
140.0,B1,西,A1B1,A1B1_2,Turn left,0,0,0,0,0,0,0,0
140.0,B1,南,B0B1,B0B1_0,Turn right,0,0,0,0,0,0,0,0
140.0,B1,南,B0B1,B0B1_1,Go straight,0,0,0,0,0,0,0,0
140.0,B1,南,B0B1,B0B1_2,Turn left,0,0,0,0,0,0,0,0
140.0,B1,北,B2B1,B2B1_0,Turn right,2,2,0,0,0,0,0,0
140.0,B1,北,B2B1,B2B1_1,Go straight,2,2,0,1,1,0,0,0
140.0,B1,北,B2B1,B2B1_2,Turn left,2,2,0,1,0,1,0,0
140.0,B1,东,C1B1,C1B1_0,Turn right,1,1,0,0,0,0,0,0
140.0,B1,东,C1B1,C1B1_1,Go straight,1,1,0,0,0,0,0,0
140.0,B1,东,C1B1,C1B1_2,Turn left,1,1,0,1,1,0,0,0
140.0,B2,西,A2B2,A2B2_0,Turn right,1,1,0,0,0,0,0,0
140.0,B2,西,A2B2,A2B2_1,Go straight,1,1,0,0,0,0,0,0
140.0,B2,西,A2B2,A2B2_2,Turn left,1,1,0,1,1,0,0,0
140.0,B2,南,B1B2,B1B2_0,Turn right,1,1,0,0,0,0,0,0
140.0,B2,南,B1B2,B1B2_1,Go straight,1,1,0,1,1,0,0,0
140.0,B2,南,B1B2,B1B2_2,Turn left,1,1,0,0,0,0,0,0
140.0,B2,东,C2B2,C2B2_0,Turn right,1,1,0,0,0,0,0,0
140.0,B2,东,C2B2,C2B2_1,Go straight,1,1,0,1,1,0,0,0
140.0,B2,东,C2B2,C2B2_2,Turn left,1,1,0,0,0,0,0,0
140.0,B2,北,top1B2,top1B2_0,Turn right,2,2,0,0,0,0,0,0
140.0,B2,北,top1B2,top1B2_1,Go straight,2,2,0,0,0,0,0,0
140.0,B2,北,top1B2,top1B2_2,Turn left,2,2,0,2,1,1,0,0
140.0,C0,西,B0C0,B0C0_0,Turn right,0,0,0,0,0,0,0,0
140.0,C0,西,B0C0,B0C0_1,Go straight,0,0,0,0,0,0,0,0
140.0,C0,西,B0C0,B0C0_2,Turn left,0,0,0,0,0,0,0,0
140.0,C0,北,C1C0,C1C0_0,Turn right,2,2,0,0,0,0,0,0
140.0,C0,北,C1C0,C1C0_1,Go straight,2,2,0,0,0,0,0,0
140.0,C0,北,C1C0,C1C0_2,Turn left,2,2,0,2,1,1,0,0
140.0,C0,南,bottom2C0,bottom2C0_0,Turn right,1,1,0,0,0,0,0,0
140.0,C0,南,bottom2C0,bottom2C0_1,Go straight,1,1,0,0,0,0,0,0
140.0,C0,南,bottom2C0,bottom2C0_2,Turn left,1,1,0,1,0,1,0,0
140.0,C0,东,right0C0,right0C0_0,Turn right,2,2,0,0,0,0,0,0
140.0,C0,东,right0C0,right0C0_1,Go straight,2,2,0,1,1,0,0,0
140.0,C0,东,right0C0,right0C0_2,Turn left,2,2,0,1,1,0,0,0
140.0,C1,西,B1C1,B1C1_0,Turn right,3,3,0,0,0,0,0,0
140.0,C1,西,B1C1,B1C1_1,Go straight,3,3,0,0,0,0,0,0
140.0,C1,西,B1C1,B1C1_2,Turn left,3,3,0,3,2,1,0,0
140.0,C1,南,C0C1,C0C1_0,Turn right,1,1,0,0,0,0,0,0
140.0,C1,南,C0C1,C0C1_1,Go straight,1,1,0,0,0,0,0,0
140.0,C1,南,C0C1,C0C1_2,Turn left,1,1,0,1,0,1,0,0
140.0,C1,北,C2C1,C2C1_0,Turn right,0,0,0,0,0,0,0,0
140.0,C1,北,C2C1,C2C1_1,Go straight,0,0,0,0,0,0,0,0
140.0,C1,北,C2C1,C2C1_2,Turn left,0,0,0,0,0,0,0,0
140.0,C1,东,right1C1,right1C1_0,Turn right,0,0,0,0,0,0,0,0
140.0,C1,东,right1C1,right1C1_1,Go straight,0,0,0,0,0,0,0,0
140.0,C1,东,right1C1,right1C1_2,Turn left,0,0,0,0,0,0,0,0
140.0,C2,西,B2C2,B2C2_0,Turn right,1,1,0,0,0,0,0,0
140.0,C2,西,B2C2,B2C2_1,Go straight,1,1,0,0,0,0,0,0
140.0,C2,西,B2C2,B2C2_2,Turn left,1,1,0,1,0,1,0,0
140.0,C2,南,C1C2,C1C2_0,Turn right,1,1,0,0,0,0,0,0
140.0,C2,南,C1C2,C1C2_1,Go straight,1,1,0,0,0,0,0,0
140.0,C2,南,C1C2,C1C2_2,Turn left,1,1,0,1,0,1,0,0
140.0,C2,东,right2C2,right2C2_0,Turn right,1,1,0,1,1,0,0,0
140.0,C2,东,right2C2,right2C2_1,Go straight,1,1,0,0,0,0,0,0
140.0,C2,东,right2C2,right2C2_2,Turn left,1,1,0,0,0,0,0,0
140.0,C2,北,top2C2,top2C2_0,Turn right,2,2,0,1,1,0,0,0
140.0,C2,北,top2C2,top2C2_1,Go straight,2,2,0,0,0,0,0,1
140.0,C2,北,top2C2,top2C2_2,Turn left,2,2,0,1,1,0,1,0
145.0,A0,北,A1A0,A1A0_0,Turn right,0,0,0,0,0,0,0,0
145.0,A0,北,A1A0,A1A0_1,Go straight,0,0,0,0,0,0,0,0
145.0,A0,北,A1A0,A1A0_2,Turn left,0,0,0,0,0,0,0,0
145.0,A0,东,B0A0,B0A0_0,Turn right,0,0,0,0,0,0,0,0
145.0,A0,东,B0A0,B0A0_1,Go straight,0,0,0,0,0,0,0,0
145.0,A0,东,B0A0,B0A0_2,Turn left,0,0,0,0,0,0,0,0
145.0,A0,南,bottom0A0,bottom0A0_0,Turn right,1,1,0,0,0,0,0,0
145.0,A0,南,bottom0A0,bottom0A0_1,Go straight,1,1,0,1,1,0,0,0
145.0,A0,南,bottom0A0,bottom0A0_2,Turn left,1,1,0,0,0,0,0,0
145.0,A0,西,left0A0,left0A0_0,Turn right,7,7,0,0,0,0,0,0
145.0,A0,西,left0A0,left0A0_1,Go straight,7,7,0,4,1,3,0,0
145.0,A0,西,left0A0,left0A0_2,Turn left,7,7,0,3,0,3,0,0
145.0,A1,南,A0A1,A0A1_0,Turn right,1,1,0,0,0,0,0,0
145.0,A1,南,A0A1,A0A1_1,Go straight,1,1,0,1,1,0,0,0
145.0,A1,南,A0A1,A0A1_2,Turn left,1,1,0,0,0,0,0,0
145.0,A1,北,A2A1,A2A1_0,Turn right,4,4,1,1,1,0,0,0
145.0,A1,北,A2A1,A2A1_1,Go straight,4,4,1,2,2,0,0,0
145.0,A1,北,A2A1,A2A1_2,Turn left,4,4,1,1,1,0,0,0
145.0,A1,东,B1A1,B1A1_0,Turn right,0,0,0,0,0,0,0,0
145.0,A1,东,B1A1,B1A1_1,Go straight,0,0,0,0,0,0,0,0
145.0,A1,东,B1A1,B1A1_2,Turn left,0,0,0,0,0,0,0,0
145.0,A1,西,left1A1,left1A1_0,Turn right,1,1,1,0,0,0,0,1
145.0,A1,西,left1A1,left1A1_1,Go straight,1,1,1,1,1,0,1,0
145.0,A1,西,left1A1,left1A1_2,Turn left,1,1,1,0,0,0,0,0
145.0,A2,南,A1A2,A1A2_0,Turn right,5,5,0,5,5,0,0,0
145.0,A2,南,A1A2,A1A2_1,Go straight,5,5,0,0,0,0,0,0
145.0,A2,南,A1A2,A1A2_2,Turn left,5,5,0,0,0,0,0,0
145.0,A2,东,B2A2,B2A2_0,Turn right,1,1,0,1,1,0,0,0
145.0,A2,东,B2A2,B2A2_1,Go straight,1,1,0,0,0,0,0,0
145.0,A2,东,B2A2,B2A2_2,Turn left,1,1,0,0,0,0,0,0
145.0,A2,西,left2A2,left2A2_0,Turn right,0,0,0,0,0,0,0,0
145.0,A2,西,left2A2,left2A2_1,Go straight,0,0,0,0,0,0,0,0
145.0,A2,西,left2A2,left2A2_2,Turn left,0,0,0,0,0,0,0,0
145.0,A2,北,top0A2,top0A2_0,Turn right,1,1,0,0,0,0,0,0
145.0,A2,北,top0A2,top0A2_1,Go straight,1,1,0,0,0,0,0,0
145.0,A2,北,top0A2,top0A2_2,Turn left,1,1,0,1,1,0,0,0
145.0,B0,西,A0B0,A0B0_0,Turn right,2,2,0,0,0,0,0,0
145.0,B0,西,A0B0,A0B0_1,Go straight,2,2,0,0,0,0,0,0
145.0,B0,西,A0B0,A0B0_2,Turn left,2,2,0,2,0,2,0,0
145.0,B0,北,B1B0,B1B0_0,Turn right,0,0,0,0,0,0,0,0
145.0,B0,北,B1B0,B1B0_1,Go straight,0,0,0,0,0,0,0,0
145.0,B0,北,B1B0,B1B0_2,Turn left,0,0,0,0,0,0,0,0
145.0,B0,东,C0B0,C0B0_0,Turn right,1,1,0,0,0,0,0,0
145.0,B0,东,C0B0,C0B0_1,Go straight,1,1,0,1,1,0,0,0
145.0,B0,东,C0B0,C0B0_2,Turn left,1,1,0,0,0,0,0,0
145.0,B0,南,bottom1B0,bottom1B0_0,Turn right,0,0,0,0,0,0,0,0
145.0,B0,南,bottom1B0,bottom1B0_1,Go straight,0,0,0,0,0,0,0,0
145.0,B0,南,bottom1B0,bottom1B0_2,Turn left,0,0,0,0,0,0,0,0
145.0,B1,西,A1B1,A1B1_0,Turn right,0,0,0,0,0,0,0,0
145.0,B1,西,A1B1,A1B1_1,Go straight,0,0,0,0,0,0,0,0
145.0,B1,西,A1B1,A1B1_2,Turn left,0,0,0,0,0,0,0,0
145.0,B1,南,B0B1,B0B1_0,Turn right,0,0,0,0,0,0,0,0
145.0,B1,南,B0B1,B0B1_1,Go straight,0,0,0,0,0,0,0,0
145.0,B1,南,B0B1,B0B1_2,Turn left,0,0,0,0,0,0,0,0
145.0,B1,北,B2B1,B2B1_0,Turn right,1,1,0,0,0,0,0,0
145.0,B1,北,B2B1,B2B1_1,Go straight,1,1,0,1,1,0,0,0
145.0,B1,北,B2B1,B2B1_2,Turn left,1,1,0,0,0,0,0,0
145.0,B1,东,C1B1,C1B1_0,Turn right,1,1,0,0,0,0,0,0
145.0,B1,东,C1B1,C1B1_1,Go straight,1,1,0,0,0,0,0,0
145.0,B1,东,C1B1,C1B1_2,Turn left,1,1,0,1,0,1,0,0
145.0,B2,西,A2B2,A2B2_0,Turn right,1,1,0,0,0,0,0,0
145.0,B2,西,A2B2,A2B2_1,Go straight,1,1,0,0,0,0,0,0
145.0,B2,西,A2B2,A2B2_2,Turn left,1,1,0,1,0,1,0,0
145.0,B2,南,B1B2,B1B2_0,Turn right,1,1,0,0,0,0,0,0
145.0,B2,南,B1B2,B1B2_1,Go straight,1,1,0,1,1,0,0,0
145.0,B2,南,B1B2,B1B2_2,Turn left,1,1,0,0,0,0,0,0
145.0,B2,东,C2B2,C2B2_0,Turn right,1,1,0,0,0,0,0,0
145.0,B2,东,C2B2,C2B2_1,Go straight,1,1,0,1,1,0,0,0
145.0,B2,东,C2B2,C2B2_2,Turn left,1,1,0,0,0,0,0,0
145.0,B2,北,top1B2,top1B2_0,Turn right,1,1,0,0,0,0,0,0
145.0,B2,北,top1B2,top1B2_1,Go straight,1,1,0,0,0,0,0,0
145.0,B2,北,top1B2,top1B2_2,Turn left,1,1,0,1,1,0,0,0
145.0,C0,西,B0C0,B0C0_0,Turn right,0,0,0,0,0,0,0,0
145.0,C0,西,B0C0,B0C0_1,Go straight,0,0,0,0,0,0,0,0
145.0,C0,西,B0C0,B0C0_2,Turn left,0,0,0,0,0,0,0,0
145.0,C0,北,C1C0,C1C0_0,Turn right,1,1,0,0,0,0,0,0
145.0,C0,北,C1C0,C1C0_1,Go straight,1,1,0,0,0,0,0,0
145.0,C0,北,C1C0,C1C0_2,Turn left,1,1,0,1,1,0,0,0
145.0,C0,南,bottom2C0,bottom2C0_0,Turn right,0,0,0,0,0,0,0,0
145.0,C0,南,bottom2C0,bottom2C0_1,Go straight,0,0,0,0,0,0,0,0
145.0,C0,南,bottom2C0,bottom2C0_2,Turn left,0,0,0,0,0,0,0,0
145.0,C0,东,right0C0,right0C0_0,Turn right,2,2,0,0,0,0,0,0
145.0,C0,东,right0C0,right0C0_1,Go straight,2,2,0,1,1,0,0,0
145.0,C0,东,right0C0,right0C0_2,Turn left,2,2,0,1,1,0,0,0
145.0,C1,西,B1C1,B1C1_0,Turn right,3,3,0,0,0,0,0,0
145.0,C1,西,B1C1,B1C1_1,Go straight,3,3,0,0,0,0,0,0
145.0,C1,西,B1C1,B1C1_2,Turn left,3,3,0,3,1,2,0,0
145.0,C1,南,C0C1,C0C1_0,Turn right,0,0,0,0,0,0,0,0
145.0,C1,南,C0C1,C0C1_1,Go straight,0,0,0,0,0,0,0,0
145.0,C1,南,C0C1,C0C1_2,Turn left,0,0,0,0,0,0,0,0
145.0,C1,北,C2C1,C2C1_0,Turn right,0,0,0,0,0,0,0,0
145.0,C1,北,C2C1,C2C1_1,Go straight,0,0,0,0,0,0,0,0
145.0,C1,北,C2C1,C2C1_2,Turn left,0,0,0,0,0,0,0,0
145.0,C1,东,right1C1,right1C1_0,Turn right,0,0,0,0,0,0,0,0
145.0,C1,东,right1C1,right1C1_1,Go straight,0,0,0,0,0,0,0,0
145.0,C1,东,right1C1,right1C1_2,Turn left,0,0,0,0,0,0,0,0
145.0,C2,西,B2C2,B2C2_0,Turn right,1,1,0,0,0,0,0,0
145.0,C2,西,B2C2,B2C2_1,Go straight,1,1,0,0,0,0,0,0
145.0,C2,西,B2C2,B2C2_2,Turn left,1,1,0,1,0,1,0,0
145.0,C2,南,C1C2,C1C2_0,Turn right,0,0,0,0,0,0,0,0
145.0,C2,南,C1C2,C1C2_1,Go straight,0,0,0,0,0,0,0,0
145.0,C2,南,C1C2,C1C2_2,Turn left,0,0,0,0,0,0,0,0
145.0,C2,东,right2C2,right2C2_0,Turn right,2,2,1,1,1,0,0,0
145.0,C2,东,right2C2,right2C2_1,Go straight,2,2,1,1,1,0,0,0
145.0,C2,东,right2C2,right2C2_2,Turn left,2,2,1,0,0,0,0,0
145.0,C2,北,top2C2,top2C2_0,Turn right,2,2,0,1,1,0,0,0
145.0,C2,北,top2C2,top2C2_1,Go straight,2,2,0,0,0,0,0,0
145.0,C2,北,top2C2,top2C2_2,Turn left,2,2,0,1,1,0,0,0
150.0,A0,北,A1A0,A1A0_0,Turn right,0,0,0,0,0,0,0,0
150.0,A0,北,A1A0,A1A0_1,Go straight,0,0,0,0,0,0,0,0
150.0,A0,北,A1A0,A1A0_2,Turn left,0,0,0,0,0,0,0,0
150.0,A0,东,B0A0,B0A0_0,Turn right,0,0,0,0,0,0,0,0
150.0,A0,东,B0A0,B0A0_1,Go straight,0,0,0,0,0,0,0,0
150.0,A0,东,B0A0,B0A0_2,Turn left,0,0,0,0,0,0,0,0
150.0,A0,南,bottom0A0,bottom0A0_0,Turn right,1,1,0,0,0,0,0,0
150.0,A0,南,bottom0A0,bottom0A0_1,Go straight,1,1,0,1,1,0,0,0
150.0,A0,南,bottom0A0,bottom0A0_2,Turn left,1,1,0,0,0,0,0,0
150.0,A0,西,left0A0,left0A0_0,Turn right,7,7,0,0,0,0,0,0
150.0,A0,西,left0A0,left0A0_1,Go straight,7,7,0,4,0,4,0,0
150.0,A0,西,left0A0,left0A0_2,Turn left,7,7,0,3,0,3,0,0
150.0,A1,南,A0A1,A0A1_0,Turn right,1,1,0,0,0,0,0,0
150.0,A1,南,A0A1,A0A1_1,Go straight,1,1,0,1,1,0,0,0
150.0,A1,南,A0A1,A0A1_2,Turn left,1,1,0,0,0,0,0,0
150.0,A1,北,A2A1,A2A1_0,Turn right,4,4,0,1,1,0,0,0
150.0,A1,北,A2A1,A2A1_1,Go straight,4,4,0,2,2,0,0,0
150.0,A1,北,A2A1,A2A1_2,Turn left,4,4,0,1,1,0,0,0
150.0,A1,东,B1A1,B1A1_0,Turn right,0,0,0,0,0,0,0,0
150.0,A1,东,B1A1,B1A1_1,Go straight,0,0,0,0,0,0,0,0
150.0,A1,东,B1A1,B1A1_2,Turn left,0,0,0,0,0,0,0,0
150.0,A1,西,left1A1,left1A1_0,Turn right,1,1,0,0,0,0,0,0
150.0,A1,西,left1A1,left1A1_1,Go straight,1,1,0,1,1,0,0,0
150.0,A1,西,left1A1,left1A1_2,Turn left,1,1,0,0,0,0,0,0
150.0,A2,南,A1A2,A1A2_0,Turn right,4,4,0,4,4,0,0,0
150.0,A2,南,A1A2,A1A2_1,Go straight,4,4,0,0,0,0,0,0
150.0,A2,南,A1A2,A1A2_2,Turn left,4,4,0,0,0,0,0,0
150.0,A2,东,B2A2,B2A2_0,Turn right,0,0,0,0,0,0,0,0
150.0,A2,东,B2A2,B2A2_1,Go straight,0,0,0,0,0,0,0,0
150.0,A2,东,B2A2,B2A2_2,Turn left,0,0,0,0,0,0,0,0
150.0,A2,西,left2A2,left2A2_0,Turn right,0,0,0,0,0,0,0,0
150.0,A2,西,left2A2,left2A2_1,Go straight,0,0,0,0,0,0,0,0
150.0,A2,西,left2A2,left2A2_2,Turn left,0,0,0,0,0,0,0,0
150.0,A2,北,top0A2,top0A2_0,Turn right,0,0,0,0,0,0,0,0
150.0,A2,北,top0A2,top0A2_1,Go straight,0,0,0,0,0,0,0,0
150.0,A2,北,top0A2,top0A2_2,Turn left,0,0,0,0,0,0,0,0
150.0,B0,西,A0B0,A0B0_0,Turn right,2,2,0,0,0,0,0,0
150.0,B0,西,A0B0,A0B0_1,Go straight,2,2,0,0,0,0,0,0
150.0,B0,西,A0B0,A0B0_2,Turn left,2,2,0,2,0,2,0,0
150.0,B0,北,B1B0,B1B0_0,Turn right,0,0,0,0,0,0,0,0
150.0,B0,北,B1B0,B1B0_1,Go straight,0,0,0,0,0,0,0,0
150.0,B0,北,B1B0,B1B0_2,Turn left,0,0,0,0,0,0,0,0
150.0,B0,东,C0B0,C0B0_0,Turn right,2,2,1,0,0,0,0,0
150.0,B0,东,C0B0,C0B0_1,Go straight,2,2,1,2,1,1,0,0
150.0,B0,东,C0B0,C0B0_2,Turn left,2,2,1,0,0,0,0,0
150.0,B0,南,bottom1B0,bottom1B0_0,Turn right,0,0,0,0,0,0,0,0
150.0,B0,南,bottom1B0,bottom1B0_1,Go straight,0,0,0,0,0,0,0,0
150.0,B0,南,bottom1B0,bottom1B0_2,Turn left,0,0,0,0,0,0,0,0
150.0,B1,西,A1B1,A1B1_0,Turn right,0,0,0,0,0,0,0,0
150.0,B1,西,A1B1,A1B1_1,Go straight,0,0,0,0,0,0,0,0
150.0,B1,西,A1B1,A1B1_2,Turn left,0,0,0,0,0,0,0,0
150.0,B1,南,B0B1,B0B1_0,Turn right,0,0,0,0,0,0,0,0
150.0,B1,南,B0B1,B0B1_1,Go straight,0,0,0,0,0,0,0,0
150.0,B1,南,B0B1,B0B1_2,Turn left,0,0,0,0,0,0,0,0
150.0,B1,北,B2B1,B2B1_0,Turn right,1,1,0,0,0,0,0,0
150.0,B1,北,B2B1,B2B1_1,Go straight,1,1,0,1,1,0,0,0
150.0,B1,北,B2B1,B2B1_2,Turn left,1,1,0,0,0,0,0,0
150.0,B1,东,C1B1,C1B1_0,Turn right,2,2,1,1,1,0,0,0
150.0,B1,东,C1B1,C1B1_1,Go straight,2,2,1,0,0,0,0,0
150.0,B1,东,C1B1,C1B1_2,Turn left,2,2,1,1,0,1,0,0
150.0,B2,西,A2B2,A2B2_0,Turn right,2,2,1,1,1,0,0,0
150.0,B2,西,A2B2,A2B2_1,Go straight,2,2,1,0,0,0,0,0
150.0,B2,西,A2B2,A2B2_2,Turn left,2,2,1,1,0,1,0,0
150.0,B2,南,B1B2,B1B2_0,Turn right,1,1,0,0,0,0,0,0
150.0,B2,南,B1B2,B1B2_1,Go straight,1,1,0,1,1,0,0,0
150.0,B2,南,B1B2,B1B2_2,Turn left,1,1,0,0,0,0,0,0
150.0,B2,东,C2B2,C2B2_0,Turn right,2,2,1,0,0,0,0,0
150.0,B2,东,C2B2,C2B2_1,Go straight,2,2,1,2,1,1,0,0
150.0,B2,东,C2B2,C2B2_2,Turn left,2,2,1,0,0,0,0,0
150.0,B2,北,top1B2,top1B2_0,Turn right,0,0,0,0,0,0,0,0
150.0,B2,北,top1B2,top1B2_1,Go straight,0,0,0,0,0,0,0,0
150.0,B2,北,top1B2,top1B2_2,Turn left,0,0,0,0,0,0,0,0
150.0,C0,西,B0C0,B0C0_0,Turn right,0,0,0,0,0,0,0,0
150.0,C0,西,B0C0,B0C0_1,Go straight,0,0,0,0,0,0,0,0
150.0,C0,西,B0C0,B0C0_2,Turn left,0,0,0,0,0,0,0,0
150.0,C0,北,C1C0,C1C0_0,Turn right,1,1,0,0,0,0,0,0
150.0,C0,北,C1C0,C1C0_1,Go straight,1,1,0,0,0,0,0,0
150.0,C0,北,C1C0,C1C0_2,Turn left,1,1,0,1,1,0,0,0
150.0,C0,南,bottom2C0,bottom2C0_0,Turn right,0,0,0,0,0,0,0,0
150.0,C0,南,bottom2C0,bottom2C0_1,Go straight,0,0,0,0,0,0,0,0
150.0,C0,南,bottom2C0,bottom2C0_2,Turn left,0,0,0,0,0,0,0,0
150.0,C0,东,right0C0,right0C0_0,Turn right,2,2,0,0,0,0,0,0
150.0,C0,东,right0C0,right0C0_1,Go straight,2,2,0,1,0,1,0,0
150.0,C0,东,right0C0,right0C0_2,Turn left,2,2,0,1,1,0,0,0
150.0,C1,西,B1C1,B1C1_0,Turn right,4,4,1,1,1,0,0,0
150.0,C1,西,B1C1,B1C1_1,Go straight,4,4,1,0,0,0,0,0
150.0,C1,西,B1C1,B1C1_2,Turn left,4,4,1,3,0,3,0,0
150.0,C1,南,C0C1,C0C1_0,Turn right,0,0,0,0,0,0,0,0
150.0,C1,南,C0C1,C0C1_1,Go straight,0,0,0,0,0,0,0,0
150.0,C1,南,C0C1,C0C1_2,Turn left,0,0,0,0,0,0,0,0
150.0,C1,北,C2C1,C2C1_0,Turn right,0,0,0,0,0,0,0,0
150.0,C1,北,C2C1,C2C1_1,Go straight,0,0,0,0,0,0,0,0
150.0,C1,北,C2C1,C2C1_2,Turn left,0,0,0,0,0,0,0,0
150.0,C1,东,right1C1,right1C1_0,Turn right,0,0,0,0,0,0,0,0
150.0,C1,东,right1C1,right1C1_1,Go straight,0,0,0,0,0,0,0,0
150.0,C1,东,right1C1,right1C1_2,Turn left,0,0,0,0,0,0,0,0
150.0,C2,西,B2C2,B2C2_0,Turn right,3,3,2,0,0,0,0,0
150.0,C2,西,B2C2,B2C2_1,Go straight,3,3,2,0,0,0,0,0
150.0,C2,西,B2C2,B2C2_2,Turn left,3,3,2,3,2,1,0,0
150.0,C2,南,C1C2,C1C2_0,Turn right,0,0,0,0,0,0,0,0
150.0,C2,南,C1C2,C1C2_1,Go straight,0,0,0,0,0,0,0,0
150.0,C2,南,C1C2,C1C2_2,Turn left,0,0,0,0,0,0,0,0
150.0,C2,东,right2C2,right2C2_0,Turn right,2,2,0,1,1,0,0,0
150.0,C2,东,right2C2,right2C2_1,Go straight,2,2,0,1,1,0,0,0
150.0,C2,东,right2C2,right2C2_2,Turn left,2,2,0,0,0,0,0,0
150.0,C2,北,top2C2,top2C2_0,Turn right,2,2,0,1,1,0,0,0
150.0,C2,北,top2C2,top2C2_1,Go straight,2,2,0,0,0,0,0,0
150.0,C2,北,top2C2,top2C2_2,Turn left,2,2,0,1,1,0,0,0
155.0,A0,北,A1A0,A1A0_0,Turn right,0,0,0,0,0,0,0,0
155.0,A0,北,A1A0,A1A0_1,Go straight,0,0,0,0,0,0,0,0
155.0,A0,北,A1A0,A1A0_2,Turn left,0,0,0,0,0,0,0,0
155.0,A0,东,B0A0,B0A0_0,Turn right,0,0,0,0,0,0,0,0
155.0,A0,东,B0A0,B0A0_1,Go straight,0,0,0,0,0,0,0,0
155.0,A0,东,B0A0,B0A0_2,Turn left,0,0,0,0,0,0,0,0
155.0,A0,南,bottom0A0,bottom0A0_0,Turn right,1,1,0,0,0,0,0,0
155.0,A0,南,bottom0A0,bottom0A0_1,Go straight,1,1,0,1,1,0,0,0
155.0,A0,南,bottom0A0,bottom0A0_2,Turn left,1,1,0,0,0,0,0,0
155.0,A0,西,left0A0,left0A0_0,Turn right,8,8,1,0,0,0,0,1
155.0,A0,西,left0A0,left0A0_1,Go straight,8,8,1,5,1,4,1,0
155.0,A0,西,left0A0,left0A0_2,Turn left,8,8,1,3,0,3,0,0
155.0,A1,南,A0A1,A0A1_0,Turn right,1,1,0,0,0,0,0,0
155.0,A1,南,A0A1,A0A1_1,Go straight,1,1,0,1,1,0,0,0
155.0,A1,南,A0A1,A0A1_2,Turn left,1,1,0,0,0,0,0,0
155.0,A1,北,A2A1,A2A1_0,Turn right,1,1,0,0,0,0,0,0
155.0,A1,北,A2A1,A2A1_1,Go straight,1,1,0,1,1,0,0,0
155.0,A1,北,A2A1,A2A1_2,Turn left,1,1,0,0,0,0,0,0
155.0,A1,东,B1A1,B1A1_0,Turn right,0,0,0,0,0,0,0,0
155.0,A1,东,B1A1,B1A1_1,Go straight,0,0,0,0,0,0,0,0
155.0,A1,东,B1A1,B1A1_2,Turn left,0,0,0,0,0,0,0,0
155.0,A1,西,left1A1,left1A1_0,Turn right,2,2,1,0,0,0,0,1
155.0,A1,西,left1A1,left1A1_1,Go straight,2,2,1,2,2,0,1,0
155.0,A1,西,left1A1,left1A1_2,Turn left,2,2,1,0,0,0,0,0
155.0,A2,南,A1A2,A1A2_0,Turn right,4,4,0,4,4,0,0,0
155.0,A2,南,A1A2,A1A2_1,Go straight,4,4,0,0,0,0,0,0
155.0,A2,南,A1A2,A1A2_2,Turn left,4,4,0,0,0,0,0,0
155.0,A2,东,B2A2,B2A2_0,Turn right,0,0,0,0,0,0,0,0
155.0,A2,东,B2A2,B2A2_1,Go straight,0,0,0,0,0,0,0,0
155.0,A2,东,B2A2,B2A2_2,Turn left,0,0,0,0,0,0,0,0
155.0,A2,西,left2A2,left2A2_0,Turn right,0,0,0,0,0,0,0,0
155.0,A2,西,left2A2,left2A2_1,Go straight,0,0,0,0,0,0,0,0
155.0,A2,西,left2A2,left2A2_2,Turn left,0,0,0,0,0,0,0,0
155.0,A2,北,top0A2,top0A2_0,Turn right,0,0,0,0,0,0,0,0
155.0,A2,北,top0A2,top0A2_1,Go straight,0,0,0,0,0,0,0,0
155.0,A2,北,top0A2,top0A2_2,Turn left,0,0,0,0,0,0,0,0
155.0,B0,西,A0B0,A0B0_0,Turn right,2,2,0,0,0,0,0,0
155.0,B0,西,A0B0,A0B0_1,Go straight,2,2,0,0,0,0,0,0
155.0,B0,西,A0B0,A0B0_2,Turn left,2,2,0,2,0,2,0,0
155.0,B0,北,B1B0,B1B0_0,Turn right,0,0,0,0,0,0,0,0
155.0,B0,北,B1B0,B1B0_1,Go straight,0,0,0,0,0,0,0,0
155.0,B0,北,B1B0,B1B0_2,Turn left,0,0,0,0,0,0,0,0
155.0,B0,东,C0B0,C0B0_0,Turn right,2,2,0,0,0,0,0,0
155.0,B0,东,C0B0,C0B0_1,Go straight,2,2,0,2,1,1,0,0
155.0,B0,东,C0B0,C0B0_2,Turn left,2,2,0,0,0,0,0,0
155.0,B0,南,bottom1B0,bottom1B0_0,Turn right,1,1,1,1,1,0,0,0
155.0,B0,南,bottom1B0,bottom1B0_1,Go straight,1,1,1,0,0,0,0,0
155.0,B0,南,bottom1B0,bottom1B0_2,Turn left,1,1,1,0,0,0,0,0
155.0,B1,西,A1B1,A1B1_0,Turn right,1,1,1,1,1,0,0,0
155.0,B1,西,A1B1,A1B1_1,Go straight,1,1,1,0,0,0,0,0
155.0,B1,西,A1B1,A1B1_2,Turn left,1,1,1,0,0,0,0,0
155.0,B1,南,B0B1,B0B1_0,Turn right,0,0,0,0,0,0,0,0
155.0,B1,南,B0B1,B0B1_1,Go straight,0,0,0,0,0,0,0,0
155.0,B1,南,B0B1,B0B1_2,Turn left,0,0,0,0,0,0,0,0
155.0,B1,北,B2B1,B2B1_0,Turn right,0,0,0,0,0,0,0,0
155.0,B1,北,B2B1,B2B1_1,Go straight,0,0,0,0,0,0,0,0
155.0,B1,北,B2B1,B2B1_2,Turn left,0,0,0,0,0,0,0,0
155.0,B1,东,C1B1,C1B1_0,Turn right,2,2,0,1,1,0,0,0
155.0,B1,东,C1B1,C1B1_1,Go straight,2,2,0,0,0,0,0,0
155.0,B1,东,C1B1,C1B1_2,Turn left,2,2,0,1,0,1,0,0
155.0,B2,西,A2B2,A2B2_0,Turn right,4,4,2,1,1,0,0,0
155.0,B2,西,A2B2,A2B2_1,Go straight,4,4,2,1,1,0,0,0
155.0,B2,西,A2B2,A2B2_2,Turn left,4,4,2,2,1,1,0,0
155.0,B2,南,B1B2,B1B2_0,Turn right,1,1,0,0,0,0,0,0
155.0,B2,南,B1B2,B1B2_1,Go straight,1,1,0,1,0,1,0,0
155.0,B2,南,B1B2,B1B2_2,Turn left,1,1,0,0,0,0,0,0
155.0,B2,东,C2B2,C2B2_0,Turn right,3,3,1,0,0,0,0,0
155.0,B2,东,C2B2,C2B2_1,Go straight,3,3,1,3,2,1,0,0
155.0,B2,东,C2B2,C2B2_2,Turn left,3,3,1,0,0,0,0,0
155.0,B2,北,top1B2,top1B2_0,Turn right,1,1,1,0,0,0,0,1
155.0,B2,北,top1B2,top1B2_1,Go straight,1,1,1,1,1,0,1,0
155.0,B2,北,top1B2,top1B2_2,Turn left,1,1,1,0,0,0,0,0
155.0,C0,西,B0C0,B0C0_0,Turn right,0,0,0,0,0,0,0,0
155.0,C0,西,B0C0,B0C0_1,Go straight,0,0,0,0,0,0,0,0
155.0,C0,西,B0C0,B0C0_2,Turn left,0,0,0,0,0,0,0,0
155.0,C0,北,C1C0,C1C0_0,Turn right,0,0,0,0,0,0,0,0
155.0,C0,北,C1C0,C1C0_1,Go straight,0,0,0,0,0,0,0,0
155.0,C0,北,C1C0,C1C0_2,Turn left,0,0,0,0,0,0,0,0
155.0,C0,南,bottom2C0,bottom2C0_0,Turn right,0,0,0,0,0,0,0,0
155.0,C0,南,bottom2C0,bottom2C0_1,Go straight,0,0,0,0,0,0,0,0
155.0,C0,南,bottom2C0,bottom2C0_2,Turn left,0,0,0,0,0,0,0,0
155.0,C0,东,right0C0,right0C0_0,Turn right,2,2,0,0,0,0,0,0
155.0,C0,东,right0C0,right0C0_1,Go straight,2,2,0,1,0,1,0,0
155.0,C0,东,right0C0,right0C0_2,Turn left,2,2,0,1,0,1,0,0
155.0,C1,西,B1C1,B1C1_0,Turn right,4,4,0,1,1,0,0,0
155.0,C1,西,B1C1,B1C1_1,Go straight,4,4,0,0,0,0,0,0
155.0,C1,西,B1C1,B1C1_2,Turn left,4,4,0,3,0,3,0,0
155.0,C1,南,C0C1,C0C1_0,Turn right,0,0,0,0,0,0,0,0
155.0,C1,南,C0C1,C0C1_1,Go straight,0,0,0,0,0,0,0,0
155.0,C1,南,C0C1,C0C1_2,Turn left,0,0,0,0,0,0,0,0
155.0,C1,北,C2C1,C2C1_0,Turn right,0,0,0,0,0,0,0,0
155.0,C1,北,C2C1,C2C1_1,Go straight,0,0,0,0,0,0,0,0
155.0,C1,北,C2C1,C2C1_2,Turn left,0,0,0,0,0,0,0,0
155.0,C1,东,right1C1,right1C1_0,Turn right,0,0,0,0,0,0,0,0
155.0,C1,东,right1C1,right1C1_1,Go straight,0,0,0,0,0,0,0,0
155.0,C1,东,right1C1,right1C1_2,Turn left,0,0,0,0,0,0,0,0
155.0,C2,西,B2C2,B2C2_0,Turn right,3,3,0,0,0,0,0,0
155.0,C2,西,B2C2,B2C2_1,Go straight,3,3,0,0,0,0,0,0
155.0,C2,西,B2C2,B2C2_2,Turn left,3,3,0,3,2,1,0,0
155.0,C2,南,C1C2,C1C2_0,Turn right,0,0,0,0,0,0,0,0
155.0,C2,南,C1C2,C1C2_1,Go straight,0,0,0,0,0,0,0,0
155.0,C2,南,C1C2,C1C2_2,Turn left,0,0,0,0,0,0,0,0
155.0,C2,东,right2C2,right2C2_0,Turn right,1,1,0,0,0,0,0,0
155.0,C2,东,right2C2,right2C2_1,Go straight,1,1,0,1,1,0,0,0
155.0,C2,东,right2C2,right2C2_2,Turn left,1,1,0,0,0,0,0,0
155.0,C2,北,top2C2,top2C2_0,Turn right,1,1,0,0,0,0,0,0
155.0,C2,北,top2C2,top2C2_1,Go straight,1,1,0,0,0,0,0,0
155.0,C2,北,top2C2,top2C2_2,Turn left,1,1,0,1,1,0,0,0
160.0,A0,北,A1A0,A1A0_0,Turn right,1,1,1,0,0,0,0,0
160.0,A0,北,A1A0,A1A0_1,Go straight,1,1,1,0,0,0,0,0
160.0,A0,北,A1A0,A1A0_2,Turn left,1,1,1,1,1,0,0,0
160.0,A0,东,B0A0,B0A0_0,Turn right,0,0,0,0,0,0,0,0
160.0,A0,东,B0A0,B0A0_1,Go straight,0,0,0,0,0,0,0,0
160.0,A0,东,B0A0,B0A0_2,Turn left,0,0,0,0,0,0,0,0
160.0,A0,南,bottom0A0,bottom0A0_0,Turn right,1,1,0,0,0,0,0,0
160.0,A0,南,bottom0A0,bottom0A0_1,Go straight,1,1,0,1,1,0,0,0
160.0,A0,南,bottom0A0,bottom0A0_2,Turn left,1,1,0,0,0,0,0,0
160.0,A0,西,left0A0,left0A0_0,Turn right,8,8,0,0,0,0,0,0
160.0,A0,西,left0A0,left0A0_1,Go straight,8,8,0,5,1,4,0,0
160.0,A0,西,left0A0,left0A0_2,Turn left,8,8,0,3,0,3,0,0
160.0,A1,南,A0A1,A0A1_0,Turn right,1,1,0,0,0,0,0,0
160.0,A1,南,A0A1,A0A1_1,Go straight,1,1,0,1,1,0,0,0
160.0,A1,南,A0A1,A0A1_2,Turn left,1,1,0,0,0,0,0,0
160.0,A1,北,A2A1,A2A1_0,Turn right,1,1,0,0,0,0,0,0
160.0,A1,北,A2A1,A2A1_1,Go straight,1,1,0,1,1,0,0,0
160.0,A1,北,A2A1,A2A1_2,Turn left,1,1,0,0,0,0,0,0
160.0,A1,东,B1A1,B1A1_0,Turn right,0,0,0,0,0,0,0,0
160.0,A1,东,B1A1,B1A1_1,Go straight,0,0,0,0,0,0,0,0
160.0,A1,东,B1A1,B1A1_2,Turn left,0,0,0,0,0,0,0,0
160.0,A1,西,left1A1,left1A1_0,Turn right,3,3,1,0,0,0,0,1
160.0,A1,西,left1A1,left1A1_1,Go straight,3,3,1,3,3,0,1,0
160.0,A1,西,left1A1,left1A1_2,Turn left,3,3,1,0,0,0,0,0
160.0,A2,南,A1A2,A1A2_0,Turn right,3,3,0,3,3,0,0,0
160.0,A2,南,A1A2,A1A2_1,Go straight,3,3,0,0,0,0,0,0
160.0,A2,南,A1A2,A1A2_2,Turn left,3,3,0,0,0,0,0,0
160.0,A2,东,B2A2,B2A2_0,Turn right,0,0,0,0,0,0,0,0
160.0,A2,东,B2A2,B2A2_1,Go straight,0,0,0,0,0,0,0,0
160.0,A2,东,B2A2,B2A2_2,Turn left,0,0,0,0,0,0,0,0
160.0,A2,西,left2A2,left2A2_0,Turn right,0,0,0,0,0,0,0,0
160.0,A2,西,left2A2,left2A2_1,Go straight,0,0,0,0,0,0,0,0
160.0,A2,西,left2A2,left2A2_2,Turn left,0,0,0,0,0,0,0,0
160.0,A2,北,top0A2,top0A2_0,Turn right,0,0,0,0,0,0,0,0
160.0,A2,北,top0A2,top0A2_1,Go straight,0,0,0,0,0,0,0,0
160.0,A2,北,top0A2,top0A2_2,Turn left,0,0,0,0,0,0,0,0
160.0,B0,西,A0B0,A0B0_0,Turn right,2,2,0,0,0,0,0,0
160.0,B0,西,A0B0,A0B0_1,Go straight,2,2,0,0,0,0,0,0
160.0,B0,西,A0B0,A0B0_2,Turn left,2,2,0,2,0,2,0,0
160.0,B0,北,B1B0,B1B0_0,Turn right,1,1,1,0,0,0,0,0
160.0,B0,北,B1B0,B1B0_1,Go straight,1,1,1,0,0,0,0,0
160.0,B0,北,B1B0,B1B0_2,Turn left,1,1,1,1,1,0,0,0
160.0,B0,东,C0B0,C0B0_0,Turn right,2,2,0,0,0,0,0,0
160.0,B0,东,C0B0,C0B0_1,Go straight,2,2,0,2,1,1,0,0
160.0,B0,东,C0B0,C0B0_2,Turn left,2,2,0,0,0,0,0,0
160.0,B0,南,bottom1B0,bottom1B0_0,Turn right,1,1,0,0,0,0,0,1
160.0,B0,南,bottom1B0,bottom1B0_1,Go straight,1,1,0,1,1,0,1,0
160.0,B0,南,bottom1B0,bottom1B0_2,Turn left,1,1,0,0,0,0,0,0
160.0,B1,西,A1B1,A1B1_0,Turn right,1,1,0,1,1,0,0,0
160.0,B1,西,A1B1,A1B1_1,Go straight,1,1,0,0,0,0,0,0
160.0,B1,西,A1B1,A1B1_2,Turn left,1,1,0,0,0,0,0,0
160.0,B1,南,B0B1,B0B1_0,Turn right,0,0,0,0,0,0,0,0
160.0,B1,南,B0B1,B0B1_1,Go straight,0,0,0,0,0,0,0,0
160.0,B1,南,B0B1,B0B1_2,Turn left,0,0,0,0,0,0,0,0
160.0,B1,北,B2B1,B2B1_0,Turn right,0,0,0,0,0,0,0,0
160.0,B1,北,B2B1,B2B1_1,Go straight,0,0,0,0,0,0,0,0
160.0,B1,北,B2B1,B2B1_2,Turn left,0,0,0,0,0,0,0,0
160.0,B1,东,C1B1,C1B1_0,Turn right,2,2,0,1,1,0,0,0
160.0,B1,东,C1B1,C1B1_1,Go straight,2,2,0,0,0,0,0,0
160.0,B1,东,C1B1,C1B1_2,Turn left,2,2,0,1,0,1,0,0
160.0,B2,西,A2B2,A2B2_0,Turn right,5,5,1,1,1,0,0,0
160.0,B2,西,A2B2,A2B2_1,Go straight,5,5,1,2,2,0,0,0
160.0,B2,西,A2B2,A2B2_2,Turn left,5,5,1,2,1,1,0,0
160.0,B2,南,B1B2,B1B2_0,Turn right,1,1,0,0,0,0,0,0
160.0,B2,南,B1B2,B1B2_1,Go straight,1,1,0,1,0,1,0,0
160.0,B2,南,B1B2,B1B2_2,Turn left,1,1,0,0,0,0,0,0
160.0,B2,东,C2B2,C2B2_0,Turn right,3,3,0,0,0,0,0,0
160.0,B2,东,C2B2,C2B2_1,Go straight,3,3,0,3,2,1,0,0
160.0,B2,东,C2B2,C2B2_2,Turn left,3,3,0,0,0,0,0,0
160.0,B2,北,top1B2,top1B2_0,Turn right,1,1,0,0,0,0,0,0
160.0,B2,北,top1B2,top1B2_1,Go straight,1,1,0,1,1,0,0,0
160.0,B2,北,top1B2,top1B2_2,Turn left,1,1,0,0,0,0,0,0
160.0,C0,西,B0C0,B0C0_0,Turn right,0,0,0,0,0,0,0,0
160.0,C0,西,B0C0,B0C0_1,Go straight,0,0,0,0,0,0,0,0
160.0,C0,西,B0C0,B0C0_2,Turn left,0,0,0,0,0,0,0,0
160.0,C0,北,C1C0,C1C0_0,Turn right,0,0,0,0,0,0,0,0
160.0,C0,北,C1C0,C1C0_1,Go straight,0,0,0,0,0,0,0,0
160.0,C0,北,C1C0,C1C0_2,Turn left,0,0,0,0,0,0,0,0
160.0,C0,南,bottom2C0,bottom2C0_0,Turn right,0,0,0,0,0,0,0,0
160.0,C0,南,bottom2C0,bottom2C0_1,Go straight,0,0,0,0,0,0,0,0
160.0,C0,南,bottom2C0,bottom2C0_2,Turn left,0,0,0,0,0,0,0,0
160.0,C0,东,right0C0,right0C0_0,Turn right,2,2,0,0,0,0,0,0
160.0,C0,东,right0C0,right0C0_1,Go straight,2,2,0,1,0,1,0,0
160.0,C0,东,right0C0,right0C0_2,Turn left,2,2,0,1,0,1,0,0
160.0,C1,西,B1C1,B1C1_0,Turn right,4,4,0,1,1,0,0,0
160.0,C1,西,B1C1,B1C1_1,Go straight,4,4,0,0,0,0,0,0
160.0,C1,西,B1C1,B1C1_2,Turn left,4,4,0,3,0,3,0,0
160.0,C1,南,C0C1,C0C1_0,Turn right,0,0,0,0,0,0,0,0
160.0,C1,南,C0C1,C0C1_1,Go straight,0,0,0,0,0,0,0,0
160.0,C1,南,C0C1,C0C1_2,Turn left,0,0,0,0,0,0,0,0
160.0,C1,北,C2C1,C2C1_0,Turn right,0,0,0,0,0,0,0,0
160.0,C1,北,C2C1,C2C1_1,Go straight,0,0,0,0,0,0,0,0
160.0,C1,北,C2C1,C2C1_2,Turn left,0,0,0,0,0,0,0,0
160.0,C1,东,right1C1,right1C1_0,Turn right,0,0,0,0,0,0,0,0
160.0,C1,东,right1C1,right1C1_1,Go straight,0,0,0,0,0,0,0,0
160.0,C1,东,right1C1,right1C1_2,Turn left,0,0,0,0,0,0,0,0
160.0,C2,西,B2C2,B2C2_0,Turn right,3,3,0,0,0,0,0,0
160.0,C2,西,B2C2,B2C2_1,Go straight,3,3,0,0,0,0,0,0
160.0,C2,西,B2C2,B2C2_2,Turn left,3,3,0,3,2,1,0,0
160.0,C2,南,C1C2,C1C2_0,Turn right,0,0,0,0,0,0,0,0
160.0,C2,南,C1C2,C1C2_1,Go straight,0,0,0,0,0,0,0,0
160.0,C2,南,C1C2,C1C2_2,Turn left,0,0,0,0,0,0,0,0
160.0,C2,东,right2C2,right2C2_0,Turn right,1,1,0,0,0,0,0,0
160.0,C2,东,right2C2,right2C2_1,Go straight,1,1,0,1,1,0,0,0
160.0,C2,东,right2C2,right2C2_2,Turn left,1,1,0,0,0,0,0,0
160.0,C2,北,top2C2,top2C2_0,Turn right,0,0,0,0,0,0,0,0
160.0,C2,北,top2C2,top2C2_1,Go straight,0,0,0,0,0,0,0,0
160.0,C2,北,top2C2,top2C2_2,Turn left,0,0,0,0,0,0,0,0
165.0,A0,北,A1A0,A1A0_0,Turn right,1,1,0,0,0,0,0,0
165.0,A0,北,A1A0,A1A0_1,Go straight,1,1,0,0,0,0,0,0
165.0,A0,北,A1A0,A1A0_2,Turn left,1,1,0,1,1,0,0,0
165.0,A0,东,B0A0,B0A0_0,Turn right,0,0,0,0,0,0,0,0
165.0,A0,东,B0A0,B0A0_1,Go straight,0,0,0,0,0,0,0,0
165.0,A0,东,B0A0,B0A0_2,Turn left,0,0,0,0,0,0,0,0
165.0,A0,南,bottom0A0,bottom0A0_0,Turn right,1,1,0,0,0,0,0,0
165.0,A0,南,bottom0A0,bottom0A0_1,Go straight,1,1,0,1,0,1,0,0
165.0,A0,南,bottom0A0,bottom0A0_2,Turn left,1,1,0,0,0,0,0,0
165.0,A0,西,left0A0,left0A0_0,Turn right,8,8,0,0,0,0,0,0
165.0,A0,西,left0A0,left0A0_1,Go straight,8,8,0,5,1,4,0,0
165.0,A0,西,left0A0,left0A0_2,Turn left,8,8,0,3,0,3,0,0
165.0,A1,南,A0A1,A0A1_0,Turn right,1,1,0,0,0,0,0,0
165.0,A1,南,A0A1,A0A1_1,Go straight,1,1,0,1,1,0,0,0
165.0,A1,南,A0A1,A0A1_2,Turn left,1,1,0,0,0,0,0,0
165.0,A1,北,A2A1,A2A1_0,Turn right,1,1,0,0,0,0,0,0
165.0,A1,北,A2A1,A2A1_1,Go straight,1,1,0,1,1,0,0,0
165.0,A1,北,A2A1,A2A1_2,Turn left,1,1,0,0,0,0,0,0
165.0,A1,东,B1A1,B1A1_0,Turn right,0,0,0,0,0,0,0,0
165.0,A1,东,B1A1,B1A1_1,Go straight,0,0,0,0,0,0,0,0
165.0,A1,东,B1A1,B1A1_2,Turn left,0,0,0,0,0,0,0,0
165.0,A1,西,left1A1,left1A1_0,Turn right,3,3,0,0,0,0,0,0
165.0,A1,西,left1A1,left1A1_1,Go straight,3,3,0,3,3,0,0,0
165.0,A1,西,left1A1,left1A1_2,Turn left,3,3,0,0,0,0,0,0
165.0,A2,南,A1A2,A1A2_0,Turn right,2,2,0,2,2,0,0,0
165.0,A2,南,A1A2,A1A2_1,Go straight,2,2,0,0,0,0,0,0
165.0,A2,南,A1A2,A1A2_2,Turn left,2,2,0,0,0,0,0,0
165.0,A2,东,B2A2,B2A2_0,Turn right,0,0,0,0,0,0,0,0
165.0,A2,东,B2A2,B2A2_1,Go straight,0,0,0,0,0,0,0,0
165.0,A2,东,B2A2,B2A2_2,Turn left,0,0,0,0,0,0,0,0
165.0,A2,西,left2A2,left2A2_0,Turn right,0,0,0,0,0,0,0,0
165.0,A2,西,left2A2,left2A2_1,Go straight,0,0,0,0,0,0,0,0
165.0,A2,西,left2A2,left2A2_2,Turn left,0,0,0,0,0,0,0,0
165.0,A2,北,top0A2,top0A2_0,Turn right,0,0,0,0,0,0,0,0
165.0,A2,北,top0A2,top0A2_1,Go straight,0,0,0,0,0,0,0,0
165.0,A2,北,top0A2,top0A2_2,Turn left,0,0,0,0,0,0,0,0
165.0,B0,西,A0B0,A0B0_0,Turn right,2,2,0,0,0,0,0,0
165.0,B0,西,A0B0,A0B0_1,Go straight,2,2,0,0,0,0,0,0
165.0,B0,西,A0B0,A0B0_2,Turn left,2,2,0,2,0,2,0,0
165.0,B0,北,B1B0,B1B0_0,Turn right,1,1,0,0,0,0,0,0
165.0,B0,北,B1B0,B1B0_1,Go straight,1,1,0,0,0,0,0,0
165.0,B0,北,B1B0,B1B0_2,Turn left,1,1,0,1,1,0,0,0
165.0,B0,东,C0B0,C0B0_0,Turn right,2,2,0,0,0,0,0,0
165.0,B0,东,C0B0,C0B0_1,Go straight,2,2,0,2,1,1,0,0
165.0,B0,东,C0B0,C0B0_2,Turn left,2,2,0,0,0,0,0,0
165.0,B0,南,bottom1B0,bottom1B0_0,Turn right,1,1,0,0,0,0,0,0
165.0,B0,南,bottom1B0,bottom1B0_1,Go straight,1,1,0,1,1,0,0,0
165.0,B0,南,bottom1B0,bottom1B0_2,Turn left,1,1,0,0,0,0,0,0
165.0,B1,西,A1B1,A1B1_0,Turn right,1,1,0,1,1,0,0,0
165.0,B1,西,A1B1,A1B1_1,Go straight,1,1,0,0,0,0,0,0
165.0,B1,西,A1B1,A1B1_2,Turn left,1,1,0,0,0,0,0,0
165.0,B1,南,B0B1,B0B1_0,Turn right,0,0,0,0,0,0,0,0
165.0,B1,南,B0B1,B0B1_1,Go straight,0,0,0,0,0,0,0,0
165.0,B1,南,B0B1,B0B1_2,Turn left,0,0,0,0,0,0,0,0
165.0,B1,北,B2B1,B2B1_0,Turn right,0,0,0,0,0,0,0,0
165.0,B1,北,B2B1,B2B1_1,Go straight,0,0,0,0,0,0,0,0
165.0,B1,北,B2B1,B2B1_2,Turn left,0,0,0,0,0,0,0,0
165.0,B1,东,C1B1,C1B1_0,Turn right,2,2,0,1,1,0,0,0
165.0,B1,东,C1B1,C1B1_1,Go straight,2,2,0,0,0,0,0,0
165.0,B1,东,C1B1,C1B1_2,Turn left,2,2,0,1,0,1,0,0
165.0,B2,西,A2B2,A2B2_0,Turn right,6,6,1,1,1,0,0,0
165.0,B2,西,A2B2,A2B2_1,Go straight,6,6,1,3,3,0,0,0
165.0,B2,西,A2B2,A2B2_2,Turn left,6,6,1,2,1,1,0,0
165.0,B2,南,B1B2,B1B2_0,Turn right,1,1,0,0,0,0,0,0
165.0,B2,南,B1B2,B1B2_1,Go straight,1,1,0,1,0,1,0,0
165.0,B2,南,B1B2,B1B2_2,Turn left,1,1,0,0,0,0,0,0
165.0,B2,东,C2B2,C2B2_0,Turn right,3,3,0,0,0,0,0,0
165.0,B2,东,C2B2,C2B2_1,Go straight,3,3,0,3,2,1,0,0
165.0,B2,东,C2B2,C2B2_2,Turn left,3,3,0,0,0,0,0,0
165.0,B2,北,top1B2,top1B2_0,Turn right,1,1,0,0,0,0,0,0
165.0,B2,北,top1B2,top1B2_1,Go straight,1,1,0,1,1,0,0,0
165.0,B2,北,top1B2,top1B2_2,Turn left,1,1,0,0,0,0,0,0
165.0,C0,西,B0C0,B0C0_0,Turn right,0,0,0,0,0,0,0,0
165.0,C0,西,B0C0,B0C0_1,Go straight,0,0,0,0,0,0,0,0
165.0,C0,西,B0C0,B0C0_2,Turn left,0,0,0,0,0,0,0,0
165.0,C0,北,C1C0,C1C0_0,Turn right,0,0,0,0,0,0,0,0
165.0,C0,北,C1C0,C1C0_1,Go straight,0,0,0,0,0,0,0,0
165.0,C0,北,C1C0,C1C0_2,Turn left,0,0,0,0,0,0,0,0
165.0,C0,南,bottom2C0,bottom2C0_0,Turn right,0,0,0,0,0,0,0,0
165.0,C0,南,bottom2C0,bottom2C0_1,Go straight,0,0,0,0,0,0,0,0
165.0,C0,南,bottom2C0,bottom2C0_2,Turn left,0,0,0,0,0,0,0,0
165.0,C0,东,right0C0,right0C0_0,Turn right,2,2,0,0,0,0,0,0
165.0,C0,东,right0C0,right0C0_1,Go straight,2,2,0,1,0,1,0,0
165.0,C0,东,right0C0,right0C0_2,Turn left,2,2,0,1,0,1,0,0
165.0,C1,西,B1C1,B1C1_0,Turn right,4,4,0,1,1,0,0,0
165.0,C1,西,B1C1,B1C1_1,Go straight,4,4,0,0,0,0,0,0
165.0,C1,西,B1C1,B1C1_2,Turn left,4,4,0,3,0,3,0,0
165.0,C1,南,C0C1,C0C1_0,Turn right,0,0,0,0,0,0,0,0
165.0,C1,南,C0C1,C0C1_1,Go straight,0,0,0,0,0,0,0,0
165.0,C1,南,C0C1,C0C1_2,Turn left,0,0,0,0,0,0,0,0
165.0,C1,北,C2C1,C2C1_0,Turn right,0,0,0,0,0,0,0,0
165.0,C1,北,C2C1,C2C1_1,Go straight,0,0,0,0,0,0,0,0
165.0,C1,北,C2C1,C2C1_2,Turn left,0,0,0,0,0,0,0,0
165.0,C1,东,right1C1,right1C1_0,Turn right,0,0,0,0,0,0,0,0
165.0,C1,东,right1C1,right1C1_1,Go straight,0,0,0,0,0,0,0,0
165.0,C1,东,right1C1,right1C1_2,Turn left,0,0,0,0,0,0,0,0
165.0,C2,西,B2C2,B2C2_0,Turn right,3,3,0,0,0,0,0,0
165.0,C2,西,B2C2,B2C2_1,Go straight,3,3,0,0,0,0,0,0
165.0,C2,西,B2C2,B2C2_2,Turn left,3,3,0,3,2,1,0,0
165.0,C2,南,C1C2,C1C2_0,Turn right,0,0,0,0,0,0,0,0
165.0,C2,南,C1C2,C1C2_1,Go straight,0,0,0,0,0,0,0,0
165.0,C2,南,C1C2,C1C2_2,Turn left,0,0,0,0,0,0,0,0
165.0,C2,东,right2C2,right2C2_0,Turn right,1,1,0,0,0,0,0,0
165.0,C2,东,right2C2,right2C2_1,Go straight,1,1,0,1,1,0,0,0
165.0,C2,东,right2C2,right2C2_2,Turn left,1,1,0,0,0,0,0,0
165.0,C2,北,top2C2,top2C2_0,Turn right,0,0,0,0,0,0,0,0
165.0,C2,北,top2C2,top2C2_1,Go straight,0,0,0,0,0,0,0,0
165.0,C2,北,top2C2,top2C2_2,Turn left,0,0,0,0,0,0,0,0
170.0,A0,北,A1A0,A1A0_0,Turn right,2,2,1,0,0,0,0,0
170.0,A0,北,A1A0,A1A0_1,Go straight,2,2,1,1,1,0,0,0
170.0,A0,北,A1A0,A1A0_2,Turn left,2,2,1,1,1,0,0,0
170.0,A0,东,B0A0,B0A0_0,Turn right,0,0,0,0,0,0,0,0
170.0,A0,东,B0A0,B0A0_1,Go straight,0,0,0,0,0,0,0,0
170.0,A0,东,B0A0,B0A0_2,Turn left,0,0,0,0,0,0,0,0
170.0,A0,南,bottom0A0,bottom0A0_0,Turn right,1,1,0,0,0,0,0,0
170.0,A0,南,bottom0A0,bottom0A0_1,Go straight,1,1,0,1,0,1,0,0
170.0,A0,南,bottom0A0,bottom0A0_2,Turn left,1,1,0,0,0,0,0,0
170.0,A0,西,left0A0,left0A0_0,Turn right,8,8,0,0,0,0,0,0
170.0,A0,西,left0A0,left0A0_1,Go straight,8,8,0,5,1,4,0,0
170.0,A0,西,left0A0,left0A0_2,Turn left,8,8,0,3,0,3,0,0
170.0,A1,南,A0A1,A0A1_0,Turn right,1,1,0,0,0,0,0,0
170.0,A1,南,A0A1,A0A1_1,Go straight,1,1,0,1,0,1,0,0
170.0,A1,南,A0A1,A0A1_2,Turn left,1,1,0,0,0,0,0,0
170.0,A1,北,A2A1,A2A1_0,Turn right,0,0,0,0,0,0,0,0
170.0,A1,北,A2A1,A2A1_1,Go straight,0,0,0,0,0,0,0,0
170.0,A1,北,A2A1,A2A1_2,Turn left,0,0,0,0,0,0,0,0
170.0,A1,东,B1A1,B1A1_0,Turn right,0,0,0,0,0,0,0,0
170.0,A1,东,B1A1,B1A1_1,Go straight,0,0,0,0,0,0,0,0
170.0,A1,东,B1A1,B1A1_2,Turn left,0,0,0,0,0,0,0,0
170.0,A1,西,left1A1,left1A1_0,Turn right,3,3,0,0,0,0,0,0
170.0,A1,西,left1A1,left1A1_1,Go straight,3,3,0,3,2,1,0,0
170.0,A1,西,left1A1,left1A1_2,Turn left,3,3,0,0,0,0,0,0
170.0,A2,南,A1A2,A1A2_0,Turn right,1,1,0,1,1,0,0,0
170.0,A2,南,A1A2,A1A2_1,Go straight,1,1,0,0,0,0,0,0
170.0,A2,南,A1A2,A1A2_2,Turn left,1,1,0,0,0,0,0,0
170.0,A2,东,B2A2,B2A2_0,Turn right,0,0,0,0,0,0,0,0
170.0,A2,东,B2A2,B2A2_1,Go straight,0,0,0,0,0,0,0,0
170.0,A2,东,B2A2,B2A2_2,Turn left,0,0,0,0,0,0,0,0
170.0,A2,西,left2A2,left2A2_0,Turn right,0,0,0,0,0,0,0,0
170.0,A2,西,left2A2,left2A2_1,Go straight,0,0,0,0,0,0,0,0
170.0,A2,西,left2A2,left2A2_2,Turn left,0,0,0,0,0,0,0,0
170.0,A2,北,top0A2,top0A2_0,Turn right,0,0,0,0,0,0,0,0
170.0,A2,北,top0A2,top0A2_1,Go straight,0,0,0,0,0,0,0,0
170.0,A2,北,top0A2,top0A2_2,Turn left,0,0,0,0,0,0,0,0
170.0,B0,西,A0B0,A0B0_0,Turn right,2,2,0,0,0,0,0,0
170.0,B0,西,A0B0,A0B0_1,Go straight,2,2,0,0,0,0,0,0
170.0,B0,西,A0B0,A0B0_2,Turn left,2,2,0,2,0,2,0,0
170.0,B0,北,B1B0,B1B0_0,Turn right,1,1,0,0,0,0,0,0
170.0,B0,北,B1B0,B1B0_1,Go straight,1,1,0,0,0,0,0,0
170.0,B0,北,B1B0,B1B0_2,Turn left,1,1,0,1,1,0,0,0
170.0,B0,东,C0B0,C0B0_0,Turn right,2,2,0,0,0,0,0,0
170.0,B0,东,C0B0,C0B0_1,Go straight,2,2,0,2,1,1,0,0
170.0,B0,东,C0B0,C0B0_2,Turn left,2,2,0,0,0,0,0,0
170.0,B0,南,bottom1B0,bottom1B0_0,Turn right,1,1,0,0,0,0,0,0
170.0,B0,南,bottom1B0,bottom1B0_1,Go straight,1,1,0,1,1,0,0,0
170.0,B0,南,bottom1B0,bottom1B0_2,Turn left,1,1,0,0,0,0,0,0
170.0,B1,西,A1B1,A1B1_0,Turn right,1,1,0,1,1,0,0,0
170.0,B1,西,A1B1,A1B1_1,Go straight,1,1,0,0,0,0,0,0
170.0,B1,西,A1B1,A1B1_2,Turn left,1,1,0,0,0,0,0,0
170.0,B1,南,B0B1,B0B1_0,Turn right,0,0,0,0,0,0,0,0
170.0,B1,南,B0B1,B0B1_1,Go straight,0,0,0,0,0,0,0,0
170.0,B1,南,B0B1,B0B1_2,Turn left,0,0,0,0,0,0,0,0
170.0,B1,北,B2B1,B2B1_0,Turn right,0,0,0,0,0,0,0,0
170.0,B1,北,B2B1,B2B1_1,Go straight,0,0,0,0,0,0,0,0
170.0,B1,北,B2B1,B2B1_2,Turn left,0,0,0,0,0,0,0,0
170.0,B1,东,C1B1,C1B1_0,Turn right,2,2,0,1,1,0,0,0
170.0,B1,东,C1B1,C1B1_1,Go straight,2,2,0,0,0,0,0,0
170.0,B1,东,C1B1,C1B1_2,Turn left,2,2,0,1,0,1,0,0
170.0,B2,西,A2B2,A2B2_0,Turn right,6,6,0,1,1,0,0,0
170.0,B2,西,A2B2,A2B2_1,Go straight,6,6,0,3,3,0,0,0
170.0,B2,西,A2B2,A2B2_2,Turn left,6,6,0,2,1,1,0,0
170.0,B2,南,B1B2,B1B2_0,Turn right,1,1,0,0,0,0,0,0
170.0,B2,南,B1B2,B1B2_1,Go straight,1,1,0,1,0,1,0,0
170.0,B2,南,B1B2,B1B2_2,Turn left,1,1,0,0,0,0,0,0
170.0,B2,东,C2B2,C2B2_0,Turn right,3,3,0,0,0,0,0,0
170.0,B2,东,C2B2,C2B2_1,Go straight,3,3,0,3,2,1,0,0
170.0,B2,东,C2B2,C2B2_2,Turn left,3,3,0,0,0,0,0,0
170.0,B2,北,top1B2,top1B2_0,Turn right,0,0,0,0,0,0,0,0
170.0,B2,北,top1B2,top1B2_1,Go straight,0,0,0,0,0,0,0,0
170.0,B2,北,top1B2,top1B2_2,Turn left,0,0,0,0,0,0,0,0
170.0,C0,西,B0C0,B0C0_0,Turn right,0,0,0,0,0,0,0,0
170.0,C0,西,B0C0,B0C0_1,Go straight,0,0,0,0,0,0,0,0
170.0,C0,西,B0C0,B0C0_2,Turn left,0,0,0,0,0,0,0,0
170.0,C0,北,C1C0,C1C0_0,Turn right,0,0,0,0,0,0,0,0
170.0,C0,北,C1C0,C1C0_1,Go straight,0,0,0,0,0,0,0,0
170.0,C0,北,C1C0,C1C0_2,Turn left,0,0,0,0,0,0,0,0
170.0,C0,南,bottom2C0,bottom2C0_0,Turn right,0,0,0,0,0,0,0,0
170.0,C0,南,bottom2C0,bottom2C0_1,Go straight,0,0,0,0,0,0,0,0
170.0,C0,南,bottom2C0,bottom2C0_2,Turn left,0,0,0,0,0,0,0,0
170.0,C0,东,right0C0,right0C0_0,Turn right,2,2,0,0,0,0,0,0
170.0,C0,东,right0C0,right0C0_1,Go straight,2,2,0,1,0,1,0,0
170.0,C0,东,right0C0,right0C0_2,Turn left,2,2,0,1,0,1,0,0
170.0,C1,西,B1C1,B1C1_0,Turn right,3,3,0,0,0,0,0,0
170.0,C1,西,B1C1,B1C1_1,Go straight,3,3,0,0,0,0,0,0
170.0,C1,西,B1C1,B1C1_2,Turn left,3,3,0,3,0,3,0,0
170.0,C1,南,C0C1,C0C1_0,Turn right,0,0,0,0,0,0,0,0
170.0,C1,南,C0C1,C0C1_1,Go straight,0,0,0,0,0,0,0,0
170.0,C1,南,C0C1,C0C1_2,Turn left,0,0,0,0,0,0,0,0
170.0,C1,北,C2C1,C2C1_0,Turn right,0,0,0,0,0,0,0,0
170.0,C1,北,C2C1,C2C1_1,Go straight,0,0,0,0,0,0,0,0
170.0,C1,北,C2C1,C2C1_2,Turn left,0,0,0,0,0,0,0,0
170.0,C1,东,right1C1,right1C1_0,Turn right,0,0,0,0,0,0,0,0
170.0,C1,东,right1C1,right1C1_1,Go straight,0,0,0,0,0,0,0,0
170.0,C1,东,right1C1,right1C1_2,Turn left,0,0,0,0,0,0,0,0
170.0,C2,西,B2C2,B2C2_0,Turn right,3,3,0,0,0,0,0,0
170.0,C2,西,B2C2,B2C2_1,Go straight,3,3,0,0,0,0,0,0
170.0,C2,西,B2C2,B2C2_2,Turn left,3,3,0,3,2,1,0,0
170.0,C2,南,C1C2,C1C2_0,Turn right,0,0,0,0,0,0,0,0
170.0,C2,南,C1C2,C1C2_1,Go straight,0,0,0,0,0,0,0,0
170.0,C2,南,C1C2,C1C2_2,Turn left,0,0,0,0,0,0,0,0
170.0,C2,东,right2C2,right2C2_0,Turn right,1,1,0,0,0,0,0,0
170.0,C2,东,right2C2,right2C2_1,Go straight,1,1,0,1,0,1,0,0
170.0,C2,东,right2C2,right2C2_2,Turn left,1,1,0,0,0,0,0,0
170.0,C2,北,top2C2,top2C2_0,Turn right,0,0,0,0,0,0,0,0
170.0,C2,北,top2C2,top2C2_1,Go straight,0,0,0,0,0,0,0,0
170.0,C2,北,top2C2,top2C2_2,Turn left,0,0,0,0,0,0,0,0
175.0,A0,北,A1A0,A1A0_0,Turn right,2,2,0,0,0,0,0,0
175.0,A0,北,A1A0,A1A0_1,Go straight,2,2,0,1,1,0,0,0
175.0,A0,北,A1A0,A1A0_2,Turn left,2,2,0,1,1,0,0,0
175.0,A0,东,B0A0,B0A0_0,Turn right,0,0,0,0,0,0,0,0
175.0,A0,东,B0A0,B0A0_1,Go straight,0,0,0,0,0,0,0,0
175.0,A0,东,B0A0,B0A0_2,Turn left,0,0,0,0,0,0,0,0
175.0,A0,南,bottom0A0,bottom0A0_0,Turn right,0,0,0,0,0,0,0,0
175.0,A0,南,bottom0A0,bottom0A0_1,Go straight,0,0,0,0,0,0,0,0
175.0,A0,南,bottom0A0,bottom0A0_2,Turn left,0,0,0,0,0,0,0,0
175.0,A0,西,left0A0,left0A0_0,Turn right,8,8,0,0,0,0,0,0
175.0,A0,西,left0A0,left0A0_1,Go straight,8,8,0,5,1,4,0,0
175.0,A0,西,left0A0,left0A0_2,Turn left,8,8,0,3,0,3,0,0
175.0,A1,南,A0A1,A0A1_0,Turn right,0,0,0,0,0,0,0,0
175.0,A1,南,A0A1,A0A1_1,Go straight,0,0,0,0,0,0,0,0
175.0,A1,南,A0A1,A0A1_2,Turn left,0,0,0,0,0,0,0,0
175.0,A1,北,A2A1,A2A1_0,Turn right,0,0,0,0,0,0,0,0
175.0,A1,北,A2A1,A2A1_1,Go straight,0,0,0,0,0,0,0,0
175.0,A1,北,A2A1,A2A1_2,Turn left,0,0,0,0,0,0,0,0
175.0,A1,东,B1A1,B1A1_0,Turn right,0,0,0,0,0,0,0,0
175.0,A1,东,B1A1,B1A1_1,Go straight,0,0,0,0,0,0,0,0
175.0,A1,东,B1A1,B1A1_2,Turn left,0,0,0,0,0,0,0,0
175.0,A1,西,left1A1,left1A1_0,Turn right,3,3,0,0,0,0,0,0
175.0,A1,西,left1A1,left1A1_1,Go straight,3,3,0,3,2,1,0,0
175.0,A1,西,left1A1,left1A1_2,Turn left,3,3,0,0,0,0,0,0
175.0,A2,南,A1A2,A1A2_0,Turn right,0,0,0,0,0,0,0,0
175.0,A2,南,A1A2,A1A2_1,Go straight,0,0,0,0,0,0,0,0
175.0,A2,南,A1A2,A1A2_2,Turn left,0,0,0,0,0,0,0,0
175.0,A2,东,B2A2,B2A2_0,Turn right,0,0,0,0,0,0,0,0
175.0,A2,东,B2A2,B2A2_1,Go straight,0,0,0,0,0,0,0,0
175.0,A2,东,B2A2,B2A2_2,Turn left,0,0,0,0,0,0,0,0
175.0,A2,西,left2A2,left2A2_0,Turn right,0,0,0,0,0,0,0,0
175.0,A2,西,left2A2,left2A2_1,Go straight,0,0,0,0,0,0,0,0
175.0,A2,西,left2A2,left2A2_2,Turn left,0,0,0,0,0,0,0,0
175.0,A2,北,top0A2,top0A2_0,Turn right,0,0,0,0,0,0,0,0
175.0,A2,北,top0A2,top0A2_1,Go straight,0,0,0,0,0,0,0,0
175.0,A2,北,top0A2,top0A2_2,Turn left,0,0,0,0,0,0,0,0
175.0,B0,西,A0B0,A0B0_0,Turn right,2,2,0,0,0,0,0,0
175.0,B0,西,A0B0,A0B0_1,Go straight,2,2,0,0,0,0,0,0
175.0,B0,西,A0B0,A0B0_2,Turn left,2,2,0,2,0,2,0,0
175.0,B0,北,B1B0,B1B0_0,Turn right,1,1,0,0,0,0,0,0
175.0,B0,北,B1B0,B1B0_1,Go straight,1,1,0,0,0,0,0,0
175.0,B0,北,B1B0,B1B0_2,Turn left,1,1,0,1,1,0,0,0
175.0,B0,东,C0B0,C0B0_0,Turn right,2,2,0,0,0,0,0,0
175.0,B0,东,C0B0,C0B0_1,Go straight,2,2,0,2,1,1,0,0
175.0,B0,东,C0B0,C0B0_2,Turn left,2,2,0,0,0,0,0,0
175.0,B0,南,bottom1B0,bottom1B0_0,Turn right,1,1,0,0,0,0,0,0
175.0,B0,南,bottom1B0,bottom1B0_1,Go straight,1,1,0,1,1,0,0,0
175.0,B0,南,bottom1B0,bottom1B0_2,Turn left,1,1,0,0,0,0,0,0
175.0,B1,西,A1B1,A1B1_0,Turn right,1,1,0,1,1,0,0,0
175.0,B1,西,A1B1,A1B1_1,Go straight,1,1,0,0,0,0,0,0
175.0,B1,西,A1B1,A1B1_2,Turn left,1,1,0,0,0,0,0,0
175.0,B1,南,B0B1,B0B1_0,Turn right,0,0,0,0,0,0,0,0
175.0,B1,南,B0B1,B0B1_1,Go straight,0,0,0,0,0,0,0,0
175.0,B1,南,B0B1,B0B1_2,Turn left,0,0,0,0,0,0,0,0
175.0,B1,北,B2B1,B2B1_0,Turn right,1,1,1,0,0,0,0,0
175.0,B1,北,B2B1,B2B1_1,Go straight,1,1,1,1,1,0,0,0
175.0,B1,北,B2B1,B2B1_2,Turn left,1,1,1,0,0,0,0,0
175.0,B1,东,C1B1,C1B1_0,Turn right,1,1,0,0,0,0,0,0
175.0,B1,东,C1B1,C1B1_1,Go straight,1,1,0,0,0,0,0,0
175.0,B1,东,C1B1,C1B1_2,Turn left,1,1,0,1,0,1,0,0
175.0,B2,西,A2B2,A2B2_0,Turn right,6,6,1,0,0,0,0,0
175.0,B2,西,A2B2,A2B2_1,Go straight,6,6,1,4,4,0,0,0
175.0,B2,西,A2B2,A2B2_2,Turn left,6,6,1,2,1,1,0,0
175.0,B2,南,B1B2,B1B2_0,Turn right,0,0,0,0,0,0,0,0
175.0,B2,南,B1B2,B1B2_1,Go straight,0,0,0,0,0,0,0,0
175.0,B2,南,B1B2,B1B2_2,Turn left,0,0,0,0,0,0,0,0
175.0,B2,东,C2B2,C2B2_0,Turn right,3,3,0,0,0,0,0,0
175.0,B2,东,C2B2,C2B2_1,Go straight,3,3,0,3,1,2,0,0
175.0,B2,东,C2B2,C2B2_2,Turn left,3,3,0,0,0,0,0,0
175.0,B2,北,top1B2,top1B2_0,Turn right,0,0,0,0,0,0,0,0
175.0,B2,北,top1B2,top1B2_1,Go straight,0,0,0,0,0,0,0,0
175.0,B2,北,top1B2,top1B2_2,Turn left,0,0,0,0,0,0,0,0
175.0,C0,西,B0C0,B0C0_0,Turn right,0,0,0,0,0,0,0,0
175.0,C0,西,B0C0,B0C0_1,Go straight,0,0,0,0,0,0,0,0
175.0,C0,西,B0C0,B0C0_2,Turn left,0,0,0,0,0,0,0,0
175.0,C0,北,C1C0,C1C0_0,Turn right,1,1,1,0,0,0,0,0
175.0,C0,北,C1C0,C1C0_1,Go straight,1,1,1,1,1,0,0,0
175.0,C0,北,C1C0,C1C0_2,Turn left,1,1,1,0,0,0,0,0
175.0,C0,南,bottom2C0,bottom2C0_0,Turn right,0,0,0,0,0,0,0,0
175.0,C0,南,bottom2C0,bottom2C0_1,Go straight,0,0,0,0,0,0,0,0
175.0,C0,南,bottom2C0,bottom2C0_2,Turn left,0,0,0,0,0,0,0,0
175.0,C0,东,right0C0,right0C0_0,Turn right,3,3,1,0,0,0,0,1
175.0,C0,东,right0C0,right0C0_1,Go straight,3,3,1,2,1,1,1,0
175.0,C0,东,right0C0,right0C0_2,Turn left,3,3,1,1,0,1,0,0
175.0,C1,西,B1C1,B1C1_0,Turn right,3,3,0,0,0,0,0,0
175.0,C1,西,B1C1,B1C1_1,Go straight,3,3,0,0,0,0,0,0
175.0,C1,西,B1C1,B1C1_2,Turn left,3,3,0,3,0,3,0,0
175.0,C1,南,C0C1,C0C1_0,Turn right,0,0,0,0,0,0,0,0
175.0,C1,南,C0C1,C0C1_1,Go straight,0,0,0,0,0,0,0,0
175.0,C1,南,C0C1,C0C1_2,Turn left,0,0,0,0,0,0,0,0
175.0,C1,北,C2C1,C2C1_0,Turn right,0,0,0,0,0,0,0,0
175.0,C1,北,C2C1,C2C1_1,Go straight,0,0,0,0,0,0,0,0
175.0,C1,北,C2C1,C2C1_2,Turn left,0,0,0,0,0,0,0,0
175.0,C1,东,right1C1,right1C1_0,Turn right,0,0,0,0,0,0,0,0
175.0,C1,东,right1C1,right1C1_1,Go straight,0,0,0,0,0,0,0,0
175.0,C1,东,right1C1,right1C1_2,Turn left,0,0,0,0,0,0,0,0
175.0,C2,西,B2C2,B2C2_0,Turn right,3,3,0,0,0,0,0,0
175.0,C2,西,B2C2,B2C2_1,Go straight,3,3,0,0,0,0,0,0
175.0,C2,西,B2C2,B2C2_2,Turn left,3,3,0,3,1,2,0,0
175.0,C2,南,C1C2,C1C2_0,Turn right,0,0,0,0,0,0,0,0
175.0,C2,南,C1C2,C1C2_1,Go straight,0,0,0,0,0,0,0,0
175.0,C2,南,C1C2,C1C2_2,Turn left,0,0,0,0,0,0,0,0
175.0,C2,东,right2C2,right2C2_0,Turn right,1,1,0,0,0,0,0,0
175.0,C2,东,right2C2,right2C2_1,Go straight,1,1,0,1,0,1,0,0
175.0,C2,东,right2C2,right2C2_2,Turn left,1,1,0,0,0,0,0,0
175.0,C2,北,top2C2,top2C2_0,Turn right,0,0,0,0,0,0,0,0
175.0,C2,北,top2C2,top2C2_1,Go straight,0,0,0,0,0,0,0,0
175.0,C2,北,top2C2,top2C2_2,Turn left,0,0,0,0,0,0,0,0
180.0,A0,北,A1A0,A1A0_0,Turn right,2,2,0,0,0,0,0,0
180.0,A0,北,A1A0,A1A0_1,Go straight,2,2,0,1,1,0,0,0
180.0,A0,北,A1A0,A1A0_2,Turn left,2,2,0,1,1,0,0,0
180.0,A0,东,B0A0,B0A0_0,Turn right,0,0,0,0,0,0,0,0
180.0,A0,东,B0A0,B0A0_1,Go straight,0,0,0,0,0,0,0,0
180.0,A0,东,B0A0,B0A0_2,Turn left,0,0,0,0,0,0,0,0
180.0,A0,南,bottom0A0,bottom0A0_0,Turn right,0,0,0,0,0,0,0,0
180.0,A0,南,bottom0A0,bottom0A0_1,Go straight,0,0,0,0,0,0,0,0
180.0,A0,南,bottom0A0,bottom0A0_2,Turn left,0,0,0,0,0,0,0,0
180.0,A0,西,left0A0,left0A0_0,Turn right,8,8,0,0,0,0,0,0
180.0,A0,西,left0A0,left0A0_1,Go straight,8,8,0,5,1,4,0,0
180.0,A0,西,left0A0,left0A0_2,Turn left,8,8,0,3,0,3,0,0
180.0,A1,南,A0A1,A0A1_0,Turn right,1,1,1,0,0,0,0,0
180.0,A1,南,A0A1,A0A1_1,Go straight,1,1,1,1,1,0,0,0
180.0,A1,南,A0A1,A0A1_2,Turn left,1,1,1,0,0,0,0,0
180.0,A1,北,A2A1,A2A1_0,Turn right,0,0,0,0,0,0,0,0
180.0,A1,北,A2A1,A2A1_1,Go straight,0,0,0,0,0,0,0,0
180.0,A1,北,A2A1,A2A1_2,Turn left,0,0,0,0,0,0,0,0
180.0,A1,东,B1A1,B1A1_0,Turn right,0,0,0,0,0,0,0,0
180.0,A1,东,B1A1,B1A1_1,Go straight,0,0,0,0,0,0,0,0
180.0,A1,东,B1A1,B1A1_2,Turn left,0,0,0,0,0,0,0,0
180.0,A1,西,left1A1,left1A1_0,Turn right,3,3,0,0,0,0,0,0
180.0,A1,西,left1A1,left1A1_1,Go straight,3,3,0,3,1,2,0,0
180.0,A1,西,left1A1,left1A1_2,Turn left,3,3,0,0,0,0,0,0
180.0,A2,南,A1A2,A1A2_0,Turn right,1,1,1,0,0,0,0,0
180.0,A2,南,A1A2,A1A2_1,Go straight,1,1,1,1,1,0,0,0
180.0,A2,南,A1A2,A1A2_2,Turn left,1,1,1,0,0,0,0,0
180.0,A2,东,B2A2,B2A2_0,Turn right,0,0,0,0,0,0,0,0
180.0,A2,东,B2A2,B2A2_1,Go straight,0,0,0,0,0,0,0,0
180.0,A2,东,B2A2,B2A2_2,Turn left,0,0,0,0,0,0,0,0
180.0,A2,西,left2A2,left2A2_0,Turn right,0,0,0,0,0,0,0,0
180.0,A2,西,left2A2,left2A2_1,Go straight,0,0,0,0,0,0,0,0
180.0,A2,西,left2A2,left2A2_2,Turn left,0,0,0,0,0,0,0,0
180.0,A2,北,top0A2,top0A2_0,Turn right,0,0,0,0,0,0,0,0
180.0,A2,北,top0A2,top0A2_1,Go straight,0,0,0,0,0,0,0,0
180.0,A2,北,top0A2,top0A2_2,Turn left,0,0,0,0,0,0,0,0
180.0,B0,西,A0B0,A0B0_0,Turn right,2,2,0,0,0,0,0,0
180.0,B0,西,A0B0,A0B0_1,Go straight,2,2,0,0,0,0,0,0
180.0,B0,西,A0B0,A0B0_2,Turn left,2,2,0,2,0,2,0,0
180.0,B0,北,B1B0,B1B0_0,Turn right,1,1,0,0,0,0,0,0
180.0,B0,北,B1B0,B1B0_1,Go straight,1,1,0,0,0,0,0,0
180.0,B0,北,B1B0,B1B0_2,Turn left,1,1,0,1,1,0,0,0
180.0,B0,东,C0B0,C0B0_0,Turn right,2,2,0,0,0,0,0,0
180.0,B0,东,C0B0,C0B0_1,Go straight,2,2,0,2,0,2,0,0
180.0,B0,东,C0B0,C0B0_2,Turn left,2,2,0,0,0,0,0,0
180.0,B0,南,bottom1B0,bottom1B0_0,Turn right,1,1,0,0,0,0,0,0
180.0,B0,南,bottom1B0,bottom1B0_1,Go straight,1,1,0,1,1,0,0,0
180.0,B0,南,bottom1B0,bottom1B0_2,Turn left,1,1,0,0,0,0,0,0
180.0,B1,西,A1B1,A1B1_0,Turn right,0,0,0,0,0,0,0,0
180.0,B1,西,A1B1,A1B1_1,Go straight,0,0,0,0,0,0,0,0
180.0,B1,西,A1B1,A1B1_2,Turn left,0,0,0,0,0,0,0,0
180.0,B1,南,B0B1,B0B1_0,Turn right,0,0,0,0,0,0,0,0
180.0,B1,南,B0B1,B0B1_1,Go straight,0,0,0,0,0,0,0,0
180.0,B1,南,B0B1,B0B1_2,Turn left,0,0,0,0,0,0,0,0
180.0,B1,北,B2B1,B2B1_0,Turn right,2,2,1,0,0,0,0,0
180.0,B1,北,B2B1,B2B1_1,Go straight,2,2,1,1,1,0,0,0
180.0,B1,北,B2B1,B2B1_2,Turn left,2,2,1,1,1,0,0,0
180.0,B1,东,C1B1,C1B1_0,Turn right,1,1,0,0,0,0,0,0
180.0,B1,东,C1B1,C1B1_1,Go straight,1,1,0,0,0,0,0,0
180.0,B1,东,C1B1,C1B1_2,Turn left,1,1,0,1,0,1,0,0
180.0,B2,西,A2B2,A2B2_0,Turn right,7,7,1,0,0,0,0,0
180.0,B2,西,A2B2,A2B2_1,Go straight,7,7,1,5,4,1,0,0
180.0,B2,西,A2B2,A2B2_2,Turn left,7,7,1,2,1,1,0,0
180.0,B2,南,B1B2,B1B2_0,Turn right,1,1,1,0,0,0,0,0
180.0,B2,南,B1B2,B1B2_1,Go straight,1,1,1,1,1,0,0,0
180.0,B2,南,B1B2,B1B2_2,Turn left,1,1,1,0,0,0,0,0
180.0,B2,东,C2B2,C2B2_0,Turn right,3,3,0,0,0,0,0,0
180.0,B2,东,C2B2,C2B2_1,Go straight,3,3,0,3,0,3,0,0
180.0,B2,东,C2B2,C2B2_2,Turn left,3,3,0,0,0,0,0,0
180.0,B2,北,top1B2,top1B2_0,Turn right,0,0,0,0,0,0,0,0
180.0,B2,北,top1B2,top1B2_1,Go straight,0,0,0,0,0,0,0,0
180.0,B2,北,top1B2,top1B2_2,Turn left,0,0,0,0,0,0,0,0
180.0,C0,西,B0C0,B0C0_0,Turn right,0,0,0,0,0,0,0,0
180.0,C0,西,B0C0,B0C0_1,Go straight,0,0,0,0,0,0,0,0
180.0,C0,西,B0C0,B0C0_2,Turn left,0,0,0,0,0,0,0,0
180.0,C0,北,C1C0,C1C0_0,Turn right,1,1,0,0,0,0,0,0
180.0,C0,北,C1C0,C1C0_1,Go straight,1,1,0,1,1,0,0,0
180.0,C0,北,C1C0,C1C0_2,Turn left,1,1,0,0,0,0,0,0
180.0,C0,南,bottom2C0,bottom2C0_0,Turn right,0,0,0,0,0,0,0,0
180.0,C0,南,bottom2C0,bottom2C0_1,Go straight,0,0,0,0,0,0,0,0
180.0,C0,南,bottom2C0,bottom2C0_2,Turn left,0,0,0,0,0,0,0,0
180.0,C0,东,right0C0,right0C0_0,Turn right,3,3,0,0,0,0,0,0
180.0,C0,东,right0C0,right0C0_1,Go straight,3,3,0,2,1,1,0,0
180.0,C0,东,right0C0,right0C0_2,Turn left,3,3,0,1,0,1,0,0
180.0,C1,西,B1C1,B1C1_0,Turn right,3,3,0,0,0,0,0,0
180.0,C1,西,B1C1,B1C1_1,Go straight,3,3,0,0,0,0,0,0
180.0,C1,西,B1C1,B1C1_2,Turn left,3,3,0,3,0,3,0,0
180.0,C1,南,C0C1,C0C1_0,Turn right,0,0,0,0,0,0,0,0
180.0,C1,南,C0C1,C0C1_1,Go straight,0,0,0,0,0,0,0,0
180.0,C1,南,C0C1,C0C1_2,Turn left,0,0,0,0,0,0,0,0
180.0,C1,北,C2C1,C2C1_0,Turn right,0,0,0,0,0,0,0,0
180.0,C1,北,C2C1,C2C1_1,Go straight,0,0,0,0,0,0,0,0
180.0,C1,北,C2C1,C2C1_2,Turn left,0,0,0,0,0,0,0,0
180.0,C1,东,right1C1,right1C1_0,Turn right,0,0,0,0,0,0,0,0
180.0,C1,东,right1C1,right1C1_1,Go straight,0,0,0,0,0,0,0,0
180.0,C1,东,right1C1,right1C1_2,Turn left,0,0,0,0,0,0,0,0
180.0,C2,西,B2C2,B2C2_0,Turn right,3,3,0,0,0,0,0,0
180.0,C2,西,B2C2,B2C2_1,Go straight,3,3,0,0,0,0,0,0
180.0,C2,西,B2C2,B2C2_2,Turn left,3,3,0,3,1,2,0,0
180.0,C2,南,C1C2,C1C2_0,Turn right,0,0,0,0,0,0,0,0
180.0,C2,南,C1C2,C1C2_1,Go straight,0,0,0,0,0,0,0,0
180.0,C2,南,C1C2,C1C2_2,Turn left,0,0,0,0,0,0,0,0
180.0,C2,东,right2C2,right2C2_0,Turn right,2,2,1,0,0,0,0,1
180.0,C2,东,right2C2,right2C2_1,Go straight,2,2,1,2,1,1,1,0
180.0,C2,东,right2C2,right2C2_2,Turn left,2,2,1,0,0,0,0,0
180.0,C2,北,top2C2,top2C2_0,Turn right,0,0,0,0,0,0,0,0
180.0,C2,北,top2C2,top2C2_1,Go straight,0,0,0,0,0,0,0,0
180.0,C2,北,top2C2,top2C2_2,Turn left,0,0,0,0,0,0,0,0
185.0,A0,北,A1A0,A1A0_0,Turn right,2,2,0,0,0,0,0,0
185.0,A0,北,A1A0,A1A0_1,Go straight,2,2,0,1,1,0,0,0
185.0,A0,北,A1A0,A1A0_2,Turn left,2,2,0,1,0,1,0,0
185.0,A0,东,B0A0,B0A0_0,Turn right,0,0,0,0,0,0,0,0
185.0,A0,东,B0A0,B0A0_1,Go straight,0,0,0,0,0,0,0,0
185.0,A0,东,B0A0,B0A0_2,Turn left,0,0,0,0,0,0,0,0
185.0,A0,南,bottom0A0,bottom0A0_0,Turn right,0,0,0,0,0,0,0,0
185.0,A0,南,bottom0A0,bottom0A0_1,Go straight,0,0,0,0,0,0,0,0
185.0,A0,南,bottom0A0,bottom0A0_2,Turn left,0,0,0,0,0,0,0,0
185.0,A0,西,left0A0,left0A0_0,Turn right,7,7,0,0,0,0,0,0
185.0,A0,西,left0A0,left0A0_1,Go straight,7,7,0,4,1,3,0,0
185.0,A0,西,left0A0,left0A0_2,Turn left,7,7,0,3,0,3,0,0
185.0,A1,南,A0A1,A0A1_0,Turn right,1,1,0,0,0,0,0,0
185.0,A1,南,A0A1,A0A1_1,Go straight,1,1,0,1,1,0,0,0
185.0,A1,南,A0A1,A0A1_2,Turn left,1,1,0,0,0,0,0,0
185.0,A1,北,A2A1,A2A1_0,Turn right,0,0,0,0,0,0,0,0
185.0,A1,北,A2A1,A2A1_1,Go straight,0,0,0,0,0,0,0,0
185.0,A1,北,A2A1,A2A1_2,Turn left,0,0,0,0,0,0,0,0
185.0,A1,东,B1A1,B1A1_0,Turn right,0,0,0,0,0,0,0,0
185.0,A1,东,B1A1,B1A1_1,Go straight,0,0,0,0,0,0,0,0
185.0,A1,东,B1A1,B1A1_2,Turn left,0,0,0,0,0,0,0,0
185.0,A1,西,left1A1,left1A1_0,Turn right,2,2,0,0,0,0,0,0
185.0,A1,西,left1A1,left1A1_1,Go straight,2,2,0,2,1,1,0,0
185.0,A1,西,left1A1,left1A1_2,Turn left,2,2,0,0,0,0,0,0
185.0,A2,南,A1A2,A1A2_0,Turn right,1,1,0,0,0,0,0,0
185.0,A2,南,A1A2,A1A2_1,Go straight,1,1,0,1,1,0,0,0
185.0,A2,南,A1A2,A1A2_2,Turn left,1,1,0,0,0,0,0,0
185.0,A2,东,B2A2,B2A2_0,Turn right,0,0,0,0,0,0,0,0
185.0,A2,东,B2A2,B2A2_1,Go straight,0,0,0,0,0,0,0,0
185.0,A2,东,B2A2,B2A2_2,Turn left,0,0,0,0,0,0,0,0
185.0,A2,西,left2A2,left2A2_0,Turn right,0,0,0,0,0,0,0,0
185.0,A2,西,left2A2,left2A2_1,Go straight,0,0,0,0,0,0,0,0
185.0,A2,西,left2A2,left2A2_2,Turn left,0,0,0,0,0,0,0,0
185.0,A2,北,top0A2,top0A2_0,Turn right,0,0,0,0,0,0,0,0
185.0,A2,北,top0A2,top0A2_1,Go straight,0,0,0,0,0,0,0,0
185.0,A2,北,top0A2,top0A2_2,Turn left,0,0,0,0,0,0,0,0
185.0,B0,西,A0B0,A0B0_0,Turn right,2,2,0,0,0,0,0,0
185.0,B0,西,A0B0,A0B0_1,Go straight,2,2,0,0,0,0,0,0
185.0,B0,西,A0B0,A0B0_2,Turn left,2,2,0,2,0,2,0,0
185.0,B0,北,B1B0,B1B0_0,Turn right,2,2,1,0,0,0,0,0
185.0,B0,北,B1B0,B1B0_1,Go straight,2,2,1,0,0,0,0,0
185.0,B0,北,B1B0,B1B0_2,Turn left,2,2,1,2,2,0,0,0
185.0,B0,东,C0B0,C0B0_0,Turn right,1,1,0,0,0,0,0,0
185.0,B0,东,C0B0,C0B0_1,Go straight,1,1,0,1,1,0,0,0
185.0,B0,东,C0B0,C0B0_2,Turn left,1,1,0,0,0,0,0,0
185.0,B0,南,bottom1B0,bottom1B0_0,Turn right,0,0,0,0,0,0,0,0
185.0,B0,南,bottom1B0,bottom1B0_1,Go straight,0,0,0,0,0,0,0,0
185.0,B0,南,bottom1B0,bottom1B0_2,Turn left,0,0,0,0,0,0,0,0
185.0,B1,西,A1B1,A1B1_0,Turn right,0,0,0,0,0,0,0,0
185.0,B1,西,A1B1,A1B1_1,Go straight,0,0,0,0,0,0,0,0
185.0,B1,西,A1B1,A1B1_2,Turn left,0,0,0,0,0,0,0,0
185.0,B1,南,B0B1,B0B1_0,Turn right,1,1,1,0,0,0,0,0
185.0,B1,南,B0B1,B0B1_1,Go straight,1,1,1,1,1,0,0,0
185.0,B1,南,B0B1,B0B1_2,Turn left,1,1,1,0,0,0,0,0
185.0,B1,北,B2B1,B2B1_0,Turn right,2,2,0,0,0,0,0,0
185.0,B1,北,B2B1,B2B1_1,Go straight,2,2,0,1,1,0,0,0
185.0,B1,北,B2B1,B2B1_2,Turn left,2,2,0,1,1,0,0,0
185.0,B1,东,C1B1,C1B1_0,Turn right,1,1,0,0,0,0,0,0
185.0,B1,东,C1B1,C1B1_1,Go straight,1,1,0,0,0,0,0,0
185.0,B1,东,C1B1,C1B1_2,Turn left,1,1,0,1,0,1,0,0
185.0,B2,西,A2B2,A2B2_0,Turn right,6,6,0,0,0,0,0,0
185.0,B2,西,A2B2,A2B2_1,Go straight,6,6,0,4,4,0,0,0
185.0,B2,西,A2B2,A2B2_2,Turn left,6,6,0,2,0,2,0,0
185.0,B2,南,B1B2,B1B2_0,Turn right,1,1,0,0,0,0,0,0
185.0,B2,南,B1B2,B1B2_1,Go straight,1,1,0,1,1,0,0,0
185.0,B2,南,B1B2,B1B2_2,Turn left,1,1,0,0,0,0,0,0
185.0,B2,东,C2B2,C2B2_0,Turn right,2,2,0,0,0,0,0,0
185.0,B2,东,C2B2,C2B2_1,Go straight,2,2,0,2,1,1,0,0
185.0,B2,东,C2B2,C2B2_2,Turn left,2,2,0,0,0,0,0,0
185.0,B2,北,top1B2,top1B2_0,Turn right,0,0,0,0,0,0,0,0
185.0,B2,北,top1B2,top1B2_1,Go straight,0,0,0,0,0,0,0,0
185.0,B2,北,top1B2,top1B2_2,Turn left,0,0,0,0,0,0,0,0
185.0,C0,西,B0C0,B0C0_0,Turn right,0,0,0,0,0,0,0,0
185.0,C0,西,B0C0,B0C0_1,Go straight,0,0,0,0,0,0,0,0
185.0,C0,西,B0C0,B0C0_2,Turn left,0,0,0,0,0,0,0,0
185.0,C0,北,C1C0,C1C0_0,Turn right,1,1,0,0,0,0,0,0
185.0,C0,北,C1C0,C1C0_1,Go straight,1,1,0,1,1,0,0,0
185.0,C0,北,C1C0,C1C0_2,Turn left,1,1,0,0,0,0,0,0
185.0,C0,南,bottom2C0,bottom2C0_0,Turn right,0,0,0,0,0,0,0,0
185.0,C0,南,bottom2C0,bottom2C0_1,Go straight,0,0,0,0,0,0,0,0
185.0,C0,南,bottom2C0,bottom2C0_2,Turn left,0,0,0,0,0,0,0,0
185.0,C0,东,right0C0,right0C0_0,Turn right,2,2,0,0,0,0,0,0
185.0,C0,东,right0C0,right0C0_1,Go straight,2,2,0,1,1,0,0,0
185.0,C0,东,right0C0,right0C0_2,Turn left,2,2,0,1,0,1,0,0
185.0,C1,西,B1C1,B1C1_0,Turn right,3,3,0,0,0,0,0,0
185.0,C1,西,B1C1,B1C1_1,Go straight,3,3,0,0,0,0,0,0
185.0,C1,西,B1C1,B1C1_2,Turn left,3,3,0,3,0,3,0,0
185.0,C1,南,C0C1,C0C1_0,Turn right,0,0,0,0,0,0,0,0
185.0,C1,南,C0C1,C0C1_1,Go straight,0,0,0,0,0,0,0,0
185.0,C1,南,C0C1,C0C1_2,Turn left,0,0,0,0,0,0,0,0
185.0,C1,北,C2C1,C2C1_0,Turn right,0,0,0,0,0,0,0,0
185.0,C1,北,C2C1,C2C1_1,Go straight,0,0,0,0,0,0,0,0
185.0,C1,北,C2C1,C2C1_2,Turn left,0,0,0,0,0,0,0,0
185.0,C1,东,right1C1,right1C1_0,Turn right,0,0,0,0,0,0,0,0
185.0,C1,东,right1C1,right1C1_1,Go straight,0,0,0,0,0,0,0,0
185.0,C1,东,right1C1,right1C1_2,Turn left,0,0,0,0,0,0,0,0
185.0,C2,西,B2C2,B2C2_0,Turn right,3,3,0,0,0,0,0,0
185.0,C2,西,B2C2,B2C2_1,Go straight,3,3,0,0,0,0,0,0
185.0,C2,西,B2C2,B2C2_2,Turn left,3,3,0,3,0,3,0,0
185.0,C2,南,C1C2,C1C2_0,Turn right,0,0,0,0,0,0,0,0
185.0,C2,南,C1C2,C1C2_1,Go straight,0,0,0,0,0,0,0,0
185.0,C2,南,C1C2,C1C2_2,Turn left,0,0,0,0,0,0,0,0
185.0,C2,东,right2C2,right2C2_0,Turn right,1,1,0,0,0,0,0,0
185.0,C2,东,right2C2,right2C2_1,Go straight,1,1,0,0,0,0,0,1
185.0,C2,东,right2C2,right2C2_2,Turn left,1,1,0,1,1,0,1,0
185.0,C2,北,top2C2,top2C2_0,Turn right,0,0,0,0,0,0,0,0
185.0,C2,北,top2C2,top2C2_1,Go straight,0,0,0,0,0,0,0,0
185.0,C2,北,top2C2,top2C2_2,Turn left,0,0,0,0,0,0,0,0
190.0,A0,北,A1A0,A1A0_0,Turn right,2,2,0,0,0,0,0,0
190.0,A0,北,A1A0,A1A0_1,Go straight,2,2,0,1,1,0,0,0
190.0,A0,北,A1A0,A1A0_2,Turn left,2,2,0,1,0,1,0,0
190.0,A0,东,B0A0,B0A0_0,Turn right,2,2,2,0,0,0,0,0
190.0,A0,东,B0A0,B0A0_1,Go straight,2,2,2,1,1,0,0,0
190.0,A0,东,B0A0,B0A0_2,Turn left,2,2,2,1,1,0,0,0
190.0,A0,南,bottom0A0,bottom0A0_0,Turn right,0,0,0,0,0,0,0,0
190.0,A0,南,bottom0A0,bottom0A0_1,Go straight,0,0,0,0,0,0,0,0
190.0,A0,南,bottom0A0,bottom0A0_2,Turn left,0,0,0,0,0,0,0,0
190.0,A0,西,left0A0,left0A0_0,Turn right,5,5,0,0,0,0,0,0
190.0,A0,西,left0A0,left0A0_1,Go straight,5,5,0,2,2,0,0,0
190.0,A0,西,left0A0,left0A0_2,Turn left,5,5,0,3,0,3,0,0
190.0,A1,南,A0A1,A0A1_0,Turn right,1,1,0,0,0,0,0,0
190.0,A1,南,A0A1,A0A1_1,Go straight,1,1,0,1,1,0,0,0
190.0,A1,南,A0A1,A0A1_2,Turn left,1,1,0,0,0,0,0,0
190.0,A1,北,A2A1,A2A1_0,Turn right,0,0,0,0,0,0,0,0
190.0,A1,北,A2A1,A2A1_1,Go straight,0,0,0,0,0,0,0,0
190.0,A1,北,A2A1,A2A1_2,Turn left,0,0,0,0,0,0,0,0
190.0,A1,东,B1A1,B1A1_0,Turn right,0,0,0,0,0,0,0,0
190.0,A1,东,B1A1,B1A1_1,Go straight,0,0,0,0,0,0,0,0
190.0,A1,东,B1A1,B1A1_2,Turn left,0,0,0,0,0,0,0,0
190.0,A1,西,left1A1,left1A1_0,Turn right,0,0,0,0,0,0,0,0
190.0,A1,西,left1A1,left1A1_1,Go straight,0,0,0,0,0,0,0,0
190.0,A1,西,left1A1,left1A1_2,Turn left,0,0,0,0,0,0,0,0
190.0,A2,南,A1A2,A1A2_0,Turn right,1,1,0,0,0,0,0,0
190.0,A2,南,A1A2,A1A2_1,Go straight,1,1,0,1,1,0,0,0
190.0,A2,南,A1A2,A1A2_2,Turn left,1,1,0,0,0,0,0,0
190.0,A2,东,B2A2,B2A2_0,Turn right,2,2,2,1,1,0,0,0
190.0,A2,东,B2A2,B2A2_1,Go straight,2,2,2,0,0,0,0,0
190.0,A2,东,B2A2,B2A2_2,Turn left,2,2,2,1,1,0,0,0
190.0,A2,西,left2A2,left2A2_0,Turn right,1,1,1,1,1,0,0,0
190.0,A2,西,left2A2,left2A2_1,Go straight,1,1,1,0,0,0,0,0
190.0,A2,西,left2A2,left2A2_2,Turn left,1,1,1,0,0,0,0,0
190.0,A2,北,top0A2,top0A2_0,Turn right,0,0,0,0,0,0,0,0
190.0,A2,北,top0A2,top0A2_1,Go straight,0,0,0,0,0,0,0,0
190.0,A2,北,top0A2,top0A2_2,Turn left,0,0,0,0,0,0,0,0
190.0,B0,西,A0B0,A0B0_0,Turn right,4,4,2,0,0,0,0,0
190.0,B0,西,A0B0,A0B0_1,Go straight,4,4,2,0,0,0,0,0
190.0,B0,西,A0B0,A0B0_2,Turn left,4,4,2,4,2,2,0,0
190.0,B0,北,B1B0,B1B0_0,Turn right,2,2,0,0,0,0,0,0
190.0,B0,北,B1B0,B1B0_1,Go straight,2,2,0,0,0,0,0,0
190.0,B0,北,B1B0,B1B0_2,Turn left,2,2,0,2,1,1,0,0
190.0,B0,东,C0B0,C0B0_0,Turn right,1,1,1,0,0,0,0,0
190.0,B0,东,C0B0,C0B0_1,Go straight,1,1,1,1,1,0,0,0
190.0,B0,东,C0B0,C0B0_2,Turn left,1,1,1,0,0,0,0,0
190.0,B0,南,bottom1B0,bottom1B0_0,Turn right,0,0,0,0,0,0,0,0
190.0,B0,南,bottom1B0,bottom1B0_1,Go straight,0,0,0,0,0,0,0,0
190.0,B0,南,bottom1B0,bottom1B0_2,Turn left,0,0,0,0,0,0,0,0
190.0,B1,西,A1B1,A1B1_0,Turn right,1,1,1,1,1,0,0,0
190.0,B1,西,A1B1,A1B1_1,Go straight,1,1,1,0,0,0,0,0
190.0,B1,西,A1B1,A1B1_2,Turn left,1,1,1,0,0,0,0,0
190.0,B1,南,B0B1,B0B1_0,Turn right,1,1,0,0,0,0,0,0
190.0,B1,南,B0B1,B0B1_1,Go straight,1,1,0,1,1,0,0,0
190.0,B1,南,B0B1,B0B1_2,Turn left,1,1,0,0,0,0,0,0
190.0,B1,北,B2B1,B2B1_0,Turn right,2,2,0,0,0,0,0,0
190.0,B1,北,B2B1,B2B1_1,Go straight,2,2,0,1,1,0,0,0
190.0,B1,北,B2B1,B2B1_2,Turn left,2,2,0,1,1,0,0,0
190.0,B1,东,C1B1,C1B1_0,Turn right,1,1,0,0,0,0,0,0
190.0,B1,东,C1B1,C1B1_1,Go straight,1,1,0,0,0,0,0,0
190.0,B1,东,C1B1,C1B1_2,Turn left,1,1,0,1,0,1,0,0
190.0,B2,西,A2B2,A2B2_0,Turn right,4,4,0,0,0,0,0,0
190.0,B2,西,A2B2,A2B2_1,Go straight,4,4,0,2,2,0,0,0
190.0,B2,西,A2B2,A2B2_2,Turn left,4,4,0,2,0,2,0,0
190.0,B2,南,B1B2,B1B2_0,Turn right,1,1,0,0,0,0,0,0
190.0,B2,南,B1B2,B1B2_1,Go straight,1,1,0,1,1,0,0,0
190.0,B2,南,B1B2,B1B2_2,Turn left,1,1,0,0,0,0,0,0
190.0,B2,东,C2B2,C2B2_0,Turn right,1,1,1,0,0,0,0,0
190.0,B2,东,C2B2,C2B2_1,Go straight,1,1,1,1,1,0,0,0
190.0,B2,东,C2B2,C2B2_2,Turn left,1,1,1,0,0,0,0,0
190.0,B2,北,top1B2,top1B2_0,Turn right,0,0,0,0,0,0,0,0
190.0,B2,北,top1B2,top1B2_1,Go straight,0,0,0,0,0,0,0,0
190.0,B2,北,top1B2,top1B2_2,Turn left,0,0,0,0,0,0,0,0
190.0,C0,西,B0C0,B0C0_0,Turn right,0,0,0,0,0,0,0,0
190.0,C0,西,B0C0,B0C0_1,Go straight,0,0,0,0,0,0,0,0
190.0,C0,西,B0C0,B0C0_2,Turn left,0,0,0,0,0,0,0,0
190.0,C0,北,C1C0,C1C0_0,Turn right,1,1,0,0,0,0,0,0
190.0,C0,北,C1C0,C1C0_1,Go straight,1,1,0,1,1,0,0,0
190.0,C0,北,C1C0,C1C0_2,Turn left,1,1,0,0,0,0,0,0
190.0,C0,南,bottom2C0,bottom2C0_0,Turn right,0,0,0,0,0,0,0,0
190.0,C0,南,bottom2C0,bottom2C0_1,Go straight,0,0,0,0,0,0,0,0
190.0,C0,南,bottom2C0,bottom2C0_2,Turn left,0,0,0,0,0,0,0,0
190.0,C0,东,right0C0,right0C0_0,Turn right,2,2,0,0,0,0,0,0
190.0,C0,东,right0C0,right0C0_1,Go straight,2,2,0,1,1,0,0,0
190.0,C0,东,right0C0,right0C0_2,Turn left,2,2,0,1,0,1,0,0
190.0,C1,西,B1C1,B1C1_0,Turn right,3,3,0,0,0,0,0,0
190.0,C1,西,B1C1,B1C1_1,Go straight,3,3,0,0,0,0,0,0
190.0,C1,西,B1C1,B1C1_2,Turn left,3,3,0,3,0,3,0,0
190.0,C1,南,C0C1,C0C1_0,Turn right,0,0,0,0,0,0,0,0
190.0,C1,南,C0C1,C0C1_1,Go straight,0,0,0,0,0,0,0,0
190.0,C1,南,C0C1,C0C1_2,Turn left,0,0,0,0,0,0,0,0
190.0,C1,北,C2C1,C2C1_0,Turn right,0,0,0,0,0,0,0,0
190.0,C1,北,C2C1,C2C1_1,Go straight,0,0,0,0,0,0,0,0
190.0,C1,北,C2C1,C2C1_2,Turn left,0,0,0,0,0,0,0,0
190.0,C1,东,right1C1,right1C1_0,Turn right,0,0,0,0,0,0,0,0
190.0,C1,东,right1C1,right1C1_1,Go straight,0,0,0,0,0,0,0,0
190.0,C1,东,right1C1,right1C1_2,Turn left,0,0,0,0,0,0,0,0
190.0,C2,西,B2C2,B2C2_0,Turn right,5,5,2,0,0,0,0,0
190.0,C2,西,B2C2,B2C2_1,Go straight,5,5,2,0,0,0,0,0
190.0,C2,西,B2C2,B2C2_2,Turn left,5,5,2,5,2,3,0,0
190.0,C2,南,C1C2,C1C2_0,Turn right,0,0,0,0,0,0,0,0
190.0,C2,南,C1C2,C1C2_1,Go straight,0,0,0,0,0,0,0,0
190.0,C2,南,C1C2,C1C2_2,Turn left,0,0,0,0,0,0,0,0
190.0,C2,东,right2C2,right2C2_0,Turn right,1,1,0,0,0,0,0,0
190.0,C2,东,right2C2,right2C2_1,Go straight,1,1,0,0,0,0,0,0
190.0,C2,东,right2C2,right2C2_2,Turn left,1,1,0,1,1,0,0,0
190.0,C2,北,top2C2,top2C2_0,Turn right,0,0,0,0,0,0,0,0
190.0,C2,北,top2C2,top2C2_1,Go straight,0,0,0,0,0,0,0,0
190.0,C2,北,top2C2,top2C2_2,Turn left,0,0,0,0,0,0,0,0
195.0,A0,北,A1A0,A1A0_0,Turn right,2,2,0,0,0,0,0,0
195.0,A0,北,A1A0,A1A0_1,Go straight,2,2,0,1,1,0,0,0
195.0,A0,北,A1A0,A1A0_2,Turn left,2,2,0,1,0,1,0,0
195.0,A0,东,B0A0,B0A0_0,Turn right,2,2,0,0,0,0,0,0
195.0,A0,东,B0A0,B0A0_1,Go straight,2,2,0,1,1,0,0,0
195.0,A0,东,B0A0,B0A0_2,Turn left,2,2,0,1,1,0,0,0
195.0,A0,南,bottom0A0,bottom0A0_0,Turn right,0,0,0,0,0,0,0,0
195.0,A0,南,bottom0A0,bottom0A0_1,Go straight,0,0,0,0,0,0,0,0
195.0,A0,南,bottom0A0,bottom0A0_2,Turn left,0,0,0,0,0,0,0,0
195.0,A0,西,left0A0,left0A0_0,Turn right,3,3,0,0,0,0,0,0
195.0,A0,西,left0A0,left0A0_1,Go straight,3,3,0,0,0,0,0,0
195.0,A0,西,left0A0,left0A0_2,Turn left,3,3,0,3,0,3,0,0
195.0,A1,南,A0A1,A0A1_0,Turn right,1,1,0,0,0,0,0,0
195.0,A1,南,A0A1,A0A1_1,Go straight,1,1,0,1,1,0,0,0
195.0,A1,南,A0A1,A0A1_2,Turn left,1,1,0,0,0,0,0,0
195.0,A1,北,A2A1,A2A1_0,Turn right,0,0,0,0,0,0,0,0
195.0,A1,北,A2A1,A2A1_1,Go straight,0,0,0,0,0,0,0,0
195.0,A1,北,A2A1,A2A1_2,Turn left,0,0,0,0,0,0,0,0
195.0,A1,东,B1A1,B1A1_0,Turn right,0,0,0,0,0,0,0,0
195.0,A1,东,B1A1,B1A1_1,Go straight,0,0,0,0,0,0,0,0
195.0,A1,东,B1A1,B1A1_2,Turn left,0,0,0,0,0,0,0,0
195.0,A1,西,left1A1,left1A1_0,Turn right,0,0,0,0,0,0,0,0
195.0,A1,西,left1A1,left1A1_1,Go straight,0,0,0,0,0,0,0,0
195.0,A1,西,left1A1,left1A1_2,Turn left,0,0,0,0,0,0,0,0
195.0,A2,南,A1A2,A1A2_0,Turn right,1,1,0,0,0,0,0,0
195.0,A2,南,A1A2,A1A2_1,Go straight,1,1,0,1,1,0,0,0
195.0,A2,南,A1A2,A1A2_2,Turn left,1,1,0,0,0,0,0,0
195.0,A2,东,B2A2,B2A2_0,Turn right,3,3,1,2,2,0,0,0
195.0,A2,东,B2A2,B2A2_1,Go straight,3,3,1,0,0,0,0,0
195.0,A2,东,B2A2,B2A2_2,Turn left,3,3,1,1,1,0,0,0
195.0,A2,西,left2A2,left2A2_0,Turn right,1,1,0,0,0,0,0,1
195.0,A2,西,left2A2,left2A2_1,Go straight,1,1,0,1,1,0,1,0
195.0,A2,西,left2A2,left2A2_2,Turn left,1,1,0,0,0,0,0,0
195.0,A2,北,top0A2,top0A2_0,Turn right,1,1,1,0,0,0,0,1
195.0,A2,北,top0A2,top0A2_1,Go straight,1,1,1,1,1,0,1,0
195.0,A2,北,top0A2,top0A2_2,Turn left,1,1,1,0,0,0,0,0
195.0,B0,西,A0B0,A0B0_0,Turn right,6,6,2,0,0,0,0,0
195.0,B0,西,A0B0,A0B0_1,Go straight,6,6,2,0,0,0,0,0
195.0,B0,西,A0B0,A0B0_2,Turn left,6,6,2,6,4,2,0,0
195.0,B0,北,B1B0,B1B0_0,Turn right,2,2,0,0,0,0,0,0
195.0,B0,北,B1B0,B1B0_1,Go straight,2,2,0,0,0,0,0,0
195.0,B0,北,B1B0,B1B0_2,Turn left,2,2,0,2,1,1,0,0
195.0,B0,东,C0B0,C0B0_0,Turn right,2,2,1,1,1,0,0,0
195.0,B0,东,C0B0,C0B0_1,Go straight,2,2,1,1,1,0,0,0
195.0,B0,东,C0B0,C0B0_2,Turn left,2,2,1,0,0,0,0,0
195.0,B0,南,bottom1B0,bottom1B0_0,Turn right,0,0,0,0,0,0,0,0
195.0,B0,南,bottom1B0,bottom1B0_1,Go straight,0,0,0,0,0,0,0,0
195.0,B0,南,bottom1B0,bottom1B0_2,Turn left,0,0,0,0,0,0,0,0
195.0,B1,西,A1B1,A1B1_0,Turn right,3,3,2,1,1,0,0,0
195.0,B1,西,A1B1,A1B1_1,Go straight,3,3,2,1,1,0,0,0
195.0,B1,西,A1B1,A1B1_2,Turn left,3,3,2,1,1,0,0,0
195.0,B1,南,B0B1,B0B1_0,Turn right,1,1,0,0,0,0,0,0
195.0,B1,南,B0B1,B0B1_1,Go straight,1,1,0,1,1,0,0,0
195.0,B1,南,B0B1,B0B1_2,Turn left,1,1,0,0,0,0,0,0
195.0,B1,北,B2B1,B2B1_0,Turn right,2,2,0,0,0,0,0,0
195.0,B1,北,B2B1,B2B1_1,Go straight,2,2,0,1,1,0,0,0
195.0,B1,北,B2B1,B2B1_2,Turn left,2,2,0,1,1,0,0,0
195.0,B1,东,C1B1,C1B1_0,Turn right,1,1,0,0,0,0,0,0
195.0,B1,东,C1B1,C1B1_1,Go straight,1,1,0,0,0,0,0,0
195.0,B1,东,C1B1,C1B1_2,Turn left,1,1,0,1,0,1,0,0
195.0,B2,西,A2B2,A2B2_0,Turn right,4,4,0,0,0,0,0,0
195.0,B2,西,A2B2,A2B2_1,Go straight,4,4,0,2,2,0,0,0
195.0,B2,西,A2B2,A2B2_2,Turn left,4,4,0,2,0,2,0,0
195.0,B2,南,B1B2,B1B2_0,Turn right,1,1,0,0,0,0,0,0
195.0,B2,南,B1B2,B1B2_1,Go straight,1,1,0,1,1,0,0,0
195.0,B2,南,B1B2,B1B2_2,Turn left,1,1,0,0,0,0,0,0
195.0,B2,东,C2B2,C2B2_0,Turn right,1,1,0,0,0,0,0,0
195.0,B2,东,C2B2,C2B2_1,Go straight,1,1,0,1,1,0,0,0
195.0,B2,东,C2B2,C2B2_2,Turn left,1,1,0,0,0,0,0,0
195.0,B2,北,top1B2,top1B2_0,Turn right,0,0,0,0,0,0,0,0
195.0,B2,北,top1B2,top1B2_1,Go straight,0,0,0,0,0,0,0,0
195.0,B2,北,top1B2,top1B2_2,Turn left,0,0,0,0,0,0,0,0
195.0,C0,西,B0C0,B0C0_0,Turn right,0,0,0,0,0,0,0,0
195.0,C0,西,B0C0,B0C0_1,Go straight,0,0,0,0,0,0,0,0
195.0,C0,西,B0C0,B0C0_2,Turn left,0,0,0,0,0,0,0,0
195.0,C0,北,C1C0,C1C0_0,Turn right,1,1,0,0,0,0,0,0
195.0,C0,北,C1C0,C1C0_1,Go straight,1,1,0,1,1,0,0,0
195.0,C0,北,C1C0,C1C0_2,Turn left,1,1,0,0,0,0,0,0
195.0,C0,南,bottom2C0,bottom2C0_0,Turn right,0,0,0,0,0,0,0,0
195.0,C0,南,bottom2C0,bottom2C0_1,Go straight,0,0,0,0,0,0,0,0
195.0,C0,南,bottom2C0,bottom2C0_2,Turn left,0,0,0,0,0,0,0,0
195.0,C0,东,right0C0,right0C0_0,Turn right,2,2,1,1,1,0,0,0
195.0,C0,东,right0C0,right0C0_1,Go straight,2,2,1,0,0,0,0,0
195.0,C0,东,right0C0,right0C0_2,Turn left,2,2,1,1,0,1,0,0
195.0,C1,西,B1C1,B1C1_0,Turn right,3,3,0,0,0,0,0,0
195.0,C1,西,B1C1,B1C1_1,Go straight,3,3,0,0,0,0,0,0
195.0,C1,西,B1C1,B1C1_2,Turn left,3,3,0,3,0,3,0,0
195.0,C1,南,C0C1,C0C1_0,Turn right,0,0,0,0,0,0,0,0
195.0,C1,南,C0C1,C0C1_1,Go straight,0,0,0,0,0,0,0,0
195.0,C1,南,C0C1,C0C1_2,Turn left,0,0,0,0,0,0,0,0
195.0,C1,北,C2C1,C2C1_0,Turn right,0,0,0,0,0,0,0,0
195.0,C1,北,C2C1,C2C1_1,Go straight,0,0,0,0,0,0,0,0
195.0,C1,北,C2C1,C2C1_2,Turn left,0,0,0,0,0,0,0,0
195.0,C1,东,right1C1,right1C1_0,Turn right,0,0,0,0,0,0,0,0
195.0,C1,东,right1C1,right1C1_1,Go straight,0,0,0,0,0,0,0,0
195.0,C1,东,right1C1,right1C1_2,Turn left,0,0,0,0,0,0,0,0
195.0,C2,西,B2C2,B2C2_0,Turn right,6,6,1,0,0,0,0,0
195.0,C2,西,B2C2,B2C2_1,Go straight,6,6,1,0,0,0,0,0
195.0,C2,西,B2C2,B2C2_2,Turn left,6,6,1,6,3,3,0,0
195.0,C2,南,C1C2,C1C2_0,Turn right,0,0,0,0,0,0,0,0
195.0,C2,南,C1C2,C1C2_1,Go straight,0,0,0,0,0,0,0,0
195.0,C2,南,C1C2,C1C2_2,Turn left,0,0,0,0,0,0,0,0
195.0,C2,东,right2C2,right2C2_0,Turn right,1,1,0,0,0,0,0,0
195.0,C2,东,right2C2,right2C2_1,Go straight,1,1,0,0,0,0,0,0
195.0,C2,东,right2C2,right2C2_2,Turn left,1,1,0,1,1,0,0,0
195.0,C2,北,top2C2,top2C2_0,Turn right,0,0,0,0,0,0,0,0
195.0,C2,北,top2C2,top2C2_1,Go straight,0,0,0,0,0,0,0,0
195.0,C2,北,top2C2,top2C2_2,Turn left,0,0,0,0,0,0,0,0
200.0,A0,北,A1A0,A1A0_0,Turn right,2,2,0,0,0,0,0,0
200.0,A0,北,A1A0,A1A0_1,Go straight,2,2,0,1,1,0,0,0
200.0,A0,北,A1A0,A1A0_2,Turn left,2,2,0,1,0,1,0,0
200.0,A0,东,B0A0,B0A0_0,Turn right,2,2,0,0,0,0,0,0
200.0,A0,东,B0A0,B0A0_1,Go straight,2,2,0,1,1,0,0,0
200.0,A0,东,B0A0,B0A0_2,Turn left,2,2,0,1,1,0,0,0
200.0,A0,南,bottom0A0,bottom0A0_0,Turn right,0,0,0,0,0,0,0,0
200.0,A0,南,bottom0A0,bottom0A0_1,Go straight,0,0,0,0,0,0,0,0
200.0,A0,南,bottom0A0,bottom0A0_2,Turn left,0,0,0,0,0,0,0,0
200.0,A0,西,left0A0,left0A0_0,Turn right,4,4,1,0,0,0,0,1
200.0,A0,西,left0A0,left0A0_1,Go straight,4,4,1,1,1,0,1,0
200.0,A0,西,left0A0,left0A0_2,Turn left,4,4,1,3,0,3,0,0
200.0,A1,南,A0A1,A0A1_0,Turn right,1,1,0,0,0,0,0,0
200.0,A1,南,A0A1,A0A1_1,Go straight,1,1,0,1,1,0,0,0
200.0,A1,南,A0A1,A0A1_2,Turn left,1,1,0,0,0,0,0,0
200.0,A1,北,A2A1,A2A1_0,Turn right,0,0,0,0,0,0,0,0
200.0,A1,北,A2A1,A2A1_1,Go straight,0,0,0,0,0,0,0,0
200.0,A1,北,A2A1,A2A1_2,Turn left,0,0,0,0,0,0,0,0
200.0,A1,东,B1A1,B1A1_0,Turn right,0,0,0,0,0,0,0,0
200.0,A1,东,B1A1,B1A1_1,Go straight,0,0,0,0,0,0,0,0
200.0,A1,东,B1A1,B1A1_2,Turn left,0,0,0,0,0,0,0,0
200.0,A1,西,left1A1,left1A1_0,Turn right,0,0,0,0,0,0,0,0
200.0,A1,西,left1A1,left1A1_1,Go straight,0,0,0,0,0,0,0,0
200.0,A1,西,left1A1,left1A1_2,Turn left,0,0,0,0,0,0,0,0
200.0,A2,南,A1A2,A1A2_0,Turn right,1,1,0,0,0,0,0,0
200.0,A2,南,A1A2,A1A2_1,Go straight,1,1,0,1,1,0,0,0
200.0,A2,南,A1A2,A1A2_2,Turn left,1,1,0,0,0,0,0,0
200.0,A2,东,B2A2,B2A2_0,Turn right,3,3,0,2,2,0,0,0
200.0,A2,东,B2A2,B2A2_1,Go straight,3,3,0,0,0,0,0,0
200.0,A2,东,B2A2,B2A2_2,Turn left,3,3,0,1,1,0,0,0
200.0,A2,西,left2A2,left2A2_0,Turn right,3,3,2,0,0,0,0,2
200.0,A2,西,left2A2,left2A2_1,Go straight,3,3,2,3,3,0,2,0
200.0,A2,西,left2A2,left2A2_2,Turn left,3,3,2,0,0,0,0,0
200.0,A2,北,top0A2,top0A2_0,Turn right,1,1,0,0,0,0,0,0
200.0,A2,北,top0A2,top0A2_1,Go straight,1,1,0,1,1,0,0,0
200.0,A2,北,top0A2,top0A2_2,Turn left,1,1,0,0,0,0,0,0
200.0,B0,西,A0B0,A0B0_0,Turn right,7,7,1,0,0,0,0,0
200.0,B0,西,A0B0,A0B0_1,Go straight,7,7,1,0,0,0,0,0
200.0,B0,西,A0B0,A0B0_2,Turn left,7,7,1,7,5,2,0,0
200.0,B0,北,B1B0,B1B0_0,Turn right,2,2,0,0,0,0,0,0
200.0,B0,北,B1B0,B1B0_1,Go straight,2,2,0,0,0,0,0,0
200.0,B0,北,B1B0,B1B0_2,Turn left,2,2,0,2,1,1,0,0
200.0,B0,东,C0B0,C0B0_0,Turn right,2,2,0,1,1,0,0,0
200.0,B0,东,C0B0,C0B0_1,Go straight,2,2,0,1,1,0,0,0
200.0,B0,东,C0B0,C0B0_2,Turn left,2,2,0,0,0,0,0,0
200.0,B0,南,bottom1B0,bottom1B0_0,Turn right,0,0,0,0,0,0,0,0
200.0,B0,南,bottom1B0,bottom1B0_1,Go straight,0,0,0,0,0,0,0,0
200.0,B0,南,bottom1B0,bottom1B0_2,Turn left,0,0,0,0,0,0,0,0
200.0,B1,西,A1B1,A1B1_0,Turn right,3,3,0,1,1,0,0,0
200.0,B1,西,A1B1,A1B1_1,Go straight,3,3,0,1,1,0,0,0
200.0,B1,西,A1B1,A1B1_2,Turn left,3,3,0,1,1,0,0,0
200.0,B1,南,B0B1,B0B1_0,Turn right,1,1,0,0,0,0,0,0
200.0,B1,南,B0B1,B0B1_1,Go straight,1,1,0,1,1,0,0,0
200.0,B1,南,B0B1,B0B1_2,Turn left,1,1,0,0,0,0,0,0
200.0,B1,北,B2B1,B2B1_0,Turn right,2,2,0,0,0,0,0,0
200.0,B1,北,B2B1,B2B1_1,Go straight,2,2,0,1,0,1,0,0
200.0,B1,北,B2B1,B2B1_2,Turn left,2,2,0,1,1,0,0,0
200.0,B1,东,C1B1,C1B1_0,Turn right,1,1,0,0,0,0,0,0
200.0,B1,东,C1B1,C1B1_1,Go straight,1,1,0,0,0,0,0,0
200.0,B1,东,C1B1,C1B1_2,Turn left,1,1,0,1,0,1,0,0
200.0,B2,西,A2B2,A2B2_0,Turn right,3,3,0,0,0,0,0,0
200.0,B2,西,A2B2,A2B2_1,Go straight,3,3,0,1,1,0,0,0
200.0,B2,西,A2B2,A2B2_2,Turn left,3,3,0,2,0,2,0,0
200.0,B2,南,B1B2,B1B2_0,Turn right,1,1,0,0,0,0,0,0
200.0,B2,南,B1B2,B1B2_1,Go straight,1,1,0,1,1,0,0,0
200.0,B2,南,B1B2,B1B2_2,Turn left,1,1,0,0,0,0,0,0
200.0,B2,东,C2B2,C2B2_0,Turn right,1,1,0,0,0,0,0,0
200.0,B2,东,C2B2,C2B2_1,Go straight,1,1,0,1,1,0,0,0
200.0,B2,东,C2B2,C2B2_2,Turn left,1,1,0,0,0,0,0,0
200.0,B2,北,top1B2,top1B2_0,Turn right,0,0,0,0,0,0,0,0
200.0,B2,北,top1B2,top1B2_1,Go straight,0,0,0,0,0,0,0,0
200.0,B2,北,top1B2,top1B2_2,Turn left,0,0,0,0,0,0,0,0
200.0,C0,西,B0C0,B0C0_0,Turn right,0,0,0,0,0,0,0,0
200.0,C0,西,B0C0,B0C0_1,Go straight,0,0,0,0,0,0,0,0
200.0,C0,西,B0C0,B0C0_2,Turn left,0,0,0,0,0,0,0,0
200.0,C0,北,C1C0,C1C0_0,Turn right,1,1,0,0,0,0,0,0
200.0,C0,北,C1C0,C1C0_1,Go straight,1,1,0,1,0,1,0,0
200.0,C0,北,C1C0,C1C0_2,Turn left,1,1,0,0,0,0,0,0
200.0,C0,南,bottom2C0,bottom2C0_0,Turn right,0,0,0,0,0,0,0,0
200.0,C0,南,bottom2C0,bottom2C0_1,Go straight,0,0,0,0,0,0,0,0
200.0,C0,南,bottom2C0,bottom2C0_2,Turn left,0,0,0,0,0,0,0,0
200.0,C0,东,right0C0,right0C0_0,Turn right,2,2,0,1,1,0,0,0
200.0,C0,东,right0C0,right0C0_1,Go straight,2,2,0,0,0,0,0,0
200.0,C0,东,right0C0,right0C0_2,Turn left,2,2,0,1,0,1,0,0
200.0,C1,西,B1C1,B1C1_0,Turn right,3,3,0,0,0,0,0,0
200.0,C1,西,B1C1,B1C1_1,Go straight,3,3,0,0,0,0,0,0
200.0,C1,西,B1C1,B1C1_2,Turn left,3,3,0,3,0,3,0,0
200.0,C1,南,C0C1,C0C1_0,Turn right,0,0,0,0,0,0,0,0
200.0,C1,南,C0C1,C0C1_1,Go straight,0,0,0,0,0,0,0,0
200.0,C1,南,C0C1,C0C1_2,Turn left,0,0,0,0,0,0,0,0
200.0,C1,北,C2C1,C2C1_0,Turn right,0,0,0,0,0,0,0,0
200.0,C1,北,C2C1,C2C1_1,Go straight,0,0,0,0,0,0,0,0
200.0,C1,北,C2C1,C2C1_2,Turn left,0,0,0,0,0,0,0,0
200.0,C1,东,right1C1,right1C1_0,Turn right,0,0,0,0,0,0,0,0
200.0,C1,东,right1C1,right1C1_1,Go straight,0,0,0,0,0,0,0,0
200.0,C1,东,right1C1,right1C1_2,Turn left,0,0,0,0,0,0,0,0
200.0,C2,西,B2C2,B2C2_0,Turn right,6,6,0,0,0,0,0,0
200.0,C2,西,B2C2,B2C2_1,Go straight,6,6,0,0,0,0,0,0
200.0,C2,西,B2C2,B2C2_2,Turn left,6,6,0,6,3,3,0,0
200.0,C2,南,C1C2,C1C2_0,Turn right,0,0,0,0,0,0,0,0
200.0,C2,南,C1C2,C1C2_1,Go straight,0,0,0,0,0,0,0,0
200.0,C2,南,C1C2,C1C2_2,Turn left,0,0,0,0,0,0,0,0
200.0,C2,东,right2C2,right2C2_0,Turn right,1,1,0,0,0,0,0,0
200.0,C2,东,right2C2,right2C2_1,Go straight,1,1,0,0,0,0,0,0
200.0,C2,东,right2C2,right2C2_2,Turn left,1,1,0,1,1,0,0,0
200.0,C2,北,top2C2,top2C2_0,Turn right,0,0,0,0,0,0,0,0
200.0,C2,北,top2C2,top2C2_1,Go straight,0,0,0,0,0,0,0,0
200.0,C2,北,top2C2,top2C2_2,Turn left,0,0,0,0,0,0,0,0
205.0,A0,北,A1A0,A1A0_0,Turn right,2,2,0,0,0,0,0,0
205.0,A0,北,A1A0,A1A0_1,Go straight,2,2,0,1,0,1,0,0
205.0,A0,北,A1A0,A1A0_2,Turn left,2,2,0,1,0,1,0,0
205.0,A0,东,B0A0,B0A0_0,Turn right,2,2,0,0,0,0,0,0
205.0,A0,东,B0A0,B0A0_1,Go straight,2,2,0,1,1,0,0,0
205.0,A0,东,B0A0,B0A0_2,Turn left,2,2,0,1,1,0,0,0
205.0,A0,南,bottom0A0,bottom0A0_0,Turn right,0,0,0,0,0,0,0,0
205.0,A0,南,bottom0A0,bottom0A0_1,Go straight,0,0,0,0,0,0,0,0
205.0,A0,南,bottom0A0,bottom0A0_2,Turn left,0,0,0,0,0,0,0,0
205.0,A0,西,left0A0,left0A0_0,Turn right,3,3,0,0,0,0,0,0
205.0,A0,西,left0A0,left0A0_1,Go straight,3,3,0,1,1,0,0,0
205.0,A0,西,left0A0,left0A0_2,Turn left,3,3,0,2,1,1,0,0
205.0,A1,南,A0A1,A0A1_0,Turn right,1,1,0,0,0,0,0,0
205.0,A1,南,A0A1,A0A1_1,Go straight,1,1,0,1,1,0,0,0
205.0,A1,南,A0A1,A0A1_2,Turn left,1,1,0,0,0,0,0,0
205.0,A1,北,A2A1,A2A1_0,Turn right,0,0,0,0,0,0,0,0
205.0,A1,北,A2A1,A2A1_1,Go straight,0,0,0,0,0,0,0,0
205.0,A1,北,A2A1,A2A1_2,Turn left,0,0,0,0,0,0,0,0
205.0,A1,东,B1A1,B1A1_0,Turn right,0,0,0,0,0,0,0,0
205.0,A1,东,B1A1,B1A1_1,Go straight,0,0,0,0,0,0,0,0
205.0,A1,东,B1A1,B1A1_2,Turn left,0,0,0,0,0,0,0,0
205.0,A1,西,left1A1,left1A1_0,Turn right,0,0,0,0,0,0,0,0
205.0,A1,西,left1A1,left1A1_1,Go straight,0,0,0,0,0,0,0,0
205.0,A1,西,left1A1,left1A1_2,Turn left,0,0,0,0,0,0,0,0
205.0,A2,南,A1A2,A1A2_0,Turn right,1,1,0,0,0,0,0,0
205.0,A2,南,A1A2,A1A2_1,Go straight,1,1,0,1,1,0,0,0
205.0,A2,南,A1A2,A1A2_2,Turn left,1,1,0,0,0,0,0,0
205.0,A2,东,B2A2,B2A2_0,Turn right,3,3,0,2,2,0,0,0
205.0,A2,东,B2A2,B2A2_1,Go straight,3,3,0,0,0,0,0,0
205.0,A2,东,B2A2,B2A2_2,Turn left,3,3,0,1,1,0,0,0
205.0,A2,西,left2A2,left2A2_0,Turn right,3,3,0,0,0,0,0,0
205.0,A2,西,left2A2,left2A2_1,Go straight,3,3,0,3,3,0,0,0
205.0,A2,西,left2A2,left2A2_2,Turn left,3,3,0,0,0,0,0,0
205.0,A2,北,top0A2,top0A2_0,Turn right,1,1,0,0,0,0,0,0
205.0,A2,北,top0A2,top0A2_1,Go straight,1,1,0,1,1,0,0,0
205.0,A2,北,top0A2,top0A2_2,Turn left,1,1,0,0,0,0,0,0
205.0,B0,西,A0B0,A0B0_0,Turn right,6,6,0,0,0,0,0,0
205.0,B0,西,A0B0,A0B0_1,Go straight,6,6,0,0,0,0,0,0
205.0,B0,西,A0B0,A0B0_2,Turn left,6,6,0,6,6,0,0,0
205.0,B0,北,B1B0,B1B0_0,Turn right,2,2,0,0,0,0,0,0
205.0,B0,北,B1B0,B1B0_1,Go straight,2,2,0,0,0,0,0,0
205.0,B0,北,B1B0,B1B0_2,Turn left,2,2,0,2,1,1,0,0
205.0,B0,东,C0B0,C0B0_0,Turn right,2,2,0,1,1,0,0,0
205.0,B0,东,C0B0,C0B0_1,Go straight,2,2,0,1,1,0,0,0
205.0,B0,东,C0B0,C0B0_2,Turn left,2,2,0,0,0,0,0,0
205.0,B0,南,bottom1B0,bottom1B0_0,Turn right,0,0,0,0,0,0,0,0
205.0,B0,南,bottom1B0,bottom1B0_1,Go straight,0,0,0,0,0,0,0,0
205.0,B0,南,bottom1B0,bottom1B0_2,Turn left,0,0,0,0,0,0,0,0
205.0,B1,西,A1B1,A1B1_0,Turn right,3,3,0,1,1,0,0,0
205.0,B1,西,A1B1,A1B1_1,Go straight,3,3,0,1,1,0,0,0
205.0,B1,西,A1B1,A1B1_2,Turn left,3,3,0,1,1,0,0,0
205.0,B1,南,B0B1,B0B1_0,Turn right,1,1,0,0,0,0,0,0
205.0,B1,南,B0B1,B0B1_1,Go straight,1,1,0,1,1,0,0,0
205.0,B1,南,B0B1,B0B1_2,Turn left,1,1,0,0,0,0,0,0
205.0,B1,北,B2B1,B2B1_0,Turn right,2,2,0,0,0,0,0,0
205.0,B1,北,B2B1,B2B1_1,Go straight,2,2,0,1,0,1,0,0
205.0,B1,北,B2B1,B2B1_2,Turn left,2,2,0,1,0,1,0,0
205.0,B1,东,C1B1,C1B1_0,Turn right,0,0,0,0,0,0,0,0
205.0,B1,东,C1B1,C1B1_1,Go straight,0,0,0,0,0,0,0,0
205.0,B1,东,C1B1,C1B1_2,Turn left,0,0,0,0,0,0,0,0
205.0,B2,西,A2B2,A2B2_0,Turn right,2,2,0,0,0,0,0,0
205.0,B2,西,A2B2,A2B2_1,Go straight,2,2,0,1,0,1,0,0
205.0,B2,西,A2B2,A2B2_2,Turn left,2,2,0,1,1,0,0,0
205.0,B2,南,B1B2,B1B2_0,Turn right,1,1,0,0,0,0,0,0
205.0,B2,南,B1B2,B1B2_1,Go straight,1,1,0,1,1,0,0,0
205.0,B2,南,B1B2,B1B2_2,Turn left,1,1,0,0,0,0,0,0
205.0,B2,东,C2B2,C2B2_0,Turn right,1,1,0,0,0,0,0,0
205.0,B2,东,C2B2,C2B2_1,Go straight,1,1,0,1,1,0,0,0
205.0,B2,东,C2B2,C2B2_2,Turn left,1,1,0,0,0,0,0,0
205.0,B2,北,top1B2,top1B2_0,Turn right,1,1,1,0,0,0,0,1
205.0,B2,北,top1B2,top1B2_1,Go straight,1,1,1,1,1,0,1,0
205.0,B2,北,top1B2,top1B2_2,Turn left,1,1,1,0,0,0,0,0
205.0,C0,西,B0C0,B0C0_0,Turn right,0,0,0,0,0,0,0,0
205.0,C0,西,B0C0,B0C0_1,Go straight,0,0,0,0,0,0,0,0
205.0,C0,西,B0C0,B0C0_2,Turn left,0,0,0,0,0,0,0,0
205.0,C0,北,C1C0,C1C0_0,Turn right,1,1,0,0,0,0,0,0
205.0,C0,北,C1C0,C1C0_1,Go straight,1,1,0,1,0,1,0,0
205.0,C0,北,C1C0,C1C0_2,Turn left,1,1,0,0,0,0,0,0
205.0,C0,南,bottom2C0,bottom2C0_0,Turn right,1,1,1,0,0,0,0,1
205.0,C0,南,bottom2C0,bottom2C0_1,Go straight,1,1,1,1,1,0,1,0
205.0,C0,南,bottom2C0,bottom2C0_2,Turn left,1,1,1,0,0,0,0,0
205.0,C0,东,right0C0,right0C0_0,Turn right,1,1,0,1,1,0,0,0
205.0,C0,东,right0C0,right0C0_1,Go straight,1,1,0,0,0,0,0,0
205.0,C0,东,right0C0,right0C0_2,Turn left,1,1,0,0,0,0,0,0
205.0,C1,西,B1C1,B1C1_0,Turn right,2,2,0,0,0,0,0,0
205.0,C1,西,B1C1,B1C1_1,Go straight,2,2,0,0,0,0,0,0
205.0,C1,西,B1C1,B1C1_2,Turn left,2,2,0,2,1,1,0,0
205.0,C1,南,C0C1,C0C1_0,Turn right,0,0,0,0,0,0,0,0
205.0,C1,南,C0C1,C0C1_1,Go straight,0,0,0,0,0,0,0,0
205.0,C1,南,C0C1,C0C1_2,Turn left,0,0,0,0,0,0,0,0
205.0,C1,北,C2C1,C2C1_0,Turn right,0,0,0,0,0,0,0,0
205.0,C1,北,C2C1,C2C1_1,Go straight,0,0,0,0,0,0,0,0
205.0,C1,北,C2C1,C2C1_2,Turn left,0,0,0,0,0,0,0,0
205.0,C1,东,right1C1,right1C1_0,Turn right,0,0,0,0,0,0,0,0
205.0,C1,东,right1C1,right1C1_1,Go straight,0,0,0,0,0,0,0,0
205.0,C1,东,right1C1,right1C1_2,Turn left,0,0,0,0,0,0,0,0
205.0,C2,西,B2C2,B2C2_0,Turn right,6,6,1,0,0,0,0,0
205.0,C2,西,B2C2,B2C2_1,Go straight,6,6,1,0,0,0,0,0
205.0,C2,西,B2C2,B2C2_2,Turn left,6,6,1,6,5,1,0,0
205.0,C2,南,C1C2,C1C2_0,Turn right,0,0,0,0,0,0,0,0
205.0,C2,南,C1C2,C1C2_1,Go straight,0,0,0,0,0,0,0,0
205.0,C2,南,C1C2,C1C2_2,Turn left,0,0,0,0,0,0,0,0
205.0,C2,东,right2C2,right2C2_0,Turn right,0,0,0,0,0,0,0,0
205.0,C2,东,right2C2,right2C2_1,Go straight,0,0,0,0,0,0,0,0
205.0,C2,东,right2C2,right2C2_2,Turn left,0,0,0,0,0,0,0,0
205.0,C2,北,top2C2,top2C2_0,Turn right,1,1,1,1,1,0,0,0
205.0,C2,北,top2C2,top2C2_1,Go straight,1,1,1,0,0,0,0,0
205.0,C2,北,top2C2,top2C2_2,Turn left,1,1,1,0,0,0,0,0
210.0,A0,北,A1A0,A1A0_0,Turn right,2,2,0,0,0,0,0,0
210.0,A0,北,A1A0,A1A0_1,Go straight,2,2,0,1,0,1,0,0
210.0,A0,北,A1A0,A1A0_2,Turn left,2,2,0,1,0,1,0,0
210.0,A0,东,B0A0,B0A0_0,Turn right,1,1,0,0,0,0,0,0
210.0,A0,东,B0A0,B0A0_1,Go straight,1,1,0,1,1,0,0,0
210.0,A0,东,B0A0,B0A0_2,Turn left,1,1,0,0,0,0,0,0
210.0,A0,南,bottom0A0,bottom0A0_0,Turn right,0,0,0,0,0,0,0,0
210.0,A0,南,bottom0A0,bottom0A0_1,Go straight,0,0,0,0,0,0,0,0
210.0,A0,南,bottom0A0,bottom0A0_2,Turn left,0,0,0,0,0,0,0,0
210.0,A0,西,left0A0,left0A0_0,Turn right,1,1,0,0,0,0,0,0
210.0,A0,西,left0A0,left0A0_1,Go straight,1,1,0,1,1,0,0,0
210.0,A0,西,left0A0,left0A0_2,Turn left,1,1,0,0,0,0,0,0
210.0,A1,南,A0A1,A0A1_0,Turn right,3,3,2,0,0,0,0,0
210.0,A1,南,A0A1,A0A1_1,Go straight,3,3,2,3,2,1,0,0
210.0,A1,南,A0A1,A0A1_2,Turn left,3,3,2,0,0,0,0,0
210.0,A1,北,A2A1,A2A1_0,Turn right,0,0,0,0,0,0,0,0
210.0,A1,北,A2A1,A2A1_1,Go straight,0,0,0,0,0,0,0,0
210.0,A1,北,A2A1,A2A1_2,Turn left,0,0,0,0,0,0,0,0
210.0,A1,东,B1A1,B1A1_0,Turn right,0,0,0,0,0,0,0,0
210.0,A1,东,B1A1,B1A1_1,Go straight,0,0,0,0,0,0,0,0
210.0,A1,东,B1A1,B1A1_2,Turn left,0,0,0,0,0,0,0,0
210.0,A1,西,left1A1,left1A1_0,Turn right,5,5,5,1,1,0,0,0
210.0,A1,西,left1A1,left1A1_1,Go straight,5,5,5,2,2,0,0,0
210.0,A1,西,left1A1,left1A1_2,Turn left,5,5,5,2,2,0,0,0
210.0,A2,南,A1A2,A1A2_0,Turn right,1,1,0,0,0,0,0,0
210.0,A2,南,A1A2,A1A2_1,Go straight,1,1,0,1,0,1,0,0
210.0,A2,南,A1A2,A1A2_2,Turn left,1,1,0,0,0,0,0,0
210.0,A2,东,B2A2,B2A2_0,Turn right,2,2,0,2,2,0,0,0
210.0,A2,东,B2A2,B2A2_1,Go straight,2,2,0,0,0,0,0,0
210.0,A2,东,B2A2,B2A2_2,Turn left,2,2,0,0,0,0,0,0
210.0,A2,西,left2A2,left2A2_0,Turn right,3,3,0,0,0,0,0,0
210.0,A2,西,left2A2,left2A2_1,Go straight,3,3,0,3,3,0,0,0
210.0,A2,西,left2A2,left2A2_2,Turn left,3,3,0,0,0,0,0,0
210.0,A2,北,top0A2,top0A2_0,Turn right,6,6,5,1,1,0,0,0
210.0,A2,北,top0A2,top0A2_1,Go straight,6,6,5,3,3,0,0,0
210.0,A2,北,top0A2,top0A2_2,Turn left,6,6,5,2,2,0,0,0
210.0,B0,西,A0B0,A0B0_0,Turn right,4,4,0,0,0,0,0,0
210.0,B0,西,A0B0,A0B0_1,Go straight,4,4,0,0,0,0,0,0
210.0,B0,西,A0B0,A0B0_2,Turn left,4,4,0,4,4,0,0,0
210.0,B0,北,B1B0,B1B0_0,Turn right,3,3,1,1,1,0,0,0
210.0,B0,北,B1B0,B1B0_1,Go straight,3,3,1,0,0,0,0,0
210.0,B0,北,B1B0,B1B0_2,Turn left,3,3,1,2,1,1,0,0
210.0,B0,东,C0B0,C0B0_0,Turn right,2,2,0,1,1,0,0,0
210.0,B0,东,C0B0,C0B0_1,Go straight,2,2,0,1,1,0,0,0
210.0,B0,东,C0B0,C0B0_2,Turn left,2,2,0,0,0,0,0,0
210.0,B0,南,bottom1B0,bottom1B0_0,Turn right,0,0,0,0,0,0,0,0
210.0,B0,南,bottom1B0,bottom1B0_1,Go straight,0,0,0,0,0,0,0,0
210.0,B0,南,bottom1B0,bottom1B0_2,Turn left,0,0,0,0,0,0,0,0
210.0,B1,西,A1B1,A1B1_0,Turn right,2,2,0,1,1,0,0,0
210.0,B1,西,A1B1,A1B1_1,Go straight,2,2,0,1,1,0,0,0
210.0,B1,西,A1B1,A1B1_2,Turn left,2,2,0,0,0,0,0,0
210.0,B1,南,B0B1,B0B1_0,Turn right,3,3,2,2,2,0,0,0
210.0,B1,南,B0B1,B0B1_1,Go straight,3,3,2,1,1,0,0,0
210.0,B1,南,B0B1,B0B1_2,Turn left,3,3,2,0,0,0,0,0
210.0,B1,北,B2B1,B2B1_0,Turn right,2,2,0,0,0,0,0,0
210.0,B1,北,B2B1,B2B1_1,Go straight,2,2,0,1,0,1,0,0
210.0,B1,北,B2B1,B2B1_2,Turn left,2,2,0,1,0,1,0,0
210.0,B1,东,C1B1,C1B1_0,Turn right,0,0,0,0,0,0,0,0
210.0,B1,东,C1B1,C1B1_1,Go straight,0,0,0,0,0,0,0,0
210.0,B1,东,C1B1,C1B1_2,Turn left,0,0,0,0,0,0,0,0
210.0,B2,西,A2B2,A2B2_0,Turn right,1,1,0,0,0,0,0,0
210.0,B2,西,A2B2,A2B2_1,Go straight,1,1,0,1,0,1,0,0
210.0,B2,西,A2B2,A2B2_2,Turn left,1,1,0,0,0,0,0,0
210.0,B2,南,B1B2,B1B2_0,Turn right,1,1,0,0,0,0,0,0
210.0,B2,南,B1B2,B1B2_1,Go straight,1,1,0,1,1,0,0,0
210.0,B2,南,B1B2,B1B2_2,Turn left,1,1,0,0,0,0,0,0
210.0,B2,东,C2B2,C2B2_0,Turn right,1,1,0,0,0,0,0,0
210.0,B2,东,C2B2,C2B2_1,Go straight,1,1,0,1,1,0,0,0
210.0,B2,东,C2B2,C2B2_2,Turn left,1,1,0,0,0,0,0,0
210.0,B2,北,top1B2,top1B2_0,Turn right,1,1,0,0,0,0,0,0
210.0,B2,北,top1B2,top1B2_1,Go straight,1,1,0,1,1,0,0,0
210.0,B2,北,top1B2,top1B2_2,Turn left,1,1,0,0,0,0,0,0
210.0,C0,西,B0C0,B0C0_0,Turn right,0,0,0,0,0,0,0,0
210.0,C0,西,B0C0,B0C0_1,Go straight,0,0,0,0,0,0,0,0
210.0,C0,西,B0C0,B0C0_2,Turn left,0,0,0,0,0,0,0,0
210.0,C0,北,C1C0,C1C0_0,Turn right,1,1,0,0,0,0,0,0
210.0,C0,北,C1C0,C1C0_1,Go straight,1,1,0,1,0,1,0,0
210.0,C0,北,C1C0,C1C0_2,Turn left,1,1,0,0,0,0,0,0
210.0,C0,南,bottom2C0,bottom2C0_0,Turn right,1,1,0,0,0,0,0,0
210.0,C0,南,bottom2C0,bottom2C0_1,Go straight,1,1,0,0,0,0,0,1
210.0,C0,南,bottom2C0,bottom2C0_2,Turn left,1,1,0,1,1,0,1,0
210.0,C0,东,right0C0,right0C0_0,Turn right,1,1,0,1,1,0,0,0
210.0,C0,东,right0C0,right0C0_1,Go straight,1,1,0,0,0,0,0,0
210.0,C0,东,right0C0,right0C0_2,Turn left,1,1,0,0,0,0,0,0
210.0,C1,西,B1C1,B1C1_0,Turn right,0,0,0,0,0,0,0,0
210.0,C1,西,B1C1,B1C1_1,Go straight,0,0,0,0,0,0,0,0
210.0,C1,西,B1C1,B1C1_2,Turn left,0,0,0,0,0,0,0,0
210.0,C1,南,C0C1,C0C1_0,Turn right,0,0,0,0,0,0,0,0
210.0,C1,南,C0C1,C0C1_1,Go straight,0,0,0,0,0,0,0,0
210.0,C1,南,C0C1,C0C1_2,Turn left,0,0,0,0,0,0,0,0
210.0,C1,北,C2C1,C2C1_0,Turn right,1,1,1,1,1,0,0,0
210.0,C1,北,C2C1,C2C1_1,Go straight,1,1,1,0,0,0,0,0
210.0,C1,北,C2C1,C2C1_2,Turn left,1,1,1,0,0,0,0,0
210.0,C1,东,right1C1,right1C1_0,Turn right,0,0,0,0,0,0,0,0
210.0,C1,东,right1C1,right1C1_1,Go straight,0,0,0,0,0,0,0,0
210.0,C1,东,right1C1,right1C1_2,Turn left,0,0,0,0,0,0,0,0
210.0,C2,西,B2C2,B2C2_0,Turn right,4,4,0,0,0,0,0,0
210.0,C2,西,B2C2,B2C2_1,Go straight,4,4,0,0,0,0,0,0
210.0,C2,西,B2C2,B2C2_2,Turn left,4,4,0,4,4,0,0,0
210.0,C2,南,C1C2,C1C2_0,Turn right,1,1,1,0,0,0,0,0
210.0,C2,南,C1C2,C1C2_1,Go straight,1,1,1,1,1,0,0,0
210.0,C2,南,C1C2,C1C2_2,Turn left,1,1,1,0,0,0,0,0
210.0,C2,东,right2C2,right2C2_0,Turn right,0,0,0,0,0,0,0,0
210.0,C2,东,right2C2,right2C2_1,Go straight,0,0,0,0,0,0,0,0
210.0,C2,东,right2C2,right2C2_2,Turn left,0,0,0,0,0,0,0,0
210.0,C2,北,top2C2,top2C2_0,Turn right,1,1,0,0,0,0,0,1
210.0,C2,北,top2C2,top2C2_1,Go straight,1,1,0,1,1,0,1,0
210.0,C2,北,top2C2,top2C2_2,Turn left,1,1,0,0,0,0,0,0
215.0,A0,北,A1A0,A1A0_0,Turn right,2,2,0,0,0,0,0,0
215.0,A0,北,A1A0,A1A0_1,Go straight,2,2,0,1,0,1,0,0
215.0,A0,北,A1A0,A1A0_2,Turn left,2,2,0,1,0,1,0,0
215.0,A0,东,B0A0,B0A0_0,Turn right,1,1,0,0,0,0,0,0
215.0,A0,东,B0A0,B0A0_1,Go straight,1,1,0,1,1,0,0,0
215.0,A0,东,B0A0,B0A0_2,Turn left,1,1,0,0,0,0,0,0
215.0,A0,南,bottom0A0,bottom0A0_0,Turn right,0,0,0,0,0,0,0,0
215.0,A0,南,bottom0A0,bottom0A0_1,Go straight,0,0,0,0,0,0,0,0
215.0,A0,南,bottom0A0,bottom0A0_2,Turn left,0,0,0,0,0,0,0,0
215.0,A0,西,left0A0,left0A0_0,Turn right,1,1,0,0,0,0,0,0
215.0,A0,西,left0A0,left0A0_1,Go straight,1,1,0,1,1,0,0,0
215.0,A0,西,left0A0,left0A0_2,Turn left,1,1,0,0,0,0,0,0
215.0,A1,南,A0A1,A0A1_0,Turn right,4,4,1,0,0,0,0,0
215.0,A1,南,A0A1,A0A1_1,Go straight,4,4,1,4,3,1,0,0
215.0,A1,南,A0A1,A0A1_2,Turn left,4,4,1,0,0,0,0,0
215.0,A1,北,A2A1,A2A1_0,Turn right,1,1,1,1,1,0,0,0
215.0,A1,北,A2A1,A2A1_1,Go straight,1,1,1,0,0,0,0,0
215.0,A1,北,A2A1,A2A1_2,Turn left,1,1,1,0,0,0,0,0
215.0,A1,东,B1A1,B1A1_0,Turn right,0,0,0,0,0,0,0,0
215.0,A1,东,B1A1,B1A1_1,Go straight,0,0,0,0,0,0,0,0
215.0,A1,东,B1A1,B1A1_2,Turn left,0,0,0,0,0,0,0,0
215.0,A1,西,left1A1,left1A1_0,Turn right,5,5,0,0,0,0,0,1
215.0,A1,西,left1A1,left1A1_1,Go straight,5,5,0,3,3,0,1,0
215.0,A1,西,left1A1,left1A1_2,Turn left,5,5,0,2,2,0,0,0
215.0,A2,南,A1A2,A1A2_0,Turn right,1,1,0,0,0,0,0,0
215.0,A2,南,A1A2,A1A2_1,Go straight,1,1,0,1,0,1,0,0
215.0,A2,南,A1A2,A1A2_2,Turn left,1,1,0,0,0,0,0,0
215.0,A2,东,B2A2,B2A2_0,Turn right,2,2,0,2,2,0,0,0
215.0,A2,东,B2A2,B2A2_1,Go straight,2,2,0,0,0,0,0,0
215.0,A2,东,B2A2,B2A2_2,Turn left,2,2,0,0,0,0,0,0
215.0,A2,西,left2A2,left2A2_0,Turn right,2,2,0,0,0,0,0,0
215.0,A2,西,left2A2,left2A2_1,Go straight,2,2,0,2,2,0,0,0
215.0,A2,西,left2A2,left2A2_2,Turn left,2,2,0,0,0,0,0,0
215.0,A2,北,top0A2,top0A2_0,Turn right,6,6,0,0,0,0,0,1
215.0,A2,北,top0A2,top0A2_1,Go straight,6,6,0,4,4,0,1,0
215.0,A2,北,top0A2,top0A2_2,Turn left,6,6,0,2,2,0,0,0
215.0,B0,西,A0B0,A0B0_0,Turn right,2,2,0,0,0,0,0,0
215.0,B0,西,A0B0,A0B0_1,Go straight,2,2,0,0,0,0,0,0
215.0,B0,西,A0B0,A0B0_2,Turn left,2,2,0,2,2,0,0,0
215.0,B0,北,B1B0,B1B0_0,Turn right,4,4,1,1,1,0,0,0
215.0,B0,北,B1B0,B1B0_1,Go straight,4,4,1,1,1,0,0,0
215.0,B0,北,B1B0,B1B0_2,Turn left,4,4,1,2,0,2,0,0
215.0,B0,东,C0B0,C0B0_0,Turn right,2,2,0,1,1,0,0,0
215.0,B0,东,C0B0,C0B0_1,Go straight,2,2,0,1,0,1,0,0
215.0,B0,东,C0B0,C0B0_2,Turn left,2,2,0,0,0,0,0,0
215.0,B0,南,bottom1B0,bottom1B0_0,Turn right,0,0,0,0,0,0,0,0
215.0,B0,南,bottom1B0,bottom1B0_1,Go straight,0,0,0,0,0,0,0,0
215.0,B0,南,bottom1B0,bottom1B0_2,Turn left,0,0,0,0,0,0,0,0
215.0,B1,西,A1B1,A1B1_0,Turn right,0,0,0,0,0,0,0,0
215.0,B1,西,A1B1,A1B1_1,Go straight,0,0,0,0,0,0,0,0
215.0,B1,西,A1B1,A1B1_2,Turn left,0,0,0,0,0,0,0,0
215.0,B1,南,B0B1,B0B1_0,Turn right,5,5,2,4,4,0,0,0
215.0,B1,南,B0B1,B0B1_1,Go straight,5,5,2,1,1,0,0,0
215.0,B1,南,B0B1,B0B1_2,Turn left,5,5,2,0,0,0,0,0
215.0,B1,北,B2B1,B2B1_0,Turn right,2,2,0,0,0,0,0,0
215.0,B1,北,B2B1,B2B1_1,Go straight,2,2,0,1,0,1,0,0
215.0,B1,北,B2B1,B2B1_2,Turn left,2,2,0,1,0,1,0,0
215.0,B1,东,C1B1,C1B1_0,Turn right,0,0,0,0,0,0,0,0
215.0,B1,东,C1B1,C1B1_1,Go straight,0,0,0,0,0,0,0,0
215.0,B1,东,C1B1,C1B1_2,Turn left,0,0,0,0,0,0,0,0
215.0,B2,西,A2B2,A2B2_0,Turn right,0,0,0,0,0,0,0,0
215.0,B2,西,A2B2,A2B2_1,Go straight,0,0,0,0,0,0,0,0
215.0,B2,西,A2B2,A2B2_2,Turn left,0,0,0,0,0,0,0,0
215.0,B2,南,B1B2,B1B2_0,Turn right,2,2,1,1,1,0,0,0
215.0,B2,南,B1B2,B1B2_1,Go straight,2,2,1,1,0,1,0,0
215.0,B2,南,B1B2,B1B2_2,Turn left,2,2,1,0,0,0,0,0
215.0,B2,东,C2B2,C2B2_0,Turn right,1,1,0,0,0,0,0,0
215.0,B2,东,C2B2,C2B2_1,Go straight,1,1,0,1,1,0,0,0
215.0,B2,东,C2B2,C2B2_2,Turn left,1,1,0,0,0,0,0,0
215.0,B2,北,top1B2,top1B2_0,Turn right,1,1,0,0,0,0,0,0
215.0,B2,北,top1B2,top1B2_1,Go straight,1,1,0,1,1,0,0,0
215.0,B2,北,top1B2,top1B2_2,Turn left,1,1,0,0,0,0,0,0
215.0,C0,西,B0C0,B0C0_0,Turn right,0,0,0,0,0,0,0,0
215.0,C0,西,B0C0,B0C0_1,Go straight,0,0,0,0,0,0,0,0
215.0,C0,西,B0C0,B0C0_2,Turn left,0,0,0,0,0,0,0,0
215.0,C0,北,C1C0,C1C0_0,Turn right,1,1,0,0,0,0,0,0
215.0,C0,北,C1C0,C1C0_1,Go straight,1,1,0,1,0,1,0,0
215.0,C0,北,C1C0,C1C0_2,Turn left,1,1,0,0,0,0,0,0
215.0,C0,南,bottom2C0,bottom2C0_0,Turn right,1,1,0,0,0,0,0,0
215.0,C0,南,bottom2C0,bottom2C0_1,Go straight,1,1,0,0,0,0,0,0
215.0,C0,南,bottom2C0,bottom2C0_2,Turn left,1,1,0,1,1,0,0,0
215.0,C0,东,right0C0,right0C0_0,Turn right,1,1,0,1,1,0,0,0
215.0,C0,东,right0C0,right0C0_1,Go straight,1,1,0,0,0,0,0,0
215.0,C0,东,right0C0,right0C0_2,Turn left,1,1,0,0,0,0,0,0
215.0,C1,西,B1C1,B1C1_0,Turn right,0,0,0,0,0,0,0,0
215.0,C1,西,B1C1,B1C1_1,Go straight,0,0,0,0,0,0,0,0
215.0,C1,西,B1C1,B1C1_2,Turn left,0,0,0,0,0,0,0,0
215.0,C1,南,C0C1,C0C1_0,Turn right,0,0,0,0,0,0,0,0
215.0,C1,南,C0C1,C0C1_1,Go straight,0,0,0,0,0,0,0,0
215.0,C1,南,C0C1,C0C1_2,Turn left,0,0,0,0,0,0,0,0
215.0,C1,北,C2C1,C2C1_0,Turn right,1,1,0,1,1,0,0,0
215.0,C1,北,C2C1,C2C1_1,Go straight,1,1,0,0,0,0,0,0
215.0,C1,北,C2C1,C2C1_2,Turn left,1,1,0,0,0,0,0,0
215.0,C1,东,right1C1,right1C1_0,Turn right,0,0,0,0,0,0,0,0
215.0,C1,东,right1C1,right1C1_1,Go straight,0,0,0,0,0,0,0,0
215.0,C1,东,right1C1,right1C1_2,Turn left,0,0,0,0,0,0,0,0
215.0,C2,西,B2C2,B2C2_0,Turn right,2,2,0,0,0,0,0,0
215.0,C2,西,B2C2,B2C2_1,Go straight,2,2,0,0,0,0,0,0
215.0,C2,西,B2C2,B2C2_2,Turn left,2,2,0,2,2,0,0,0
215.0,C2,南,C1C2,C1C2_0,Turn right,3,3,2,1,1,0,0,0
215.0,C2,南,C1C2,C1C2_1,Go straight,3,3,2,2,2,0,0,0
215.0,C2,南,C1C2,C1C2_2,Turn left,3,3,2,0,0,0,0,0
215.0,C2,东,right2C2,right2C2_0,Turn right,0,0,0,0,0,0,0,0
215.0,C2,东,right2C2,right2C2_1,Go straight,0,0,0,0,0,0,0,0
215.0,C2,东,right2C2,right2C2_2,Turn left,0,0,0,0,0,0,0,0
215.0,C2,北,top2C2,top2C2_0,Turn right,1,1,0,0,0,0,0,0
215.0,C2,北,top2C2,top2C2_1,Go straight,1,1,0,1,1,0,0,0
215.0,C2,北,top2C2,top2C2_2,Turn left,1,1,0,0,0,0,0,0
220.0,A0,北,A1A0,A1A0_0,Turn right,2,2,0,0,0,0,0,0
220.0,A0,北,A1A0,A1A0_1,Go straight,2,2,0,1,0,1,0,0
220.0,A0,北,A1A0,A1A0_2,Turn left,2,2,0,1,0,1,0,0
220.0,A0,东,B0A0,B0A0_0,Turn right,1,1,0,0,0,0,0,0
220.0,A0,东,B0A0,B0A0_1,Go straight,1,1,0,1,0,1,0,0
220.0,A0,东,B0A0,B0A0_2,Turn left,1,1,0,0,0,0,0,0
220.0,A0,南,bottom0A0,bottom0A0_0,Turn right,0,0,0,0,0,0,0,0
220.0,A0,南,bottom0A0,bottom0A0_1,Go straight,0,0,0,0,0,0,0,0
220.0,A0,南,bottom0A0,bottom0A0_2,Turn left,0,0,0,0,0,0,0,0
220.0,A0,西,left0A0,left0A0_0,Turn right,0,0,0,0,0,0,0,0
220.0,A0,西,left0A0,left0A0_1,Go straight,0,0,0,0,0,0,0,0
220.0,A0,西,left0A0,left0A0_2,Turn left,0,0,0,0,0,0,0,0
220.0,A1,南,A0A1,A0A1_0,Turn right,4,4,0,0,0,0,0,0
220.0,A1,南,A0A1,A0A1_1,Go straight,4,4,0,4,3,1,0,0
220.0,A1,南,A0A1,A0A1_2,Turn left,4,4,0,0,0,0,0,0
220.0,A1,北,A2A1,A2A1_0,Turn right,1,1,0,1,1,0,0,0
220.0,A1,北,A2A1,A2A1_1,Go straight,1,1,0,0,0,0,0,0
220.0,A1,北,A2A1,A2A1_2,Turn left,1,1,0,0,0,0,0,0
220.0,A1,东,B1A1,B1A1_0,Turn right,0,0,0,0,0,0,0,0
220.0,A1,东,B1A1,B1A1_1,Go straight,0,0,0,0,0,0,0,0
220.0,A1,东,B1A1,B1A1_2,Turn left,0,0,0,0,0,0,0,0
220.0,A1,西,left1A1,left1A1_0,Turn right,8,8,3,1,1,0,0,0
220.0,A1,西,left1A1,left1A1_1,Go straight,8,8,3,6,6,0,2,0
220.0,A1,西,left1A1,left1A1_2,Turn left,8,8,3,1,1,0,0,2
220.0,A2,南,A1A2,A1A2_0,Turn right,1,1,0,0,0,0,0,0
220.0,A2,南,A1A2,A1A2_1,Go straight,1,1,0,1,0,1,0,0
220.0,A2,南,A1A2,A1A2_2,Turn left,1,1,0,0,0,0,0,0
220.0,A2,东,B2A2,B2A2_0,Turn right,1,1,0,1,1,0,0,0
220.0,A2,东,B2A2,B2A2_1,Go straight,1,1,0,0,0,0,0,0
220.0,A2,东,B2A2,B2A2_2,Turn left,1,1,0,0,0,0,0,0
220.0,A2,西,left2A2,left2A2_0,Turn right,0,0,0,0,0,0,0,0
220.0,A2,西,left2A2,left2A2_1,Go straight,0,0,0,0,0,0,0,0
220.0,A2,西,left2A2,left2A2_2,Turn left,0,0,0,0,0,0,0,0
220.0,A2,北,top0A2,top0A2_0,Turn right,6,6,0,0,0,0,0,0
220.0,A2,北,top0A2,top0A2_1,Go straight,6,6,0,5,4,1,1,0
220.0,A2,北,top0A2,top0A2_2,Turn left,6,6,0,1,1,0,0,1
220.0,B0,西,A0B0,A0B0_0,Turn right,1,1,0,0,0,0,0,0
220.0,B0,西,A0B0,A0B0_1,Go straight,1,1,0,0,0,0,0,0
220.0,B0,西,A0B0,A0B0_2,Turn left,1,1,0,1,1,0,0,0
220.0,B0,北,B1B0,B1B0_0,Turn right,4,4,0,1,1,0,0,0
220.0,B0,北,B1B0,B1B0_1,Go straight,4,4,0,1,1,0,0,0
220.0,B0,北,B1B0,B1B0_2,Turn left,4,4,0,2,0,2,0,0
220.0,B0,东,C0B0,C0B0_0,Turn right,2,2,0,1,1,0,0,0
220.0,B0,东,C0B0,C0B0_1,Go straight,2,2,0,1,0,1,0,0
220.0,B0,东,C0B0,C0B0_2,Turn left,2,2,0,0,0,0,0,0
220.0,B0,南,bottom1B0,bottom1B0_0,Turn right,0,0,0,0,0,0,0,0
220.0,B0,南,bottom1B0,bottom1B0_1,Go straight,0,0,0,0,0,0,0,0
220.0,B0,南,bottom1B0,bottom1B0_2,Turn left,0,0,0,0,0,0,0,0
220.0,B1,西,A1B1,A1B1_0,Turn right,0,0,0,0,0,0,0,0
220.0,B1,西,A1B1,A1B1_1,Go straight,0,0,0,0,0,0,0,0
220.0,B1,西,A1B1,A1B1_2,Turn left,0,0,0,0,0,0,0,0
220.0,B1,南,B0B1,B0B1_0,Turn right,7,7,2,6,6,0,0,0
220.0,B1,南,B0B1,B0B1_1,Go straight,7,7,2,1,0,1,0,0
220.0,B1,南,B0B1,B0B1_2,Turn left,7,7,2,0,0,0,0,0
220.0,B1,北,B2B1,B2B1_0,Turn right,2,2,0,0,0,0,0,0
220.0,B1,北,B2B1,B2B1_1,Go straight,2,2,0,1,0,1,0,0
220.0,B1,北,B2B1,B2B1_2,Turn left,2,2,0,1,0,1,0,0
220.0,B1,东,C1B1,C1B1_0,Turn right,0,0,0,0,0,0,0,0
220.0,B1,东,C1B1,C1B1_1,Go straight,0,0,0,0,0,0,0,0
220.0,B1,东,C1B1,C1B1_2,Turn left,0,0,0,0,0,0,0,0
220.0,B2,西,A2B2,A2B2_0,Turn right,1,1,1,0,0,0,0,0
220.0,B2,西,A2B2,A2B2_1,Go straight,1,1,1,1,1,0,0,0
220.0,B2,西,A2B2,A2B2_2,Turn left,1,1,1,0,0,0,0,0
220.0,B2,南,B1B2,B1B2_0,Turn right,2,2,0,1,1,0,0,0
220.0,B2,南,B1B2,B1B2_1,Go straight,2,2,0,1,0,1,0,0
220.0,B2,南,B1B2,B1B2_2,Turn left,2,2,0,0,0,0,0,0
220.0,B2,东,C2B2,C2B2_0,Turn right,1,1,0,0,0,0,0,0
220.0,B2,东,C2B2,C2B2_1,Go straight,1,1,0,1,0,1,0,0
220.0,B2,东,C2B2,C2B2_2,Turn left,1,1,0,0,0,0,0,0
220.0,B2,北,top1B2,top1B2_0,Turn right,1,1,0,0,0,0,0,0
220.0,B2,北,top1B2,top1B2_1,Go straight,1,1,0,1,1,0,0,0
220.0,B2,北,top1B2,top1B2_2,Turn left,1,1,0,0,0,0,0,0
220.0,C0,西,B0C0,B0C0_0,Turn right,0,0,0,0,0,0,0,0
220.0,C0,西,B0C0,B0C0_1,Go straight,0,0,0,0,0,0,0,0
220.0,C0,西,B0C0,B0C0_2,Turn left,0,0,0,0,0,0,0,0
220.0,C0,北,C1C0,C1C0_0,Turn right,1,1,0,0,0,0,0,0
220.0,C0,北,C1C0,C1C0_1,Go straight,1,1,0,1,0,1,0,0
220.0,C0,北,C1C0,C1C0_2,Turn left,1,1,0,0,0,0,0,0
220.0,C0,南,bottom2C0,bottom2C0_0,Turn right,1,1,0,0,0,0,0,0
220.0,C0,南,bottom2C0,bottom2C0_1,Go straight,1,1,0,0,0,0,0,0
220.0,C0,南,bottom2C0,bottom2C0_2,Turn left,1,1,0,1,1,0,0,0
220.0,C0,东,right0C0,right0C0_0,Turn right,0,0,0,0,0,0,0,0
220.0,C0,东,right0C0,right0C0_1,Go straight,0,0,0,0,0,0,0,0
220.0,C0,东,right0C0,right0C0_2,Turn left,0,0,0,0,0,0,0,0
220.0,C1,西,B1C1,B1C1_0,Turn right,1,1,1,0,0,0,0,0
220.0,C1,西,B1C1,B1C1_1,Go straight,1,1,1,1,1,0,0,0
220.0,C1,西,B1C1,B1C1_2,Turn left,1,1,1,0,0,0,0,0
220.0,C1,南,C0C1,C0C1_0,Turn right,0,0,0,0,0,0,0,0
220.0,C1,南,C0C1,C0C1_1,Go straight,0,0,0,0,0,0,0,0
220.0,C1,南,C0C1,C0C1_2,Turn left,0,0,0,0,0,0,0,0
220.0,C1,北,C2C1,C2C1_0,Turn right,1,1,0,1,1,0,0,0
220.0,C1,北,C2C1,C2C1_1,Go straight,1,1,0,0,0,0,0,0
220.0,C1,北,C2C1,C2C1_2,Turn left,1,1,0,0,0,0,0,0
220.0,C1,东,right1C1,right1C1_0,Turn right,0,0,0,0,0,0,0,0
220.0,C1,东,right1C1,right1C1_1,Go straight,0,0,0,0,0,0,0,0
220.0,C1,东,right1C1,right1C1_2,Turn left,0,0,0,0,0,0,0,0
220.0,C2,西,B2C2,B2C2_0,Turn right,2,2,1,0,0,0,0,0
220.0,C2,西,B2C2,B2C2_1,Go straight,2,2,1,0,0,0,0,0
220.0,C2,西,B2C2,B2C2_2,Turn left,2,2,1,2,2,0,0,0
220.0,C2,南,C1C2,C1C2_0,Turn right,3,3,0,1,1,0,0,0
220.0,C2,南,C1C2,C1C2_1,Go straight,3,3,0,2,2,0,0,0
220.0,C2,南,C1C2,C1C2_2,Turn left,3,3,0,0,0,0,0,0
220.0,C2,东,right2C2,right2C2_0,Turn right,0,0,0,0,0,0,0,0
220.0,C2,东,right2C2,right2C2_1,Go straight,0,0,0,0,0,0,0,0
220.0,C2,东,right2C2,right2C2_2,Turn left,0,0,0,0,0,0,0,0
220.0,C2,北,top2C2,top2C2_0,Turn right,1,1,0,0,0,0,0,0
220.0,C2,北,top2C2,top2C2_1,Go straight,1,1,0,1,1,0,0,0
220.0,C2,北,top2C2,top2C2_2,Turn left,1,1,0,0,0,0,0,0
225.0,A0,北,A1A0,A1A0_0,Turn right,2,2,0,0,0,0,0,0
225.0,A0,北,A1A0,A1A0_1,Go straight,2,2,0,1,0,1,0,0
225.0,A0,北,A1A0,A1A0_2,Turn left,2,2,0,1,0,1,0,0
225.0,A0,东,B0A0,B0A0_0,Turn right,1,1,0,0,0,0,0,0
225.0,A0,东,B0A0,B0A0_1,Go straight,1,1,0,1,0,1,0,0
225.0,A0,东,B0A0,B0A0_2,Turn left,1,1,0,0,0,0,0,0
225.0,A0,南,bottom0A0,bottom0A0_0,Turn right,0,0,0,0,0,0,0,0
225.0,A0,南,bottom0A0,bottom0A0_1,Go straight,0,0,0,0,0,0,0,0
225.0,A0,南,bottom0A0,bottom0A0_2,Turn left,0,0,0,0,0,0,0,0
225.0,A0,西,left0A0,left0A0_0,Turn right,0,0,0,0,0,0,0,0
225.0,A0,西,left0A0,left0A0_1,Go straight,0,0,0,0,0,0,0,0
225.0,A0,西,left0A0,left0A0_2,Turn left,0,0,0,0,0,0,0,0
225.0,A1,南,A0A1,A0A1_0,Turn right,4,4,0,0,0,0,0,0
225.0,A1,南,A0A1,A0A1_1,Go straight,4,4,0,4,3,1,0,0
225.0,A1,南,A0A1,A0A1_2,Turn left,4,4,0,0,0,0,0,0
225.0,A1,北,A2A1,A2A1_0,Turn right,1,1,0,1,1,0,0,0
225.0,A1,北,A2A1,A2A1_1,Go straight,1,1,0,0,0,0,0,0
225.0,A1,北,A2A1,A2A1_2,Turn left,1,1,0,0,0,0,0,0
225.0,A1,东,B1A1,B1A1_0,Turn right,0,0,0,0,0,0,0,0
225.0,A1,东,B1A1,B1A1_1,Go straight,0,0,0,0,0,0,0,0
225.0,A1,东,B1A1,B1A1_2,Turn left,0,0,0,0,0,0,0,0
225.0,A1,西,left1A1,left1A1_0,Turn right,10,10,2,2,2,0,0,0
225.0,A1,西,left1A1,left1A1_1,Go straight,10,10,2,8,8,0,2,0
225.0,A1,西,left1A1,left1A1_2,Turn left,10,10,2,0,0,0,0,2
225.0,A2,南,A1A2,A1A2_0,Turn right,1,1,0,0,0,0,0,0
225.0,A2,南,A1A2,A1A2_1,Go straight,1,1,0,1,0,1,0,0
225.0,A2,南,A1A2,A1A2_2,Turn left,1,1,0,0,0,0,0,0
225.0,A2,东,B2A2,B2A2_0,Turn right,0,0,0,0,0,0,0,0
225.0,A2,东,B2A2,B2A2_1,Go straight,0,0,0,0,0,0,0,0
225.0,A2,东,B2A2,B2A2_2,Turn left,0,0,0,0,0,0,0,0
225.0,A2,西,left2A2,left2A2_0,Turn right,0,0,0,0,0,0,0,0
225.0,A2,西,left2A2,left2A2_1,Go straight,0,0,0,0,0,0,0,0
225.0,A2,西,left2A2,left2A2_2,Turn left,0,0,0,0,0,0,0,0
225.0,A2,北,top0A2,top0A2_0,Turn right,6,6,0,0,0,0,0,0
225.0,A2,北,top0A2,top0A2_1,Go straight,6,6,0,6,5,1,1,0
225.0,A2,北,top0A2,top0A2_2,Turn left,6,6,0,0,0,0,0,1
225.0,B0,西,A0B0,A0B0_0,Turn right,1,1,1,0,0,0,0,0
225.0,B0,西,A0B0,A0B0_1,Go straight,1,1,1,0,0,0,0,0
225.0,B0,西,A0B0,A0B0_2,Turn left,1,1,1,1,1,0,0,0
225.0,B0,北,B1B0,B1B0_0,Turn right,4,4,0,1,1,0,0,0
225.0,B0,北,B1B0,B1B0_1,Go straight,4,4,0,1,1,0,0,0
225.0,B0,北,B1B0,B1B0_2,Turn left,4,4,0,2,0,2,0,0
225.0,B0,东,C0B0,C0B0_0,Turn right,1,1,0,0,0,0,0,0
225.0,B0,东,C0B0,C0B0_1,Go straight,1,1,0,1,0,1,0,0
225.0,B0,东,C0B0,C0B0_2,Turn left,1,1,0,0,0,0,0,0
225.0,B0,南,bottom1B0,bottom1B0_0,Turn right,0,0,0,0,0,0,0,0
225.0,B0,南,bottom1B0,bottom1B0_1,Go straight,0,0,0,0,0,0,0,0
225.0,B0,南,bottom1B0,bottom1B0_2,Turn left,0,0,0,0,0,0,0,0
225.0,B1,西,A1B1,A1B1_0,Turn right,0,0,0,0,0,0,0,0
225.0,B1,西,A1B1,A1B1_1,Go straight,0,0,0,0,0,0,0,0
225.0,B1,西,A1B1,A1B1_2,Turn left,0,0,0,0,0,0,0,0
225.0,B1,南,B0B1,B0B1_0,Turn right,8,8,1,7,7,0,0,0
225.0,B1,南,B0B1,B0B1_1,Go straight,8,8,1,1,0,1,0,0
225.0,B1,南,B0B1,B0B1_2,Turn left,8,8,1,0,0,0,0,0
225.0,B1,北,B2B1,B2B1_0,Turn right,2,2,0,0,0,0,0,0
225.0,B1,北,B2B1,B2B1_1,Go straight,2,2,0,1,0,1,0,0
225.0,B1,北,B2B1,B2B1_2,Turn left,2,2,0,1,0,1,0,0
225.0,B1,东,C1B1,C1B1_0,Turn right,0,0,0,0,0,0,0,0
225.0,B1,东,C1B1,C1B1_1,Go straight,0,0,0,0,0,0,0,0
225.0,B1,东,C1B1,C1B1_2,Turn left,0,0,0,0,0,0,0,0
225.0,B2,西,A2B2,A2B2_0,Turn right,3,3,2,1,1,0,0,0
225.0,B2,西,A2B2,A2B2_1,Go straight,3,3,2,2,2,0,0,0
225.0,B2,西,A2B2,A2B2_2,Turn left,3,3,2,0,0,0,0,0
225.0,B2,南,B1B2,B1B2_0,Turn right,2,2,0,1,1,0,0,0
225.0,B2,南,B1B2,B1B2_1,Go straight,2,2,0,1,0,1,0,0
225.0,B2,南,B1B2,B1B2_2,Turn left,2,2,0,0,0,0,0,0
225.0,B2,东,C2B2,C2B2_0,Turn right,1,1,0,0,0,0,0,0
225.0,B2,东,C2B2,C2B2_1,Go straight,1,1,0,1,0,1,0,0
225.0,B2,东,C2B2,C2B2_2,Turn left,1,1,0,0,0,0,0,0
225.0,B2,北,top1B2,top1B2_0,Turn right,1,1,0,0,0,0,0,0
225.0,B2,北,top1B2,top1B2_1,Go straight,1,1,0,1,1,0,0,0
225.0,B2,北,top1B2,top1B2_2,Turn left,1,1,0,0,0,0,0,0
225.0,C0,西,B0C0,B0C0_0,Turn right,0,0,0,0,0,0,0,0
225.0,C0,西,B0C0,B0C0_1,Go straight,0,0,0,0,0,0,0,0
225.0,C0,西,B0C0,B0C0_2,Turn left,0,0,0,0,0,0,0,0
225.0,C0,北,C1C0,C1C0_0,Turn right,1,1,0,0,0,0,0,0
225.0,C0,北,C1C0,C1C0_1,Go straight,1,1,0,1,0,1,0,0
225.0,C0,北,C1C0,C1C0_2,Turn left,1,1,0,0,0,0,0,0
225.0,C0,南,bottom2C0,bottom2C0_0,Turn right,1,1,0,0,0,0,0,0
225.0,C0,南,bottom2C0,bottom2C0_1,Go straight,1,1,0,0,0,0,0,0
225.0,C0,南,bottom2C0,bottom2C0_2,Turn left,1,1,0,1,1,0,0,0
225.0,C0,东,right0C0,right0C0_0,Turn right,0,0,0,0,0,0,0,0
225.0,C0,东,right0C0,right0C0_1,Go straight,0,0,0,0,0,0,0,0
225.0,C0,东,right0C0,right0C0_2,Turn left,0,0,0,0,0,0,0,0
225.0,C1,西,B1C1,B1C1_0,Turn right,1,1,0,0,0,0,0,0
225.0,C1,西,B1C1,B1C1_1,Go straight,1,1,0,1,1,0,0,0
225.0,C1,西,B1C1,B1C1_2,Turn left,1,1,0,0,0,0,0,0
225.0,C1,南,C0C1,C0C1_0,Turn right,1,1,1,0,0,0,0,0
225.0,C1,南,C0C1,C0C1_1,Go straight,1,1,1,1,1,0,0,0
225.0,C1,南,C0C1,C0C1_2,Turn left,1,1,1,0,0,0,0,0
225.0,C1,北,C2C1,C2C1_0,Turn right,1,1,0,1,1,0,0,0
225.0,C1,北,C2C1,C2C1_1,Go straight,1,1,0,0,0,0,0,0
225.0,C1,北,C2C1,C2C1_2,Turn left,1,1,0,0,0,0,0,0
225.0,C1,东,right1C1,right1C1_0,Turn right,0,0,0,0,0,0,0,0
225.0,C1,东,right1C1,right1C1_1,Go straight,0,0,0,0,0,0,0,0
225.0,C1,东,right1C1,right1C1_2,Turn left,0,0,0,0,0,0,0,0
225.0,C2,西,B2C2,B2C2_0,Turn right,2,2,0,0,0,0,0,0
225.0,C2,西,B2C2,B2C2_1,Go straight,2,2,0,0,0,0,0,0
225.0,C2,西,B2C2,B2C2_2,Turn left,2,2,0,2,2,0,0,0
225.0,C2,南,C1C2,C1C2_0,Turn right,3,3,0,1,1,0,0,0
225.0,C2,南,C1C2,C1C2_1,Go straight,3,3,0,2,2,0,0,0
225.0,C2,南,C1C2,C1C2_2,Turn left,3,3,0,0,0,0,0,0
225.0,C2,东,right2C2,right2C2_0,Turn right,0,0,0,0,0,0,0,0
225.0,C2,东,right2C2,right2C2_1,Go straight,0,0,0,0,0,0,0,0
225.0,C2,东,right2C2,right2C2_2,Turn left,0,0,0,0,0,0,0,0
225.0,C2,北,top2C2,top2C2_0,Turn right,6,6,5,1,1,0,0,0
225.0,C2,北,top2C2,top2C2_1,Go straight,6,6,5,2,2,0,0,1
225.0,C2,北,top2C2,top2C2_2,Turn left,6,6,5,3,3,0,1,0
230.0,A0,北,A1A0,A1A0_0,Turn right,2,2,0,0,0,0,0,0
230.0,A0,北,A1A0,A1A0_1,Go straight,2,2,0,1,0,1,0,0
230.0,A0,北,A1A0,A1A0_2,Turn left,2,2,0,1,0,1,0,0
230.0,A0,东,B0A0,B0A0_0,Turn right,1,1,0,0,0,0,0,0
230.0,A0,东,B0A0,B0A0_1,Go straight,1,1,0,1,0,1,0,0
230.0,A0,东,B0A0,B0A0_2,Turn left,1,1,0,0,0,0,0,0
230.0,A0,南,bottom0A0,bottom0A0_0,Turn right,0,0,0,0,0,0,0,0
230.0,A0,南,bottom0A0,bottom0A0_1,Go straight,0,0,0,0,0,0,0,0
230.0,A0,南,bottom0A0,bottom0A0_2,Turn left,0,0,0,0,0,0,0,0
230.0,A0,西,left0A0,left0A0_0,Turn right,0,0,0,0,0,0,0,0
230.0,A0,西,left0A0,left0A0_1,Go straight,0,0,0,0,0,0,0,0
230.0,A0,西,left0A0,left0A0_2,Turn left,0,0,0,0,0,0,0,0
230.0,A1,南,A0A1,A0A1_0,Turn right,4,4,0,0,0,0,0,0
230.0,A1,南,A0A1,A0A1_1,Go straight,4,4,0,4,3,1,0,0
230.0,A1,南,A0A1,A0A1_2,Turn left,4,4,0,0,0,0,0,0
230.0,A1,北,A2A1,A2A1_0,Turn right,1,1,0,1,1,0,0,0
230.0,A1,北,A2A1,A2A1_1,Go straight,1,1,0,0,0,0,0,0
230.0,A1,北,A2A1,A2A1_2,Turn left,1,1,0,0,0,0,0,0
230.0,A1,东,B1A1,B1A1_0,Turn right,0,0,0,0,0,0,0,0
230.0,A1,东,B1A1,B1A1_1,Go straight,0,0,0,0,0,0,0,0
230.0,A1,东,B1A1,B1A1_2,Turn left,0,0,0,0,0,0,0,0
230.0,A1,西,left1A1,left1A1_0,Turn right,8,8,0,4,4,0,2,0
230.0,A1,西,left1A1,left1A1_1,Go straight,8,8,0,4,4,0,0,2
230.0,A1,西,left1A1,left1A1_2,Turn left,8,8,0,0,0,0,0,0
230.0,A2,南,A1A2,A1A2_0,Turn right,1,1,0,0,0,0,0,0
230.0,A2,南,A1A2,A1A2_1,Go straight,1,1,0,1,0,1,0,0
230.0,A2,南,A1A2,A1A2_2,Turn left,1,1,0,0,0,0,0,0
230.0,A2,东,B2A2,B2A2_0,Turn right,0,0,0,0,0,0,0,0
230.0,A2,东,B2A2,B2A2_1,Go straight,0,0,0,0,0,0,0,0
230.0,A2,东,B2A2,B2A2_2,Turn left,0,0,0,0,0,0,0,0
230.0,A2,西,left2A2,left2A2_0,Turn right,0,0,0,0,0,0,0,0
230.0,A2,西,left2A2,left2A2_1,Go straight,0,0,0,0,0,0,0,0
230.0,A2,西,left2A2,left2A2_2,Turn left,0,0,0,0,0,0,0,0
230.0,A2,北,top0A2,top0A2_0,Turn right,6,6,0,0,0,0,0,0
230.0,A2,北,top0A2,top0A2_1,Go straight,6,6,0,6,5,1,0,0
230.0,A2,北,top0A2,top0A2_2,Turn left,6,6,0,0,0,0,0,0
230.0,B0,西,A0B0,A0B0_0,Turn right,1,1,0,0,0,0,0,0
230.0,B0,西,A0B0,A0B0_1,Go straight,1,1,0,0,0,0,0,0
230.0,B0,西,A0B0,A0B0_2,Turn left,1,1,0,1,1,0,0,0
230.0,B0,北,B1B0,B1B0_0,Turn right,4,4,0,1,1,0,0,0
230.0,B0,北,B1B0,B1B0_1,Go straight,4,4,0,1,1,0,0,0
230.0,B0,北,B1B0,B1B0_2,Turn left,4,4,0,2,0,2,0,0
230.0,B0,东,C0B0,C0B0_0,Turn right,1,1,0,0,0,0,0,0
230.0,B0,东,C0B0,C0B0_1,Go straight,1,1,0,1,0,1,0,0
230.0,B0,东,C0B0,C0B0_2,Turn left,1,1,0,0,0,0,0,0
230.0,B0,南,bottom1B0,bottom1B0_0,Turn right,0,0,0,0,0,0,0,0
230.0,B0,南,bottom1B0,bottom1B0_1,Go straight,0,0,0,0,0,0,0,0
230.0,B0,南,bottom1B0,bottom1B0_2,Turn left,0,0,0,0,0,0,0,0
230.0,B1,西,A1B1,A1B1_0,Turn right,1,1,1,0,0,0,0,0
230.0,B1,西,A1B1,A1B1_1,Go straight,1,1,1,0,0,0,0,0
230.0,B1,西,A1B1,A1B1_2,Turn left,1,1,1,1,1,0,0,0
230.0,B1,南,B0B1,B0B1_0,Turn right,9,9,1,7,7,0,0,0
230.0,B1,南,B0B1,B0B1_1,Go straight,9,9,1,1,0,1,0,0
230.0,B1,南,B0B1,B0B1_2,Turn left,9,9,1,1,1,0,0,0
230.0,B1,北,B2B1,B2B1_0,Turn right,2,2,0,0,0,0,0,0
230.0,B1,北,B2B1,B2B1_1,Go straight,2,2,0,1,0,1,0,0
230.0,B1,北,B2B1,B2B1_2,Turn left,2,2,0,1,0,1,0,0
230.0,B1,东,C1B1,C1B1_0,Turn right,0,0,0,0,0,0,0,0
230.0,B1,东,C1B1,C1B1_1,Go straight,0,0,0,0,0,0,0,0
230.0,B1,东,C1B1,C1B1_2,Turn left,0,0,0,0,0,0,0,0
230.0,B2,西,A2B2,A2B2_0,Turn right,3,3,0,1,1,0,0,0
230.0,B2,西,A2B2,A2B2_1,Go straight,3,3,0,2,2,0,0,0
230.0,B2,西,A2B2,A2B2_2,Turn left,3,3,0,0,0,0,0,0
230.0,B2,南,B1B2,B1B2_0,Turn right,2,2,0,1,1,0,0,0
230.0,B2,南,B1B2,B1B2_1,Go straight,2,2,0,1,0,1,0,0
230.0,B2,南,B1B2,B1B2_2,Turn left,2,2,0,0,0,0,0,0
230.0,B2,东,C2B2,C2B2_0,Turn right,1,1,0,0,0,0,0,0
230.0,B2,东,C2B2,C2B2_1,Go straight,1,1,0,1,1,0,0,0
230.0,B2,东,C2B2,C2B2_2,Turn left,1,1,0,0,0,0,0,0
230.0,B2,北,top1B2,top1B2_0,Turn right,1,1,0,0,0,0,0,0
230.0,B2,北,top1B2,top1B2_1,Go straight,1,1,0,1,0,1,0,0
230.0,B2,北,top1B2,top1B2_2,Turn left,1,1,0,0,0,0,0,0
230.0,C0,西,B0C0,B0C0_0,Turn right,0,0,0,0,0,0,0,0
230.0,C0,西,B0C0,B0C0_1,Go straight,0,0,0,0,0,0,0,0
230.0,C0,西,B0C0,B0C0_2,Turn left,0,0,0,0,0,0,0,0
230.0,C0,北,C1C0,C1C0_0,Turn right,1,1,0,0,0,0,0,0
230.0,C0,北,C1C0,C1C0_1,Go straight,1,1,0,1,0,1,0,0
230.0,C0,北,C1C0,C1C0_2,Turn left,1,1,0,0,0,0,0,0
230.0,C0,南,bottom2C0,bottom2C0_0,Turn right,1,1,0,0,0,0,0,0
230.0,C0,南,bottom2C0,bottom2C0_1,Go straight,1,1,0,0,0,0,0,0
230.0,C0,南,bottom2C0,bottom2C0_2,Turn left,1,1,0,1,1,0,0,0
230.0,C0,东,right0C0,right0C0_0,Turn right,0,0,0,0,0,0,0,0
230.0,C0,东,right0C0,right0C0_1,Go straight,0,0,0,0,0,0,0,0
230.0,C0,东,right0C0,right0C0_2,Turn left,0,0,0,0,0,0,0,0
230.0,C1,西,B1C1,B1C1_0,Turn right,1,1,0,0,0,0,0,0
230.0,C1,西,B1C1,B1C1_1,Go straight,1,1,0,1,1,0,0,0
230.0,C1,西,B1C1,B1C1_2,Turn left,1,1,0,0,0,0,0,0
230.0,C1,南,C0C1,C0C1_0,Turn right,1,1,0,0,0,0,0,0
230.0,C1,南,C0C1,C0C1_1,Go straight,1,1,0,1,1,0,0,0
230.0,C1,南,C0C1,C0C1_2,Turn left,1,1,0,0,0,0,0,0
230.0,C1,北,C2C1,C2C1_0,Turn right,1,1,0,1,1,0,0,0
230.0,C1,北,C2C1,C2C1_1,Go straight,1,1,0,0,0,0,0,0
230.0,C1,北,C2C1,C2C1_2,Turn left,1,1,0,0,0,0,0,0
230.0,C1,东,right1C1,right1C1_0,Turn right,0,0,0,0,0,0,0,0
230.0,C1,东,right1C1,right1C1_1,Go straight,0,0,0,0,0,0,0,0
230.0,C1,东,right1C1,right1C1_2,Turn left,0,0,0,0,0,0,0,0
230.0,C2,西,B2C2,B2C2_0,Turn right,1,1,0,0,0,0,0,0
230.0,C2,西,B2C2,B2C2_1,Go straight,1,1,0,0,0,0,0,0
230.0,C2,西,B2C2,B2C2_2,Turn left,1,1,0,1,1,0,0,0
230.0,C2,南,C1C2,C1C2_0,Turn right,3,3,0,1,1,0,0,0
230.0,C2,南,C1C2,C1C2_1,Go straight,3,3,0,2,2,0,0,0
230.0,C2,南,C1C2,C1C2_2,Turn left,3,3,0,0,0,0,0,0
230.0,C2,东,right2C2,right2C2_0,Turn right,0,0,0,0,0,0,0,0
230.0,C2,东,right2C2,right2C2_1,Go straight,0,0,0,0,0,0,0,0
230.0,C2,东,right2C2,right2C2_2,Turn left,0,0,0,0,0,0,0,0
230.0,C2,北,top2C2,top2C2_0,Turn right,6,6,0,0,0,0,0,1
230.0,C2,北,top2C2,top2C2_1,Go straight,6,6,0,1,1,0,1,2
230.0,C2,北,top2C2,top2C2_2,Turn left,6,6,0,5,5,0,2,0
235.0,A0,北,A1A0,A1A0_0,Turn right,2,2,0,0,0,0,0,0
235.0,A0,北,A1A0,A1A0_1,Go straight,2,2,0,1,0,1,0,0
235.0,A0,北,A1A0,A1A0_2,Turn left,2,2,0,1,0,1,0,0
235.0,A0,东,B0A0,B0A0_0,Turn right,1,1,1,0,0,0,0,0
235.0,A0,东,B0A0,B0A0_1,Go straight,1,1,1,1,1,0,0,0
235.0,A0,东,B0A0,B0A0_2,Turn left,1,1,1,0,0,0,0,0
235.0,A0,南,bottom0A0,bottom0A0_0,Turn right,0,0,0,0,0,0,0,0
235.0,A0,南,bottom0A0,bottom0A0_1,Go straight,0,0,0,0,0,0,0,0
235.0,A0,南,bottom0A0,bottom0A0_2,Turn left,0,0,0,0,0,0,0,0
235.0,A0,西,left0A0,left0A0_0,Turn right,0,0,0,0,0,0,0,0
235.0,A0,西,left0A0,left0A0_1,Go straight,0,0,0,0,0,0,0,0
235.0,A0,西,left0A0,left0A0_2,Turn left,0,0,0,0,0,0,0,0
235.0,A1,南,A0A1,A0A1_0,Turn right,4,4,0,0,0,0,0,0
235.0,A1,南,A0A1,A0A1_1,Go straight,4,4,0,4,3,1,0,0
235.0,A1,南,A0A1,A0A1_2,Turn left,4,4,0,0,0,0,0,0
235.0,A1,北,A2A1,A2A1_0,Turn right,0,0,0,0,0,0,0,0
235.0,A1,北,A2A1,A2A1_1,Go straight,0,0,0,0,0,0,0,0
235.0,A1,北,A2A1,A2A1_2,Turn left,0,0,0,0,0,0,0,0
235.0,A1,东,B1A1,B1A1_0,Turn right,0,0,0,0,0,0,0,0
235.0,A1,东,B1A1,B1A1_1,Go straight,0,0,0,0,0,0,0,0
235.0,A1,东,B1A1,B1A1_2,Turn left,0,0,0,0,0,0,0,0
235.0,A1,西,left1A1,left1A1_0,Turn right,7,7,0,5,5,0,1,0
235.0,A1,西,left1A1,left1A1_1,Go straight,7,7,0,2,2,0,0,1
235.0,A1,西,left1A1,left1A1_2,Turn left,7,7,0,0,0,0,0,0
235.0,A2,南,A1A2,A1A2_0,Turn right,1,1,0,0,0,0,0,0
235.0,A2,南,A1A2,A1A2_1,Go straight,1,1,0,1,0,1,0,0
235.0,A2,南,A1A2,A1A2_2,Turn left,1,1,0,0,0,0,0,0
235.0,A2,东,B2A2,B2A2_0,Turn right,0,0,0,0,0,0,0,0
235.0,A2,东,B2A2,B2A2_1,Go straight,0,0,0,0,0,0,0,0
235.0,A2,东,B2A2,B2A2_2,Turn left,0,0,0,0,0,0,0,0
235.0,A2,西,left2A2,left2A2_0,Turn right,0,0,0,0,0,0,0,0
235.0,A2,西,left2A2,left2A2_1,Go straight,0,0,0,0,0,0,0,0
235.0,A2,西,left2A2,left2A2_2,Turn left,0,0,0,0,0,0,0,0
235.0,A2,北,top0A2,top0A2_0,Turn right,11,11,5,0,0,0,0,2
235.0,A2,北,top0A2,top0A2_1,Go straight,11,11,5,8,5,3,2,1
235.0,A2,北,top0A2,top0A2_2,Turn left,11,11,5,3,3,0,1,0
235.0,B0,西,A0B0,A0B0_0,Turn right,1,1,0,0,0,0,0,0
235.0,B0,西,A0B0,A0B0_1,Go straight,1,1,0,0,0,0,0,0
235.0,B0,西,A0B0,A0B0_2,Turn left,1,1,0,1,1,0,0,0
235.0,B0,北,B1B0,B1B0_0,Turn right,3,3,0,0,0,0,0,0
235.0,B0,北,B1B0,B1B0_1,Go straight,3,3,0,1,1,0,0,0
235.0,B0,北,B1B0,B1B0_2,Turn left,3,3,0,2,0,2,0,0
235.0,B0,东,C0B0,C0B0_0,Turn right,0,0,0,0,0,0,0,0
235.0,B0,东,C0B0,C0B0_1,Go straight,0,0,0,0,0,0,0,0
235.0,B0,东,C0B0,C0B0_2,Turn left,0,0,0,0,0,0,0,0
235.0,B0,南,bottom1B0,bottom1B0_0,Turn right,0,0,0,0,0,0,0,0
235.0,B0,南,bottom1B0,bottom1B0_1,Go straight,0,0,0,0,0,0,0,0
235.0,B0,南,bottom1B0,bottom1B0_2,Turn left,0,0,0,0,0,0,0,0
235.0,B1,西,A1B1,A1B1_0,Turn right,3,3,2,0,0,0,0,0
235.0,B1,西,A1B1,A1B1_1,Go straight,3,3,2,0,0,0,0,0
235.0,B1,西,A1B1,A1B1_2,Turn left,3,3,2,3,3,0,0,0
235.0,B1,南,B0B1,B0B1_0,Turn right,8,8,0,6,6,0,0,0
235.0,B1,南,B0B1,B0B1_1,Go straight,8,8,0,1,0,1,0,0
235.0,B1,南,B0B1,B0B1_2,Turn left,8,8,0,1,1,0,0,0
235.0,B1,北,B2B1,B2B1_0,Turn right,2,2,0,0,0,0,0,0
235.0,B1,北,B2B1,B2B1_1,Go straight,2,2,0,1,0,1,0,0
235.0,B1,北,B2B1,B2B1_2,Turn left,2,2,0,1,0,1,0,0
235.0,B1,东,C1B1,C1B1_0,Turn right,0,0,0,0,0,0,0,0
235.0,B1,东,C1B1,C1B1_1,Go straight,0,0,0,0,0,0,0,0
235.0,B1,东,C1B1,C1B1_2,Turn left,0,0,0,0,0,0,0,0
235.0,B2,西,A2B2,A2B2_0,Turn right,3,3,0,1,1,0,0,0
235.0,B2,西,A2B2,A2B2_1,Go straight,3,3,0,2,2,0,0,0
235.0,B2,西,A2B2,A2B2_2,Turn left,3,3,0,0,0,0,0,0
235.0,B2,南,B1B2,B1B2_0,Turn right,1,1,0,0,0,0,0,0
235.0,B2,南,B1B2,B1B2_1,Go straight,1,1,0,1,0,1,0,0
235.0,B2,南,B1B2,B1B2_2,Turn left,1,1,0,0,0,0,0,0
235.0,B2,东,C2B2,C2B2_0,Turn right,0,0,0,0,0,0,0,0
235.0,B2,东,C2B2,C2B2_1,Go straight,0,0,0,0,0,0,0,0
235.0,B2,东,C2B2,C2B2_2,Turn left,0,0,0,0,0,0,0,0
235.0,B2,北,top1B2,top1B2_0,Turn right,1,1,0,0,0,0,0,0
235.0,B2,北,top1B2,top1B2_1,Go straight,1,1,0,1,0,1,0,0
235.0,B2,北,top1B2,top1B2_2,Turn left,1,1,0,0,0,0,0,0
235.0,C0,西,B0C0,B0C0_0,Turn right,0,0,0,0,0,0,0,0
235.0,C0,西,B0C0,B0C0_1,Go straight,0,0,0,0,0,0,0,0
235.0,C0,西,B0C0,B0C0_2,Turn left,0,0,0,0,0,0,0,0
235.0,C0,北,C1C0,C1C0_0,Turn right,1,1,0,0,0,0,0,0
235.0,C0,北,C1C0,C1C0_1,Go straight,1,1,0,1,0,1,0,0
235.0,C0,北,C1C0,C1C0_2,Turn left,1,1,0,0,0,0,0,0
235.0,C0,南,bottom2C0,bottom2C0_0,Turn right,1,1,0,0,0,0,0,0
235.0,C0,南,bottom2C0,bottom2C0_1,Go straight,1,1,0,0,0,0,0,0
235.0,C0,南,bottom2C0,bottom2C0_2,Turn left,1,1,0,1,0,1,0,0
235.0,C0,东,right0C0,right0C0_0,Turn right,5,5,5,2,2,0,0,0
235.0,C0,东,right0C0,right0C0_1,Go straight,5,5,5,2,2,0,0,0
235.0,C0,东,right0C0,right0C0_2,Turn left,5,5,5,1,1,0,0,0
235.0,C1,西,B1C1,B1C1_0,Turn right,1,1,0,0,0,0,0,0
235.0,C1,西,B1C1,B1C1_1,Go straight,1,1,0,1,1,0,0,0
235.0,C1,西,B1C1,B1C1_2,Turn left,1,1,0,0,0,0,0,0
235.0,C1,南,C0C1,C0C1_0,Turn right,1,1,0,0,0,0,0,0
235.0,C1,南,C0C1,C0C1_1,Go straight,1,1,0,1,1,0,0,0
235.0,C1,南,C0C1,C0C1_2,Turn left,1,1,0,0,0,0,0,0
235.0,C1,北,C2C1,C2C1_0,Turn right,1,1,0,1,1,0,0,0
235.0,C1,北,C2C1,C2C1_1,Go straight,1,1,0,0,0,0,0,0
235.0,C1,北,C2C1,C2C1_2,Turn left,1,1,0,0,0,0,0,0
235.0,C1,东,right1C1,right1C1_0,Turn right,0,0,0,0,0,0,0,0
235.0,C1,东,right1C1,right1C1_1,Go straight,0,0,0,0,0,0,0,0
235.0,C1,东,right1C1,right1C1_2,Turn left,0,0,0,0,0,0,0,0
235.0,C2,西,B2C2,B2C2_0,Turn right,1,1,0,0,0,0,0,0
235.0,C2,西,B2C2,B2C2_1,Go straight,1,1,0,0,0,0,0,0
235.0,C2,西,B2C2,B2C2_2,Turn left,1,1,0,1,1,0,0,0
235.0,C2,南,C1C2,C1C2_0,Turn right,3,3,0,1,1,0,0,0
235.0,C2,南,C1C2,C1C2_1,Go straight,3,3,0,2,2,0,0,0
235.0,C2,南,C1C2,C1C2_2,Turn left,3,3,0,0,0,0,0,0
235.0,C2,东,right2C2,right2C2_0,Turn right,0,0,0,0,0,0,0,0
235.0,C2,东,right2C2,right2C2_1,Go straight,0,0,0,0,0,0,0,0
235.0,C2,东,right2C2,right2C2_2,Turn left,0,0,0,0,0,0,0,0
235.0,C2,北,top2C2,top2C2_0,Turn right,6,6,0,0,0,0,0,0
235.0,C2,北,top2C2,top2C2_1,Go straight,6,6,0,1,0,1,0,0
235.0,C2,北,top2C2,top2C2_2,Turn left,6,6,0,5,5,0,0,0
240.0,A0,北,A1A0,A1A0_0,Turn right,2,2,0,0,0,0,0,0
240.0,A0,北,A1A0,A1A0_1,Go straight,2,2,0,1,0,1,0,0
240.0,A0,北,A1A0,A1A0_2,Turn left,2,2,0,1,0,1,0,0
240.0,A0,东,B0A0,B0A0_0,Turn right,2,2,1,0,0,0,0,0
240.0,A0,东,B0A0,B0A0_1,Go straight,2,2,1,2,2,0,0,0
240.0,A0,东,B0A0,B0A0_2,Turn left,2,2,1,0,0,0,0,0
240.0,A0,南,bottom0A0,bottom0A0_0,Turn right,0,0,0,0,0,0,0,0
240.0,A0,南,bottom0A0,bottom0A0_1,Go straight,0,0,0,0,0,0,0,0
240.0,A0,南,bottom0A0,bottom0A0_2,Turn left,0,0,0,0,0,0,0,0
240.0,A0,西,left0A0,left0A0_0,Turn right,0,0,0,0,0,0,0,0
240.0,A0,西,left0A0,left0A0_1,Go straight,0,0,0,0,0,0,0,0
240.0,A0,西,left0A0,left0A0_2,Turn left,0,0,0,0,0,0,0,0
240.0,A1,南,A0A1,A0A1_0,Turn right,4,4,0,0,0,0,0,0
240.0,A1,南,A0A1,A0A1_1,Go straight,4,4,0,4,0,4,0,0
240.0,A1,南,A0A1,A0A1_2,Turn left,4,4,0,0,0,0,0,0
240.0,A1,北,A2A1,A2A1_0,Turn right,0,0,0,0,0,0,0,0
240.0,A1,北,A2A1,A2A1_1,Go straight,0,0,0,0,0,0,0,0
240.0,A1,北,A2A1,A2A1_2,Turn left,0,0,0,0,0,0,0,0
240.0,A1,东,B1A1,B1A1_0,Turn right,0,0,0,0,0,0,0,0
240.0,A1,东,B1A1,B1A1_1,Go straight,0,0,0,0,0,0,0,0
240.0,A1,东,B1A1,B1A1_2,Turn left,0,0,0,0,0,0,0,0
240.0,A1,西,left1A1,left1A1_0,Turn right,10,10,3,6,6,0,0,0
240.0,A1,西,left1A1,left1A1_1,Go straight,10,10,3,3,2,1,0,0
240.0,A1,西,left1A1,left1A1_2,Turn left,10,10,3,1,1,0,0,0
240.0,A2,南,A1A2,A1A2_0,Turn right,1,1,0,0,0,0,0,0
240.0,A2,南,A1A2,A1A2_1,Go straight,1,1,0,1,0,1,0,0
240.0,A2,南,A1A2,A1A2_2,Turn left,1,1,0,0,0,0,0,0
240.0,A2,东,B2A2,B2A2_0,Turn right,1,1,1,1,1,0,0,0
240.0,A2,东,B2A2,B2A2_1,Go straight,1,1,1,0,0,0,0,0
240.0,A2,东,B2A2,B2A2_2,Turn left,1,1,1,0,0,0,0,0
240.0,A2,西,left2A2,left2A2_0,Turn right,0,0,0,0,0,0,0,0
240.0,A2,西,left2A2,left2A2_1,Go straight,0,0,0,0,0,0,0,0
240.0,A2,西,left2A2,left2A2_2,Turn left,0,0,0,0,0,0,0,0
240.0,A2,北,top0A2,top0A2_0,Turn right,11,11,0,0,0,0,0,0
240.0,A2,北,top0A2,top0A2_1,Go straight,11,11,0,6,2,4,0,2
240.0,A2,北,top0A2,top0A2_2,Turn left,11,11,0,5,5,0,2,0
240.0,B0,西,A0B0,A0B0_0,Turn right,1,1,0,0,0,0,0,0
240.0,B0,西,A0B0,A0B0_1,Go straight,1,1,0,0,0,0,0,0
240.0,B0,西,A0B0,A0B0_2,Turn left,1,1,0,1,1,0,0,0
240.0,B0,北,B1B0,B1B0_0,Turn right,3,3,0,0,0,0,0,0
240.0,B0,北,B1B0,B1B0_1,Go straight,3,3,0,1,0,1,0,0
240.0,B0,北,B1B0,B1B0_2,Turn left,3,3,0,2,0,2,0,0
240.0,B0,东,C0B0,C0B0_0,Turn right,0,0,0,0,0,0,0,0
240.0,B0,东,C0B0,C0B0_1,Go straight,0,0,0,0,0,0,0,0
240.0,B0,东,C0B0,C0B0_2,Turn left,0,0,0,0,0,0,0,0
240.0,B0,南,bottom1B0,bottom1B0_0,Turn right,0,0,0,0,0,0,0,0
240.0,B0,南,bottom1B0,bottom1B0_1,Go straight,0,0,0,0,0,0,0,0
240.0,B0,南,bottom1B0,bottom1B0_2,Turn left,0,0,0,0,0,0,0,0
240.0,B1,西,A1B1,A1B1_0,Turn right,3,3,0,0,0,0,0,0
240.0,B1,西,A1B1,A1B1_1,Go straight,3,3,0,0,0,0,0,0
240.0,B1,西,A1B1,A1B1_2,Turn left,3,3,0,3,3,0,0,0
240.0,B1,南,B0B1,B0B1_0,Turn right,7,7,0,5,5,0,0,0
240.0,B1,南,B0B1,B0B1_1,Go straight,7,7,0,1,0,1,0,0
240.0,B1,南,B0B1,B0B1_2,Turn left,7,7,0,1,1,0,0,0
240.0,B1,北,B2B1,B2B1_0,Turn right,2,2,0,0,0,0,0,0
240.0,B1,北,B2B1,B2B1_1,Go straight,2,2,0,1,0,1,0,0
240.0,B1,北,B2B1,B2B1_2,Turn left,2,2,0,1,0,1,0,0
240.0,B1,东,C1B1,C1B1_0,Turn right,1,1,1,0,0,0,0,0
240.0,B1,东,C1B1,C1B1_1,Go straight,1,1,1,1,1,0,0,0
240.0,B1,东,C1B1,C1B1_2,Turn left,1,1,1,0,0,0,0,0
240.0,B2,西,A2B2,A2B2_0,Turn right,3,3,0,1,1,0,0,0
240.0,B2,西,A2B2,A2B2_1,Go straight,3,3,0,2,2,0,0,0
240.0,B2,西,A2B2,A2B2_2,Turn left,3,3,0,0,0,0,0,0
240.0,B2,南,B1B2,B1B2_0,Turn right,1,1,0,0,0,0,0,0
240.0,B2,南,B1B2,B1B2_1,Go straight,1,1,0,1,0,1,0,0
240.0,B2,南,B1B2,B1B2_2,Turn left,1,1,0,0,0,0,0,0
240.0,B2,东,C2B2,C2B2_0,Turn right,0,0,0,0,0,0,0,0
240.0,B2,东,C2B2,C2B2_1,Go straight,0,0,0,0,0,0,0,0
240.0,B2,东,C2B2,C2B2_2,Turn left,0,0,0,0,0,0,0,0
240.0,B2,北,top1B2,top1B2_0,Turn right,5,5,4,1,1,0,0,0
240.0,B2,北,top1B2,top1B2_1,Go straight,5,5,4,3,2,1,1,1
240.0,B2,北,top1B2,top1B2_2,Turn left,5,5,4,1,1,0,1,1
240.0,C0,西,B0C0,B0C0_0,Turn right,0,0,0,0,0,0,0,0
240.0,C0,西,B0C0,B0C0_1,Go straight,0,0,0,0,0,0,0,0
240.0,C0,西,B0C0,B0C0_2,Turn left,0,0,0,0,0,0,0,0
240.0,C0,北,C1C0,C1C0_0,Turn right,1,1,0,0,0,0,0,0
240.0,C0,北,C1C0,C1C0_1,Go straight,1,1,0,1,0,1,0,0
240.0,C0,北,C1C0,C1C0_2,Turn left,1,1,0,0,0,0,0,0
240.0,C0,南,bottom2C0,bottom2C0_0,Turn right,1,1,0,0,0,0,0,0
240.0,C0,南,bottom2C0,bottom2C0_1,Go straight,1,1,0,0,0,0,0,0
240.0,C0,南,bottom2C0,bottom2C0_2,Turn left,1,1,0,1,0,1,0,0
240.0,C0,东,right0C0,right0C0_0,Turn right,5,5,0,2,2,0,0,0
240.0,C0,东,right0C0,right0C0_1,Go straight,5,5,0,3,3,0,1,0
240.0,C0,东,right0C0,right0C0_2,Turn left,5,5,0,0,0,0,0,1
240.0,C1,西,B1C1,B1C1_0,Turn right,2,2,1,0,0,0,0,0
240.0,C1,西,B1C1,B1C1_1,Go straight,2,2,1,1,1,0,0,0
240.0,C1,西,B1C1,B1C1_2,Turn left,2,2,1,1,1,0,0,0
240.0,C1,南,C0C1,C0C1_0,Turn right,1,1,0,0,0,0,0,0
240.0,C1,南,C0C1,C0C1_1,Go straight,1,1,0,1,1,0,0,0
240.0,C1,南,C0C1,C0C1_2,Turn left,1,1,0,0,0,0,0,0
240.0,C1,北,C2C1,C2C1_0,Turn right,0,0,0,0,0,0,0,0
240.0,C1,北,C2C1,C2C1_1,Go straight,0,0,0,0,0,0,0,0
240.0,C1,北,C2C1,C2C1_2,Turn left,0,0,0,0,0,0,0,0
240.0,C1,东,right1C1,right1C1_0,Turn right,5,5,5,2,2,0,1,0
240.0,C1,东,right1C1,right1C1_1,Go straight,5,5,5,2,2,0,1,1
240.0,C1,东,right1C1,right1C1_2,Turn left,5,5,5,1,1,0,0,1
240.0,C2,西,B2C2,B2C2_0,Turn right,2,2,1,0,0,0,0,0
240.0,C2,西,B2C2,B2C2_1,Go straight,2,2,1,1,1,0,0,0
240.0,C2,西,B2C2,B2C2_2,Turn left,2,2,1,1,1,0,0,0
240.0,C2,南,C1C2,C1C2_0,Turn right,2,2,0,0,0,0,0,0
240.0,C2,南,C1C2,C1C2_1,Go straight,2,2,0,2,0,2,0,0
240.0,C2,南,C1C2,C1C2_2,Turn left,2,2,0,0,0,0,0,0
240.0,C2,东,right2C2,right2C2_0,Turn right,3,3,3,1,1,0,0,0
240.0,C2,东,right2C2,right2C2_1,Go straight,3,3,3,1,1,0,0,0
240.0,C2,东,right2C2,right2C2_2,Turn left,3,3,3,1,1,0,0,0
240.0,C2,北,top2C2,top2C2_0,Turn right,6,6,0,0,0,0,0,0
240.0,C2,北,top2C2,top2C2_1,Go straight,6,6,0,1,0,1,0,0
240.0,C2,北,top2C2,top2C2_2,Turn left,6,6,0,5,5,0,0,0
245.0,A0,北,A1A0,A1A0_0,Turn right,1,1,0,0,0,0,0,0
245.0,A0,北,A1A0,A1A0_1,Go straight,1,1,0,0,0,0,0,0
245.0,A0,北,A1A0,A1A0_2,Turn left,1,1,0,1,0,1,0,0
245.0,A0,东,B0A0,B0A0_0,Turn right,2,2,0,0,0,0,0,0
245.0,A0,东,B0A0,B0A0_1,Go straight,2,2,0,2,2,0,0,0
245.0,A0,东,B0A0,B0A0_2,Turn left,2,2,0,0,0,0,0,0
245.0,A0,南,bottom0A0,bottom0A0_0,Turn right,0,0,0,0,0,0,0,0
245.0,A0,南,bottom0A0,bottom0A0_1,Go straight,0,0,0,0,0,0,0,0
245.0,A0,南,bottom0A0,bottom0A0_2,Turn left,0,0,0,0,0,0,0,0
245.0,A0,西,left0A0,left0A0_0,Turn right,3,3,3,1,1,0,0,0
245.0,A0,西,left0A0,left0A0_1,Go straight,3,3,3,1,1,0,0,0
245.0,A0,西,left0A0,left0A0_2,Turn left,3,3,3,1,1,0,0,0
245.0,A1,南,A0A1,A0A1_0,Turn right,3,3,0,0,0,0,0,0
245.0,A1,南,A0A1,A0A1_1,Go straight,3,3,0,3,1,2,0,0
245.0,A1,南,A0A1,A0A1_2,Turn left,3,3,0,0,0,0,0,0
245.0,A1,北,A2A1,A2A1_0,Turn right,0,0,0,0,0,0,0,0
245.0,A1,北,A2A1,A2A1_1,Go straight,0,0,0,0,0,0,0,0
245.0,A1,北,A2A1,A2A1_2,Turn left,0,0,0,0,0,0,0,0
245.0,A1,东,B1A1,B1A1_0,Turn right,0,0,0,0,0,0,0,0
245.0,A1,东,B1A1,B1A1_1,Go straight,0,0,0,0,0,0,0,0
245.0,A1,东,B1A1,B1A1_2,Turn left,0,0,0,0,0,0,0,0
245.0,A1,西,left1A1,left1A1_0,Turn right,11,11,2,4,4,0,0,2
245.0,A1,西,left1A1,left1A1_1,Go straight,11,11,2,5,3,2,2,0
245.0,A1,西,left1A1,left1A1_2,Turn left,11,11,2,2,2,0,0,0
245.0,A2,南,A1A2,A1A2_0,Turn right,0,0,0,0,0,0,0,0
245.0,A2,南,A1A2,A1A2_1,Go straight,0,0,0,0,0,0,0,0
245.0,A2,南,A1A2,A1A2_2,Turn left,0,0,0,0,0,0,0,0
245.0,A2,东,B2A2,B2A2_0,Turn right,1,1,0,1,1,0,0,0
245.0,A2,东,B2A2,B2A2_1,Go straight,1,1,0,0,0,0,0,0
245.0,A2,东,B2A2,B2A2_2,Turn left,1,1,0,0,0,0,0,0
245.0,A2,西,left2A2,left2A2_0,Turn right,0,0,0,0,0,0,0,0
245.0,A2,西,left2A2,left2A2_1,Go straight,0,0,0,0,0,0,0,0
245.0,A2,西,left2A2,left2A2_2,Turn left,0,0,0,0,0,0,0,0
245.0,A2,北,top0A2,top0A2_0,Turn right,10,10,0,0,0,0,0,0
245.0,A2,北,top0A2,top0A2_1,Go straight,10,10,0,5,1,4,0,0
245.0,A2,北,top0A2,top0A2_2,Turn left,10,10,0,5,5,0,0,0
245.0,B0,西,A0B0,A0B0_0,Turn right,1,1,0,0,0,0,0,0
245.0,B0,西,A0B0,A0B0_1,Go straight,1,1,0,0,0,0,0,0
245.0,B0,西,A0B0,A0B0_2,Turn left,1,1,0,1,1,0,0,0
245.0,B0,北,B1B0,B1B0_0,Turn right,2,2,0,0,0,0,0,0
245.0,B0,北,B1B0,B1B0_1,Go straight,2,2,0,0,0,0,0,0
245.0,B0,北,B1B0,B1B0_2,Turn left,2,2,0,2,0,2,0,0
245.0,B0,东,C0B0,C0B0_0,Turn right,0,0,0,0,0,0,0,0
245.0,B0,东,C0B0,C0B0_1,Go straight,0,0,0,0,0,0,0,0
245.0,B0,东,C0B0,C0B0_2,Turn left,0,0,0,0,0,0,0,0
245.0,B0,南,bottom1B0,bottom1B0_0,Turn right,0,0,0,0,0,0,0,0
245.0,B0,南,bottom1B0,bottom1B0_1,Go straight,0,0,0,0,0,0,0,0
245.0,B0,南,bottom1B0,bottom1B0_2,Turn left,0,0,0,0,0,0,0,0
245.0,B1,西,A1B1,A1B1_0,Turn right,3,3,0,0,0,0,0,0
245.0,B1,西,A1B1,A1B1_1,Go straight,3,3,0,0,0,0,0,0
245.0,B1,西,A1B1,A1B1_2,Turn left,3,3,0,3,3,0,0,0
245.0,B1,南,B0B1,B0B1_0,Turn right,5,5,0,4,4,0,0,0
245.0,B1,南,B0B1,B0B1_1,Go straight,5,5,0,0,0,0,0,0
245.0,B1,南,B0B1,B0B1_2,Turn left,5,5,0,1,1,0,0,0
245.0,B1,北,B2B1,B2B1_0,Turn right,1,1,0,0,0,0,0,0
245.0,B1,北,B2B1,B2B1_1,Go straight,1,1,0,0,0,0,0,0
245.0,B1,北,B2B1,B2B1_2,Turn left,1,1,0,1,0,1,0,0
245.0,B1,东,C1B1,C1B1_0,Turn right,1,1,0,0,0,0,0,0
245.0,B1,东,C1B1,C1B1_1,Go straight,1,1,0,1,1,0,0,0
245.0,B1,东,C1B1,C1B1_2,Turn left,1,1,0,0,0,0,0,0
245.0,B2,西,A2B2,A2B2_0,Turn right,3,3,0,1,1,0,0,0
245.0,B2,西,A2B2,A2B2_1,Go straight,3,3,0,2,1,1,0,0
245.0,B2,西,A2B2,A2B2_2,Turn left,3,3,0,0,0,0,0,0
245.0,B2,南,B1B2,B1B2_0,Turn right,0,0,0,0,0,0,0,0
245.0,B2,南,B1B2,B1B2_1,Go straight,0,0,0,0,0,0,0,0
245.0,B2,南,B1B2,B1B2_2,Turn left,0,0,0,0,0,0,0,0
245.0,B2,东,C2B2,C2B2_0,Turn right,0,0,0,0,0,0,0,0
245.0,B2,东,C2B2,C2B2_1,Go straight,0,0,0,0,0,0,0,0
245.0,B2,东,C2B2,C2B2_2,Turn left,0,0,0,0,0,0,0,0
245.0,B2,北,top1B2,top1B2_0,Turn right,5,5,1,2,2,0,0,0
245.0,B2,北,top1B2,top1B2_1,Go straight,5,5,1,3,3,0,1,0
245.0,B2,北,top1B2,top1B2_2,Turn left,5,5,1,0,0,0,0,1
245.0,C0,西,B0C0,B0C0_0,Turn right,0,0,0,0,0,0,0,0
245.0,C0,西,B0C0,B0C0_1,Go straight,0,0,0,0,0,0,0,0
245.0,C0,西,B0C0,B0C0_2,Turn left,0,0,0,0,0,0,0,0
245.0,C0,北,C1C0,C1C0_0,Turn right,0,0,0,0,0,0,0,0
245.0,C0,北,C1C0,C1C0_1,Go straight,0,0,0,0,0,0,0,0
245.0,C0,北,C1C0,C1C0_2,Turn left,0,0,0,0,0,0,0,0
245.0,C0,南,bottom2C0,bottom2C0_0,Turn right,6,6,5,2,2,0,0,0
245.0,C0,南,bottom2C0,bottom2C0_1,Go straight,6,6,5,2,2,0,0,0
245.0,C0,南,bottom2C0,bottom2C0_2,Turn left,6,6,5,2,1,1,0,0
245.0,C0,东,right0C0,right0C0_0,Turn right,5,5,0,3,3,0,1,0
245.0,C0,东,right0C0,right0C0_1,Go straight,5,5,0,2,2,0,0,1
245.0,C0,东,right0C0,right0C0_2,Turn left,5,5,0,0,0,0,0,0
245.0,C1,西,B1C1,B1C1_0,Turn right,3,3,1,0,0,0,0,0
245.0,C1,西,B1C1,B1C1_1,Go straight,3,3,1,1,0,1,0,0
245.0,C1,西,B1C1,B1C1_2,Turn left,3,3,1,2,2,0,0,0
245.0,C1,南,C0C1,C0C1_0,Turn right,1,1,0,0,0,0,0,0
245.0,C1,南,C0C1,C0C1_1,Go straight,1,1,0,1,1,0,0,0
245.0,C1,南,C0C1,C0C1_2,Turn left,1,1,0,0,0,0,0,0
245.0,C1,北,C2C1,C2C1_0,Turn right,0,0,0,0,0,0,0,0
245.0,C1,北,C2C1,C2C1_1,Go straight,0,0,0,0,0,0,0,0
245.0,C1,北,C2C1,C2C1_2,Turn left,0,0,0,0,0,0,0,0
245.0,C1,东,right1C1,right1C1_0,Turn right,8,8,3,4,4,0,1,0
245.0,C1,东,right1C1,right1C1_1,Go straight,8,8,3,3,3,0,1,1
245.0,C1,东,right1C1,right1C1_2,Turn left,8,8,3,1,1,0,0,1
245.0,C2,西,B2C2,B2C2_0,Turn right,2,2,0,0,0,0,0,0
245.0,C2,西,B2C2,B2C2_1,Go straight,2,2,0,1,1,0,0,0
245.0,C2,西,B2C2,B2C2_2,Turn left,2,2,0,1,1,0,0,0
245.0,C2,南,C1C2,C1C2_0,Turn right,1,1,0,0,0,0,0,0
245.0,C2,南,C1C2,C1C2_1,Go straight,1,1,0,1,1,0,0,0
245.0,C2,南,C1C2,C1C2_2,Turn left,1,1,0,0,0,0,0,0
245.0,C2,东,right2C2,right2C2_0,Turn right,5,5,2,0,0,0,0,1
245.0,C2,东,right2C2,right2C2_1,Go straight,5,5,2,2,2,0,1,1
245.0,C2,东,right2C2,right2C2_2,Turn left,5,5,2,3,3,0,1,0
245.0,C2,北,top2C2,top2C2_0,Turn right,5,5,0,0,0,0,0,0
245.0,C2,北,top2C2,top2C2_1,Go straight,5,5,0,0,0,0,0,0
245.0,C2,北,top2C2,top2C2_2,Turn left,5,5,0,5,5,0,0,0
250.0,A0,北,A1A0,A1A0_0,Turn right,2,2,1,0,0,0,0,0
250.0,A0,北,A1A0,A1A0_1,Go straight,2,2,1,0,0,0,0,0
250.0,A0,北,A1A0,A1A0_2,Turn left,2,2,1,2,1,1,0,0
250.0,A0,东,B0A0,B0A0_0,Turn right,2,2,0,0,0,0,0,0
250.0,A0,东,B0A0,B0A0_1,Go straight,2,2,0,2,2,0,0,0
250.0,A0,东,B0A0,B0A0_2,Turn left,2,2,0,0,0,0,0,0
250.0,A0,南,bottom0A0,bottom0A0_0,Turn right,0,0,0,0,0,0,0,0
250.0,A0,南,bottom0A0,bottom0A0_1,Go straight,0,0,0,0,0,0,0,0
250.0,A0,南,bottom0A0,bottom0A0_2,Turn left,0,0,0,0,0,0,0,0
250.0,A0,西,left0A0,left0A0_0,Turn right,5,5,2,0,0,0,0,1
250.0,A0,西,left0A0,left0A0_1,Go straight,5,5,2,1,1,0,1,2
250.0,A0,西,left0A0,left0A0_2,Turn left,5,5,2,4,4,0,2,0
250.0,A1,南,A0A1,A0A1_0,Turn right,1,1,0,0,0,0,0,0
250.0,A1,南,A0A1,A0A1_1,Go straight,1,1,0,1,1,0,0,0
250.0,A1,南,A0A1,A0A1_2,Turn left,1,1,0,0,0,0,0,0
250.0,A1,北,A2A1,A2A1_0,Turn right,1,1,1,0,0,0,0,0
250.0,A1,北,A2A1,A2A1_1,Go straight,1,1,1,1,1,0,0,0
250.0,A1,北,A2A1,A2A1_2,Turn left,1,1,1,0,0,0,0,0
250.0,A1,东,B1A1,B1A1_0,Turn right,0,0,0,0,0,0,0,0
250.0,A1,东,B1A1,B1A1_1,Go straight,0,0,0,0,0,0,0,0
250.0,A1,东,B1A1,B1A1_2,Turn left,0,0,0,0,0,0,0,0
250.0,A1,西,left1A1,left1A1_0,Turn right,10,10,0,3,3,0,0,0
250.0,A1,西,left1A1,left1A1_1,Go straight,10,10,0,6,4,2,1,0
250.0,A1,西,left1A1,left1A1_2,Turn left,10,10,0,1,1,0,0,1
250.0,A2,南,A1A2,A1A2_0,Turn right,1,1,1,0,0,0,0,0
250.0,A2,南,A1A2,A1A2_1,Go straight,1,1,1,0,0,0,0,0
250.0,A2,南,A1A2,A1A2_2,Turn left,1,1,1,1,1,0,0,0
250.0,A2,东,B2A2,B2A2_0,Turn right,1,1,0,1,1,0,0,0
250.0,A2,东,B2A2,B2A2_1,Go straight,1,1,0,0,0,0,0,0
250.0,A2,东,B2A2,B2A2_2,Turn left,1,1,0,0,0,0,0,0
250.0,A2,西,left2A2,left2A2_0,Turn right,0,0,0,0,0,0,0,0
250.0,A2,西,left2A2,left2A2_1,Go straight,0,0,0,0,0,0,0,0
250.0,A2,西,left2A2,left2A2_2,Turn left,0,0,0,0,0,0,0,0
250.0,A2,北,top0A2,top0A2_0,Turn right,8,8,0,0,0,0,0,0
250.0,A2,北,top0A2,top0A2_1,Go straight,8,8,0,3,3,0,0,0
250.0,A2,北,top0A2,top0A2_2,Turn left,8,8,0,5,5,0,0,0
250.0,B0,西,A0B0,A0B0_0,Turn right,1,1,0,0,0,0,0,0
250.0,B0,西,A0B0,A0B0_1,Go straight,1,1,0,0,0,0,0,0
250.0,B0,西,A0B0,A0B0_2,Turn left,1,1,0,1,1,0,0,0
250.0,B0,北,B1B0,B1B0_0,Turn right,3,3,1,1,1,0,0,0
250.0,B0,北,B1B0,B1B0_1,Go straight,3,3,1,0,0,0,0,0
250.0,B0,北,B1B0,B1B0_2,Turn left,3,3,1,2,0,2,0,0
250.0,B0,东,C0B0,C0B0_0,Turn right,0,0,0,0,0,0,0,0
250.0,B0,东,C0B0,C0B0_1,Go straight,0,0,0,0,0,0,0,0
250.0,B0,东,C0B0,C0B0_2,Turn left,0,0,0,0,0,0,0,0
250.0,B0,南,bottom1B0,bottom1B0_0,Turn right,0,0,0,0,0,0,0,0
250.0,B0,南,bottom1B0,bottom1B0_1,Go straight,0,0,0,0,0,0,0,0
250.0,B0,南,bottom1B0,bottom1B0_2,Turn left,0,0,0,0,0,0,0,0
250.0,B1,西,A1B1,A1B1_0,Turn right,3,3,0,0,0,0,0,0
250.0,B1,西,A1B1,A1B1_1,Go straight,3,3,0,0,0,0,0,0
250.0,B1,西,A1B1,A1B1_2,Turn left,3,3,0,3,3,0,0,0
250.0,B1,南,B0B1,B0B1_0,Turn right,3,3,0,2,2,0,0,0
250.0,B1,南,B0B1,B0B1_1,Go straight,3,3,0,0,0,0,0,0
250.0,B1,南,B0B1,B0B1_2,Turn left,3,3,0,1,1,0,0,0
250.0,B1,北,B2B1,B2B1_0,Turn right,2,2,1,0,0,0,0,0
250.0,B1,北,B2B1,B2B1_1,Go straight,2,2,1,1,1,0,0,0
250.0,B1,北,B2B1,B2B1_2,Turn left,2,2,1,1,0,1,0,0
250.0,B1,东,C1B1,C1B1_0,Turn right,1,1,0,0,0,0,0,0
250.0,B1,东,C1B1,C1B1_1,Go straight,1,1,0,1,1,0,0,0
250.0,B1,东,C1B1,C1B1_2,Turn left,1,1,0,0,0,0,0,0
250.0,B2,西,A2B2,A2B2_0,Turn right,2,2,0,0,0,0,0,0
250.0,B2,西,A2B2,A2B2_1,Go straight,2,2,0,2,0,2,0,0
250.0,B2,西,A2B2,A2B2_2,Turn left,2,2,0,0,0,0,0,0
250.0,B2,南,B1B2,B1B2_0,Turn right,1,1,1,1,1,0,0,0
250.0,B2,南,B1B2,B1B2_1,Go straight,1,1,1,0,0,0,0,0
250.0,B2,南,B1B2,B1B2_2,Turn left,1,1,1,0,0,0,0,0
250.0,B2,东,C2B2,C2B2_0,Turn right,0,0,0,0,0,0,0,0
250.0,B2,东,C2B2,C2B2_1,Go straight,0,0,0,0,0,0,0,0
250.0,B2,东,C2B2,C2B2_2,Turn left,0,0,0,0,0,0,0,0
250.0,B2,北,top1B2,top1B2_0,Turn right,10,10,5,4,4,0,1,0
250.0,B2,北,top1B2,top1B2_1,Go straight,10,10,5,4,4,0,0,1
250.0,B2,北,top1B2,top1B2_2,Turn left,10,10,5,2,2,0,0,0
250.0,C0,西,B0C0,B0C0_0,Turn right,0,0,0,0,0,0,0,0
250.0,C0,西,B0C0,B0C0_1,Go straight,0,0,0,0,0,0,0,0
250.0,C0,西,B0C0,B0C0_2,Turn left,0,0,0,0,0,0,0,0
250.0,C0,北,C1C0,C1C0_0,Turn right,0,0,0,0,0,0,0,0
250.0,C0,北,C1C0,C1C0_1,Go straight,0,0,0,0,0,0,0,0
250.0,C0,北,C1C0,C1C0_2,Turn left,0,0,0,0,0,0,0,0
250.0,C0,南,bottom2C0,bottom2C0_0,Turn right,6,6,0,3,3,0,1,0
250.0,C0,南,bottom2C0,bottom2C0_1,Go straight,6,6,0,2,2,0,1,1
250.0,C0,南,bottom2C0,bottom2C0_2,Turn left,6,6,0,1,0,1,0,1
250.0,C0,东,right0C0,right0C0_0,Turn right,5,5,0,4,4,0,1,0
250.0,C0,东,right0C0,right0C0_1,Go straight,5,5,0,1,1,0,0,1
250.0,C0,东,right0C0,right0C0_2,Turn left,5,5,0,0,0,0,0,0
250.0,C1,西,B1C1,B1C1_0,Turn right,6,6,3,0,0,0,0,0
250.0,C1,西,B1C1,B1C1_1,Go straight,6,6,3,1,0,1,0,0
250.0,C1,西,B1C1,B1C1_2,Turn left,6,6,3,5,5,0,0,0
250.0,C1,南,C0C1,C0C1_0,Turn right,0,0,0,0,0,0,0,0
250.0,C1,南,C0C1,C0C1_1,Go straight,0,0,0,0,0,0,0,0
250.0,C1,南,C0C1,C0C1_2,Turn left,0,0,0,0,0,0,0,0
250.0,C1,北,C2C1,C2C1_0,Turn right,1,1,1,1,1,0,0,0
250.0,C1,北,C2C1,C2C1_1,Go straight,1,1,1,0,0,0,0,0
250.0,C1,北,C2C1,C2C1_2,Turn left,1,1,1,0,0,0,0,0
250.0,C1,东,right1C1,right1C1_0,Turn right,10,10,2,5,5,0,1,1
250.0,C1,东,right1C1,right1C1_1,Go straight,10,10,2,4,4,0,1,1
250.0,C1,东,right1C1,right1C1_2,Turn left,10,10,2,1,1,0,0,0
250.0,C2,西,B2C2,B2C2_0,Turn right,2,2,0,0,0,0,0,0
250.0,C2,西,B2C2,B2C2_1,Go straight,2,2,0,1,1,0,0,0
250.0,C2,西,B2C2,B2C2_2,Turn left,2,2,0,1,1,0,0,0
250.0,C2,南,C1C2,C1C2_0,Turn right,1,1,1,0,0,0,0,0
250.0,C2,南,C1C2,C1C2_1,Go straight,1,1,1,1,1,0,0,0
250.0,C2,南,C1C2,C1C2_2,Turn left,1,1,1,0,0,0,0,0
250.0,C2,东,right2C2,right2C2_0,Turn right,5,5,0,0,0,0,0,0
250.0,C2,东,right2C2,right2C2_1,Go straight,5,5,0,1,1,0,0,1
250.0,C2,东,right2C2,right2C2_2,Turn left,5,5,0,4,4,0,1,0
250.0,C2,北,top2C2,top2C2_0,Turn right,5,5,0,0,0,0,0,0
250.0,C2,北,top2C2,top2C2_1,Go straight,5,5,0,0,0,0,0,0
250.0,C2,北,top2C2,top2C2_2,Turn left,5,5,0,5,4,1,0,0
255.0,A0,北,A1A0,A1A0_0,Turn right,3,3,1,0,0,0,0,0
255.0,A0,北,A1A0,A1A0_1,Go straight,3,3,1,0,0,0,0,0
255.0,A0,北,A1A0,A1A0_2,Turn left,3,3,1,3,2,1,0,0
255.0,A0,东,B0A0,B0A0_0,Turn right,2,2,0,0,0,0,0,0
255.0,A0,东,B0A0,B0A0_1,Go straight,2,2,0,2,2,0,0,0
255.0,A0,东,B0A0,B0A0_2,Turn left,2,2,0,0,0,0,0,0
255.0,A0,南,bottom0A0,bottom0A0_0,Turn right,0,0,0,0,0,0,0,0
255.0,A0,南,bottom0A0,bottom0A0_1,Go straight,0,0,0,0,0,0,0,0
255.0,A0,南,bottom0A0,bottom0A0_2,Turn left,0,0,0,0,0,0,0,0
255.0,A0,西,left0A0,left0A0_0,Turn right,5,5,0,0,0,0,0,0
255.0,A0,西,left0A0,left0A0_1,Go straight,5,5,0,0,0,0,0,1
255.0,A0,西,left0A0,left0A0_2,Turn left,5,5,0,5,5,0,1,0
255.0,A1,南,A0A1,A0A1_0,Turn right,0,0,0,0,0,0,0,0
255.0,A1,南,A0A1,A0A1_1,Go straight,0,0,0,0,0,0,0,0
255.0,A1,南,A0A1,A0A1_2,Turn left,0,0,0,0,0,0,0,0
255.0,A1,北,A2A1,A2A1_0,Turn right,4,4,3,0,0,0,0,0
255.0,A1,北,A2A1,A2A1_1,Go straight,4,4,3,4,4,0,0,0
255.0,A1,北,A2A1,A2A1_2,Turn left,4,4,3,0,0,0,0,0
255.0,A1,东,B1A1,B1A1_0,Turn right,0,0,0,0,0,0,0,0
255.0,A1,东,B1A1,B1A1_1,Go straight,0,0,0,0,0,0,0,0
255.0,A1,东,B1A1,B1A1_2,Turn left,0,0,0,0,0,0,0,0
255.0,A1,西,left1A1,left1A1_0,Turn right,13,13,3,4,4,0,0,0
255.0,A1,西,left1A1,left1A1_1,Go straight,13,13,3,8,6,2,1,0
255.0,A1,西,left1A1,left1A1_2,Turn left,13,13,3,1,1,0,0,1
255.0,A2,南,A1A2,A1A2_0,Turn right,4,4,3,3,3,0,0,0
255.0,A2,南,A1A2,A1A2_1,Go straight,4,4,3,0,0,0,0,0
255.0,A2,南,A1A2,A1A2_2,Turn left,4,4,3,1,1,0,0,0
255.0,A2,东,B2A2,B2A2_0,Turn right,1,1,0,1,1,0,0,0
255.0,A2,东,B2A2,B2A2_1,Go straight,1,1,0,0,0,0,0,0
255.0,A2,东,B2A2,B2A2_2,Turn left,1,1,0,0,0,0,0,0
255.0,A2,西,left2A2,left2A2_0,Turn right,0,0,0,0,0,0,0,0
255.0,A2,西,left2A2,left2A2_1,Go straight,0,0,0,0,0,0,0,0
255.0,A2,西,left2A2,left2A2_2,Turn left,0,0,0,0,0,0,0,0
255.0,A2,北,top0A2,top0A2_0,Turn right,6,6,0,0,0,0,0,0
255.0,A2,北,top0A2,top0A2_1,Go straight,6,6,0,1,1,0,0,0
255.0,A2,北,top0A2,top0A2_2,Turn left,6,6,0,5,5,0,0,0
255.0,B0,西,A0B0,A0B0_0,Turn right,1,1,0,0,0,0,0,0
255.0,B0,西,A0B0,A0B0_1,Go straight,1,1,0,0,0,0,0,0
255.0,B0,西,A0B0,A0B0_2,Turn left,1,1,0,1,0,1,0,0
255.0,B0,北,B1B0,B1B0_0,Turn right,3,3,0,1,1,0,0,0
255.0,B0,北,B1B0,B1B0_1,Go straight,3,3,0,0,0,0,0,0
255.0,B0,北,B1B0,B1B0_2,Turn left,3,3,0,2,0,2,0,0
255.0,B0,东,C0B0,C0B0_0,Turn right,0,0,0,0,0,0,0,0
255.0,B0,东,C0B0,C0B0_1,Go straight,0,0,0,0,0,0,0,0
255.0,B0,东,C0B0,C0B0_2,Turn left,0,0,0,0,0,0,0,0
255.0,B0,南,bottom1B0,bottom1B0_0,Turn right,0,0,0,0,0,0,0,0
255.0,B0,南,bottom1B0,bottom1B0_1,Go straight,0,0,0,0,0,0,0,0
255.0,B0,南,bottom1B0,bottom1B0_2,Turn left,0,0,0,0,0,0,0,0
255.0,B1,西,A1B1,A1B1_0,Turn right,3,3,0,0,0,0,0,0
255.0,B1,西,A1B1,A1B1_1,Go straight,3,3,0,0,0,0,0,0
255.0,B1,西,A1B1,A1B1_2,Turn left,3,3,0,3,3,0,0,0
255.0,B1,南,B0B1,B0B1_0,Turn right,1,1,0,0,0,0,0,0
255.0,B1,南,B0B1,B0B1_1,Go straight,1,1,0,0,0,0,0,0
255.0,B1,南,B0B1,B0B1_2,Turn left,1,1,0,1,0,1,0,0
255.0,B1,北,B2B1,B2B1_0,Turn right,3,3,1,0,0,0,0,0
255.0,B1,北,B2B1,B2B1_1,Go straight,3,3,1,2,2,0,0,0
255.0,B1,北,B2B1,B2B1_2,Turn left,3,3,1,1,0,1,0,0
255.0,B1,东,C1B1,C1B1_0,Turn right,1,1,0,0,0,0,0,0
255.0,B1,东,C1B1,C1B1_1,Go straight,1,1,0,1,1,0,0,0
255.0,B1,东,C1B1,C1B1_2,Turn left,1,1,0,0,0,0,0,0
255.0,B2,西,A2B2,A2B2_0,Turn right,2,2,0,0,0,0,0,0
255.0,B2,西,A2B2,A2B2_1,Go straight,2,2,0,2,0,2,0,0
255.0,B2,西,A2B2,A2B2_2,Turn left,2,2,0,0,0,0,0,0
255.0,B2,南,B1B2,B1B2_0,Turn right,1,1,0,1,1,0,0,0
255.0,B2,南,B1B2,B1B2_1,Go straight,1,1,0,0,0,0,0,0
255.0,B2,南,B1B2,B1B2_2,Turn left,1,1,0,0,0,0,0,0
255.0,B2,东,C2B2,C2B2_0,Turn right,0,0,0,0,0,0,0,0
255.0,B2,东,C2B2,C2B2_1,Go straight,0,0,0,0,0,0,0,0
255.0,B2,东,C2B2,C2B2_2,Turn left,0,0,0,0,0,0,0,0
255.0,B2,北,top1B2,top1B2_0,Turn right,10,10,0,4,4,0,1,1
255.0,B2,北,top1B2,top1B2_1,Go straight,10,10,0,2,2,0,1,3
255.0,B2,北,top1B2,top1B2_2,Turn left,10,10,0,4,4,0,2,0
255.0,C0,西,B0C0,B0C0_0,Turn right,0,0,0,0,0,0,0,0
255.0,C0,西,B0C0,B0C0_1,Go straight,0,0,0,0,0,0,0,0
255.0,C0,西,B0C0,B0C0_2,Turn left,0,0,0,0,0,0,0,0
255.0,C0,北,C1C0,C1C0_0,Turn right,0,0,0,0,0,0,0,0
255.0,C0,北,C1C0,C1C0_1,Go straight,0,0,0,0,0,0,0,0
255.0,C0,北,C1C0,C1C0_2,Turn left,0,0,0,0,0,0,0,0
255.0,C0,南,bottom2C0,bottom2C0_0,Turn right,6,6,0,4,4,0,1,0
255.0,C0,南,bottom2C0,bottom2C0_1,Go straight,6,6,0,1,1,0,0,1
255.0,C0,南,bottom2C0,bottom2C0_2,Turn left,6,6,0,1,0,1,0,0
255.0,C0,东,right0C0,right0C0_0,Turn right,5,5,0,5,5,0,1,0
255.0,C0,东,right0C0,right0C0_1,Go straight,5,5,0,0,0,0,0,1
255.0,C0,东,right0C0,right0C0_2,Turn left,5,5,0,0,0,0,0,0
255.0,C1,西,B1C1,B1C1_0,Turn right,8,8,2,0,0,0,0,0
255.0,C1,西,B1C1,B1C1_1,Go straight,8,8,2,1,0,1,0,0
255.0,C1,西,B1C1,B1C1_2,Turn left,8,8,2,7,7,0,0,0
255.0,C1,南,C0C1,C0C1_0,Turn right,0,0,0,0,0,0,0,0
255.0,C1,南,C0C1,C0C1_1,Go straight,0,0,0,0,0,0,0,0
255.0,C1,南,C0C1,C0C1_2,Turn left,0,0,0,0,0,0,0,0
255.0,C1,北,C2C1,C2C1_0,Turn right,1,1,0,1,1,0,0,0
255.0,C1,北,C2C1,C2C1_1,Go straight,1,1,0,0,0,0,0,0
255.0,C1,北,C2C1,C2C1_2,Turn left,1,1,0,0,0,0,0,0
255.0,C1,东,right1C1,right1C1_0,Turn right,10,10,0,5,5,0,1,1
255.0,C1,东,right1C1,right1C1_1,Go straight,10,10,0,4,4,0,1,1
255.0,C1,东,right1C1,right1C1_2,Turn left,10,10,0,1,1,0,0,0
255.0,C2,西,B2C2,B2C2_0,Turn right,2,2,0,0,0,0,0,0
255.0,C2,西,B2C2,B2C2_1,Go straight,2,2,0,1,1,0,0,0
255.0,C2,西,B2C2,B2C2_2,Turn left,2,2,0,1,0,1,0,0
255.0,C2,南,C1C2,C1C2_0,Turn right,1,1,0,0,0,0,0,0
255.0,C2,南,C1C2,C1C2_1,Go straight,1,1,0,1,1,0,0,0
255.0,C2,南,C1C2,C1C2_2,Turn left,1,1,0,0,0,0,0,0
255.0,C2,东,right2C2,right2C2_0,Turn right,5,5,0,0,0,0,0,0
255.0,C2,东,right2C2,right2C2_1,Go straight,5,5,0,0,0,0,0,1
255.0,C2,东,right2C2,right2C2_2,Turn left,5,5,0,5,5,0,1,0
255.0,C2,北,top2C2,top2C2_0,Turn right,8,8,3,1,1,0,0,0
255.0,C2,北,top2C2,top2C2_1,Go straight,8,8,3,1,1,0,0,0
255.0,C2,北,top2C2,top2C2_2,Turn left,8,8,3,6,3,3,0,0
260.0,A0,北,A1A0,A1A0_0,Turn right,4,4,1,0,0,0,0,0
260.0,A0,北,A1A0,A1A0_1,Go straight,4,4,1,0,0,0,0,0
260.0,A0,北,A1A0,A1A0_2,Turn left,4,4,1,4,3,1,0,0
260.0,A0,东,B0A0,B0A0_0,Turn right,2,2,0,0,0,0,0,0
260.0,A0,东,B0A0,B0A0_1,Go straight,2,2,0,2,2,0,0,0
260.0,A0,东,B0A0,B0A0_2,Turn left,2,2,0,0,0,0,0,0
260.0,A0,南,bottom0A0,bottom0A0_0,Turn right,0,0,0,0,0,0,0,0
260.0,A0,南,bottom0A0,bottom0A0_1,Go straight,0,0,0,0,0,0,0,0
260.0,A0,南,bottom0A0,bottom0A0_2,Turn left,0,0,0,0,0,0,0,0
260.0,A0,西,left0A0,left0A0_0,Turn right,5,5,0,0,0,0,0,0
260.0,A0,西,left0A0,left0A0_1,Go straight,5,5,0,0,0,0,0,0
260.0,A0,西,left0A0,left0A0_2,Turn left,5,5,0,5,5,0,0,0
260.0,A1,南,A0A1,A0A1_0,Turn right,0,0,0,0,0,0,0,0
260.0,A1,南,A0A1,A0A1_1,Go straight,0,0,0,0,0,0,0,0
260.0,A1,南,A0A1,A0A1_2,Turn left,0,0,0,0,0,0,0,0
260.0,A1,北,A2A1,A2A1_0,Turn right,6,6,2,0,0,0,0,0
260.0,A1,北,A2A1,A2A1_1,Go straight,6,6,2,6,6,0,0,0
260.0,A1,北,A2A1,A2A1_2,Turn left,6,6,2,0,0,0,0,0
260.0,A1,东,B1A1,B1A1_0,Turn right,0,0,0,0,0,0,0,0
260.0,A1,东,B1A1,B1A1_1,Go straight,0,0,0,0,0,0,0,0
260.0,A1,东,B1A1,B1A1_2,Turn left,0,0,0,0,0,0,0,0
260.0,A1,西,left1A1,left1A1_0,Turn right,14,14,2,4,4,0,1,0
260.0,A1,西,left1A1,left1A1_1,Go straight,14,14,2,9,7,2,1,1
260.0,A1,西,left1A1,left1A1_2,Turn left,14,14,2,1,1,0,0,1
260.0,A2,南,A1A2,A1A2_0,Turn right,4,4,0,3,3,0,0,0
260.0,A2,南,A1A2,A1A2_1,Go straight,4,4,0,0,0,0,0,0
260.0,A2,南,A1A2,A1A2_2,Turn left,4,4,0,1,1,0,0,0
260.0,A2,东,B2A2,B2A2_0,Turn right,1,1,0,1,1,0,0,0
260.0,A2,东,B2A2,B2A2_1,Go straight,1,1,0,0,0,0,0,0
260.0,A2,东,B2A2,B2A2_2,Turn left,1,1,0,0,0,0,0,0
260.0,A2,西,left2A2,left2A2_0,Turn right,0,0,0,0,0,0,0,0
260.0,A2,西,left2A2,left2A2_1,Go straight,0,0,0,0,0,0,0,0
260.0,A2,西,left2A2,left2A2_2,Turn left,0,0,0,0,0,0,0,0
260.0,A2,北,top0A2,top0A2_0,Turn right,5,5,0,0,0,0,0,0
260.0,A2,北,top0A2,top0A2_1,Go straight,5,5,0,0,0,0,0,0
260.0,A2,北,top0A2,top0A2_2,Turn left,5,5,0,5,4,1,0,0
260.0,B0,西,A0B0,A0B0_0,Turn right,1,1,0,0,0,0,0,0
260.0,B0,西,A0B0,A0B0_1,Go straight,1,1,0,0,0,0,0,0
260.0,B0,西,A0B0,A0B0_2,Turn left,1,1,0,1,0,1,0,0
260.0,B0,北,B1B0,B1B0_0,Turn right,3,3,0,1,1,0,0,0
260.0,B0,北,B1B0,B1B0_1,Go straight,3,3,0,0,0,0,0,0
260.0,B0,北,B1B0,B1B0_2,Turn left,3,3,0,2,0,2,0,0
260.0,B0,东,C0B0,C0B0_0,Turn right,0,0,0,0,0,0,0,0
260.0,B0,东,C0B0,C0B0_1,Go straight,0,0,0,0,0,0,0,0
260.0,B0,东,C0B0,C0B0_2,Turn left,0,0,0,0,0,0,0,0
260.0,B0,南,bottom1B0,bottom1B0_0,Turn right,3,3,3,1,1,0,0,0
260.0,B0,南,bottom1B0,bottom1B0_1,Go straight,3,3,3,1,1,0,0,0
260.0,B0,南,bottom1B0,bottom1B0_2,Turn left,3,3,3,1,1,0,0,0
260.0,B1,西,A1B1,A1B1_0,Turn right,3,3,0,0,0,0,0,0
260.0,B1,西,A1B1,A1B1_1,Go straight,3,3,0,0,0,0,0,0
260.0,B1,西,A1B1,A1B1_2,Turn left,3,3,0,3,1,2,0,0
260.0,B1,南,B0B1,B0B1_0,Turn right,1,1,0,0,0,0,0,0
260.0,B1,南,B0B1,B0B1_1,Go straight,1,1,0,0,0,0,0,0
260.0,B1,南,B0B1,B0B1_2,Turn left,1,1,0,1,0,1,0,0
260.0,B1,北,B2B1,B2B1_0,Turn right,3,3,0,0,0,0,0,0
260.0,B1,北,B2B1,B2B1_1,Go straight,3,3,0,2,2,0,0,0
260.0,B1,北,B2B1,B2B1_2,Turn left,3,3,0,1,0,1,0,0
260.0,B1,东,C1B1,C1B1_0,Turn right,1,1,0,0,0,0,0,0
260.0,B1,东,C1B1,C1B1_1,Go straight,1,1,0,1,1,0,0,0
260.0,B1,东,C1B1,C1B1_2,Turn left,1,1,0,0,0,0,0,0
260.0,B2,西,A2B2,A2B2_0,Turn right,2,2,0,0,0,0,0,0
260.0,B2,西,A2B2,A2B2_1,Go straight,2,2,0,2,0,2,0,0
260.0,B2,西,A2B2,A2B2_2,Turn left,2,2,0,0,0,0,0,0
260.0,B2,南,B1B2,B1B2_0,Turn right,1,1,0,1,1,0,0,0
260.0,B2,南,B1B2,B1B2_1,Go straight,1,1,0,0,0,0,0,0
260.0,B2,南,B1B2,B1B2_2,Turn left,1,1,0,0,0,0,0,0
260.0,B2,东,C2B2,C2B2_0,Turn right,0,0,0,0,0,0,0,0
260.0,B2,东,C2B2,C2B2_1,Go straight,0,0,0,0,0,0,0,0
260.0,B2,东,C2B2,C2B2_2,Turn left,0,0,0,0,0,0,0,0
260.0,B2,北,top1B2,top1B2_0,Turn right,14,14,5,6,6,0,1,0
260.0,B2,北,top1B2,top1B2_1,Go straight,14,14,5,2,2,0,0,2
260.0,B2,北,top1B2,top1B2_2,Turn left,14,14,5,6,6,0,1,0
260.0,C0,西,B0C0,B0C0_0,Turn right,0,0,0,0,0,0,0,0
260.0,C0,西,B0C0,B0C0_1,Go straight,0,0,0,0,0,0,0,0
260.0,C0,西,B0C0,B0C0_2,Turn left,0,0,0,0,0,0,0,0
260.0,C0,北,C1C0,C1C0_0,Turn right,0,0,0,0,0,0,0,0
260.0,C0,北,C1C0,C1C0_1,Go straight,0,0,0,0,0,0,0,0
260.0,C0,北,C1C0,C1C0_2,Turn left,0,0,0,0,0,0,0,0
260.0,C0,南,bottom2C0,bottom2C0_0,Turn right,6,6,0,5,5,0,1,0
260.0,C0,南,bottom2C0,bottom2C0_1,Go straight,6,6,0,0,0,0,0,1
260.0,C0,南,bottom2C0,bottom2C0_2,Turn left,6,6,0,1,0,1,0,0
260.0,C0,东,right0C0,right0C0_0,Turn right,4,4,0,4,4,0,0,0
260.0,C0,东,right0C0,right0C0_1,Go straight,4,4,0,0,0,0,0,0
260.0,C0,东,right0C0,right0C0_2,Turn left,4,4,0,0,0,0,0,0
260.0,C1,西,B1C1,B1C1_0,Turn right,8,8,0,0,0,0,0,0
260.0,C1,西,B1C1,B1C1_1,Go straight,8,8,0,1,0,1,0,0
260.0,C1,西,B1C1,B1C1_2,Turn left,8,8,0,7,7,0,0,0
260.0,C1,南,C0C1,C0C1_0,Turn right,1,1,1,0,0,0,0,0
260.0,C1,南,C0C1,C0C1_1,Go straight,1,1,1,1,1,0,0,0
260.0,C1,南,C0C1,C0C1_2,Turn left,1,1,1,0,0,0,0,0
260.0,C1,北,C2C1,C2C1_0,Turn right,1,1,0,1,1,0,0,0
260.0,C1,北,C2C1,C2C1_1,Go straight,1,1,0,0,0,0,0,0
260.0,C1,北,C2C1,C2C1_2,Turn left,1,1,0,0,0,0,0,0
260.0,C1,东,right1C1,right1C1_0,Turn right,10,10,0,5,4,1,0,0
260.0,C1,东,right1C1,right1C1_1,Go straight,10,10,0,5,5,0,1,0
260.0,C1,东,right1C1,right1C1_2,Turn left,10,10,0,0,0,0,0,1
260.0,C2,西,B2C2,B2C2_0,Turn right,2,2,0,0,0,0,0,0
260.0,C2,西,B2C2,B2C2_1,Go straight,2,2,0,1,1,0,0,0
260.0,C2,西,B2C2,B2C2_2,Turn left,2,2,0,1,0,1,0,0
260.0,C2,南,C1C2,C1C2_0,Turn right,1,1,0,0,0,0,0,0
260.0,C2,南,C1C2,C1C2_1,Go straight,1,1,0,1,1,0,0,0
260.0,C2,南,C1C2,C1C2_2,Turn left,1,1,0,0,0,0,0,0
260.0,C2,东,right2C2,right2C2_0,Turn right,5,5,0,0,0,0,0,0
260.0,C2,东,right2C2,right2C2_1,Go straight,5,5,0,0,0,0,0,0
260.0,C2,东,right2C2,right2C2_2,Turn left,5,5,0,5,5,0,0,0
260.0,C2,北,top2C2,top2C2_0,Turn right,10,10,2,0,0,0,0,2
260.0,C2,北,top2C2,top2C2_1,Go straight,10,10,2,4,4,0,2,0
260.0,C2,北,top2C2,top2C2_2,Turn left,10,10,2,6,1,5,0,0
265.0,A0,北,A1A0,A1A0_0,Turn right,4,4,1,0,0,0,0,0
265.0,A0,北,A1A0,A1A0_1,Go straight,4,4,1,0,0,0,0,0
265.0,A0,北,A1A0,A1A0_2,Turn left,4,4,1,4,4,0,0,0
265.0,A0,东,B0A0,B0A0_0,Turn right,2,2,0,0,0,0,0,0
265.0,A0,东,B0A0,B0A0_1,Go straight,2,2,0,2,0,2,0,0
265.0,A0,东,B0A0,B0A0_2,Turn left,2,2,0,0,0,0,0,0
265.0,A0,南,bottom0A0,bottom0A0_0,Turn right,0,0,0,0,0,0,0,0
265.0,A0,南,bottom0A0,bottom0A0_1,Go straight,0,0,0,0,0,0,0,0
265.0,A0,南,bottom0A0,bottom0A0_2,Turn left,0,0,0,0,0,0,0,0
265.0,A0,西,left0A0,left0A0_0,Turn right,5,5,0,0,0,0,0,0
265.0,A0,西,left0A0,left0A0_1,Go straight,5,5,0,0,0,0,0,0
265.0,A0,西,left0A0,left0A0_2,Turn left,5,5,0,5,5,0,0,0
265.0,A1,南,A0A1,A0A1_0,Turn right,0,0,0,0,0,0,0,0
265.0,A1,南,A0A1,A0A1_1,Go straight,0,0,0,0,0,0,0,0
265.0,A1,南,A0A1,A0A1_2,Turn left,0,0,0,0,0,0,0,0
265.0,A1,北,A2A1,A2A1_0,Turn right,6,6,0,0,0,0,0,0
265.0,A1,北,A2A1,A2A1_1,Go straight,6,6,0,6,6,0,0,0
265.0,A1,北,A2A1,A2A1_2,Turn left,6,6,0,0,0,0,0,0
265.0,A1,东,B1A1,B1A1_0,Turn right,0,0,0,0,0,0,0,0
265.0,A1,东,B1A1,B1A1_1,Go straight,0,0,0,0,0,0,0,0
265.0,A1,东,B1A1,B1A1_2,Turn left,0,0,0,0,0,0,0,0
265.0,A1,西,left1A1,left1A1_0,Turn right,18,18,5,5,5,0,0,0
265.0,A1,西,left1A1,left1A1_1,Go straight,18,18,5,12,10,2,2,0
265.0,A1,西,left1A1,left1A1_2,Turn left,18,18,5,1,1,0,0,2
265.0,A2,南,A1A2,A1A2_0,Turn right,4,4,0,3,3,0,0,0
265.0,A2,南,A1A2,A1A2_1,Go straight,4,4,0,0,0,0,0,0
265.0,A2,南,A1A2,A1A2_2,Turn left,4,4,0,1,1,0,0,0
265.0,A2,东,B2A2,B2A2_0,Turn right,1,1,1,0,0,0,0,0
265.0,A2,东,B2A2,B2A2_1,Go straight,1,1,1,1,1,0,0,0
265.0,A2,东,B2A2,B2A2_2,Turn left,1,1,1,0,0,0,0,0
265.0,A2,西,left2A2,left2A2_0,Turn right,0,0,0,0,0,0,0,0
265.0,A2,西,left2A2,left2A2_1,Go straight,0,0,0,0,0,0,0,0
265.0,A2,西,left2A2,left2A2_2,Turn left,0,0,0,0,0,0,0,0
265.0,A2,北,top0A2,top0A2_0,Turn right,4,4,0,0,0,0,0,0
265.0,A2,北,top0A2,top0A2_1,Go straight,4,4,0,0,0,0,0,0
265.0,A2,北,top0A2,top0A2_2,Turn left,4,4,0,4,3,1,0,0
265.0,B0,西,A0B0,A0B0_0,Turn right,1,1,0,0,0,0,0,0
265.0,B0,西,A0B0,A0B0_1,Go straight,1,1,0,0,0,0,0,0
265.0,B0,西,A0B0,A0B0_2,Turn left,1,1,0,1,0,1,0,0
265.0,B0,北,B1B0,B1B0_0,Turn right,2,2,0,1,1,0,0,0
265.0,B0,北,B1B0,B1B0_1,Go straight,2,2,0,0,0,0,0,0
265.0,B0,北,B1B0,B1B0_2,Turn left,2,2,0,1,1,0,0,0
265.0,B0,东,C0B0,C0B0_0,Turn right,0,0,0,0,0,0,0,0
265.0,B0,东,C0B0,C0B0_1,Go straight,0,0,0,0,0,0,0,0
265.0,B0,东,C0B0,C0B0_2,Turn left,0,0,0,0,0,0,0,0
265.0,B0,南,bottom1B0,bottom1B0_0,Turn right,5,5,2,0,0,0,0,2
265.0,B0,南,bottom1B0,bottom1B0_1,Go straight,5,5,2,1,1,0,2,3
265.0,B0,南,bottom1B0,bottom1B0_2,Turn left,5,5,2,4,4,0,3,0
265.0,B1,西,A1B1,A1B1_0,Turn right,3,3,0,0,0,0,0,0
265.0,B1,西,A1B1,A1B1_1,Go straight,3,3,0,0,0,0,0,0
265.0,B1,西,A1B1,A1B1_2,Turn left,3,3,0,3,1,2,0,0
265.0,B1,南,B0B1,B0B1_0,Turn right,0,0,0,0,0,0,0,0
265.0,B1,南,B0B1,B0B1_1,Go straight,0,0,0,0,0,0,0,0
265.0,B1,南,B0B1,B0B1_2,Turn left,0,0,0,0,0,0,0,0
265.0,B1,北,B2B1,B2B1_0,Turn right,2,2,0,0,0,0,0,0
265.0,B1,北,B2B1,B2B1_1,Go straight,2,2,0,2,2,0,0,0
265.0,B1,北,B2B1,B2B1_2,Turn left,2,2,0,0,0,0,0,0
265.0,B1,东,C1B1,C1B1_0,Turn right,1,1,0,0,0,0,0,0
265.0,B1,东,C1B1,C1B1_1,Go straight,1,1,0,1,1,0,0,0
265.0,B1,东,C1B1,C1B1_2,Turn left,1,1,0,0,0,0,0,0
265.0,B2,西,A2B2,A2B2_0,Turn right,2,2,0,0,0,0,0,0
265.0,B2,西,A2B2,A2B2_1,Go straight,2,2,0,2,0,2,0,0
265.0,B2,西,A2B2,A2B2_2,Turn left,2,2,0,0,0,0,0,0
265.0,B2,南,B1B2,B1B2_0,Turn right,1,1,0,1,1,0,0,0
265.0,B2,南,B1B2,B1B2_1,Go straight,1,1,0,0,0,0,0,0
265.0,B2,南,B1B2,B1B2_2,Turn left,1,1,0,0,0,0,0,0
265.0,B2,东,C2B2,C2B2_0,Turn right,0,0,0,0,0,0,0,0
265.0,B2,东,C2B2,C2B2_1,Go straight,0,0,0,0,0,0,0,0
265.0,B2,东,C2B2,C2B2_2,Turn left,0,0,0,0,0,0,0,0
265.0,B2,北,top1B2,top1B2_0,Turn right,14,14,0,4,4,0,0,2
265.0,B2,北,top1B2,top1B2_1,Go straight,14,14,0,1,1,0,2,3
265.0,B2,北,top1B2,top1B2_2,Turn left,14,14,0,9,9,0,3,0
265.0,C0,西,B0C0,B0C0_0,Turn right,0,0,0,0,0,0,0,0
265.0,C0,西,B0C0,B0C0_1,Go straight,0,0,0,0,0,0,0,0
265.0,C0,西,B0C0,B0C0_2,Turn left,0,0,0,0,0,0,0,0
265.0,C0,北,C1C0,C1C0_0,Turn right,0,0,0,0,0,0,0,0
265.0,C0,北,C1C0,C1C0_1,Go straight,0,0,0,0,0,0,0,0
265.0,C0,北,C1C0,C1C0_2,Turn left,0,0,0,0,0,0,0,0
265.0,C0,南,bottom2C0,bottom2C0_0,Turn right,10,10,5,7,7,0,0,0
265.0,C0,南,bottom2C0,bottom2C0_1,Go straight,10,10,5,2,2,0,0,0
265.0,C0,南,bottom2C0,bottom2C0_2,Turn left,10,10,5,1,1,0,0,0
265.0,C0,东,right0C0,right0C0_0,Turn right,6,6,3,4,4,0,0,0
265.0,C0,东,right0C0,right0C0_1,Go straight,6,6,3,1,1,0,0,0
265.0,C0,东,right0C0,right0C0_2,Turn left,6,6,3,1,1,0,0,0
265.0,C1,西,B1C1,B1C1_0,Turn right,8,8,0,0,0,0,0,0
265.0,C1,西,B1C1,B1C1_1,Go straight,8,8,0,1,0,1,0,0
265.0,C1,西,B1C1,B1C1_2,Turn left,8,8,0,7,7,0,0,0
265.0,C1,南,C0C1,C0C1_0,Turn right,1,1,0,0,0,0,0,0
265.0,C1,南,C0C1,C0C1_1,Go straight,1,1,0,1,1,0,0,0
265.0,C1,南,C0C1,C0C1_2,Turn left,1,1,0,0,0,0,0,0
265.0,C1,北,C2C1,C2C1_0,Turn right,1,1,0,1,1,0,0,0
265.0,C1,北,C2C1,C2C1_1,Go straight,1,1,0,0,0,0,0,0
265.0,C1,北,C2C1,C2C1_2,Turn left,1,1,0,0,0,0,0,0
265.0,C1,东,right1C1,right1C1_0,Turn right,9,9,0,4,4,0,0,0
265.0,C1,东,right1C1,right1C1_1,Go straight,9,9,0,5,5,0,0,0
265.0,C1,东,right1C1,right1C1_2,Turn left,9,9,0,0,0,0,0,0
265.0,C2,西,B2C2,B2C2_0,Turn right,2,2,0,0,0,0,0,0
265.0,C2,西,B2C2,B2C2_1,Go straight,2,2,0,1,0,1,0,0
265.0,C2,西,B2C2,B2C2_2,Turn left,2,2,0,1,0,1,0,0
265.0,C2,南,C1C2,C1C2_0,Turn right,2,2,1,0,0,0,0,0
265.0,C2,南,C1C2,C1C2_1,Go straight,2,2,1,1,1,0,0,0
265.0,C2,南,C1C2,C1C2_2,Turn left,2,2,1,1,1,0,0,0
265.0,C2,东,right2C2,right2C2_0,Turn right,5,5,0,0,0,0,0,0
265.0,C2,东,right2C2,right2C2_1,Go straight,5,5,0,0,0,0,0,0
265.0,C2,东,right2C2,right2C2_2,Turn left,5,5,0,5,5,0,0,0
265.0,C2,北,top2C2,top2C2_0,Turn right,9,9,0,0,0,0,0,0
265.0,C2,北,top2C2,top2C2_1,Go straight,9,9,0,4,4,0,0,0
265.0,C2,北,top2C2,top2C2_2,Turn left,9,9,0,5,2,3,0,0
270.0,A0,北,A1A0,A1A0_0,Turn right,4,4,1,0,0,0,0,0
270.0,A0,北,A1A0,A1A0_1,Go straight,4,4,1,0,0,0,0,0
270.0,A0,北,A1A0,A1A0_2,Turn left,4,4,1,4,4,0,0,0
270.0,A0,东,B0A0,B0A0_0,Turn right,2,2,0,0,0,0,0,0
270.0,A0,东,B0A0,B0A0_1,Go straight,2,2,0,2,0,2,0,0
270.0,A0,东,B0A0,B0A0_2,Turn left,2,2,0,0,0,0,0,0
270.0,A0,南,bottom0A0,bottom0A0_0,Turn right,0,0,0,0,0,0,0,0
270.0,A0,南,bottom0A0,bottom0A0_1,Go straight,0,0,0,0,0,0,0,0
270.0,A0,南,bottom0A0,bottom0A0_2,Turn left,0,0,0,0,0,0,0,0
270.0,A0,西,left0A0,left0A0_0,Turn right,5,5,0,0,0,0,0,0
270.0,A0,西,left0A0,left0A0_1,Go straight,5,5,0,0,0,0,0,0
270.0,A0,西,left0A0,left0A0_2,Turn left,5,5,0,5,4,1,0,0
270.0,A1,南,A0A1,A0A1_0,Turn right,0,0,0,0,0,0,0,0
270.0,A1,南,A0A1,A0A1_1,Go straight,0,0,0,0,0,0,0,0
270.0,A1,南,A0A1,A0A1_2,Turn left,0,0,0,0,0,0,0,0
270.0,A1,北,A2A1,A2A1_0,Turn right,6,6,0,0,0,0,0,0
270.0,A1,北,A2A1,A2A1_1,Go straight,6,6,0,6,6,0,0,0
270.0,A1,北,A2A1,A2A1_2,Turn left,6,6,0,0,0,0,0,0
270.0,A1,东,B1A1,B1A1_0,Turn right,1,1,1,1,1,0,0,0
270.0,A1,东,B1A1,B1A1_1,Go straight,1,1,1,0,0,0,0,0
270.0,A1,东,B1A1,B1A1_2,Turn left,1,1,1,0,0,0,0,0
270.0,A1,西,left1A1,left1A1_0,Turn right,17,17,0,7,7,0,3,0
270.0,A1,西,left1A1,left1A1_1,Go straight,17,17,0,10,6,4,1,3
270.0,A1,西,left1A1,left1A1_2,Turn left,17,17,0,0,0,0,0,1
270.0,A2,南,A1A2,A1A2_0,Turn right,4,4,0,3,3,0,0,0
270.0,A2,南,A1A2,A1A2_1,Go straight,4,4,0,0,0,0,0,0
270.0,A2,南,A1A2,A1A2_2,Turn left,4,4,0,1,1,0,0,0
270.0,A2,东,B2A2,B2A2_0,Turn right,2,2,1,0,0,0,0,0
270.0,A2,东,B2A2,B2A2_1,Go straight,2,2,1,2,2,0,0,0
270.0,A2,东,B2A2,B2A2_2,Turn left,2,2,1,0,0,0,0,0
270.0,A2,西,left2A2,left2A2_0,Turn right,0,0,0,0,0,0,0,0
270.0,A2,西,left2A2,left2A2_1,Go straight,0,0,0,0,0,0,0,0
270.0,A2,西,left2A2,left2A2_2,Turn left,0,0,0,0,0,0,0,0
270.0,A2,北,top0A2,top0A2_0,Turn right,2,2,0,0,0,0,0,0
270.0,A2,北,top0A2,top0A2_1,Go straight,2,2,0,0,0,0,0,0
270.0,A2,北,top0A2,top0A2_2,Turn left,2,2,0,2,2,0,0,0
270.0,B0,西,A0B0,A0B0_0,Turn right,2,2,1,0,0,0,0,0
270.0,B0,西,A0B0,A0B0_1,Go straight,2,2,1,1,1,0,0,0
270.0,B0,西,A0B0,A0B0_2,Turn left,2,2,1,1,0,1,0,0
270.0,B0,北,B1B0,B1B0_0,Turn right,1,1,0,1,1,0,0,0
270.0,B0,北,B1B0,B1B0_1,Go straight,1,1,0,0,0,0,0,0
270.0,B0,北,B1B0,B1B0_2,Turn left,1,1,0,0,0,0,0,0
270.0,B0,东,C0B0,C0B0_0,Turn right,1,1,1,1,1,0,0,0
270.0,B0,东,C0B0,C0B0_1,Go straight,1,1,1,0,0,0,0,0
270.0,B0,东,C0B0,C0B0_2,Turn left,1,1,1,0,0,0,0,0
270.0,B0,南,bottom1B0,bottom1B0_0,Turn right,5,5,0,0,0,0,0,0
270.0,B0,南,bottom1B0,bottom1B0_1,Go straight,5,5,0,0,0,0,0,1
270.0,B0,南,bottom1B0,bottom1B0_2,Turn left,5,5,0,5,5,0,1,0
270.0,B1,西,A1B1,A1B1_0,Turn right,3,3,0,0,0,0,0,0
270.0,B1,西,A1B1,A1B1_1,Go straight,3,3,0,0,0,0,0,0
270.0,B1,西,A1B1,A1B1_2,Turn left,3,3,0,3,0,3,0,0
270.0,B1,南,B0B1,B0B1_0,Turn right,0,0,0,0,0,0,0,0
270.0,B1,南,B0B1,B0B1_1,Go straight,0,0,0,0,0,0,0,0
270.0,B1,南,B0B1,B0B1_2,Turn left,0,0,0,0,0,0,0,0
270.0,B1,北,B2B1,B2B1_0,Turn right,2,2,0,0,0,0,0,0
270.0,B1,北,B2B1,B2B1_1,Go straight,2,2,0,2,2,0,0,0
270.0,B1,北,B2B1,B2B1_2,Turn left,2,2,0,0,0,0,0,0
270.0,B1,东,C1B1,C1B1_0,Turn right,1,1,0,0,0,0,0,0
270.0,B1,东,C1B1,C1B1_1,Go straight,1,1,0,1,0,1,0,0
270.0,B1,东,C1B1,C1B1_2,Turn left,1,1,0,0,0,0,0,0
270.0,B2,西,A2B2,A2B2_0,Turn right,3,3,1,0,0,0,0,0
270.0,B2,西,A2B2,A2B2_1,Go straight,3,3,1,3,1,2,0,0
270.0,B2,西,A2B2,A2B2_2,Turn left,3,3,1,0,0,0,0,0
270.0,B2,南,B1B2,B1B2_0,Turn right,1,1,0,1,1,0,0,0
270.0,B2,南,B1B2,B1B2_1,Go straight,1,1,0,0,0,0,0,0
270.0,B2,南,B1B2,B1B2_2,Turn left,1,1,0,0,0,0,0,0
270.0,B2,东,C2B2,C2B2_0,Turn right,0,0,0,0,0,0,0,0
270.0,B2,东,C2B2,C2B2_1,Go straight,0,0,0,0,0,0,0,0
270.0,B2,东,C2B2,C2B2_2,Turn left,0,0,0,0,0,0,0,0
270.0,B2,北,top1B2,top1B2_0,Turn right,11,11,0,3,3,0,0,0
270.0,B2,北,top1B2,top1B2_1,Go straight,11,11,0,0,0,0,0,1
270.0,B2,北,top1B2,top1B2_2,Turn left,11,11,0,8,8,0,1,0
270.0,C0,西,B0C0,B0C0_0,Turn right,1,1,1,1,1,0,0,0
270.0,C0,西,B0C0,B0C0_1,Go straight,1,1,1,0,0,0,0,0
270.0,C0,西,B0C0,B0C0_2,Turn left,1,1,1,0,0,0,0,0
270.0,C0,北,C1C0,C1C0_0,Turn right,0,0,0,0,0,0,0,0
270.0,C0,北,C1C0,C1C0_1,Go straight,0,0,0,0,0,0,0,0
270.0,C0,北,C1C0,C1C0_2,Turn left,0,0,0,0,0,0,0,0
270.0,C0,南,bottom2C0,bottom2C0_0,Turn right,9,9,0,5,5,0,0,1
270.0,C0,南,bottom2C0,bottom2C0_1,Go straight,9,9,0,3,3,0,1,0
270.0,C0,南,bottom2C0,bottom2C0_2,Turn left,9,9,0,1,1,0,0,0
270.0,C0,东,right0C0,right0C0_0,Turn right,8,8,2,5,5,0,1,0
270.0,C0,东,right0C0,right0C0_1,Go straight,8,8,2,3,3,0,2,1
270.0,C0,东,right0C0,right0C0_2,Turn left,8,8,2,0,0,0,0,2
270.0,C1,西,B1C1,B1C1_0,Turn right,9,9,1,1,1,0,0,0
270.0,C1,西,B1C1,B1C1_1,Go straight,9,9,1,1,0,1,0,0
270.0,C1,西,B1C1,B1C1_2,Turn left,9,9,1,7,6,1,0,0
270.0,C1,南,C0C1,C0C1_0,Turn right,2,2,1,0,0,0,0,0
270.0,C1,南,C0C1,C0C1_1,Go straight,2,2,1,2,2,0,0,0
270.0,C1,南,C0C1,C0C1_2,Turn left,2,2,1,0,0,0,0,0
270.0,C1,北,C2C1,C2C1_0,Turn right,1,1,0,1,1,0,0,0
270.0,C1,北,C2C1,C2C1_1,Go straight,1,1,0,0,0,0,0,0
270.0,C1,北,C2C1,C2C1_2,Turn left,1,1,0,0,0,0,0,0
270.0,C1,东,right1C1,right1C1_0,Turn right,8,8,0,3,3,0,0,0
270.0,C1,东,right1C1,right1C1_1,Go straight,8,8,0,5,4,1,0,0
270.0,C1,东,right1C1,right1C1_2,Turn left,8,8,0,0,0,0,0,0
270.0,C2,西,B2C2,B2C2_0,Turn right,3,3,1,1,1,0,0,0
270.0,C2,西,B2C2,B2C2_1,Go straight,3,3,1,1,0,1,0,0
270.0,C2,西,B2C2,B2C2_2,Turn left,3,3,1,1,0,1,0,0
270.0,C2,南,C1C2,C1C2_0,Turn right,3,3,1,0,0,0,0,0
270.0,C2,南,C1C2,C1C2_1,Go straight,3,3,1,1,1,0,0,0
270.0,C2,南,C1C2,C1C2_2,Turn left,3,3,1,2,2,0,0,0
270.0,C2,东,right2C2,right2C2_0,Turn right,10,10,5,1,1,0,0,1
270.0,C2,东,right2C2,right2C2_1,Go straight,10,10,5,3,3,0,1,0
270.0,C2,东,right2C2,right2C2_2,Turn left,10,10,5,6,5,1,0,0
270.0,C2,北,top2C2,top2C2_0,Turn right,7,7,0,0,0,0,0,0
270.0,C2,北,top2C2,top2C2_1,Go straight,7,7,0,5,5,0,1,0
270.0,C2,北,top2C2,top2C2_2,Turn left,7,7,0,2,2,0,0,1
275.0,A0,北,A1A0,A1A0_0,Turn right,3,3,0,0,0,0,0,0
275.0,A0,北,A1A0,A1A0_1,Go straight,3,3,0,0,0,0,0,0
275.0,A0,北,A1A0,A1A0_2,Turn left,3,3,0,3,3,0,0,0
275.0,A0,东,B0A0,B0A0_0,Turn right,3,3,1,0,0,0,0,0
275.0,A0,东,B0A0,B0A0_1,Go straight,3,3,1,2,0,2,0,0
275.0,A0,东,B0A0,B0A0_2,Turn left,3,3,1,1,1,0,0,0
275.0,A0,南,bottom0A0,bottom0A0_0,Turn right,0,0,0,0,0,0,0,0
275.0,A0,南,bottom0A0,bottom0A0_1,Go straight,0,0,0,0,0,0,0,0
275.0,A0,南,bottom0A0,bottom0A0_2,Turn left,0,0,0,0,0,0,0,0
275.0,A0,西,left0A0,left0A0_0,Turn right,5,5,0,0,0,0,0,0
275.0,A0,西,left0A0,left0A0_1,Go straight,5,5,0,0,0,0,0,0
275.0,A0,西,left0A0,left0A0_2,Turn left,5,5,0,5,3,2,0,0
275.0,A1,南,A0A1,A0A1_0,Turn right,0,0,0,0,0,0,0,0
275.0,A1,南,A0A1,A0A1_1,Go straight,0,0,0,0,0,0,0,0
275.0,A1,南,A0A1,A0A1_2,Turn left,0,0,0,0,0,0,0,0
275.0,A1,北,A2A1,A2A1_0,Turn right,5,5,0,0,0,0,0,0
275.0,A1,北,A2A1,A2A1_1,Go straight,5,5,0,5,5,0,0,0
275.0,A1,北,A2A1,A2A1_2,Turn left,5,5,0,0,0,0,0,0
275.0,A1,东,B1A1,B1A1_0,Turn right,1,1,0,1,1,0,0,0
275.0,A1,东,B1A1,B1A1_1,Go straight,1,1,0,0,0,0,0,0
275.0,A1,东,B1A1,B1A1_2,Turn left,1,1,0,0,0,0,0,0
275.0,A1,西,left1A1,left1A1_0,Turn right,17,17,0,9,9,0,2,0
275.0,A1,西,left1A1,left1A1_1,Go straight,17,17,0,8,1,7,0,2
275.0,A1,西,left1A1,left1A1_2,Turn left,17,17,0,0,0,0,0,0
275.0,A2,南,A1A2,A1A2_0,Turn right,4,4,0,3,3,0,0,0
275.0,A2,南,A1A2,A1A2_1,Go straight,4,4,0,0,0,0,0,0
275.0,A2,南,A1A2,A1A2_2,Turn left,4,4,0,1,1,0,0,0
275.0,A2,东,B2A2,B2A2_0,Turn right,2,2,0,0,0,0,0,0
275.0,A2,东,B2A2,B2A2_1,Go straight,2,2,0,2,2,0,0,0
275.0,A2,东,B2A2,B2A2_2,Turn left,2,2,0,0,0,0,0,0
275.0,A2,西,left2A2,left2A2_0,Turn right,0,0,0,0,0,0,0,0
275.0,A2,西,left2A2,left2A2_1,Go straight,0,0,0,0,0,0,0,0
275.0,A2,西,left2A2,left2A2_2,Turn left,0,0,0,0,0,0,0,0
275.0,A2,北,top0A2,top0A2_0,Turn right,0,0,0,0,0,0,0,0
275.0,A2,北,top0A2,top0A2_1,Go straight,0,0,0,0,0,0,0,0
275.0,A2,北,top0A2,top0A2_2,Turn left,0,0,0,0,0,0,0,0
275.0,B0,西,A0B0,A0B0_0,Turn right,3,3,1,0,0,0,0,0
275.0,B0,西,A0B0,A0B0_1,Go straight,3,3,1,2,2,0,0,0
275.0,B0,西,A0B0,A0B0_2,Turn left,3,3,1,1,0,1,0,0
275.0,B0,北,B1B0,B1B0_0,Turn right,0,0,0,0,0,0,0,0
275.0,B0,北,B1B0,B1B0_1,Go straight,0,0,0,0,0,0,0,0
275.0,B0,北,B1B0,B1B0_2,Turn left,0,0,0,0,0,0,0,0
275.0,B0,东,C0B0,C0B0_0,Turn right,1,1,0,1,1,0,0,0
275.0,B0,东,C0B0,C0B0_1,Go straight,1,1,0,0,0,0,0,0
275.0,B0,东,C0B0,C0B0_2,Turn left,1,1,0,0,0,0,0,0
275.0,B0,南,bottom1B0,bottom1B0_0,Turn right,5,5,0,0,0,0,0,0
275.0,B0,南,bottom1B0,bottom1B0_1,Go straight,5,5,0,0,0,0,0,0
275.0,B0,南,bottom1B0,bottom1B0_2,Turn left,5,5,0,5,5,0,0,0
275.0,B1,西,A1B1,A1B1_0,Turn right,3,3,0,0,0,0,0,0
275.0,B1,西,A1B1,A1B1_1,Go straight,3,3,0,0,0,0,0,0
275.0,B1,西,A1B1,A1B1_2,Turn left,3,3,0,3,0,3,0,0
275.0,B1,南,B0B1,B0B1_0,Turn right,0,0,0,0,0,0,0,0
275.0,B1,南,B0B1,B0B1_1,Go straight,0,0,0,0,0,0,0,0
275.0,B1,南,B0B1,B0B1_2,Turn left,0,0,0,0,0,0,0,0
275.0,B1,北,B2B1,B2B1_0,Turn right,1,1,0,0,0,0,0,0
275.0,B1,北,B2B1,B2B1_1,Go straight,1,1,0,1,1,0,0,0
275.0,B1,北,B2B1,B2B1_2,Turn left,1,1,0,0,0,0,0,0
275.0,B1,东,C1B1,C1B1_0,Turn right,1,1,0,0,0,0,0,0
275.0,B1,东,C1B1,C1B1_1,Go straight,1,1,0,1,0,1,0,0
275.0,B1,东,C1B1,C1B1_2,Turn left,1,1,0,0,0,0,0,0
275.0,B2,西,A2B2,A2B2_0,Turn right,6,6,3,0,0,0,0,0
275.0,B2,西,A2B2,A2B2_1,Go straight,6,6,3,6,4,2,0,0
275.0,B2,西,A2B2,A2B2_2,Turn left,6,6,3,0,0,0,0,0
275.0,B2,南,B1B2,B1B2_0,Turn right,1,1,0,1,1,0,0,0
275.0,B2,南,B1B2,B1B2_1,Go straight,1,1,0,0,0,0,0,0
275.0,B2,南,B1B2,B1B2_2,Turn left,1,1,0,0,0,0,0,0
275.0,B2,东,C2B2,C2B2_0,Turn right,0,0,0,0,0,0,0,0
275.0,B2,东,C2B2,C2B2_1,Go straight,0,0,0,0,0,0,0,0
275.0,B2,东,C2B2,C2B2_2,Turn left,0,0,0,0,0,0,0,0
275.0,B2,北,top1B2,top1B2_0,Turn right,9,9,0,2,2,0,0,0
275.0,B2,北,top1B2,top1B2_1,Go straight,9,9,0,0,0,0,0,0
275.0,B2,北,top1B2,top1B2_2,Turn left,9,9,0,7,7,0,0,0
275.0,C0,西,B0C0,B0C0_0,Turn right,2,2,1,1,1,0,0,0
275.0,C0,西,B0C0,B0C0_1,Go straight,2,2,1,1,1,0,0,0
275.0,C0,西,B0C0,B0C0_2,Turn left,2,2,1,0,0,0,0,0
275.0,C0,北,C1C0,C1C0_0,Turn right,0,0,0,0,0,0,0,0
275.0,C0,北,C1C0,C1C0_1,Go straight,0,0,0,0,0,0,0,0
275.0,C0,北,C1C0,C1C0_2,Turn left,0,0,0,0,0,0,0,0
275.0,C0,南,bottom2C0,bottom2C0_0,Turn right,8,8,0,3,3,0,0,1
275.0,C0,南,bottom2C0,bottom2C0_1,Go straight,8,8,0,4,4,0,1,0
275.0,C0,南,bottom2C0,bottom2C0_2,Turn left,8,8,0,1,1,0,0,0
275.0,C0,东,right0C0,right0C0_0,Turn right,7,7,0,6,6,0,2,0
275.0,C0,东,right0C0,right0C0_1,Go straight,7,7,0,1,1,0,0,2
275.0,C0,东,right0C0,right0C0_2,Turn left,7,7,0,0,0,0,0,0
275.0,C1,西,B1C1,B1C1_0,Turn right,9,9,0,1,1,0,0,0
275.0,C1,西,B1C1,B1C1_1,Go straight,9,9,0,1,0,1,0,0
275.0,C1,西,B1C1,B1C1_2,Turn left,9,9,0,7,5,2,0,0
275.0,C1,南,C0C1,C0C1_0,Turn right,3,3,1,0,0,0,0,0
275.0,C1,南,C0C1,C0C1_1,Go straight,3,3,1,3,3,0,0,0
275.0,C1,南,C0C1,C0C1_2,Turn left,3,3,1,0,0,0,0,0
275.0,C1,北,C2C1,C2C1_0,Turn right,0,0,0,0,0,0,0,0
275.0,C1,北,C2C1,C2C1_1,Go straight,0,0,0,0,0,0,0,0
275.0,C1,北,C2C1,C2C1_2,Turn left,0,0,0,0,0,0,0,0
275.0,C1,东,right1C1,right1C1_0,Turn right,7,7,0,2,2,0,0,0
275.0,C1,东,right1C1,right1C1_1,Go straight,7,7,0,5,3,2,0,0
275.0,C1,东,right1C1,right1C1_2,Turn left,7,7,0,0,0,0,0,0
275.0,C2,西,B2C2,B2C2_0,Turn right,5,5,2,3,3,0,0,0
275.0,C2,西,B2C2,B2C2_1,Go straight,5,5,2,1,0,1,0,0
275.0,C2,西,B2C2,B2C2_2,Turn left,5,5,2,1,0,1,0,0
275.0,C2,南,C1C2,C1C2_0,Turn right,4,4,1,0,0,0,0,0
275.0,C2,南,C1C2,C1C2_1,Go straight,4,4,1,1,1,0,0,0
275.0,C2,南,C1C2,C1C2_2,Turn left,4,4,1,3,3,0,0,0
275.0,C2,东,right2C2,right2C2_0,Turn right,10,10,0,1,1,0,0,0
275.0,C2,东,right2C2,right2C2_1,Go straight,10,10,0,3,3,0,0,0
275.0,C2,东,right2C2,right2C2_2,Turn left,10,10,0,6,4,2,0,0
275.0,C2,北,top2C2,top2C2_0,Turn right,4,4,0,0,0,0,0,0
275.0,C2,北,top2C2,top2C2_1,Go straight,4,4,0,4,4,0,0,0
275.0,C2,北,top2C2,top2C2_2,Turn left,4,4,0,0,0,0,0,0
280.0,A0,北,A1A0,A1A0_0,Turn right,4,4,1,0,0,0,0,0
280.0,A0,北,A1A0,A1A0_1,Go straight,4,4,1,1,1,0,0,0
280.0,A0,北,A1A0,A1A0_2,Turn left,4,4,1,3,3,0,0,0
280.0,A0,东,B0A0,B0A0_0,Turn right,3,3,0,0,0,0,0,0
280.0,A0,东,B0A0,B0A0_1,Go straight,3,3,0,2,0,2,0,0
280.0,A0,东,B0A0,B0A0_2,Turn left,3,3,0,1,1,0,0,0
280.0,A0,南,bottom0A0,bottom0A0_0,Turn right,5,5,5,1,1,0,0,0
280.0,A0,南,bottom0A0,bottom0A0_1,Go straight,5,5,5,2,2,0,0,0
280.0,A0,南,bottom0A0,bottom0A0_2,Turn left,5,5,5,2,2,0,0,0
280.0,A0,西,left0A0,left0A0_0,Turn right,5,5,0,0,0,0,0,0
280.0,A0,西,left0A0,left0A0_1,Go straight,5,5,0,0,0,0,0,0
280.0,A0,西,left0A0,left0A0_2,Turn left,5,5,0,5,0,5,0,0
280.0,A1,南,A0A1,A0A1_0,Turn right,0,0,0,0,0,0,0,0
280.0,A1,南,A0A1,A0A1_1,Go straight,0,0,0,0,0,0,0,0
280.0,A1,南,A0A1,A0A1_2,Turn left,0,0,0,0,0,0,0,0
280.0,A1,北,A2A1,A2A1_0,Turn right,3,3,0,0,0,0,0,0
280.0,A1,北,A2A1,A2A1_1,Go straight,3,3,0,3,3,0,0,0
280.0,A1,北,A2A1,A2A1_2,Turn left,3,3,0,0,0,0,0,0
280.0,A1,东,B1A1,B1A1_0,Turn right,1,1,0,1,1,0,0,0
280.0,A1,东,B1A1,B1A1_1,Go straight,1,1,0,0,0,0,0,0
280.0,A1,东,B1A1,B1A1_2,Turn left,1,1,0,0,0,0,0,0
280.0,A1,西,left1A1,left1A1_0,Turn right,20,20,3,11,11,0,1,0
280.0,A1,西,left1A1,left1A1_1,Go straight,20,20,3,8,0,8,0,1
280.0,A1,西,left1A1,left1A1_2,Turn left,20,20,3,1,1,0,0,0
280.0,A2,南,A1A2,A1A2_0,Turn right,3,3,0,2,2,0,0,0
280.0,A2,南,A1A2,A1A2_1,Go straight,3,3,0,0,0,0,0,0
280.0,A2,南,A1A2,A1A2_2,Turn left,3,3,0,1,0,1,0,0
280.0,A2,东,B2A2,B2A2_0,Turn right,4,4,2,0,0,0,0,0
280.0,A2,东,B2A2,B2A2_1,Go straight,4,4,2,4,4,0,0,0
280.0,A2,东,B2A2,B2A2_2,Turn left,4,4,2,0,0,0,0,0
280.0,A2,西,left2A2,left2A2_0,Turn right,5,5,5,2,2,0,0,0
280.0,A2,西,left2A2,left2A2_1,Go straight,5,5,5,3,3,0,1,0
280.0,A2,西,left2A2,left2A2_2,Turn left,5,5,5,0,0,0,0,1
280.0,A2,北,top0A2,top0A2_0,Turn right,0,0,0,0,0,0,0,0
280.0,A2,北,top0A2,top0A2_1,Go straight,0,0,0,0,0,0,0,0
280.0,A2,北,top0A2,top0A2_2,Turn left,0,0,0,0,0,0,0,0
280.0,B0,西,A0B0,A0B0_0,Turn right,4,4,1,0,0,0,0,0
280.0,B0,西,A0B0,A0B0_1,Go straight,4,4,1,3,3,0,0,0
280.0,B0,西,A0B0,A0B0_2,Turn left,4,4,1,1,0,1,0,0
280.0,B0,北,B1B0,B1B0_0,Turn right,1,1,1,0,0,0,0,0
280.0,B0,北,B1B0,B1B0_1,Go straight,1,1,1,1,1,0,0,0
280.0,B0,北,B1B0,B1B0_2,Turn left,1,1,1,0,0,0,0,0
280.0,B0,东,C0B0,C0B0_0,Turn right,1,1,0,1,1,0,0,0
280.0,B0,东,C0B0,C0B0_1,Go straight,1,1,0,0,0,0,0,0
280.0,B0,东,C0B0,C0B0_2,Turn left,1,1,0,0,0,0,0,0
280.0,B0,南,bottom1B0,bottom1B0_0,Turn right,5,5,0,0,0,0,0,0
280.0,B0,南,bottom1B0,bottom1B0_1,Go straight,5,5,0,0,0,0,0,0
280.0,B0,南,bottom1B0,bottom1B0_2,Turn left,5,5,0,5,5,0,0,0
280.0,B1,西,A1B1,A1B1_0,Turn right,3,3,0,0,0,0,0,0
280.0,B1,西,A1B1,A1B1_1,Go straight,3,3,0,0,0,0,0,0
280.0,B1,西,A1B1,A1B1_2,Turn left,3,3,0,3,0,3,0,0
280.0,B1,南,B0B1,B0B1_0,Turn right,0,0,0,0,0,0,0,0
280.0,B1,南,B0B1,B0B1_1,Go straight,0,0,0,0,0,0,0,0
280.0,B1,南,B0B1,B0B1_2,Turn left,0,0,0,0,0,0,0,0
280.0,B1,北,B2B1,B2B1_0,Turn right,0,0,0,0,0,0,0,0
280.0,B1,北,B2B1,B2B1_1,Go straight,0,0,0,0,0,0,0,0
280.0,B1,北,B2B1,B2B1_2,Turn left,0,0,0,0,0,0,0,0
280.0,B1,东,C1B1,C1B1_0,Turn right,2,2,1,0,0,0,0,0
280.0,B1,东,C1B1,C1B1_1,Go straight,2,2,1,1,0,1,0,0
280.0,B1,东,C1B1,C1B1_2,Turn left,2,2,1,1,1,0,0,0
280.0,B2,西,A2B2,A2B2_0,Turn right,7,7,1,0,0,0,0,0
280.0,B2,西,A2B2,A2B2_1,Go straight,7,7,1,7,5,2,0,0
280.0,B2,西,A2B2,A2B2_2,Turn left,7,7,1,0,0,0,0,0
280.0,B2,南,B1B2,B1B2_0,Turn right,1,1,0,1,0,1,0,0
280.0,B2,南,B1B2,B1B2_1,Go straight,1,1,0,0,0,0,0,0
280.0,B2,南,B1B2,B1B2_2,Turn left,1,1,0,0,0,0,0,0
280.0,B2,东,C2B2,C2B2_0,Turn right,0,0,0,0,0,0,0,0
280.0,B2,东,C2B2,C2B2_1,Go straight,0,0,0,0,0,0,0,0
280.0,B2,东,C2B2,C2B2_2,Turn left,0,0,0,0,0,0,0,0
280.0,B2,北,top1B2,top1B2_0,Turn right,4,4,0,0,0,0,0,0
280.0,B2,北,top1B2,top1B2_1,Go straight,4,4,0,0,0,0,0,0
280.0,B2,北,top1B2,top1B2_2,Turn left,4,4,0,4,4,0,0,0
280.0,C0,西,B0C0,B0C0_0,Turn right,2,2,0,1,1,0,0,0
280.0,C0,西,B0C0,B0C0_1,Go straight,2,2,0,1,1,0,0,0
280.0,C0,西,B0C0,B0C0_2,Turn left,2,2,0,0,0,0,0,0
280.0,C0,北,C1C0,C1C0_0,Turn right,0,0,0,0,0,0,0,0
280.0,C0,北,C1C0,C1C0_1,Go straight,0,0,0,0,0,0,0,0
280.0,C0,北,C1C0,C1C0_2,Turn left,0,0,0,0,0,0,0,0
280.0,C0,南,bottom2C0,bottom2C0_0,Turn right,8,8,0,3,3,0,0,0
280.0,C0,南,bottom2C0,bottom2C0_1,Go straight,8,8,0,5,5,0,1,0
280.0,C0,南,bottom2C0,bottom2C0_2,Turn left,8,8,0,0,0,0,0,1
280.0,C0,东,right0C0,right0C0_0,Turn right,11,11,5,7,7,0,1,0
280.0,C0,东,right0C0,right0C0_1,Go straight,11,11,5,3,3,0,1,1
280.0,C0,东,right0C0,right0C0_2,Turn left,11,11,5,1,1,0,0,1
280.0,C1,西,B1C1,B1C1_0,Turn right,9,9,0,1,1,0,0,0
280.0,C1,西,B1C1,B1C1_1,Go straight,9,9,0,1,0,1,0,0
280.0,C1,西,B1C1,B1C1_2,Turn left,9,9,0,7,3,4,0,0
280.0,C1,南,C0C1,C0C1_0,Turn right,3,3,0,0,0,0,0,0
280.0,C1,南,C0C1,C0C1_1,Go straight,3,3,0,3,3,0,0,0
280.0,C1,南,C0C1,C0C1_2,Turn left,3,3,0,0,0,0,0,0
280.0,C1,北,C2C1,C2C1_0,Turn right,1,1,1,1,1,0,0,0
280.0,C1,北,C2C1,C2C1_1,Go straight,1,1,1,0,0,0,0,0
280.0,C1,北,C2C1,C2C1_2,Turn left,1,1,1,0,0,0,0,0
280.0,C1,东,right1C1,right1C1_0,Turn right,6,6,0,1,1,0,0,0
280.0,C1,东,right1C1,right1C1_1,Go straight,6,6,0,5,1,4,0,0
280.0,C1,东,right1C1,right1C1_2,Turn left,6,6,0,0,0,0,0,0
280.0,C2,西,B2C2,B2C2_0,Turn right,6,6,1,4,4,0,0,0
280.0,C2,西,B2C2,B2C2_1,Go straight,6,6,1,1,0,1,0,0
280.0,C2,西,B2C2,B2C2_2,Turn left,6,6,1,1,0,1,0,0
280.0,C2,南,C1C2,C1C2_0,Turn right,4,4,0,0,0,0,0,0
280.0,C2,南,C1C2,C1C2_1,Go straight,4,4,0,1,0,1,0,0
280.0,C2,南,C1C2,C1C2_2,Turn left,4,4,0,3,3,0,0,0
280.0,C2,东,right2C2,right2C2_0,Turn right,10,10,0,0,0,0,0,1
280.0,C2,东,right2C2,right2C2_1,Go straight,10,10,0,5,5,0,2,0
280.0,C2,东,right2C2,right2C2_2,Turn left,10,10,0,5,1,4,0,1
280.0,C2,北,top2C2,top2C2_0,Turn right,3,3,0,0,0,0,0,0
280.0,C2,北,top2C2,top2C2_1,Go straight,3,3,0,3,3,0,0,0
280.0,C2,北,top2C2,top2C2_2,Turn left,3,3,0,0,0,0,0,0
285.0,A0,北,A1A0,A1A0_0,Turn right,6,6,3,0,0,0,0,0
285.0,A0,北,A1A0,A1A0_1,Go straight,6,6,3,4,4,0,0,0
285.0,A0,北,A1A0,A1A0_2,Turn left,6,6,3,2,2,0,0,0
285.0,A0,东,B0A0,B0A0_0,Turn right,3,3,0,0,0,0,0,0
285.0,A0,东,B0A0,B0A0_1,Go straight,3,3,0,2,0,2,0,0
285.0,A0,东,B0A0,B0A0_2,Turn left,3,3,0,1,1,0,0,0
285.0,A0,南,bottom0A0,bottom0A0_0,Turn right,5,5,0,0,0,0,0,1
285.0,A0,南,bottom0A0,bottom0A0_1,Go straight,5,5,0,2,2,0,1,1
285.0,A0,南,bottom0A0,bottom0A0_2,Turn left,5,5,0,3,3,0,1,0
285.0,A0,西,left0A0,left0A0_0,Turn right,5,5,0,0,0,0,0,0
285.0,A0,西,left0A0,left0A0_1,Go straight,5,5,0,0,0,0,0,0
285.0,A0,西,left0A0,left0A0_2,Turn left,5,5,0,5,0,5,0,0
285.0,A1,南,A0A1,A0A1_0,Turn right,0,0,0,0,0,0,0,0
285.0,A1,南,A0A1,A0A1_1,Go straight,0,0,0,0,0,0,0,0
285.0,A1,南,A0A1,A0A1_2,Turn left,0,0,0,0,0,0,0,0
285.0,A1,北,A2A1,A2A1_0,Turn right,1,1,0,0,0,0,0,0
285.0,A1,北,A2A1,A2A1_1,Go straight,1,1,0,1,1,0,0,0
285.0,A1,北,A2A1,A2A1_2,Turn left,1,1,0,0,0,0,0,0
285.0,A1,东,B1A1,B1A1_0,Turn right,1,1,0,1,1,0,0,0
285.0,A1,东,B1A1,B1A1_1,Go straight,1,1,0,0,0,0,0,0
285.0,A1,东,B1A1,B1A1_2,Turn left,1,1,0,0,0,0,0,0
285.0,A1,西,left1A1,left1A1_0,Turn right,22,22,2,10,10,0,0,2
285.0,A1,西,left1A1,left1A1_1,Go straight,22,22,2,8,2,6,2,2
285.0,A1,西,left1A1,left1A1_2,Turn left,22,22,2,4,4,0,2,0
285.0,A2,南,A1A2,A1A2_0,Turn right,2,2,0,1,1,0,0,0
285.0,A2,南,A1A2,A1A2_1,Go straight,2,2,0,0,0,0,0,0
285.0,A2,南,A1A2,A1A2_2,Turn left,2,2,0,1,0,1,0,0
285.0,A2,东,B2A2,B2A2_0,Turn right,5,5,1,0,0,0,0,0
285.0,A2,东,B2A2,B2A2_1,Go straight,5,5,1,5,5,0,0,0
285.0,A2,东,B2A2,B2A2_2,Turn left,5,5,1,0,0,0,0,0
285.0,A2,西,left2A2,left2A2_0,Turn right,5,5,0,3,3,0,1,0
285.0,A2,西,left2A2,left2A2_1,Go straight,5,5,0,2,2,0,0,1
285.0,A2,西,left2A2,left2A2_2,Turn left,5,5,0,0,0,0,0,0
285.0,A2,北,top0A2,top0A2_0,Turn right,0,0,0,0,0,0,0,0
285.0,A2,北,top0A2,top0A2_1,Go straight,0,0,0,0,0,0,0,0
285.0,A2,北,top0A2,top0A2_2,Turn left,0,0,0,0,0,0,0,0
285.0,B0,西,A0B0,A0B0_0,Turn right,5,5,1,0,0,0,0,0
285.0,B0,西,A0B0,A0B0_1,Go straight,5,5,1,4,4,0,0,0
285.0,B0,西,A0B0,A0B0_2,Turn left,5,5,1,1,0,1,0,0
285.0,B0,北,B1B0,B1B0_0,Turn right,2,2,1,0,0,0,0,0
285.0,B0,北,B1B0,B1B0_1,Go straight,2,2,1,2,2,0,0,0
285.0,B0,北,B1B0,B1B0_2,Turn left,2,2,1,0,0,0,0,0
285.0,B0,东,C0B0,C0B0_0,Turn right,1,1,0,1,1,0,0,0
285.0,B0,东,C0B0,C0B0_1,Go straight,1,1,0,0,0,0,0,0
285.0,B0,东,C0B0,C0B0_2,Turn left,1,1,0,0,0,0,0,0
285.0,B0,南,bottom1B0,bottom1B0_0,Turn right,5,5,0,0,0,0,0,0
285.0,B0,南,bottom1B0,bottom1B0_1,Go straight,5,5,0,0,0,0,0,0
285.0,B0,南,bottom1B0,bottom1B0_2,Turn left,5,5,0,5,4,1,0,0
285.0,B1,西,A1B1,A1B1_0,Turn right,3,3,0,0,0,0,0,0
285.0,B1,西,A1B1,A1B1_1,Go straight,3,3,0,0,0,0,0,0
285.0,B1,西,A1B1,A1B1_2,Turn left,3,3,0,3,0,3,0,0
285.0,B1,南,B0B1,B0B1_0,Turn right,0,0,0,0,0,0,0,0
285.0,B1,南,B0B1,B0B1_1,Go straight,0,0,0,0,0,0,0,0
285.0,B1,南,B0B1,B0B1_2,Turn left,0,0,0,0,0,0,0,0
285.0,B1,北,B2B1,B2B1_0,Turn right,0,0,0,0,0,0,0,0
285.0,B1,北,B2B1,B2B1_1,Go straight,0,0,0,0,0,0,0,0
285.0,B1,北,B2B1,B2B1_2,Turn left,0,0,0,0,0,0,0,0
285.0,B1,东,C1B1,C1B1_0,Turn right,2,2,0,0,0,0,0,0
285.0,B1,东,C1B1,C1B1_1,Go straight,2,2,0,1,0,1,0,0
285.0,B1,东,C1B1,C1B1_2,Turn left,2,2,0,1,1,0,0,0
285.0,B2,西,A2B2,A2B2_0,Turn right,8,8,1,0,0,0,0,0
285.0,B2,西,A2B2,A2B2_1,Go straight,8,8,1,8,6,2,0,0
285.0,B2,西,A2B2,A2B2_2,Turn left,8,8,1,0,0,0,0,0
285.0,B2,南,B1B2,B1B2_0,Turn right,1,1,0,1,0,1,0,0
285.0,B2,南,B1B2,B1B2_1,Go straight,1,1,0,0,0,0,0,0
285.0,B2,南,B1B2,B1B2_2,Turn left,1,1,0,0,0,0,0,0
285.0,B2,东,C2B2,C2B2_0,Turn right,0,0,0,0,0,0,0,0
285.0,B2,东,C2B2,C2B2_1,Go straight,0,0,0,0,0,0,0,0
285.0,B2,东,C2B2,C2B2_2,Turn left,0,0,0,0,0,0,0,0
285.0,B2,北,top1B2,top1B2_0,Turn right,2,2,0,0,0,0,0,0
285.0,B2,北,top1B2,top1B2_1,Go straight,2,2,0,0,0,0,0,0
285.0,B2,北,top1B2,top1B2_2,Turn left,2,2,0,2,2,0,0,0
285.0,C0,西,B0C0,B0C0_0,Turn right,2,2,0,1,1,0,0,0
285.0,C0,西,B0C0,B0C0_1,Go straight,2,2,0,1,1,0,0,0
285.0,C0,西,B0C0,B0C0_2,Turn left,2,2,0,0,0,0,0,0
285.0,C0,北,C1C0,C1C0_0,Turn right,0,0,0,0,0,0,0,0
285.0,C0,北,C1C0,C1C0_1,Go straight,0,0,0,0,0,0,0,0
285.0,C0,北,C1C0,C1C0_2,Turn left,0,0,0,0,0,0,0,0
285.0,C0,南,bottom2C0,bottom2C0_0,Turn right,10,10,3,3,3,0,0,0
285.0,C0,南,bottom2C0,bottom2C0_1,Go straight,10,10,3,6,6,0,0,0
285.0,C0,南,bottom2C0,bottom2C0_2,Turn left,10,10,3,1,1,0,0,0
285.0,C0,东,right0C0,right0C0_0,Turn right,11,11,0,9,9,0,2,0
285.0,C0,东,right0C0,right0C0_1,Go straight,11,11,0,2,2,0,1,2
285.0,C0,东,right0C0,right0C0_2,Turn left,11,11,0,0,0,0,0,1
285.0,C1,西,B1C1,B1C1_0,Turn right,9,9,0,1,1,0,0,0
285.0,C1,西,B1C1,B1C1_1,Go straight,9,9,0,1,0,1,0,0
285.0,C1,西,B1C1,B1C1_2,Turn left,9,9,0,7,0,7,0,0
285.0,C1,南,C0C1,C0C1_0,Turn right,4,4,1,0,0,0,0,0
285.0,C1,南,C0C1,C0C1_1,Go straight,4,4,1,4,4,0,0,0
285.0,C1,南,C0C1,C0C1_2,Turn left,4,4,1,0,0,0,0,0
285.0,C1,北,C2C1,C2C1_0,Turn right,3,3,2,3,3,0,0,0
285.0,C1,北,C2C1,C2C1_1,Go straight,3,3,2,0,0,0,0,0
285.0,C1,北,C2C1,C2C1_2,Turn left,3,3,2,0,0,0,0,0
285.0,C1,东,right1C1,right1C1_0,Turn right,5,5,0,0,0,0,0,0
285.0,C1,东,right1C1,right1C1_1,Go straight,5,5,0,5,0,5,0,0
285.0,C1,东,right1C1,right1C1_2,Turn left,5,5,0,0,0,0,0,0
285.0,C2,西,B2C2,B2C2_0,Turn right,9,9,3,5,5,0,0,0
285.0,C2,西,B2C2,B2C2_1,Go straight,9,9,3,1,0,1,0,0
285.0,C2,西,B2C2,B2C2_2,Turn left,9,9,3,3,2,1,0,0
285.0,C2,南,C1C2,C1C2_0,Turn right,5,5,1,0,0,0,0,0
285.0,C2,南,C1C2,C1C2_1,Go straight,5,5,1,1,0,1,0,0
285.0,C2,南,C1C2,C1C2_2,Turn left,5,5,1,4,4,0,0,0
285.0,C2,东,right2C2,right2C2_0,Turn right,10,10,0,0,0,0,0,0
285.0,C2,东,right2C2,right2C2_1,Go straight,10,10,0,5,5,0,0,0
285.0,C2,东,right2C2,right2C2_2,Turn left,10,10,0,5,0,5,0,0
285.0,C2,北,top2C2,top2C2_0,Turn right,0,0,0,0,0,0,0,0
285.0,C2,北,top2C2,top2C2_1,Go straight,0,0,0,0,0,0,0,0
285.0,C2,北,top2C2,top2C2_2,Turn left,0,0,0,0,0,0,0,0
