time_s,signal,approach,incoming_edge,vehicles_on_road,entered_last_decision,straight_lane,straight_halted,left_lane,left_halted
0.0,A0,北,A1A0,0,0,A1A0_1,0,A1A0_2,0
0.0,A0,东,B0A0,0,0,B0A0_1,0,B0A0_2,0
0.0,A0,南,bottom0A0,0,0,bottom0A0_1,0,bottom0A0_2,0
0.0,A0,西,left0A0,0,0,left0A0_1,0,left0A0_2,0
0.0,A1,南,A0A1,0,0,A0A1_1,0,A0A1_2,0
0.0,A1,东,B1A1,0,0,B1A1_1,0,B1A1_2,0
0.0,A1,西,left1A1,0,0,left1A1_1,0,left1A1_2,0
0.0,A1,北,top0A1,0,0,top0A1_1,0,top0A1_2,0
0.0,B0,西,A0B0,0,0,A0B0_1,0,A0B0_2,0
0.0,B0,北,B1B0,0,0,B1B0_1,0,B1B0_2,0
0.0,B0,南,bottom1B0,0,0,bottom1B0_1,0,bottom1B0_2,0
0.0,B0,东,right0B0,0,0,right0B0_1,0,right0B0_2,0
0.0,B1,西,A1B1,0,0,A1B1_1,0,A1B1_2,0
0.0,B1,南,B0B1,0,0,B0B1_1,0,B0B1_2,0
0.0,B1,东,right1B1,0,0,right1B1_1,0,right1B1_2,0
0.0,B1,北,top1B1,0,0,top1B1_1,0,top1B1_2,0
5.0,A0,北,A1A0,0,0,A1A0_1,0,A1A0_2,0
5.0,A0,东,B0A0,0,0,B0A0_1,0,B0A0_2,0
5.0,A0,南,bottom0A0,0,0,bottom0A0_1,0,bottom0A0_2,0
5.0,A0,西,left0A0,0,0,left0A0_1,0,left0A0_2,0
5.0,A1,南,A0A1,0,0,A0A1_1,0,A0A1_2,0
5.0,A1,东,B1A1,0,0,B1A1_1,0,B1A1_2,0
5.0,A1,西,left1A1,0,0,left1A1_1,0,left1A1_2,0
5.0,A1,北,top0A1,0,0,top0A1_1,0,top0A1_2,0
5.0,B0,西,A0B0,0,0,A0B0_1,0,A0B0_2,0
5.0,B0,北,B1B0,0,0,B1B0_1,0,B1B0_2,0
5.0,B0,南,bottom1B0,0,0,bottom1B0_1,0,bottom1B0_2,0
5.0,B0,东,right0B0,1,1,right0B0_1,0,right0B0_2,0
5.0,B1,西,A1B1,0,0,A1B1_1,0,A1B1_2,0
5.0,B1,南,B0B1,0,0,B0B1_1,0,B0B1_2,0
5.0,B1,东,right1B1,0,0,right1B1_1,0,right1B1_2,0
5.0,B1,北,top1B1,0,0,top1B1_1,0,top1B1_2,0
10.0,A0,北,A1A0,0,0,A1A0_1,0,A1A0_2,0
10.0,A0,东,B0A0,0,0,B0A0_1,0,B0A0_2,0
10.0,A0,南,bottom0A0,0,0,bottom0A0_1,0,bottom0A0_2,0
10.0,A0,西,left0A0,1,1,left0A0_1,0,left0A0_2,0
10.0,A1,南,A0A1,0,0,A0A1_1,0,A0A1_2,0
10.0,A1,东,B1A1,0,0,B1A1_1,0,B1A1_2,0
10.0,A1,西,left1A1,0,0,left1A1_1,0,left1A1_2,0
10.0,A1,北,top0A1,0,0,top0A1_1,0,top0A1_2,0
10.0,B0,西,A0B0,0,0,A0B0_1,0,A0B0_2,0
10.0,B0,北,B1B0,0,0,B1B0_1,0,B1B0_2,0
10.0,B0,南,bottom1B0,0,0,bottom1B0_1,0,bottom1B0_2,0
10.0,B0,东,right0B0,1,0,right0B0_1,0,right0B0_2,0
10.0,B1,西,A1B1,0,0,A1B1_1,0,A1B1_2,0
10.0,B1,南,B0B1,0,0,B0B1_1,0,B0B1_2,0
10.0,B1,东,right1B1,0,0,right1B1_1,0,right1B1_2,0
10.0,B1,北,top1B1,0,0,top1B1_1,0,top1B1_2,0
15.0,A0,北,A1A0,0,0,A1A0_1,0,A1A0_2,0
15.0,A0,东,B0A0,0,0,B0A0_1,0,B0A0_2,0
15.0,A0,南,bottom0A0,0,0,bottom0A0_1,0,bottom0A0_2,0
15.0,A0,西,left0A0,1,0,left0A0_1,0,left0A0_2,0
15.0,A1,南,A0A1,0,0,A0A1_1,0,A0A1_2,0
15.0,A1,东,B1A1,0,0,B1A1_1,0,B1A1_2,0
15.0,A1,西,left1A1,0,0,left1A1_1,0,left1A1_2,0
15.0,A1,北,top0A1,0,0,top0A1_1,0,top0A1_2,0
15.0,B0,西,A0B0,0,0,A0B0_1,0,A0B0_2,0
15.0,B0,北,B1B0,0,0,B1B0_1,0,B1B0_2,0
15.0,B0,南,bottom1B0,0,0,bottom1B0_1,0,bottom1B0_2,0
15.0,B0,东,right0B0,1,0,right0B0_1,0,right0B0_2,0
15.0,B1,西,A1B1,0,0,A1B1_1,0,A1B1_2,0
15.0,B1,南,B0B1,0,0,B0B1_1,0,B0B1_2,0
15.0,B1,东,right1B1,0,0,right1B1_1,0,right1B1_2,0
15.0,B1,北,top1B1,1,1,top1B1_1,0,top1B1_2,0
20.0,A0,北,A1A0,0,0,A1A0_1,0,A1A0_2,0
20.0,A0,东,B0A0,0,0,B0A0_1,0,B0A0_2,0
20.0,A0,南,bottom0A0,0,0,bottom0A0_1,0,bottom0A0_2,0
20.0,A0,西,left0A0,1,0,left0A0_1,0,left0A0_2,0
20.0,A1,南,A0A1,0,0,A0A1_1,0,A0A1_2,0
20.0,A1,东,B1A1,0,0,B1A1_1,0,B1A1_2,0
20.0,A1,西,left1A1,0,0,left1A1_1,0,left1A1_2,0
20.0,A1,北,top0A1,0,0,top0A1_1,0,top0A1_2,0
20.0,B0,西,A0B0,0,0,A0B0_1,0,A0B0_2,0
20.0,B0,北,B1B0,0,0,B1B0_1,0,B1B0_2,0
20.0,B0,南,bottom1B0,0,0,bottom1B0_1,0,bottom1B0_2,0
20.0,B0,东,right0B0,1,0,right0B0_1,0,right0B0_2,0
20.0,B1,西,A1B1,0,0,A1B1_1,0,A1B1_2,0
20.0,B1,南,B0B1,0,0,B0B1_1,0,B0B1_2,0
20.0,B1,东,right1B1,0,0,right1B1_1,0,right1B1_2,0
20.0,B1,北,top1B1,1,0,top1B1_1,0,top1B1_2,0
25.0,A0,北,A1A0,0,0,A1A0_1,0,A1A0_2,0
25.0,A0,东,B0A0,0,0,B0A0_1,0,B0A0_2,0
25.0,A0,南,bottom0A0,0,0,bottom0A0_1,0,bottom0A0_2,0
25.0,A0,西,left0A0,2,1,left0A0_1,0,left0A0_2,0
25.0,A1,南,A0A1,0,0,A0A1_1,0,A0A1_2,0
25.0,A1,东,B1A1,0,0,B1A1_1,0,B1A1_2,0
25.0,A1,西,left1A1,0,0,left1A1_1,0,left1A1_2,0
25.0,A1,北,top0A1,0,0,top0A1_1,0,top0A1_2,0
25.0,B0,西,A0B0,0,0,A0B0_1,0,A0B0_2,0
25.0,B0,北,B1B0,0,0,B1B0_1,0,B1B0_2,0
25.0,B0,南,bottom1B0,0,0,bottom1B0_1,0,bottom1B0_2,0
25.0,B0,东,right0B0,1,0,right0B0_1,0,right0B0_2,0
25.0,B1,西,A1B1,0,0,A1B1_1,0,A1B1_2,0
25.0,B1,南,B0B1,0,0,B0B1_1,0,B0B1_2,0
25.0,B1,东,right1B1,0,0,right1B1_1,0,right1B1_2,0
25.0,B1,北,top1B1,1,0,top1B1_1,0,top1B1_2,0
30.0,A0,北,A1A0,0,0,A1A0_1,0,A1A0_2,0
30.0,A0,东,B0A0,0,0,B0A0_1,0,B0A0_2,0
30.0,A0,南,bottom0A0,1,1,bottom0A0_1,0,bottom0A0_2,0
30.0,A0,西,left0A0,2,0,left0A0_1,0,left0A0_2,0
30.0,A1,南,A0A1,0,0,A0A1_1,0,A0A1_2,0
30.0,A1,东,B1A1,0,0,B1A1_1,0,B1A1_2,0
30.0,A1,西,left1A1,0,0,left1A1_1,0,left1A1_2,0
30.0,A1,北,top0A1,0,0,top0A1_1,0,top0A1_2,0
30.0,B0,西,A0B0,0,0,A0B0_1,0,A0B0_2,0
30.0,B0,北,B1B0,0,0,B1B0_1,0,B1B0_2,0
30.0,B0,南,bottom1B0,0,0,bottom1B0_1,0,bottom1B0_2,0
30.0,B0,东,right0B0,1,0,right0B0_1,0,right0B0_2,0
30.0,B1,西,A1B1,0,0,A1B1_1,0,A1B1_2,0
30.0,B1,南,B0B1,0,0,B0B1_1,0,B0B1_2,0
30.0,B1,东,right1B1,0,0,right1B1_1,0,right1B1_2,0
30.0,B1,北,top1B1,1,0,top1B1_1,0,top1B1_2,0
35.0,A0,北,A1A0,0,0,A1A0_1,0,A1A0_2,0
35.0,A0,东,B0A0,0,0,B0A0_1,0,B0A0_2,0
35.0,A0,南,bottom0A0,2,1,bottom0A0_1,0,bottom0A0_2,0
35.0,A0,西,left0A0,2,0,left0A0_1,0,left0A0_2,1
35.0,A1,南,A0A1,0,0,A0A1_1,0,A0A1_2,0
35.0,A1,东,B1A1,0,0,B1A1_1,0,B1A1_2,0
35.0,A1,西,left1A1,0,0,left1A1_1,0,left1A1_2,0
35.0,A1,北,top0A1,1,1,top0A1_1,0,top0A1_2,0
35.0,B0,西,A0B0,0,0,A0B0_1,0,A0B0_2,0
35.0,B0,北,B1B0,0,0,B1B0_1,0,B1B0_2,0
35.0,B0,南,bottom1B0,0,0,bottom1B0_1,0,bottom1B0_2,0
35.0,B0,东,right0B0,1,0,right0B0_1,1,right0B0_2,0
35.0,B1,西,A1B1,0,0,A1B1_1,0,A1B1_2,0
35.0,B1,南,B0B1,0,0,B0B1_1,0,B0B1_2,0
35.0,B1,东,right1B1,0,0,right1B1_1,0,right1B1_2,0
35.0,B1,北,top1B1,0,0,top1B1_1,0,top1B1_2,0
40.0,A0,北,A1A0,0,0,A1A0_1,0,A1A0_2,0
40.0,A0,东,B0A0,0,0,B0A0_1,0,B0A0_2,0
40.0,A0,南,bottom0A0,2,0,bottom0A0_1,0,bottom0A0_2,0
40.0,A0,西,left0A0,2,0,left0A0_1,0,left0A0_2,1
40.0,A1,南,A0A1,0,0,A0A1_1,0,A0A1_2,0
40.0,A1,东,B1A1,0,0,B1A1_1,0,B1A1_2,0
40.0,A1,西,left1A1,1,1,left1A1_1,0,left1A1_2,0
40.0,A1,北,top0A1,1,0,top0A1_1,0,top0A1_2,0
40.0,B0,西,A0B0,0,0,A0B0_1,0,A0B0_2,0
40.0,B0,北,B1B0,1,1,B1B0_1,0,B1B0_2,0
40.0,B0,南,bottom1B0,0,0,bottom1B0_1,0,bottom1B0_2,0
40.0,B0,东,right0B0,2,1,right0B0_1,1,right0B0_2,0
40.0,B1,西,A1B1,0,0,A1B1_1,0,A1B1_2,0
40.0,B1,南,B0B1,0,0,B0B1_1,0,B0B1_2,0
40.0,B1,东,right1B1,0,0,right1B1_1,0,right1B1_2,0
40.0,B1,北,top1B1,0,0,top1B1_1,0,top1B1_2,0
45.0,A0,北,A1A0,0,0,A1A0_1,0,A1A0_2,0
45.0,A0,东,B0A0,0,0,B0A0_1,0,B0A0_2,0
45.0,A0,南,bottom0A0,2,0,bottom0A0_1,0,bottom0A0_2,0
45.0,A0,西,left0A0,2,0,left0A0_1,0,left0A0_2,2
45.0,A1,南,A0A1,0,0,A0A1_1,0,A0A1_2,0
45.0,A1,东,B1A1,0,0,B1A1_1,0,B1A1_2,0
45.0,A1,西,left1A1,2,1,left1A1_1,0,left1A1_2,0
45.0,A1,北,top0A1,1,0,top0A1_1,0,top0A1_2,0
45.0,B0,西,A0B0,0,0,A0B0_1,0,A0B0_2,0
45.0,B0,北,B1B0,1,0,B1B0_1,0,B1B0_2,0
45.0,B0,南,bottom1B0,0,0,bottom1B0_1,0,bottom1B0_2,0
45.0,B0,东,right0B0,2,0,right0B0_1,1,right0B0_2,0
45.0,B1,西,A1B1,0,0,A1B1_1,0,A1B1_2,0
45.0,B1,南,B0B1,0,0,B0B1_1,0,B0B1_2,0
45.0,B1,东,right1B1,0,0,right1B1_1,0,right1B1_2,0
45.0,B1,北,top1B1,0,0,top1B1_1,0,top1B1_2,0
50.0,A0,北,A1A0,0,0,A1A0_1,0,A1A0_2,0
50.0,A0,东,B0A0,0,0,B0A0_1,0,B0A0_2,0
50.0,A0,南,bottom0A0,2,0,bottom0A0_1,0,bottom0A0_2,0
50.0,A0,西,left0A0,2,0,left0A0_1,0,left0A0_2,2
50.0,A1,南,A0A1,0,0,A0A1_1,0,A0A1_2,0
50.0,A1,东,B1A1,0,0,B1A1_1,0,B1A1_2,0
50.0,A1,西,left1A1,2,0,left1A1_1,0,left1A1_2,0
50.0,A1,北,top0A1,1,0,top0A1_1,0,top0A1_2,0
50.0,B0,西,A0B0,0,0,A0B0_1,0,A0B0_2,0
50.0,B0,北,B1B0,1,0,B1B0_1,0,B1B0_2,0
50.0,B0,南,bottom1B0,1,1,bottom1B0_1,0,bottom1B0_2,0
50.0,B0,东,right0B0,2,0,right0B0_1,1,right0B0_2,0
50.0,B1,西,A1B1,0,0,A1B1_1,0,A1B1_2,0
50.0,B1,南,B0B1,0,0,B0B1_1,0,B0B1_2,0
50.0,B1,东,right1B1,0,0,right1B1_1,0,right1B1_2,0
50.0,B1,北,top1B1,0,0,top1B1_1,0,top1B1_2,0
55.0,A0,北,A1A0,0,0,A1A0_1,0,A1A0_2,0
55.0,A0,东,B0A0,0,0,B0A0_1,0,B0A0_2,0
55.0,A0,南,bottom0A0,0,0,bottom0A0_1,0,bottom0A0_2,0
55.0,A0,西,left0A0,3,1,left0A0_1,0,left0A0_2,2
55.0,A1,南,A0A1,0,0,A0A1_1,0,A0A1_2,0
55.0,A1,东,B1A1,0,0,B1A1_1,0,B1A1_2,0
55.0,A1,西,left1A1,2,0,left1A1_1,0,left1A1_2,0
55.0,A1,北,top0A1,2,1,top0A1_1,0,top0A1_2,0
55.0,B0,西,A0B0,0,0,A0B0_1,0,A0B0_2,0
55.0,B0,北,B1B0,1,0,B1B0_1,0,B1B0_2,0
55.0,B0,南,bottom1B0,1,0,bottom1B0_1,0,bottom1B0_2,0
55.0,B0,东,right0B0,2,0,right0B0_1,1,right0B0_2,0
55.0,B1,西,A1B1,0,0,A1B1_1,0,A1B1_2,0
55.0,B1,南,B0B1,0,0,B0B1_1,0,B0B1_2,0
55.0,B1,东,right1B1,0,0,right1B1_1,0,right1B1_2,0
55.0,B1,北,top1B1,0,0,top1B1_1,0,top1B1_2,0
60.0,A0,北,A1A0,0,0,A1A0_1,0,A1A0_2,0
60.0,A0,东,B0A0,0,0,B0A0_1,0,B0A0_2,0
60.0,A0,南,bottom0A0,0,0,bottom0A0_1,0,bottom0A0_2,0
60.0,A0,西,left0A0,3,0,left0A0_1,0,left0A0_2,2
60.0,A1,南,A0A1,0,0,A0A1_1,0,A0A1_2,0
60.0,A1,东,B1A1,0,0,B1A1_1,0,B1A1_2,0
60.0,A1,西,left1A1,2,0,left1A1_1,0,left1A1_2,0
60.0,A1,北,top0A1,2,0,top0A1_1,1,top0A1_2,0
60.0,B0,西,A0B0,1,1,A0B0_1,0,A0B0_2,0
60.0,B0,北,B1B0,1,0,B1B0_1,0,B1B0_2,0
60.0,B0,南,bottom1B0,1,0,bottom1B0_1,0,bottom1B0_2,0
60.0,B0,东,right0B0,2,0,right0B0_1,1,right0B0_2,0
60.0,B1,西,A1B1,0,0,A1B1_1,0,A1B1_2,0
60.0,B1,南,B0B1,0,0,B0B1_1,0,B0B1_2,0
60.0,B1,东,right1B1,0,0,right1B1_1,0,right1B1_2,0
60.0,B1,北,top1B1,0,0,top1B1_1,0,top1B1_2,0
65.0,A0,北,A1A0,0,0,A1A0_1,0,A1A0_2,0
65.0,A0,东,B0A0,1,1,B0A0_1,0,B0A0_2,0
65.0,A0,南,bottom0A0,0,0,bottom0A0_1,0,bottom0A0_2,0
65.0,A0,西,left0A0,5,2,left0A0_1,0,left0A0_2,2
65.0,A1,南,A0A1,0,0,A0A1_1,0,A0A1_2,0
65.0,A1,东,B1A1,0,0,B1A1_1,0,B1A1_2,0
65.0,A1,西,left1A1,0,0,left1A1_1,0,left1A1_2,0
65.0,A1,北,top0A1,3,1,top0A1_1,1,top0A1_2,0
65.0,B0,西,A0B0,1,0,A0B0_1,0,A0B0_2,0
65.0,B0,北,B1B0,0,0,B1B0_1,0,B1B0_2,0
65.0,B0,南,bottom1B0,1,0,bottom1B0_1,0,bottom1B0_2,0
65.0,B0,东,right0B0,1,0,right0B0_1,0,right0B0_2,1
65.0,B1,西,A1B1,0,0,A1B1_1,0,A1B1_2,0
65.0,B1,南,B0B1,0,0,B0B1_1,0,B0B1_2,0
65.0,B1,东,right1B1,0,0,right1B1_1,0,right1B1_2,0
65.0,B1,北,top1B1,0,0,top1B1_1,0,top1B1_2,0
70.0,A0,北,A1A0,1,1,A1A0_1,0,A1A0_2,0
70.0,A0,东,B0A0,2,1,B0A0_1,0,B0A0_2,0
70.0,A0,南,bottom0A0,0,0,bottom0A0_1,0,bottom0A0_2,0
70.0,A0,西,left0A0,6,1,left0A0_1,0,left0A0_2,2
70.0,A1,南,A0A1,0,0,A0A1_1,0,A0A1_2,0
70.0,A1,东,B1A1,0,0,B1A1_1,0,B1A1_2,0
70.0,A1,西,left1A1,0,0,left1A1_1,0,left1A1_2,0
70.0,A1,北,top0A1,3,0,top0A1_1,1,top0A1_2,0
70.0,B0,西,A0B0,1,0,A0B0_1,0,A0B0_2,0
70.0,B0,北,B1B0,0,0,B1B0_1,0,B1B0_2,0
70.0,B0,南,bottom1B0,2,1,bottom1B0_1,0,bottom1B0_2,0
70.0,B0,东,right0B0,1,0,right0B0_1,0,right0B0_2,1
70.0,B1,西,A1B1,1,1,A1B1_1,0,A1B1_2,0
70.0,B1,南,B0B1,0,0,B0B1_1,0,B0B1_2,0
70.0,B1,东,right1B1,0,0,right1B1_1,0,right1B1_2,0
70.0,B1,北,top1B1,0,0,top1B1_1,0,top1B1_2,0
75.0,A0,北,A1A0,1,0,A1A0_1,0,A1A0_2,0
75.0,A0,东,B0A0,2,0,B0A0_1,0,B0A0_2,0
75.0,A0,南,bottom0A0,0,0,bottom0A0_1,0,bottom0A0_2,0
75.0,A0,西,left0A0,6,0,left0A0_1,0,left0A0_2,3
75.0,A1,南,A0A1,0,0,A0A1_1,0,A0A1_2,0
75.0,A1,东,B1A1,0,0,B1A1_1,0,B1A1_2,0
75.0,A1,西,left1A1,0,0,left1A1_1,0,left1A1_2,0
75.0,A1,北,top0A1,3,0,top0A1_1,1,top0A1_2,0
75.0,B0,西,A0B0,1,0,A0B0_1,0,A0B0_2,0
75.0,B0,北,B1B0,0,0,B1B0_1,0,B1B0_2,0
75.0,B0,南,bottom1B0,2,0,bottom1B0_1,0,bottom1B0_2,0
75.0,B0,东,right0B0,2,1,right0B0_1,0,right0B0_2,1
75.0,B1,西,A1B1,1,0,A1B1_1,0,A1B1_2,0
75.0,B1,南,B0B1,0,0,B0B1_1,0,B0B1_2,0
75.0,B1,东,right1B1,0,0,right1B1_1,0,right1B1_2,0
75.0,B1,北,top1B1,0,0,top1B1_1,0,top1B1_2,0
80.0,A0,北,A1A0,1,0,A1A0_1,0,A1A0_2,0
80.0,A0,东,B0A0,2,0,B0A0_1,0,B0A0_2,0
80.0,A0,南,bottom0A0,0,0,bottom0A0_1,0,bottom0A0_2,0
80.0,A0,西,left0A0,8,2,left0A0_1,0,left0A0_2,3
80.0,A1,南,A0A1,0,0,A0A1_1,0,A0A1_2,0
80.0,A1,东,B1A1,0,0,B1A1_1,0,B1A1_2,0
80.0,A1,西,left1A1,0,0,left1A1_1,0,left1A1_2,0
80.0,A1,北,top0A1,4,1,top0A1_1,1,top0A1_2,1
80.0,B0,西,A0B0,0,0,A0B0_1,0,A0B0_2,0
80.0,B0,北,B1B0,0,0,B1B0_1,0,B1B0_2,0
80.0,B0,南,bottom1B0,2,0,bottom1B0_1,0,bottom1B0_2,1
80.0,B0,东,right0B0,2,0,right0B0_1,0,right0B0_2,1
80.0,B1,西,A1B1,1,0,A1B1_1,0,A1B1_2,0
80.0,B1,南,B0B1,0,0,B0B1_1,0,B0B1_2,0
80.0,B1,东,right1B1,0,0,right1B1_1,0,right1B1_2,0
80.0,B1,北,top1B1,0,0,top1B1_1,0,top1B1_2,0
85.0,A0,北,A1A0,1,0,A1A0_1,0,A1A0_2,0
85.0,A0,东,B0A0,2,0,B0A0_1,0,B0A0_2,0
85.0,A0,南,bottom0A0,1,1,bottom0A0_1,0,bottom0A0_2,0
85.0,A0,西,left0A0,6,0,left0A0_1,0,left0A0_2,1
85.0,A1,南,A0A1,0,0,A0A1_1,0,A0A1_2,0
85.0,A1,东,B1A1,0,0,B1A1_1,0,B1A1_2,0
85.0,A1,西,left1A1,0,0,left1A1_1,0,left1A1_2,0
85.0,A1,北,top0A1,4,0,top0A1_1,1,top0A1_2,2
85.0,B0,西,A0B0,1,1,A0B0_1,0,A0B0_2,0
85.0,B0,北,B1B0,0,0,B1B0_1,0,B1B0_2,0
85.0,B0,南,bottom1B0,2,0,bottom1B0_1,0,bottom1B0_2,1
85.0,B0,东,right0B0,1,0,right0B0_1,0,right0B0_2,0
85.0,B1,西,A1B1,1,0,A1B1_1,0,A1B1_2,0
85.0,B1,南,B0B1,0,0,B0B1_1,0,B0B1_2,0
85.0,B1,东,right1B1,0,0,right1B1_1,0,right1B1_2,0
85.0,B1,北,top1B1,0,0,top1B1_1,0,top1B1_2,0
90.0,A0,北,A1A0,1,0,A1A0_1,0,A1A0_2,0
90.0,A0,东,B0A0,2,0,B0A0_1,1,B0A0_2,0
90.0,A0,南,bottom0A0,1,0,bottom0A0_1,0,bottom0A0_2,0
90.0,A0,西,left0A0,4,1,left0A0_1,0,left0A0_2,0
90.0,A1,南,A0A1,2,2,A0A1_1,0,A0A1_2,0
90.0,A1,东,B1A1,0,0,B1A1_1,0,B1A1_2,0
90.0,A1,西,left1A1,0,0,left1A1_1,0,left1A1_2,0
90.0,A1,北,top0A1,4,0,top0A1_1,1,top0A1_2,2
90.0,B0,西,A0B0,1,0,A0B0_1,0,A0B0_2,0
90.0,B0,北,B1B0,0,0,B1B0_1,0,B1B0_2,0
90.0,B0,南,bottom1B0,2,0,bottom1B0_1,0,bottom1B0_2,1
90.0,B0,东,right0B0,1,0,right0B0_1,0,right0B0_2,0
90.0,B1,西,A1B1,1,0,A1B1_1,0,A1B1_2,0
90.0,B1,南,B0B1,0,0,B0B1_1,0,B0B1_2,0
90.0,B1,东,right1B1,0,0,right1B1_1,0,right1B1_2,0
90.0,B1,北,top1B1,0,0,top1B1_1,0,top1B1_2,0
95.0,A0,北,A1A0,0,0,A1A0_1,0,A1A0_2,0
95.0,A0,东,B0A0,2,0,B0A0_1,1,B0A0_2,0
95.0,A0,南,bottom0A0,1,0,bottom0A0_1,0,bottom0A0_2,0
95.0,A0,西,left0A0,4,1,left0A0_1,0,left0A0_2,0
95.0,A1,南,A0A1,3,1,A0A1_1,0,A0A1_2,0
95.0,A1,东,B1A1,0,0,B1A1_1,0,B1A1_2,0
95.0,A1,西,left1A1,0,0,left1A1_1,0,left1A1_2,0
95.0,A1,北,top0A1,4,0,top0A1_1,1,top0A1_2,2
95.0,B0,西,A0B0,1,0,A0B0_1,0,A0B0_2,0
95.0,B0,北,B1B0,0,0,B1B0_1,0,B1B0_2,0
95.0,B0,南,bottom1B0,2,0,bottom1B0_1,1,bottom1B0_2,1
95.0,B0,东,right0B0,1,0,right0B0_1,0,right0B0_2,0
95.0,B1,西,A1B1,0,0,A1B1_1,0,A1B1_2,0
95.0,B1,南,B0B1,0,0,B0B1_1,0,B0B1_2,0
95.0,B1,东,right1B1,0,0,right1B1_1,0,right1B1_2,0
95.0,B1,北,top1B1,0,0,top1B1_1,0,top1B1_2,0
100.0,A0,北,A1A0,0,0,A1A0_1,0,A1A0_2,0
100.0,A0,东,B0A0,1,0,B0A0_1,1,B0A0_2,0
100.0,A0,南,bottom0A0,1,0,bottom0A0_1,0,bottom0A0_2,0
100.0,A0,西,left0A0,2,0,left0A0_1,0,left0A0_2,0
100.0,A1,南,A0A1,4,1,A0A1_1,0,A0A1_2,0
100.0,A1,东,B1A1,0,0,B1A1_1,0,B1A1_2,0
100.0,A1,西,left1A1,0,0,left1A1_1,0,left1A1_2,0
100.0,A1,北,top0A1,4,0,top0A1_1,2,top0A1_2,2
100.0,B0,西,A0B0,2,1,A0B0_1,0,A0B0_2,0
100.0,B0,北,B1B0,1,1,B1B0_1,0,B1B0_2,0
100.0,B0,南,bottom1B0,2,0,bottom1B0_1,1,bottom1B0_2,1
100.0,B0,东,right0B0,1,0,right0B0_1,1,right0B0_2,0
100.0,B1,西,A1B1,0,0,A1B1_1,0,A1B1_2,0
100.0,B1,南,B0B1,0,0,B0B1_1,0,B0B1_2,0
100.0,B1,东,right1B1,0,0,right1B1_1,0,right1B1_2,0
100.0,B1,北,top1B1,1,1,top1B1_1,0,top1B1_2,0
105.0,A0,北,A1A0,0,0,A1A0_1,0,A1A0_2,0
105.0,A0,东,B0A0,1,0,B0A0_1,1,B0A0_2,0
105.0,A0,南,bottom0A0,1,0,bottom0A0_1,0,bottom0A0_2,0
105.0,A0,西,left0A0,4,2,left0A0_1,0,left0A0_2,0
105.0,A1,南,A0A1,6,2,A0A1_1,0,A0A1_2,0
105.0,A1,东,B1A1,0,0,B1A1_1,0,B1A1_2,0
105.0,A1,西,left1A1,0,0,left1A1_1,0,left1A1_2,0
105.0,A1,北,top0A1,4,0,top0A1_1,2,top0A1_2,2
105.0,B0,西,A0B0,1,0,A0B0_1,0,A0B0_2,0
105.0,B0,北,B1B0,1,0,B1B0_1,0,B1B0_2,0
105.0,B0,南,bottom1B0,2,0,bottom1B0_1,1,bottom1B0_2,1
105.0,B0,东,right0B0,1,0,right0B0_1,1,right0B0_2,0
105.0,B1,西,A1B1,0,0,A1B1_1,0,A1B1_2,0
105.0,B1,南,B0B1,1,1,B0B1_1,0,B0B1_2,0
105.0,B1,东,right1B1,0,0,right1B1_1,0,right1B1_2,0
105.0,B1,北,top1B1,1,0,top1B1_1,0,top1B1_2,0
110.0,A0,北,A1A0,0,0,A1A0_1,0,A1A0_2,0
110.0,A0,东,B0A0,1,0,B0A0_1,1,B0A0_2,0
110.0,A0,南,bottom0A0,1,0,bottom0A0_1,0,bottom0A0_2,0
110.0,A0,西,left0A0,6,2,left0A0_1,0,left0A0_2,0
110.0,A1,南,A0A1,6,0,A0A1_1,0,A0A1_2,0
110.0,A1,东,B1A1,0,0,B1A1_1,0,B1A1_2,0
110.0,A1,西,left1A1,0,0,left1A1_1,0,left1A1_2,0
110.0,A1,北,top0A1,4,0,top0A1_1,2,top0A1_2,2
110.0,B0,西,A0B0,1,0,A0B0_1,0,A0B0_2,0
110.0,B0,北,B1B0,1,0,B1B0_1,0,B1B0_2,0
110.0,B0,南,bottom1B0,2,0,bottom1B0_1,1,bottom1B0_2,1
110.0,B0,东,right0B0,1,0,right0B0_1,1,right0B0_2,0
110.0,B1,西,A1B1,0,0,A1B1_1,0,A1B1_2,0
110.0,B1,南,B0B1,1,0,B0B1_1,0,B0B1_2,0
110.0,B1,东,right1B1,1,1,right1B1_1,0,right1B1_2,0
110.0,B1,北,top1B1,1,0,top1B1_1,0,top1B1_2,0
115.0,A0,北,A1A0,0,0,A1A0_1,0,A1A0_2,0
115.0,A0,东,B0A0,0,0,B0A0_1,0,B0A0_2,0
115.0,A0,南,bottom0A0,0,0,bottom0A0_1,0,bottom0A0_2,0
115.0,A0,西,left0A0,7,1,left0A0_1,0,left0A0_2,0
115.0,A1,南,A0A1,5,0,A0A1_1,0,A0A1_2,0
115.0,A1,东,B1A1,0,0,B1A1_1,0,B1A1_2,0
115.0,A1,西,left1A1,0,0,left1A1_1,0,left1A1_2,0
115.0,A1,北,top0A1,4,0,top0A1_1,2,top0A1_2,2
115.0,B0,西,A0B0,2,1,A0B0_1,0,A0B0_2,0
115.0,B0,北,B1B0,1,0,B1B0_1,0,B1B0_2,0
115.0,B0,南,bottom1B0,3,1,bottom1B0_1,1,bottom1B0_2,1
115.0,B0,东,right0B0,0,0,right0B0_1,0,right0B0_2,0
115.0,B1,西,A1B1,0,0,A1B1_1,0,A1B1_2,0
115.0,B1,南,B0B1,1,0,B0B1_1,0,B0B1_2,0
115.0,B1,东,right1B1,1,0,right1B1_1,0,right1B1_2,0
115.0,B1,北,top1B1,2,1,top1B1_1,0,top1B1_2,0
120.0,A0,北,A1A0,0,0,A1A0_1,0,A1A0_2,0
120.0,A0,东,B0A0,1,1,B0A0_1,0,B0A0_2,0
120.0,A0,南,bottom0A0,0,0,bottom0A0_1,0,bottom0A0_2,0
120.0,A0,西,left0A0,7,0,left0A0_1,2,left0A0_2,0
120.0,A1,南,A0A1,4,0,A0A1_1,0,A0A1_2,0
120.0,A1,东,B1A1,0,0,B1A1_1,0,B1A1_2,0
120.0,A1,西,left1A1,0,0,left1A1_1,0,left1A1_2,0
120.0,A1,北,top0A1,4,0,top0A1_1,2,top0A1_2,2
120.0,B0,西,A0B0,2,0,A0B0_1,0,A0B0_2,0
120.0,B0,北,B1B0,1,0,B1B0_1,0,B1B0_2,0
120.0,B0,南,bottom1B0,3,0,bottom1B0_1,1,bottom1B0_2,1
120.0,B0,东,right0B0,0,0,right0B0_1,0,right0B0_2,0
120.0,B1,西,A1B1,1,1,A1B1_1,0,A1B1_2,0
120.0,B1,南,B0B1,1,0,B0B1_1,0,B0B1_2,0
120.0,B1,东,right1B1,1,0,right1B1_1,0,right1B1_2,0
120.0,B1,北,top1B1,3,1,top1B1_1,0,top1B1_2,0
125.0,A0,北,A1A0,0,0,A1A0_1,0,A1A0_2,0
125.0,A0,东,B0A0,1,0,B0A0_1,0,B0A0_2,0
125.0,A0,南,bottom0A0,0,0,bottom0A0_1,0,bottom0A0_2,0
125.0,A0,西,left0A0,7,0,left0A0_1,2,left0A0_2,0
125.0,A1,南,A0A1,3,0,A0A1_1,0,A0A1_2,0
125.0,A1,东,B1A1,0,0,B1A1_1,0,B1A1_2,0
125.0,A1,西,left1A1,0,0,left1A1_1,0,left1A1_2,0
125.0,A1,北,top0A1,3,0,top0A1_1,0,top0A1_2,2
125.0,B0,西,A0B0,2,0,A0B0_1,0,A0B0_2,1
125.0,B0,北,B1B0,0,0,B1B0_1,0,B1B0_2,0
125.0,B0,南,bottom1B0,2,0,bottom1B0_1,0,bottom1B0_2,1
125.0,B0,东,right0B0,0,0,right0B0_1,0,right0B0_2,0
125.0,B1,西,A1B1,2,1,A1B1_1,0,A1B1_2,0
125.0,B1,南,B0B1,0,0,B0B1_1,0,B0B1_2,0
125.0,B1,东,right1B1,1,0,right1B1_1,0,right1B1_2,0
125.0,B1,北,top1B1,2,0,top1B1_1,0,top1B1_2,0
130.0,A0,北,A1A0,1,1,A1A0_1,0,A1A0_2,0
130.0,A0,东,B0A0,1,0,B0A0_1,0,B0A0_2,0
130.0,A0,南,bottom0A0,0,0,bottom0A0_1,0,bottom0A0_2,0
130.0,A0,西,left0A0,8,1,left0A0_1,2,left0A0_2,1
130.0,A1,南,A0A1,0,0,A0A1_1,0,A0A1_2,0
130.0,A1,东,B1A1,1,1,B1A1_1,0,B1A1_2,0
130.0,A1,西,left1A1,0,0,left1A1_1,0,left1A1_2,0
130.0,A1,北,top0A1,3,1,top0A1_1,0,top0A1_2,2
130.0,B0,西,A0B0,2,0,A0B0_1,0,A0B0_2,1
130.0,B0,北,B1B0,0,0,B1B0_1,0,B1B0_2,0
130.0,B0,南,bottom1B0,2,0,bottom1B0_1,0,bottom1B0_2,1
130.0,B0,东,right0B0,1,1,right0B0_1,0,right0B0_2,0
130.0,B1,西,A1B1,4,2,A1B1_1,0,A1B1_2,0
130.0,B1,南,B0B1,1,1,B0B1_1,0,B0B1_2,0
130.0,B1,东,right1B1,1,0,right1B1_1,0,right1B1_2,0
130.0,B1,北,top1B1,3,1,top1B1_1,0,top1B1_2,0
135.0,A0,北,A1A0,2,1,A1A0_1,0,A1A0_2,0
135.0,A0,东,B0A0,1,0,B0A0_1,0,B0A0_2,0
135.0,A0,南,bottom0A0,0,0,bottom0A0_1,0,bottom0A0_2,0
135.0,A0,西,left0A0,8,0,left0A0_1,4,left0A0_2,1
135.0,A1,南,A0A1,0,0,A0A1_1,0,A0A1_2,0
135.0,A1,东,B1A1,1,0,B1A1_1,0,B1A1_2,0
135.0,A1,西,left1A1,0,0,left1A1_1,0,left1A1_2,0
135.0,A1,北,top0A1,3,0,top0A1_1,0,top0A1_2,2
135.0,B0,西,A0B0,2,0,A0B0_1,0,A0B0_2,1
135.0,B0,北,B1B0,0,0,B1B0_1,0,B1B0_2,0
135.0,B0,南,bottom1B0,2,0,bottom1B0_1,0,bottom1B0_2,2
135.0,B0,东,right0B0,1,0,right0B0_1,0,right0B0_2,0
135.0,B1,西,A1B1,5,1,A1B1_1,0,A1B1_2,0
135.0,B1,南,B0B1,1,0,B0B1_1,0,B0B1_2,0
135.0,B1,东,right1B1,1,0,right1B1_1,0,right1B1_2,1
135.0,B1,北,top1B1,3,0,top1B1_1,0,top1B1_2,0
140.0,A0,北,A1A0,2,0,A1A0_1,0,A1A0_2,0
140.0,A0,东,B0A0,1,0,B0A0_1,0,B0A0_2,0
140.0,A0,南,bottom0A0,0,0,bottom0A0_1,0,bottom0A0_2,0
140.0,A0,西,left0A0,8,0,left0A0_1,4,left0A0_2,3
140.0,A1,南,A0A1,0,0,A0A1_1,0,A0A1_2,0
140.0,A1,东,B1A1,1,0,B1A1_1,0,B1A1_2,0
140.0,A1,西,left1A1,0,0,left1A1_1,0,left1A1_2,0
140.0,A1,北,top0A1,3,0,top0A1_1,0,top0A1_2,2
140.0,B0,西,A0B0,1,0,A0B0_1,0,A0B0_2,1
140.0,B0,北,B1B0,0,0,B1B0_1,0,B1B0_2,0
140.0,B0,南,bottom1B0,2,0,bottom1B0_1,0,bottom1B0_2,2
140.0,B0,东,right0B0,1,0,right0B0_1,0,right0B0_2,0
140.0,B1,西,A1B1,5,0,A1B1_1,0,A1B1_2,0
140.0,B1,南,B0B1,1,0,B0B1_1,0,B0B1_2,0
140.0,B1,东,right1B1,1,0,right1B1_1,0,right1B1_2,1
140.0,B1,北,top1B1,2,0,top1B1_1,0,top1B1_2,0
145.0,A0,北,A1A0,2,0,A1A0_1,0,A1A0_2,0
145.0,A0,东,B0A0,1,0,B0A0_1,1,B0A0_2,0
145.0,A0,南,bottom0A0,0,0,bottom0A0_1,0,bottom0A0_2,0
145.0,A0,西,left0A0,8,0,left0A0_1,4,left0A0_2,3
145.0,A1,南,A0A1,0,0,A0A1_1,0,A0A1_2,0
145.0,A1,东,B1A1,2,1,B1A1_1,0,B1A1_2,0
145.0,A1,西,left1A1,0,0,left1A1_1,0,left1A1_2,0
145.0,A1,北,top0A1,2,0,top0A1_1,0,top0A1_2,0
145.0,B0,西,A0B0,1,0,A0B0_1,0,A0B0_2,1
145.0,B0,北,B1B0,1,1,B1B0_1,0,B1B0_2,0
145.0,B0,南,bottom1B0,1,0,bottom1B0_1,0,bottom1B0_2,0
145.0,B0,东,right0B0,1,0,right0B0_1,0,right0B0_2,0
145.0,B1,西,A1B1,5,0,A1B1_1,0,A1B1_2,2
145.0,B1,南,B0B1,1,0,B0B1_1,0,B0B1_2,0
145.0,B1,东,right1B1,1,0,right1B1_1,0,right1B1_2,1
145.0,B1,北,top1B1,1,0,top1B1_1,0,top1B1_2,0
150.0,A0,北,A1A0,2,0,A1A0_1,1,A1A0_2,0
150.0,A0,东,B0A0,2,1,B0A0_1,1,B0A0_2,0
150.0,A0,南,bottom0A0,0,0,bottom0A0_1,0,bottom0A0_2,0
150.0,A0,西,left0A0,8,0,left0A0_1,5,left0A0_2,3
150.0,A1,南,A0A1,0,0,A0A1_1,0,A0A1_2,0
150.0,A1,东,B1A1,2,0,B1A1_1,0,B1A1_2,0
150.0,A1,西,left1A1,0,0,left1A1_1,0,left1A1_2,0
150.0,A1,北,top0A1,1,0,top0A1_1,0,top0A1_2,0
150.0,B0,西,A0B0,1,0,A0B0_1,0,A0B0_2,1
150.0,B0,北,B1B0,1,0,B1B0_1,0,B1B0_2,0
150.0,B0,南,bottom1B0,0,0,bottom1B0_1,0,bottom1B0_2,0
150.0,B0,东,right0B0,1,0,right0B0_1,0,right0B0_2,0
150.0,B1,西,A1B1,7,2,A1B1_1,0,A1B1_2,3
150.0,B1,南,B0B1,0,0,B0B1_1,0,B0B1_2,0
150.0,B1,东,right1B1,2,1,right1B1_1,0,right1B1_2,1
150.0,B1,北,top1B1,1,0,top1B1_1,0,top1B1_2,0
155.0,A0,北,A1A0,0,0,A1A0_1,0,A1A0_2,0
155.0,A0,东,B0A0,3,1,B0A0_1,1,B0A0_2,0
155.0,A0,南,bottom0A0,0,0,bottom0A0_1,0,bottom0A0_2,0
155.0,A0,西,left0A0,8,0,left0A0_1,5,left0A0_2,3
155.0,A1,南,A0A1,0,0,A0A1_1,0,A0A1_2,0
155.0,A1,东,B1A1,4,2,B1A1_1,0,B1A1_2,1
155.0,A1,西,left1A1,0,0,left1A1_1,0,left1A1_2,0
155.0,A1,北,top0A1,0,0,top0A1_1,0,top0A1_2,0
155.0,B0,西,A0B0,2,1,A0B0_1,0,A0B0_2,1
155.0,B0,北,B1B0,1,0,B1B0_1,0,B1B0_2,0
155.0,B0,南,bottom1B0,0,0,bottom1B0_1,0,bottom1B0_2,0
155.0,B0,东,right0B0,1,0,right0B0_1,0,right0B0_2,0
155.0,B1,西,A1B1,7,0,A1B1_1,0,A1B1_2,4
155.0,B1,南,B0B1,0,0,B0B1_1,0,B0B1_2,0
155.0,B1,东,right1B1,2,0,right1B1_1,0,right1B1_2,1
155.0,B1,北,top1B1,0,0,top1B1_1,0,top1B1_2,0
160.0,A0,北,A1A0,0,0,A1A0_1,0,A1A0_2,0
160.0,A0,东,B0A0,3,0,B0A0_1,1,B0A0_2,0
160.0,A0,南,bottom0A0,0,0,bottom0A0_1,0,bottom0A0_2,0
160.0,A0,西,left0A0,9,1,left0A0_1,5,left0A0_2,3
160.0,A1,南,A0A1,0,0,A0A1_1,0,A0A1_2,0
160.0,A1,东,B1A1,4,0,B1A1_1,0,B1A1_2,1
160.0,A1,西,left1A1,0,0,left1A1_1,0,left1A1_2,0
160.0,A1,北,top0A1,0,0,top0A1_1,0,top0A1_2,0
160.0,B0,西,A0B0,2,0,A0B0_1,0,A0B0_2,1
160.0,B0,北,B1B0,1,0,B1B0_1,0,B1B0_2,0
160.0,B0,南,bottom1B0,0,0,bottom1B0_1,0,bottom1B0_2,0
160.0,B0,东,right0B0,1,1,right0B0_1,0,right0B0_2,0
160.0,B1,西,A1B1,7,0,A1B1_1,0,A1B1_2,5
160.0,B1,南,B0B1,1,1,B0B1_1,0,B0B1_2,0
160.0,B1,东,right1B1,3,1,right1B1_1,0,right1B1_2,1
160.0,B1,北,top1B1,0,0,top1B1_1,0,top1B1_2,0
165.0,A0,北,A1A0,0,0,A1A0_1,0,A1A0_2,0
165.0,A0,东,B0A0,3,0,B0A0_1,1,B0A0_2,0
165.0,A0,南,bottom0A0,0,0,bottom0A0_1,0,bottom0A0_2,0
165.0,A0,西,left0A0,9,0,left0A0_1,5,left0A0_2,3
165.0,A1,南,A0A1,0,0,A0A1_1,0,A0A1_2,0
165.0,A1,东,B1A1,4,0,B1A1_1,0,B1A1_2,1
165.0,A1,西,left1A1,0,0,left1A1_1,0,left1A1_2,0
165.0,A1,北,top0A1,0,0,top0A1_1,0,top0A1_2,0
165.0,B0,西,A0B0,2,0,A0B0_1,0,A0B0_2,1
165.0,B0,北,B1B0,0,0,B1B0_1,0,B1B0_2,0
165.0,B0,南,bottom1B0,1,1,bottom1B0_1,0,bottom1B0_2,0
165.0,B0,东,right0B0,2,1,right0B0_1,0,right0B0_2,0
165.0,B1,西,A1B1,7,0,A1B1_1,0,A1B1_2,5
165.0,B1,南,B0B1,1,0,B0B1_1,0,B0B1_2,0
165.0,B1,东,right1B1,3,0,right1B1_1,0,right1B1_2,1
165.0,B1,北,top1B1,0,0,top1B1_1,0,top1B1_2,0
170.0,A0,北,A1A0,0,0,A1A0_1,0,A1A0_2,0
170.0,A0,东,B0A0,4,1,B0A0_1,1,B0A0_2,0
170.0,A0,南,bottom0A0,0,0,bottom0A0_1,0,bottom0A0_2,0
170.0,A0,西,left0A0,9,0,left0A0_1,5,left0A0_2,3
170.0,A1,南,A0A1,0,0,A0A1_1,0,A0A1_2,0
170.0,A1,东,B1A1,4,0,B1A1_1,0,B1A1_2,1
170.0,A1,西,left1A1,0,0,left1A1_1,0,left1A1_2,0
170.0,A1,北,top0A1,0,0,top0A1_1,0,top0A1_2,0
170.0,B0,西,A0B0,2,0,A0B0_1,0,A0B0_2,1
170.0,B0,北,B1B0,0,0,B1B0_1,0,B1B0_2,0
170.0,B0,南,bottom1B0,1,0,bottom1B0_1,0,bottom1B0_2,0
170.0,B0,东,right0B0,2,0,right0B0_1,0,right0B0_2,0
170.0,B1,西,A1B1,7,0,A1B1_1,0,A1B1_2,6
170.0,B1,南,B0B1,1,0,B0B1_1,0,B0B1_2,0
170.0,B1,东,right1B1,3,0,right1B1_1,0,right1B1_2,1
170.0,B1,北,top1B1,0,0,top1B1_1,0,top1B1_2,0
175.0,A0,北,A1A0,0,0,A1A0_1,0,A1A0_2,0
175.0,A0,东,B0A0,4,0,B0A0_1,2,B0A0_2,0
175.0,A0,南,bottom0A0,0,0,bottom0A0_1,0,bottom0A0_2,0
175.0,A0,西,left0A0,9,0,left0A0_1,5,left0A0_2,3
175.0,A1,南,A0A1,0,0,A0A1_1,0,A0A1_2,0
175.0,A1,东,B1A1,4,0,B1A1_1,2,B1A1_2,1
175.0,A1,西,left1A1,1,1,left1A1_1,0,left1A1_2,0
175.0,A1,北,top0A1,0,0,top0A1_1,0,top0A1_2,0
175.0,B0,西,A0B0,2,0,A0B0_1,0,A0B0_2,1
175.0,B0,北,B1B0,0,0,B1B0_1,0,B1B0_2,0
175.0,B0,南,bottom1B0,1,0,bottom1B0_1,0,bottom1B0_2,0
175.0,B0,东,right0B0,2,0,right0B0_1,0,right0B0_2,0
175.0,B1,西,A1B1,6,0,A1B1_1,0,A1B1_2,6
175.0,B1,南,B0B1,1,0,B0B1_1,0,B0B1_2,0
175.0,B1,东,right1B1,3,0,right1B1_1,0,right1B1_2,2
175.0,B1,北,top1B1,0,0,top1B1_1,0,top1B1_2,0
180.0,A0,北,A1A0,0,0,A1A0_1,0,A1A0_2,0
180.0,A0,东,B0A0,4,0,B0A0_1,2,B0A0_2,1
180.0,A0,南,bottom0A0,0,0,bottom0A0_1,0,bottom0A0_2,0
180.0,A0,西,left0A0,9,0,left0A0_1,6,left0A0_2,3
180.0,A1,南,A0A1,0,0,A0A1_1,0,A0A1_2,0
180.0,A1,东,B1A1,4,0,B1A1_1,3,B1A1_2,1
180.0,A1,西,left1A1,1,0,left1A1_1,0,left1A1_2,0
180.0,A1,北,top0A1,0,0,top0A1_1,0,top0A1_2,0
180.0,B0,西,A0B0,2,0,A0B0_1,1,A0B0_2,1
180.0,B0,北,B1B0,1,1,B1B0_1,0,B1B0_2,0
180.0,B0,南,bottom1B0,1,0,bottom1B0_1,0,bottom1B0_2,0
180.0,B0,东,right0B0,2,0,right0B0_1,1,right0B0_2,0
180.0,B1,西,A1B1,6,0,A1B1_1,0,A1B1_2,6
180.0,B1,南,B0B1,1,0,B0B1_1,0,B0B1_2,0
180.0,B1,东,right1B1,4,1,right1B1_1,0,right1B1_2,2
180.0,B1,北,top1B1,0,0,top1B1_1,0,top1B1_2,0
185.0,A0,北,A1A0,0,0,A1A0_1,0,A1A0_2,0
185.0,A0,东,B0A0,3,0,B0A0_1,0,B0A0_2,1
185.0,A0,南,bottom0A0,0,0,bottom0A0_1,0,bottom0A0_2,0
185.0,A0,西,left0A0,8,0,left0A0_1,4,left0A0_2,3
185.0,A1,南,A0A1,0,0,A0A1_1,0,A0A1_2,0
185.0,A1,东,B1A1,3,0,B1A1_1,1,B1A1_2,1
185.0,A1,西,left1A1,1,0,left1A1_1,0,left1A1_2,0
185.0,A1,北,top0A1,0,0,top0A1_1,0,top0A1_2,0
185.0,B0,西,A0B0,1,0,A0B0_1,0,A0B0_2,1
185.0,B0,北,B1B0,1,0,B1B0_1,0,B1B0_2,0
185.0,B0,南,bottom1B0,1,0,bottom1B0_1,0,bottom1B0_2,0
185.0,B0,东,right0B0,1,0,right0B0_1,0,right0B0_2,0
185.0,B1,西,A1B1,6,0,A1B1_1,0,A1B1_2,6
185.0,B1,南,B0B1,1,0,B0B1_1,0,B0B1_2,0
185.0,B1,东,right1B1,3,0,right1B1_1,0,right1B1_2,2
185.0,B1,北,top1B1,0,0,top1B1_1,0,top1B1_2,0
190.0,A0,北,A1A0,0,0,A1A0_1,0,A1A0_2,0
190.0,A0,东,B0A0,3,2,B0A0_1,0,B0A0_2,1
190.0,A0,南,bottom0A0,0,0,bottom0A0_1,0,bottom0A0_2,0
190.0,A0,西,left0A0,6,0,left0A0_1,0,left0A0_2,3
190.0,A1,南,A0A1,0,0,A0A1_1,0,A0A1_2,0
190.0,A1,东,B1A1,2,1,B1A1_1,0,B1A1_2,1
190.0,A1,西,left1A1,1,0,left1A1_1,0,left1A1_2,0
190.0,A1,北,top0A1,0,0,top0A1_1,0,top0A1_2,0
190.0,B0,西,A0B0,3,2,A0B0_1,0,A0B0_2,1
190.0,B0,北,B1B0,1,0,B1B0_1,0,B1B0_2,0
190.0,B0,南,bottom1B0,1,0,bottom1B0_1,0,bottom1B0_2,1
190.0,B0,东,right0B0,0,0,right0B0_1,0,right0B0_2,0
190.0,B1,西,A1B1,6,0,A1B1_1,0,A1B1_2,6
190.0,B1,南,B0B1,1,0,B0B1_1,0,B0B1_2,0
190.0,B1,东,right1B1,3,0,right1B1_1,0,right1B1_2,2
190.0,B1,北,top1B1,0,0,top1B1_1,0,top1B1_2,0
195.0,A0,北,A1A0,0,0,A1A0_1,0,A1A0_2,0
195.0,A0,东,B0A0,3,0,B0A0_1,0,B0A0_2,1
195.0,A0,南,bottom0A0,0,0,bottom0A0_1,0,bottom0A0_2,0
195.0,A0,西,left0A0,4,0,left0A0_1,0,left0A0_2,3
195.0,A1,南,A0A1,0,0,A0A1_1,0,A0A1_2,0
195.0,A1,东,B1A1,2,0,B1A1_1,0,B1A1_2,1
195.0,A1,西,left1A1,1,0,left1A1_1,0,left1A1_2,0
195.0,A1,北,top0A1,0,0,top0A1_1,0,top0A1_2,0
195.0,B0,西,A0B0,5,2,A0B0_1,0,A0B0_2,1
195.0,B0,北,B1B0,1,0,B1B0_1,0,B1B0_2,0
195.0,B0,南,bottom1B0,2,1,bottom1B0_1,0,bottom1B0_2,1
195.0,B0,东,right0B0,0,0,right0B0_1,0,right0B0_2,0
195.0,B1,西,A1B1,6,0,A1B1_1,0,A1B1_2,6
195.0,B1,南,B0B1,0,0,B0B1_1,0,B0B1_2,0
195.0,B1,东,right1B1,3,0,right1B1_1,0,right1B1_2,2
195.0,B1,北,top1B1,0,0,top1B1_1,0,top1B1_2,0
200.0,A0,北,A1A0,0,0,A1A0_1,0,A1A0_2,0
200.0,A0,东,B0A0,3,0,B0A0_1,0,B0A0_2,1
200.0,A0,南,bottom0A0,0,0,bottom0A0_1,0,bottom0A0_2,0
200.0,A0,西,left0A0,3,0,left0A0_1,0,left0A0_2,3
200.0,A1,南,A0A1,0,0,A0A1_1,0,A0A1_2,0
200.0,A1,东,B1A1,2,0,B1A1_1,0,B1A1_2,1
200.0,A1,西,left1A1,0,0,left1A1_1,0,left1A1_2,0
200.0,A1,北,top0A1,0,0,top0A1_1,0,top0A1_2,0
200.0,B0,西,A0B0,7,2,A0B0_1,0,A0B0_2,1
200.0,B0,北,B1B0,1,0,B1B0_1,0,B1B0_2,1
200.0,B0,南,bottom1B0,2,0,bottom1B0_1,0,bottom1B0_2,1
200.0,B0,东,right0B0,0,0,right0B0_1,0,right0B0_2,0
200.0,B1,西,A1B1,6,0,A1B1_1,0,A1B1_2,6
200.0,B1,南,B0B1,0,0,B0B1_1,0,B0B1_2,0
200.0,B1,东,right1B1,3,0,right1B1_1,0,right1B1_2,2
200.0,B1,北,top1B1,2,2,top1B1_1,0,top1B1_2,0
205.0,A0,北,A1A0,0,0,A1A0_1,0,A1A0_2,0
205.0,A0,东,B0A0,2,0,B0A0_1,0,B0A0_2,0
205.0,A0,南,bottom0A0,1,1,bottom0A0_1,0,bottom0A0_2,0
205.0,A0,西,left0A0,3,1,left0A0_1,0,left0A0_2,1
205.0,A1,南,A0A1,0,0,A0A1_1,0,A0A1_2,0
205.0,A1,东,B1A1,1,0,B1A1_1,0,B1A1_2,0
205.0,A1,西,left1A1,0,0,left1A1_1,0,left1A1_2,0
205.0,A1,北,top0A1,0,0,top0A1_1,0,top0A1_2,0
205.0,B0,西,A0B0,6,0,A0B0_1,0,A0B0_2,0
205.0,B0,北,B1B0,1,0,B1B0_1,0,B1B0_2,1
205.0,B0,南,bottom1B0,3,1,bottom1B0_1,0,bottom1B0_2,1
205.0,B0,东,right0B0,0,0,right0B0_1,0,right0B0_2,0
205.0,B1,西,A1B1,6,1,A1B1_1,0,A1B1_2,4
205.0,B1,南,B0B1,0,0,B0B1_1,0,B0B1_2,0
205.0,B1,东,right1B1,2,0,right1B1_1,0,right1B1_2,1
205.0,B1,北,top1B1,2,0,top1B1_1,0,top1B1_2,0
210.0,A0,北,A1A0,1,1,A1A0_1,0,A1A0_2,0
210.0,A0,东,B0A0,2,0,B0A0_1,0,B0A0_2,0
210.0,A0,南,bottom0A0,1,0,bottom0A0_1,0,bottom0A0_2,0
210.0,A0,西,left0A0,1,0,left0A0_1,0,left0A0_2,0
210.0,A1,南,A0A1,1,1,A0A1_1,0,A0A1_2,0
210.0,A1,东,B1A1,1,0,B1A1_1,0,B1A1_2,0
210.0,A1,西,left1A1,0,0,left1A1_1,0,left1A1_2,0
210.0,A1,北,top0A1,0,0,top0A1_1,0,top0A1_2,0
210.0,B0,西,A0B0,6,0,A0B0_1,0,A0B0_2,0
210.0,B0,北,B1B0,3,2,B1B0_1,0,B1B0_2,1
210.0,B0,南,bottom1B0,3,0,bottom1B0_1,0,bottom1B0_2,1
210.0,B0,东,right0B0,0,0,right0B0_1,0,right0B0_2,0
210.0,B1,西,A1B1,4,0,A1B1_1,0,A1B1_2,0
210.0,B1,南,B0B1,1,1,B0B1_1,0,B0B1_2,0
210.0,B1,东,right1B1,0,0,right1B1_1,0,right1B1_2,0
210.0,B1,北,top1B1,2,0,top1B1_1,0,top1B1_2,0
215.0,A0,北,A1A0,1,0,A1A0_1,0,A1A0_2,0
215.0,A0,东,B0A0,2,0,B0A0_1,2,B0A0_2,0
215.0,A0,南,bottom0A0,1,0,bottom0A0_1,0,bottom0A0_2,0
215.0,A0,西,left0A0,2,1,left0A0_1,0,left0A0_2,0
215.0,A1,南,A0A1,3,2,A0A1_1,0,A0A1_2,0
215.0,A1,东,B1A1,1,0,B1A1_1,1,B1A1_2,0
215.0,A1,西,left1A1,0,0,left1A1_1,0,left1A1_2,0
215.0,A1,北,top0A1,0,0,top0A1_1,0,top0A1_2,0
215.0,B0,西,A0B0,4,0,A0B0_1,0,A0B0_2,0
215.0,B0,北,B1B0,4,1,B1B0_1,0,B1B0_2,1
215.0,B0,南,bottom1B0,3,0,bottom1B0_1,0,bottom1B0_2,1
215.0,B0,东,right0B0,0,0,right0B0_1,0,right0B0_2,0
215.0,B1,西,A1B1,2,0,A1B1_1,0,A1B1_2,0
215.0,B1,南,B0B1,3,2,B0B1_1,0,B0B1_2,0
215.0,B1,东,right1B1,0,0,right1B1_1,0,right1B1_2,0
215.0,B1,北,top1B1,4,2,top1B1_1,0,top1B1_2,0
220.0,A0,北,A1A0,1,0,A1A0_1,0,A1A0_2,0
220.0,A0,东,B0A0,2,0,B0A0_1,2,B0A0_2,0
220.0,A0,南,bottom0A0,1,0,bottom0A0_1,0,bottom0A0_2,0
220.0,A0,西,left0A0,2,0,left0A0_1,0,left0A0_2,0
220.0,A1,南,A0A1,3,0,A0A1_1,0,A0A1_2,0
220.0,A1,东,B1A1,1,0,B1A1_1,1,B1A1_2,0
220.0,A1,西,left1A1,0,0,left1A1_1,0,left1A1_2,0
220.0,A1,北,top0A1,0,0,top0A1_1,0,top0A1_2,0
220.0,B0,西,A0B0,3,0,A0B0_1,0,A0B0_2,0
220.0,B0,北,B1B0,4,0,B1B0_1,0,B1B0_2,1
220.0,B0,南,bottom1B0,3,0,bottom1B0_1,0,bottom1B0_2,2
220.0,B0,东,right0B0,0,0,right0B0_1,0,right0B0_2,0
220.0,B1,西,A1B1,1,0,A1B1_1,0,A1B1_2,0
220.0,B1,南,B0B1,3,0,B0B1_1,0,B0B1_2,0
220.0,B1,东,right1B1,0,0,right1B1_1,0,right1B1_2,0
220.0,B1,北,top1B1,3,0,top1B1_1,0,top1B1_2,1
225.0,A0,北,A1A0,1,0,A1A0_1,0,A1A0_2,0
225.0,A0,东,B0A0,2,0,B0A0_1,2,B0A0_2,0
225.0,A0,南,bottom0A0,1,0,bottom0A0_1,0,bottom0A0_2,0
225.0,A0,西,left0A0,2,0,left0A0_1,0,left0A0_2,0
225.0,A1,南,A0A1,3,0,A0A1_1,0,A0A1_2,0
225.0,A1,东,B1A1,2,1,B1A1_1,1,B1A1_2,0
225.0,A1,西,left1A1,0,0,left1A1_1,0,left1A1_2,0
225.0,A1,北,top0A1,0,0,top0A1_1,0,top0A1_2,0
225.0,B0,西,A0B0,1,0,A0B0_1,0,A0B0_2,0
225.0,B0,北,B1B0,4,0,B1B0_1,0,B1B0_2,1
225.0,B0,南,bottom1B0,3,0,bottom1B0_1,0,bottom1B0_2,2
225.0,B0,东,right0B0,0,0,right0B0_1,0,right0B0_2,0
225.0,B1,西,A1B1,1,0,A1B1_1,0,A1B1_2,0
225.0,B1,南,B0B1,5,2,B0B1_1,0,B0B1_2,0
225.0,B1,东,right1B1,0,0,right1B1_1,0,right1B1_2,0
225.0,B1,北,top1B1,3,0,top1B1_1,0,top1B1_2,1
230.0,A0,北,A1A0,1,0,A1A0_1,0,A1A0_2,0
230.0,A0,东,B0A0,2,0,B0A0_1,2,B0A0_2,0
230.0,A0,南,bottom0A0,1,0,bottom0A0_1,1,bottom0A0_2,0
230.0,A0,西,left0A0,1,0,left0A0_1,0,left0A0_2,0
230.0,A1,南,A0A1,3,0,A0A1_1,0,A0A1_2,0
230.0,A1,东,B1A1,2,0,B1A1_1,1,B1A1_2,0
230.0,A1,西,left1A1,2,2,left1A1_1,0,left1A1_2,0
230.0,A1,北,top0A1,0,0,top0A1_1,0,top0A1_2,0
230.0,B0,西,A0B0,0,0,A0B0_1,0,A0B0_2,0
230.0,B0,北,B1B0,4,0,B1B0_1,0,B1B0_2,1
230.0,B0,南,bottom1B0,3,0,bottom1B0_1,1,bottom1B0_2,2
230.0,B0,东,right0B0,0,0,right0B0_1,0,right0B0_2,0
230.0,B1,西,A1B1,0,0,A1B1_1,0,A1B1_2,0
230.0,B1,南,B0B1,7,2,B0B1_1,0,B0B1_2,0
230.0,B1,东,right1B1,0,0,right1B1_1,0,right1B1_2,0
230.0,B1,北,top1B1,5,2,top1B1_1,0,top1B1_2,1
235.0,A0,北,A1A0,1,0,A1A0_1,1,A1A0_2,0
235.0,A0,东,B0A0,1,0,B0A0_1,0,B0A0_2,0
235.0,A0,南,bottom0A0,1,0,bottom0A0_1,1,bottom0A0_2,0
235.0,A0,西,left0A0,1,0,left0A0_1,0,left0A0_2,0
235.0,A1,南,A0A1,2,0,A0A1_1,0,A0A1_2,0
235.0,A1,东,B1A1,1,0,B1A1_1,0,B1A1_2,0
235.0,A1,西,left1A1,2,0,left1A1_1,0,left1A1_2,0
235.0,A1,北,top0A1,0,0,top0A1_1,0,top0A1_2,0
235.0,B0,西,A0B0,1,1,A0B0_1,0,A0B0_2,0
235.0,B0,北,B1B0,4,0,B1B0_1,1,B1B0_2,2
235.0,B0,南,bottom1B0,3,0,bottom1B0_1,1,bottom1B0_2,2
235.0,B0,东,right0B0,0,0,right0B0_1,0,right0B0_2,0
235.0,B1,西,A1B1,0,0,A1B1_1,0,A1B1_2,0
235.0,B1,南,B0B1,7,0,B0B1_1,1,B0B1_2,0
235.0,B1,东,right1B1,0,0,right1B1_1,0,right1B1_2,0
235.0,B1,北,top1B1,5,0,top1B1_1,0,top1B1_2,1
240.0,A0,北,A1A0,1,0,A1A0_1,1,A1A0_2,0
240.0,A0,东,B0A0,0,0,B0A0_1,0,B0A0_2,0
240.0,A0,南,bottom0A0,1,0,bottom0A0_1,1,bottom0A0_2,0
240.0,A0,西,left0A0,2,1,left0A0_1,1,left0A0_2,0
240.0,A1,南,A0A1,1,0,A0A1_1,0,A0A1_2,0
240.0,A1,东,B1A1,2,1,B1A1_1,0,B1A1_2,0
240.0,A1,西,left1A1,2,0,left1A1_1,0,left1A1_2,0
240.0,A1,北,top0A1,1,1,top0A1_1,0,top0A1_2,0
240.0,B0,西,A0B0,1,0,A0B0_1,0,A0B0_2,0
240.0,B0,北,B1B0,3,0,B1B0_1,1,B1B0_2,2
240.0,B0,南,bottom1B0,3,0,bottom1B0_1,1,bottom1B0_2,2
240.0,B0,东,right0B0,0,0,right0B0_1,0,right0B0_2,0
240.0,B1,西,A1B1,1,1,A1B1_1,0,A1B1_2,0
240.0,B1,南,B0B1,7,0,B0B1_1,3,B0B1_2,0
240.0,B1,东,right1B1,0,0,right1B1_1,0,right1B1_2,0
240.0,B1,北,top1B1,5,1,top1B1_1,0,top1B1_2,1
245.0,A0,北,A1A0,0,0,A1A0_1,0,A1A0_2,0
245.0,A0,东,B0A0,1,1,B0A0_1,0,B0A0_2,0
245.0,A0,南,bottom0A0,0,0,bottom0A0_1,0,bottom0A0_2,0
245.0,A0,西,left0A0,2,0,left0A0_1,1,left0A0_2,0
245.0,A1,南,A0A1,0,0,A0A1_1,0,A0A1_2,0
245.0,A1,东,B1A1,2,0,B1A1_1,0,B1A1_2,0
245.0,A1,西,left1A1,2,0,left1A1_1,0,left1A1_2,0
245.0,A1,北,top0A1,1,0,top0A1_1,0,top0A1_2,0
245.0,B0,西,A0B0,1,0,A0B0_1,0,A0B0_2,0
245.0,B0,北,B1B0,2,0,B1B0_1,0,B1B0_2,2
245.0,B0,南,bottom1B0,2,0,bottom1B0_1,0,bottom1B0_2,2
245.0,B0,东,right0B0,0,0,right0B0_1,0,right0B0_2,0
245.0,B1,西,A1B1,2,1,A1B1_1,0,A1B1_2,0
245.0,B1,南,B0B1,6,0,B0B1_1,1,B0B1_2,0
245.0,B1,东,right1B1,1,1,right1B1_1,0,right1B1_2,0
245.0,B1,北,top1B1,4,0,top1B1_1,0,top1B1_2,1
250.0,A0,北,A1A0,0,0,A1A0_1,0,A1A0_2,0
250.0,A0,东,B0A0,1,0,B0A0_1,0,B0A0_2,0
250.0,A0,南,bottom0A0,1,1,bottom0A0_1,0,bottom0A0_2,0
250.0,A0,西,left0A0,2,0,left0A0_1,1,left0A0_2,0
250.0,A1,南,A0A1,1,1,A0A1_1,0,A0A1_2,0
250.0,A1,东,B1A1,3,1,B1A1_1,0,B1A1_2,0
250.0,A1,西,left1A1,2,0,left1A1_1,1,left1A1_2,0
250.0,A1,北,top0A1,1,0,top0A1_1,0,top0A1_2,0
250.0,B0,西,A0B0,1,0,A0B0_1,0,A0B0_2,0
250.0,B0,北,B1B0,3,1,B1B0_1,0,B1B0_2,2
250.0,B0,南,bottom1B0,2,0,bottom1B0_1,0,bottom1B0_2,2
250.0,B0,东,right0B0,0,0,right0B0_1,0,right0B0_2,0
250.0,B1,西,A1B1,3,1,A1B1_1,0,A1B1_2,0
250.0,B1,南,B0B1,5,1,B0B1_1,0,B0B1_2,0
250.0,B1,东,right1B1,1,0,right1B1_1,0,right1B1_2,0
250.0,B1,北,top1B1,3,0,top1B1_1,0,top1B1_2,1
255.0,A0,北,A1A0,0,0,A1A0_1,0,A1A0_2,0
255.0,A0,东,B0A0,1,0,B0A0_1,0,B0A0_2,0
255.0,A0,南,bottom0A0,1,0,bottom0A0_1,0,bottom0A0_2,0
255.0,A0,西,left0A0,3,1,left0A0_1,1,left0A0_2,0
255.0,A1,南,A0A1,1,0,A0A1_1,0,A0A1_2,0
255.0,A1,东,B1A1,3,0,B1A1_1,0,B1A1_2,0
255.0,A1,西,left1A1,2,0,left1A1_1,1,left1A1_2,0
255.0,A1,北,top0A1,1,0,top0A1_1,0,top0A1_2,0
255.0,B0,西,A0B0,1,0,A0B0_1,0,A0B0_2,0
255.0,B0,北,B1B0,4,1,B1B0_1,0,B1B0_2,2
255.0,B0,南,bottom1B0,2,0,bottom1B0_1,0,bottom1B0_2,2
255.0,B0,东,right0B0,1,1,right0B0_1,0,right0B0_2,0
255.0,B1,西,A1B1,3,0,A1B1_1,0,A1B1_2,0
255.0,B1,南,B0B1,3,0,B0B1_1,0,B0B1_2,0
255.0,B1,东,right1B1,1,0,right1B1_1,0,right1B1_2,0
255.0,B1,北,top1B1,2,0,top1B1_1,0,top1B1_2,1
260.0,A0,北,A1A0,1,1,A1A0_1,0,A1A0_2,0
260.0,A0,东,B0A0,1,0,B0A0_1,0,B0A0_2,0
260.0,A0,南,bottom0A0,1,0,bottom0A0_1,0,bottom0A0_2,0
260.0,A0,西,left0A0,3,0,left0A0_1,2,left0A0_2,0
260.0,A1,南,A0A1,1,0,A0A1_1,0,A0A1_2,0
260.0,A1,东,B1A1,3,0,B1A1_1,0,B1A1_2,0
260.0,A1,西,left1A1,1,0,left1A1_1,1,left1A1_2,0
260.0,A1,北,top0A1,0,0,top0A1_1,0,top0A1_2,0
260.0,B0,西,A0B0,1,0,A0B0_1,0,A0B0_2,1
260.0,B0,北,B1B0,4,0,B1B0_1,0,B1B0_2,2
260.0,B0,南,bottom1B0,2,0,bottom1B0_1,0,bottom1B0_2,2
260.0,B0,东,right0B0,1,0,right0B0_1,0,right0B0_2,0
260.0,B1,西,A1B1,3,0,A1B1_1,0,A1B1_2,1
260.0,B1,南,B0B1,1,0,B0B1_1,0,B0B1_2,0
260.0,B1,东,right1B1,1,0,right1B1_1,0,right1B1_2,0
260.0,B1,北,top1B1,2,0,top1B1_1,0,top1B1_2,1
265.0,A0,北,A1A0,2,1,A1A0_1,0,A1A0_2,0
265.0,A0,东,B0A0,1,0,B0A0_1,0,B0A0_2,0
265.0,A0,南,bottom0A0,1,0,bottom0A0_1,0,bottom0A0_2,0
265.0,A0,西,left0A0,3,0,left0A0_1,2,left0A0_2,0
265.0,A1,南,A0A1,1,0,A0A1_1,0,A0A1_2,0
265.0,A1,东,B1A1,2,0,B1A1_1,0,B1A1_2,1
265.0,A1,西,left1A1,1,0,left1A1_1,1,left1A1_2,0
265.0,A1,北,top0A1,0,0,top0A1_1,0,top0A1_2,0
265.0,B0,西,A0B0,1,0,A0B0_1,0,A0B0_2,1
265.0,B0,北,B1B0,3,0,B1B0_1,0,B1B0_2,0
265.0,B0,南,bottom1B0,1,0,bottom1B0_1,0,bottom1B0_2,0
265.0,B0,东,right0B0,1,0,right0B0_1,0,right0B0_2,0
265.0,B1,西,A1B1,3,0,A1B1_1,0,A1B1_2,1
265.0,B1,南,B0B1,1,0,B0B1_1,0,B0B1_2,0
265.0,B1,东,right1B1,1,0,right1B1_1,0,right1B1_2,0
265.0,B1,北,top1B1,1,0,top1B1_1,0,top1B1_2,0
270.0,A0,北,A1A0,2,0,A1A0_1,0,A1A0_2,0
270.0,A0,东,B0A0,3,2,B0A0_1,1,B0A0_2,0
270.0,A0,南,bottom0A0,2,1,bottom0A0_1,0,bottom0A0_2,0
270.0,A0,西,left0A0,3,0,left0A0_1,2,left0A0_2,0
270.0,A1,南,A0A1,1,0,A0A1_1,1,A0A1_2,0
270.0,A1,东,B1A1,3,1,B1A1_1,0,B1A1_2,1
270.0,A1,西,left1A1,1,0,left1A1_1,1,left1A1_2,0
270.0,A1,北,top0A1,0,0,top0A1_1,0,top0A1_2,0
270.0,B0,西,A0B0,1,0,A0B0_1,0,A0B0_2,1
270.0,B0,北,B1B0,1,0,B1B0_1,0,B1B0_2,0
270.0,B0,南,bottom1B0,0,0,bottom1B0_1,0,bottom1B0_2,0
270.0,B0,东,right0B0,1,0,right0B0_1,0,right0B0_2,0
270.0,B1,西,A1B1,3,0,A1B1_1,0,A1B1_2,1
270.0,B1,南,B0B1,0,0,B0B1_1,0,B0B1_2,0
270.0,B1,东,right1B1,1,0,right1B1_1,1,right1B1_2,0
270.0,B1,北,top1B1,0,0,top1B1_1,0,top1B1_2,0
275.0,A0,北,A1A0,2,0,A1A0_1,0,A1A0_2,0
275.0,A0,东,B0A0,3,0,B0A0_1,1,B0A0_2,0
275.0,A0,南,bottom0A0,2,0,bottom0A0_1,0,bottom0A0_2,0
275.0,A0,西,left0A0,3,0,left0A0_1,2,left0A0_2,1
275.0,A1,南,A0A1,1,0,A0A1_1,1,A0A1_2,0
275.0,A1,东,B1A1,3,1,B1A1_1,0,B1A1_2,1
275.0,A1,西,left1A1,1,0,left1A1_1,1,left1A1_2,0
275.0,A1,北,top0A1,1,1,top0A1_1,0,top0A1_2,0
275.0,B0,西,A0B0,1,0,A0B0_1,0,A0B0_2,1
275.0,B0,北,B1B0,1,0,B1B0_1,0,B1B0_2,0
275.0,B0,南,bottom1B0,0,0,bottom1B0_1,0,bottom1B0_2,0
275.0,B0,东,right0B0,2,1,right0B0_1,0,right0B0_2,0
275.0,B1,西,A1B1,3,0,A1B1_1,0,A1B1_2,3
275.0,B1,南,B0B1,0,0,B0B1_1,0,B0B1_2,0
275.0,B1,东,right1B1,1,0,right1B1_1,1,right1B1_2,0
275.0,B1,北,top1B1,0,0,top1B1_1,0,top1B1_2,0
280.0,A0,北,A1A0,1,0,A1A0_1,0,A1A0_2,0
280.0,A0,东,B0A0,3,0,B0A0_1,1,B0A0_2,0
280.0,A0,南,bottom0A0,2,0,bottom0A0_1,1,bottom0A0_2,0
280.0,A0,西,left0A0,3,0,left0A0_1,2,left0A0_2,1
280.0,A1,南,A0A1,1,0,A0A1_1,1,A0A1_2,0
280.0,A1,东,B1A1,3,0,B1A1_1,0,B1A1_2,1
280.0,A1,西,left1A1,3,2,left1A1_1,1,left1A1_2,0
280.0,A1,北,top0A1,1,0,top0A1_1,0,top0A1_2,0
280.0,B0,西,A0B0,1,0,A0B0_1,0,A0B0_2,1
280.0,B0,北,B1B0,0,0,B1B0_1,0,B1B0_2,0
280.0,B0,南,bottom1B0,0,0,bottom1B0_1,0,bottom1B0_2,0
280.0,B0,东,right0B0,2,0,right0B0_1,1,right0B0_2,0
280.0,B1,西,A1B1,3,0,A1B1_1,0,A1B1_2,3
280.0,B1,南,B0B1,0,0,B0B1_1,0,B0B1_2,0
280.0,B1,东,right1B1,1,0,right1B1_1,1,right1B1_2,0
280.0,B1,北,top1B1,0,0,top1B1_1,0,top1B1_2,0
285.0,A0,北,A1A0,1,0,A1A0_1,0,A1A0_2,0
285.0,A0,东,B0A0,3,0,B0A0_1,1,B0A0_2,0
285.0,A0,南,bottom0A0,3,1,bottom0A0_1,1,bottom0A0_2,0
285.0,A0,西,left0A0,3,0,left0A0_1,2,left0A0_2,1
285.0,A1,南,A0A1,1,0,A0A1_1,1,A0A1_2,0
285.0,A1,东,B1A1,3,0,B1A1_1,0,B1A1_2,1
285.0,A1,西,left1A1,3,0,left1A1_1,1,left1A1_2,0
285.0,A1,北,top0A1,1,0,top0A1_1,0,top0A1_2,0
285.0,B0,西,A0B0,1,0,A0B0_1,0,A0B0_2,1
285.0,B0,北,B1B0,0,0,B1B0_1,0,B1B0_2,0
285.0,B0,南,bottom1B0,0,0,bottom1B0_1,0,bottom1B0_2,0
285.0,B0,东,right0B0,2,0,right0B0_1,1,right0B0_2,0
285.0,B1,西,A1B1,3,0,A1B1_1,0,A1B1_2,3
285.0,B1,南,B0B1,0,0,B0B1_1,0,B0B1_2,0
285.0,B1,东,right1B1,1,0,right1B1_1,1,right1B1_2,0
285.0,B1,北,top1B1,0,0,top1B1_1,0,top1B1_2,0
290.0,A0,北,A1A0,0,0,A1A0_1,0,A1A0_2,0
290.0,A0,东,B0A0,3,0,B0A0_1,1,B0A0_2,0
290.0,A0,南,bottom0A0,3,0,bottom0A0_1,1,bottom0A0_2,0
290.0,A0,西,left0A0,3,0,left0A0_1,2,left0A0_2,1
290.0,A1,南,A0A1,1,0,A0A1_1,1,A0A1_2,0
290.0,A1,东,B1A1,3,0,B1A1_1,0,B1A1_2,1
290.0,A1,西,left1A1,3,0,left1A1_1,1,left1A1_2,0
290.0,A1,北,top0A1,1,0,top0A1_1,0,top0A1_2,0
290.0,B0,西,A0B0,1,0,A0B0_1,0,A0B0_2,1
290.0,B0,北,B1B0,0,0,B1B0_1,0,B1B0_2,0
290.0,B0,南,bottom1B0,0,0,bottom1B0_1,0,bottom1B0_2,0
290.0,B0,东,right0B0,2,0,right0B0_1,1,right0B0_2,0
290.0,B1,西,A1B1,3,0,A1B1_1,0,A1B1_2,3
290.0,B1,南,B0B1,0,0,B0B1_1,0,B0B1_2,0
290.0,B1,东,right1B1,1,0,right1B1_1,1,right1B1_2,0
290.0,B1,北,top1B1,0,0,top1B1_1,0,top1B1_2,0
295.0,A0,北,A1A0,0,0,A1A0_1,0,A1A0_2,0
295.0,A0,东,B0A0,3,0,B0A0_1,2,B0A0_2,1
295.0,A0,南,bottom0A0,2,0,bottom0A0_1,0,bottom0A0_2,0
295.0,A0,西,left0A0,3,0,left0A0_1,2,left0A0_2,1
295.0,A1,南,A0A1,0,0,A0A1_1,0,A0A1_2,0
295.0,A1,东,B1A1,3,0,B1A1_1,0,B1A1_2,1
295.0,A1,西,left1A1,3,0,left1A1_1,1,left1A1_2,0
295.0,A1,北,top0A1,1,0,top0A1_1,0,top0A1_2,0
295.0,B0,西,A0B0,1,0,A0B0_1,0,A0B0_2,1
295.0,B0,北,B1B0,0,0,B1B0_1,0,B1B0_2,0
295.0,B0,南,bottom1B0,0,0,bottom1B0_1,0,bottom1B0_2,0
295.0,B0,东,right0B0,2,0,right0B0_1,1,right0B0_2,0
295.0,B1,西,A1B1,3,0,A1B1_1,0,A1B1_2,3
295.0,B1,南,B0B1,0,0,B0B1_1,0,B0B1_2,0
295.0,B1,东,right1B1,1,0,right1B1_1,1,right1B1_2,0
295.0,B1,北,top1B1,0,0,top1B1_1,0,top1B1_2,0
300.0,A0,北,A1A0,0,0,A1A0_1,0,A1A0_2,0
300.0,A0,东,B0A0,3,0,B0A0_1,2,B0A0_2,1
300.0,A0,南,bottom0A0,1,0,bottom0A0_1,0,bottom0A0_2,0
300.0,A0,西,left0A0,3,0,left0A0_1,2,left0A0_2,1
300.0,A1,南,A0A1,2,2,A0A1_1,0,A0A1_2,0
300.0,A1,东,B1A1,2,0,B1A1_1,0,B1A1_2,2
300.0,A1,西,left1A1,3,0,left1A1_1,1,left1A1_2,0
300.0,A1,北,top0A1,1,0,top0A1_1,1,top0A1_2,0
300.0,B0,西,A0B0,1,0,A0B0_1,0,A0B0_2,1
300.0,B0,北,B1B0,0,0,B1B0_1,0,B1B0_2,0
300.0,B0,南,bottom1B0,1,1,bottom1B0_1,0,bottom1B0_2,0
300.0,B0,东,right0B0,1,0,right0B0_1,1,right0B0_2,0
300.0,B1,西,A1B1,3,0,A1B1_1,0,A1B1_2,3
300.0,B1,南,B0B1,1,1,B0B1_1,0,B0B1_2,0
300.0,B1,东,right1B1,1,0,right1B1_1,1,right1B1_2,0
300.0,B1,北,top1B1,0,0,top1B1_1,0,top1B1_2,0
305.0,A0,北,A1A0,0,0,A1A0_1,0,A1A0_2,0
305.0,A0,东,B0A0,2,0,B0A0_1,0,B0A0_2,1
305.0,A0,南,bottom0A0,1,0,bottom0A0_1,0,bottom0A0_2,0
305.0,A0,西,left0A0,3,1,left0A0_1,0,left0A0_2,1
305.0,A1,南,A0A1,2,0,A0A1_1,0,A0A1_2,0
305.0,A1,东,B1A1,2,0,B1A1_1,0,B1A1_2,2
305.0,A1,西,left1A1,2,0,left1A1_1,1,left1A1_2,0
305.0,A1,北,top0A1,1,0,top0A1_1,1,top0A1_2,0
305.0,B0,西,A0B0,1,0,A0B0_1,0,A0B0_2,1
305.0,B0,北,B1B0,0,0,B1B0_1,0,B1B0_2,0
305.0,B0,南,bottom1B0,1,0,bottom1B0_1,0,bottom1B0_2,0
305.0,B0,东,right0B0,0,0,right0B0_1,0,right0B0_2,0
305.0,B1,西,A1B1,3,0,A1B1_1,0,A1B1_2,3
305.0,B1,南,B0B1,1,0,B0B1_1,0,B0B1_2,0
305.0,B1,东,right1B1,0,0,right1B1_1,0,right1B1_2,0
305.0,B1,北,top1B1,0,0,top1B1_1,0,top1B1_2,0
310.0,A0,北,A1A0,0,0,A1A0_1,0,A1A0_2,0
310.0,A0,东,B0A0,2,1,B0A0_1,0,B0A0_2,1
310.0,A0,南,bottom0A0,1,1,bottom0A0_1,0,bottom0A0_2,0
310.0,A0,西,left0A0,2,0,left0A0_1,0,left0A0_2,1
310.0,A1,南,A0A1,2,0,A0A1_1,0,A0A1_2,0
310.0,A1,东,B1A1,3,1,B1A1_1,0,B1A1_2,2
310.0,A1,西,left1A1,0,0,left1A1_1,0,left1A1_2,0
310.0,A1,北,top0A1,1,0,top0A1_1,1,top0A1_2,0
310.0,B0,西,A0B0,2,1,A0B0_1,0,A0B0_2,1
310.0,B0,北,B1B0,0,0,B1B0_1,0,B1B0_2,0
310.0,B0,南,bottom1B0,1,0,bottom1B0_1,0,bottom1B0_2,0
310.0,B0,东,right0B0,0,0,right0B0_1,0,right0B0_2,0
310.0,B1,西,A1B1,5,2,A1B1_1,0,A1B1_2,3
310.0,B1,南,B0B1,1,0,B0B1_1,0,B0B1_2,0
310.0,B1,东,right1B1,0,0,right1B1_1,0,right1B1_2,0
310.0,B1,北,top1B1,0,0,top1B1_1,0,top1B1_2,0
315.0,A0,北,A1A0,0,0,A1A0_1,0,A1A0_2,0
315.0,A0,东,B0A0,2,0,B0A0_1,0,B0A0_2,1
315.0,A0,南,bottom0A0,1,0,bottom0A0_1,0,bottom0A0_2,0
315.0,A0,西,left0A0,2,0,left0A0_1,0,left0A0_2,1
315.0,A1,南,A0A1,2,0,A0A1_1,0,A0A1_2,0
315.0,A1,东,B1A1,3,0,B1A1_1,0,B1A1_2,2
315.0,A1,西,left1A1,0,0,left1A1_1,0,left1A1_2,0
315.0,A1,北,top0A1,1,0,top0A1_1,1,top0A1_2,0
315.0,B0,西,A0B0,4,2,A0B0_1,0,A0B0_2,1
315.0,B0,北,B1B0,0,0,B1B0_1,0,B1B0_2,0
315.0,B0,南,bottom1B0,1,0,bottom1B0_1,0,bottom1B0_2,0
315.0,B0,东,right0B0,0,0,right0B0_1,0,right0B0_2,0
315.0,B1,西,A1B1,6,1,A1B1_1,0,A1B1_2,3
315.0,B1,南,B0B1,1,0,B0B1_1,0,B0B1_2,0
315.0,B1,东,right1B1,0,0,right1B1_1,0,right1B1_2,0
315.0,B1,北,top1B1,0,0,top1B1_1,0,top1B1_2,0
320.0,A0,北,A1A0,0,0,A1A0_1,0,A1A0_2,0
320.0,A0,东,B0A0,2,0,B0A0_1,0,B0A0_2,1
320.0,A0,南,bottom0A0,1,0,bottom0A0_1,0,bottom0A0_2,0
320.0,A0,西,left0A0,2,0,left0A0_1,0,left0A0_2,1
320.0,A1,南,A0A1,2,0,A0A1_1,0,A0A1_2,0
320.0,A1,东,B1A1,3,0,B1A1_1,0,B1A1_2,2
320.0,A1,西,left1A1,0,0,left1A1_1,0,left1A1_2,0
320.0,A1,北,top0A1,1,0,top0A1_1,1,top0A1_2,0
320.0,B0,西,A0B0,4,0,A0B0_1,0,A0B0_2,1
320.0,B0,北,B1B0,0,0,B1B0_1,0,B1B0_2,0
320.0,B0,南,bottom1B0,2,1,bottom1B0_1,0,bottom1B0_2,0
320.0,B0,东,right0B0,0,0,right0B0_1,0,right0B0_2,0
320.0,B1,西,A1B1,6,0,A1B1_1,0,A1B1_2,3
320.0,B1,南,B0B1,1,0,B0B1_1,0,B0B1_2,0
320.0,B1,东,right1B1,0,0,right1B1_1,0,right1B1_2,0
320.0,B1,北,top1B1,0,0,top1B1_1,0,top1B1_2,0
325.0,A0,北,A1A0,0,0,A1A0_1,0,A1A0_2,0
325.0,A0,东,B0A0,1,0,B0A0_1,0,B0A0_2,0
325.0,A0,南,bottom0A0,1,0,bottom0A0_1,0,bottom0A0_2,0
325.0,A0,西,left0A0,1,0,left0A0_1,0,left0A0_2,0
325.0,A1,南,A0A1,2,0,A0A1_1,0,A0A1_2,1
325.0,A1,东,B1A1,2,0,B1A1_1,0,B1A1_2,0
325.0,A1,西,left1A1,0,0,left1A1_1,0,left1A1_2,0
325.0,A1,北,top0A1,1,0,top0A1_1,1,top0A1_2,0
325.0,B0,西,A0B0,3,0,A0B0_1,0,A0B0_2,0
325.0,B0,北,B1B0,0,0,B1B0_1,0,B1B0_2,0
325.0,B0,南,bottom1B0,3,1,bottom1B0_1,1,bottom1B0_2,0
325.0,B0,东,right0B0,0,0,right0B0_1,0,right0B0_2,0
325.0,B1,西,A1B1,5,0,A1B1_1,0,A1B1_2,1
325.0,B1,南,B0B1,1,0,B0B1_1,1,B0B1_2,0
325.0,B1,东,right1B1,0,0,right1B1_1,0,right1B1_2,0
325.0,B1,北,top1B1,1,1,top1B1_1,0,top1B1_2,0
330.0,A0,北,A1A0,1,1,A1A0_1,0,A1A0_2,0
330.0,A0,东,B0A0,1,0,B0A0_1,0,B0A0_2,0
330.0,A0,南,bottom0A0,2,1,bottom0A0_1,0,bottom0A0_2,0
330.0,A0,西,left0A0,0,0,left0A0_1,0,left0A0_2,0
330.0,A1,南,A0A1,2,1,A0A1_1,0,A0A1_2,1
330.0,A1,东,B1A1,1,0,B1A1_1,0,B1A1_2,0
330.0,A1,西,left1A1,1,1,left1A1_1,0,left1A1_2,0
330.0,A1,北,top0A1,1,0,top0A1_1,1,top0A1_2,0
330.0,B0,西,A0B0,1,0,A0B0_1,0,A0B0_2,0
330.0,B0,北,B1B0,0,0,B1B0_1,0,B1B0_2,0
330.0,B0,南,bottom1B0,3,0,bottom1B0_1,1,bottom1B0_2,0
330.0,B0,东,right0B0,0,0,right0B0_1,0,right0B0_2,0
330.0,B1,西,A1B1,4,1,A1B1_1,0,A1B1_2,0
330.0,B1,南,B0B1,2,1,B0B1_1,1,B0B1_2,0
330.0,B1,东,right1B1,1,1,right1B1_1,0,right1B1_2,0
330.0,B1,北,top1B1,1,0,top1B1_1,0,top1B1_2,0
335.0,A0,北,A1A0,2,1,A1A0_1,0,A1A0_2,0
335.0,A0,东,B0A0,1,0,B0A0_1,1,B0A0_2,0
335.0,A0,南,bottom0A0,1,0,bottom0A0_1,0,bottom0A0_2,0
335.0,A0,西,left0A0,0,0,left0A0_1,0,left0A0_2,0
335.0,A1,南,A0A1,3,1,A0A1_1,0,A0A1_2,1
335.0,A1,东,B1A1,1,0,B1A1_1,1,B1A1_2,0
335.0,A1,西,left1A1,2,1,left1A1_1,0,left1A1_2,0
335.0,A1,北,top0A1,2,1,top0A1_1,1,top0A1_2,0
335.0,B0,西,A0B0,1,1,A0B0_1,0,A0B0_2,0
335.0,B0,北,B1B0,0,0,B1B0_1,0,B1B0_2,0
335.0,B0,南,bottom1B0,3,0,bottom1B0_1,1,bottom1B0_2,0
335.0,B0,东,right0B0,0,0,right0B0_1,0,right0B0_2,0
335.0,B1,西,A1B1,1,0,A1B1_1,0,A1B1_2,0
335.0,B1,南,B0B1,4,2,B0B1_1,1,B0B1_2,0
335.0,B1,东,right1B1,1,0,right1B1_1,0,right1B1_2,0
335.0,B1,北,top1B1,1,0,top1B1_1,0,top1B1_2,0
340.0,A0,北,A1A0,2,0,A1A0_1,0,A1A0_2,0
340.0,A0,东,B0A0,1,0,B0A0_1,1,B0A0_2,0
340.0,A0,南,bottom0A0,2,1,bottom0A0_1,0,bottom0A0_2,0
340.0,A0,西,left0A0,1,1,left0A0_1,0,left0A0_2,0
340.0,A1,南,A0A1,3,0,A0A1_1,0,A0A1_2,1
340.0,A1,东,B1A1,1,0,B1A1_1,1,B1A1_2,0
340.0,A1,西,left1A1,2,0,left1A1_1,0,left1A1_2,0
340.0,A1,北,top0A1,3,1,top0A1_1,1,top0A1_2,0
340.0,B0,西,A0B0,1,0,A0B0_1,0,A0B0_2,0
340.0,B0,北,B1B0,0,0,B1B0_1,0,B1B0_2,0
340.0,B0,南,bottom1B0,3,0,bottom1B0_1,1,bottom1B0_2,0
340.0,B0,东,right0B0,0,0,right0B0_1,0,right0B0_2,0
340.0,B1,西,A1B1,1,0,A1B1_1,0,A1B1_2,0
340.0,B1,南,B0B1,4,0,B0B1_1,1,B0B1_2,0
340.0,B1,东,right1B1,1,0,right1B1_1,0,right1B1_2,0
340.0,B1,北,top1B1,1,0,top1B1_1,0,top1B1_2,0
345.0,A0,北,A1A0,2,0,A1A0_1,0,A1A0_2,0
345.0,A0,东,B0A0,1,0,B0A0_1,1,B0A0_2,0
345.0,A0,南,bottom0A0,2,0,bottom0A0_1,0,bottom0A0_2,0
345.0,A0,西,left0A0,1,0,left0A0_1,0,left0A0_2,0
345.0,A1,南,A0A1,3,0,A0A1_1,0,A0A1_2,1
345.0,A1,东,B1A1,1,0,B1A1_1,1,B1A1_2,0
345.0,A1,西,left1A1,2,0,left1A1_1,0,left1A1_2,0
345.0,A1,北,top0A1,3,0,top0A1_1,1,top0A1_2,0
345.0,B0,西,A0B0,1,0,A0B0_1,0,A0B0_2,0
345.0,B0,北,B1B0,0,0,B1B0_1,0,B1B0_2,0
345.0,B0,南,bottom1B0,2,0,bottom1B0_1,1,bottom1B0_2,0
345.0,B0,东,right0B0,0,0,right0B0_1,0,right0B0_2,0
345.0,B1,西,A1B1,1,0,A1B1_1,0,A1B1_2,0
345.0,B1,南,B0B1,4,0,B0B1_1,1,B0B1_2,0
345.0,B1,东,right1B1,1,0,right1B1_1,0,right1B1_2,0
345.0,B1,北,top1B1,1,0,top1B1_1,0,top1B1_2,0
350.0,A0,北,A1A0,3,1,A1A0_1,0,A1A0_2,0
350.0,A0,东,B0A0,1,0,B0A0_1,1,B0A0_2,0
350.0,A0,南,bottom0A0,2,0,bottom0A0_1,0,bottom0A0_2,0
350.0,A0,西,left0A0,1,0,left0A0_1,0,left0A0_2,0
350.0,A1,南,A0A1,3,0,A0A1_1,0,A0A1_2,1
350.0,A1,东,B1A1,1,0,B1A1_1,1,B1A1_2,0
350.0,A1,西,left1A1,1,0,left1A1_1,0,left1A1_2,0
350.0,A1,北,top0A1,3,0,top0A1_1,1,top0A1_2,0
350.0,B0,西,A0B0,1,0,A0B0_1,0,A0B0_2,0
350.0,B0,北,B1B0,0,0,B1B0_1,0,B1B0_2,0
350.0,B0,南,bottom1B0,2,0,bottom1B0_1,1,bottom1B0_2,1
350.0,B0,东,right0B0,0,0,right0B0_1,0,right0B0_2,0
350.0,B1,西,A1B1,1,0,A1B1_1,0,A1B1_2,0
350.0,B1,南,B0B1,4,0,B0B1_1,1,B0B1_2,0
350.0,B1,东,right1B1,1,0,right1B1_1,0,right1B1_2,0
350.0,B1,北,top1B1,1,0,top1B1_1,0,top1B1_2,1
355.0,A0,北,A1A0,2,0,A1A0_1,0,A1A0_2,0
355.0,A0,东,B0A0,0,0,B0A0_1,0,B0A0_2,0
355.0,A0,南,bottom0A0,2,0,bottom0A0_1,0,bottom0A0_2,0
355.0,A0,西,left0A0,1,0,left0A0_1,0,left0A0_2,0
355.0,A1,南,A0A1,2,0,A0A1_1,0,A0A1_2,1
355.0,A1,东,B1A1,0,0,B1A1_1,0,B1A1_2,0
355.0,A1,西,left1A1,1,0,left1A1_1,0,left1A1_2,0
355.0,A1,北,top0A1,3,0,top0A1_1,1,top0A1_2,0
355.0,B0,西,A0B0,1,0,A0B0_1,0,A0B0_2,0
355.0,B0,北,B1B0,0,0,B1B0_1,0,B1B0_2,0
355.0,B0,南,bottom1B0,2,0,bottom1B0_1,1,bottom1B0_2,1
355.0,B0,东,right0B0,0,0,right0B0_1,0,right0B0_2,0
355.0,B1,西,A1B1,1,0,A1B1_1,0,A1B1_2,0
355.0,B1,南,B0B1,4,0,B0B1_1,1,B0B1_2,0
355.0,B1,东,right1B1,0,0,right1B1_1,0,right1B1_2,0
355.0,B1,北,top1B1,1,0,top1B1_1,0,top1B1_2,1
360.0,A0,北,A1A0,2,0,A1A0_1,0,A1A0_2,0
360.0,A0,东,B0A0,0,0,B0A0_1,0,B0A0_2,0
360.0,A0,南,bottom0A0,1,0,bottom0A0_1,0,bottom0A0_2,0
360.0,A0,西,left0A0,1,0,left0A0_1,0,left0A0_2,0
360.0,A1,南,A0A1,1,0,A0A1_1,0,A0A1_2,1
360.0,A1,东,B1A1,0,0,B1A1_1,0,B1A1_2,0
360.0,A1,西,left1A1,1,0,left1A1_1,0,left1A1_2,0
360.0,A1,北,top0A1,3,0,top0A1_1,1,top0A1_2,1
360.0,B0,西,A0B0,2,1,A0B0_1,0,A0B0_2,0
360.0,B0,北,B1B0,1,1,B1B0_1,0,B1B0_2,0
360.0,B0,南,bottom1B0,2,0,bottom1B0_1,1,bottom1B0_2,1
360.0,B0,东,right0B0,0,0,right0B0_1,0,right0B0_2,0
360.0,B1,西,A1B1,2,1,A1B1_1,1,A1B1_2,0
360.0,B1,南,B0B1,3,0,B0B1_1,3,B0B1_2,0
360.0,B1,东,right1B1,0,0,right1B1_1,0,right1B1_2,0
360.0,B1,北,top1B1,1,0,top1B1_1,0,top1B1_2,1
365.0,A0,北,A1A0,2,1,A1A0_1,0,A1A0_2,0
365.0,A0,东,B0A0,0,0,B0A0_1,0,B0A0_2,0
365.0,A0,南,bottom0A0,1,0,bottom0A0_1,0,bottom0A0_2,0
365.0,A0,西,left0A0,1,0,left0A0_1,1,left0A0_2,0
365.0,A1,南,A0A1,1,0,A0A1_1,0,A0A1_2,1
365.0,A1,东,B1A1,0,0,B1A1_1,0,B1A1_2,0
365.0,A1,西,left1A1,2,2,left1A1_1,0,left1A1_2,0
365.0,A1,北,top0A1,2,0,top0A1_1,0,top0A1_2,2
365.0,B0,西,A0B0,2,0,A0B0_1,0,A0B0_2,1
365.0,B0,北,B1B0,1,0,B1B0_1,0,B1B0_2,0
365.0,B0,南,bottom1B0,1,0,bottom1B0_1,0,bottom1B0_2,1
365.0,B0,东,right0B0,0,0,right0B0_1,0,right0B0_2,0
365.0,B1,西,A1B1,3,1,A1B1_1,1,A1B1_2,0
365.0,B1,南,B0B1,2,0,B0B1_1,1,B0B1_2,0
365.0,B1,东,right1B1,0,0,right1B1_1,0,right1B1_2,0
365.0,B1,北,top1B1,1,0,top1B1_1,0,top1B1_2,1
370.0,A0,北,A1A0,2,1,A1A0_1,0,A1A0_2,0
370.0,A0,东,B0A0,0,0,B0A0_1,0,B0A0_2,0
370.0,A0,南,bottom0A0,0,0,bottom0A0_1,0,bottom0A0_2,0
370.0,A0,西,left0A0,1,0,left0A0_1,1,left0A0_2,0
370.0,A1,南,A0A1,1,0,A0A1_1,0,A0A1_2,1
370.0,A1,东,B1A1,0,0,B1A1_1,0,B1A1_2,0
370.0,A1,西,left1A1,2,0,left1A1_1,0,left1A1_2,0
370.0,A1,北,top0A1,2,0,top0A1_1,0,top0A1_2,2
370.0,B0,西,A0B0,3,1,A0B0_1,0,A0B0_2,1
370.0,B0,北,B1B0,1,0,B1B0_1,0,B1B0_2,0
370.0,B0,南,bottom1B0,1,0,bottom1B0_1,0,bottom1B0_2,1
370.0,B0,东,right0B0,0,0,right0B0_1,0,right0B0_2,0
370.0,B1,西,A1B1,3,0,A1B1_1,1,A1B1_2,0
370.0,B1,南,B0B1,1,1,B0B1_1,0,B0B1_2,0
370.0,B1,东,right1B1,0,0,right1B1_1,0,right1B1_2,0
370.0,B1,北,top1B1,1,0,top1B1_1,0,top1B1_2,1
375.0,A0,北,A1A0,2,0,A1A0_1,0,A1A0_2,0
375.0,A0,东,B0A0,0,0,B0A0_1,0,B0A0_2,0
375.0,A0,南,bottom0A0,1,1,bottom0A0_1,0,bottom0A0_2,0
375.0,A0,西,left0A0,1,0,left0A0_1,1,left0A0_2,0
375.0,A1,南,A0A1,1,0,A0A1_1,0,A0A1_2,1
375.0,A1,东,B1A1,0,0,B1A1_1,0,B1A1_2,0
375.0,A1,西,left1A1,2,0,left1A1_1,0,left1A1_2,0
375.0,A1,北,top0A1,2,0,top0A1_1,0,top0A1_2,2
375.0,B0,西,A0B0,3,0,A0B0_1,0,A0B0_2,1
375.0,B0,北,B1B0,1,0,B1B0_1,0,B1B0_2,0
375.0,B0,南,bottom1B0,1,0,bottom1B0_1,0,bottom1B0_2,1
375.0,B0,东,right0B0,0,0,right0B0_1,0,right0B0_2,0
375.0,B1,西,A1B1,3,0,A1B1_1,1,A1B1_2,0
375.0,B1,南,B0B1,1,0,B0B1_1,0,B0B1_2,0
375.0,B1,东,right1B1,0,0,right1B1_1,0,right1B1_2,0
375.0,B1,北,top1B1,1,0,top1B1_1,0,top1B1_2,1
380.0,A0,北,A1A0,2,0,A1A0_1,0,A1A0_2,0
380.0,A0,东,B0A0,0,0,B0A0_1,0,B0A0_2,0
380.0,A0,南,bottom0A0,1,0,bottom0A0_1,0,bottom0A0_2,0
380.0,A0,西,left0A0,2,1,left0A0_1,1,left0A0_2,0
380.0,A1,南,A0A1,1,0,A0A1_1,0,A0A1_2,1
380.0,A1,东,B1A1,0,0,B1A1_1,0,B1A1_2,0
380.0,A1,西,left1A1,2,0,left1A1_1,0,left1A1_2,0
380.0,A1,北,top0A1,2,0,top0A1_1,0,top0A1_2,2
380.0,B0,西,A0B0,3,0,A0B0_1,0,A0B0_2,1
380.0,B0,北,B1B0,1,0,B1B0_1,0,B1B0_2,0
380.0,B0,南,bottom1B0,1,0,bottom1B0_1,0,bottom1B0_2,1
380.0,B0,东,right0B0,0,0,right0B0_1,0,right0B0_2,0
380.0,B1,西,A1B1,3,0,A1B1_1,1,A1B1_2,1
380.0,B1,南,B0B1,1,0,B0B1_1,0,B0B1_2,0
380.0,B1,东,right1B1,1,1,right1B1_1,0,right1B1_2,0
380.0,B1,北,top1B1,1,0,top1B1_1,0,top1B1_2,1
385.0,A0,北,A1A0,2,0,A1A0_1,0,A1A0_2,0
385.0,A0,东,B0A0,0,0,B0A0_1,0,B0A0_2,0
385.0,A0,南,bottom0A0,1,0,bottom0A0_1,0,bottom0A0_2,0
385.0,A0,西,left0A0,2,0,left0A0_1,1,left0A0_2,0
385.0,A1,南,A0A1,0,0,A0A1_1,0,A0A1_2,0
385.0,A1,东,B1A1,0,0,B1A1_1,0,B1A1_2,0
385.0,A1,西,left1A1,2,0,left1A1_1,0,left1A1_2,0
385.0,A1,北,top0A1,1,0,top0A1_1,0,top0A1_2,0
385.0,B0,西,A0B0,3,0,A0B0_1,0,A0B0_2,2
385.0,B0,北,B1B0,1,0,B1B0_1,0,B1B0_2,0
385.0,B0,南,bottom1B0,1,1,bottom1B0_1,0,bottom1B0_2,0
385.0,B0,东,right0B0,1,1,right0B0_1,0,right0B0_2,0
385.0,B1,西,A1B1,3,0,A1B1_1,1,A1B1_2,1
385.0,B1,南,B0B1,1,0,B0B1_1,0,B0B1_2,0
385.0,B1,东,right1B1,1,0,right1B1_1,0,right1B1_2,0
385.0,B1,北,top1B1,0,0,top1B1_1,0,top1B1_2,0
390.0,A0,北,A1A0,2,0,A1A0_1,0,A1A0_2,0
390.0,A0,东,B0A0,1,1,B0A0_1,0,B0A0_2,0
390.0,A0,南,bottom0A0,1,0,bottom0A0_1,0,bottom0A0_2,0
390.0,A0,西,left0A0,2,0,left0A0_1,1,left0A0_2,0
390.0,A1,南,A0A1,0,0,A0A1_1,0,A0A1_2,0
390.0,A1,东,B1A1,0,0,B1A1_1,0,B1A1_2,0
390.0,A1,西,left1A1,2,0,left1A1_1,1,left1A1_2,1
390.0,A1,北,top0A1,0,0,top0A1_1,0,top0A1_2,0
390.0,B0,西,A0B0,3,0,A0B0_1,0,A0B0_2,2
390.0,B0,北,B1B0,1,0,B1B0_1,0,B1B0_2,0
390.0,B0,南,bottom1B0,1,0,bottom1B0_1,0,bottom1B0_2,0
390.0,B0,东,right0B0,1,0,right0B0_1,0,right0B0_2,0
390.0,B1,西,A1B1,4,1,A1B1_1,1,A1B1_2,2
390.0,B1,南,B0B1,0,0,B0B1_1,0,B0B1_2,0
390.0,B1,东,right1B1,1,0,right1B1_1,0,right1B1_2,0
390.0,B1,北,top1B1,0,0,top1B1_1,0,top1B1_2,0
395.0,A0,北,A1A0,0,0,A1A0_1,0,A1A0_2,0
395.0,A0,东,B0A0,2,1,B0A0_1,0,B0A0_2,0
395.0,A0,南,bottom0A0,1,0,bottom0A0_1,0,bottom0A0_2,0
395.0,A0,西,left0A0,3,1,left0A0_1,1,left0A0_2,0
395.0,A1,南,A0A1,0,0,A0A1_1,0,A0A1_2,0
395.0,A1,东,B1A1,0,0,B1A1_1,0,B1A1_2,0
395.0,A1,西,left1A1,2,0,left1A1_1,1,left1A1_2,1
395.0,A1,北,top0A1,0,0,top0A1_1,0,top0A1_2,0
395.0,B0,西,A0B0,3,0,A0B0_1,0,A0B0_2,3
395.0,B0,北,B1B0,0,0,B1B0_1,0,B1B0_2,0
395.0,B0,南,bottom1B0,1,0,bottom1B0_1,0,bottom1B0_2,0
395.0,B0,东,right0B0,1,0,right0B0_1,0,right0B0_2,0
395.0,B1,西,A1B1,5,1,A1B1_1,1,A1B1_2,2
395.0,B1,南,B0B1,0,0,B0B1_1,0,B0B1_2,0
395.0,B1,东,right1B1,1,0,right1B1_1,0,right1B1_2,0
395.0,B1,北,top1B1,0,0,top1B1_1,0,top1B1_2,0
400.0,A0,北,A1A0,0,0,A1A0_1,0,A1A0_2,0
400.0,A0,东,B0A0,2,0,B0A0_1,0,B0A0_2,0
400.0,A0,南,bottom0A0,1,0,bottom0A0_1,1,bottom0A0_2,0
400.0,A0,西,left0A0,4,1,left0A0_1,1,left0A0_2,0
400.0,A1,南,A0A1,0,0,A0A1_1,0,A0A1_2,0
400.0,A1,东,B1A1,0,0,B1A1_1,0,B1A1_2,0
400.0,A1,西,left1A1,2,0,left1A1_1,1,left1A1_2,1
400.0,A1,北,top0A1,0,0,top0A1_1,0,top0A1_2,0
400.0,B0,西,A0B0,3,0,A0B0_1,0,A0B0_2,3
400.0,B0,北,B1B0,0,0,B1B0_1,0,B1B0_2,0
400.0,B0,南,bottom1B0,1,0,bottom1B0_1,0,bottom1B0_2,0
400.0,B0,东,right0B0,1,0,right0B0_1,0,right0B0_2,0
400.0,B1,西,A1B1,5,0,A1B1_1,1,A1B1_2,2
400.0,B1,南,B0B1,0,0,B0B1_1,0,B0B1_2,0
400.0,B1,东,right1B1,1,0,right1B1_1,0,right1B1_2,0
400.0,B1,北,top1B1,0,0,top1B1_1,0,top1B1_2,0
405.0,A0,北,A1A0,0,0,A1A0_1,0,A1A0_2,0
405.0,A0,东,B0A0,2,0,B0A0_1,0,B0A0_2,0
405.0,A0,南,bottom0A0,1,0,bottom0A0_1,1,bottom0A0_2,0
405.0,A0,西,left0A0,3,0,left0A0_1,1,left0A0_2,0
405.0,A1,南,A0A1,0,0,A0A1_1,0,A0A1_2,0
405.0,A1,东,B1A1,0,0,B1A1_1,0,B1A1_2,0
405.0,A1,西,left1A1,3,1,left1A1_1,1,left1A1_2,1
405.0,A1,北,top0A1,0,0,top0A1_1,0,top0A1_2,0
405.0,B0,西,A0B0,3,0,A0B0_1,0,A0B0_2,3
405.0,B0,北,B1B0,0,0,B1B0_1,0,B1B0_2,0
405.0,B0,南,bottom1B0,1,0,bottom1B0_1,0,bottom1B0_2,1
405.0,B0,东,right0B0,1,0,right0B0_1,0,right0B0_2,0
405.0,B1,西,A1B1,5,0,A1B1_1,1,A1B1_2,2
405.0,B1,南,B0B1,0,0,B0B1_1,0,B0B1_2,0
405.0,B1,东,right1B1,1,0,right1B1_1,0,right1B1_2,1
405.0,B1,北,top1B1,0,0,top1B1_1,0,top1B1_2,0
410.0,A0,北,A1A0,0,0,A1A0_1,0,A1A0_2,0
410.0,A0,东,B0A0,2,0,B0A0_1,0,B0A0_2,0
410.0,A0,南,bottom0A0,1,0,bottom0A0_1,1,bottom0A0_2,0
410.0,A0,西,left0A0,3,0,left0A0_1,1,left0A0_2,0
410.0,A1,南,A0A1,0,0,A0A1_1,0,A0A1_2,0
410.0,A1,东,B1A1,0,0,B1A1_1,0,B1A1_2,0
410.0,A1,西,left1A1,3,0,left1A1_1,1,left1A1_2,1
410.0,A1,北,top0A1,0,0,top0A1_1,0,top0A1_2,0
410.0,B0,西,A0B0,3,0,A0B0_1,0,A0B0_2,3
410.0,B0,北,B1B0,0,0,B1B0_1,0,B1B0_2,0
410.0,B0,南,bottom1B0,1,0,bottom1B0_1,0,bottom1B0_2,1
410.0,B0,东,right0B0,2,1,right0B0_1,1,right0B0_2,0
410.0,B1,西,A1B1,5,0,A1B1_1,1,A1B1_2,2
410.0,B1,南,B0B1,0,0,B0B1_1,0,B0B1_2,0
410.0,B1,东,right1B1,1,0,right1B1_1,0,right1B1_2,1
410.0,B1,北,top1B1,0,0,top1B1_1,0,top1B1_2,0
415.0,A0,北,A1A0,0,0,A1A0_1,0,A1A0_2,0
415.0,A0,东,B0A0,2,0,B0A0_1,1,B0A0_2,0
415.0,A0,南,bottom0A0,0,0,bottom0A0_1,0,bottom0A0_2,0
415.0,A0,西,left0A0,3,0,left0A0_1,1,left0A0_2,0
415.0,A1,南,A0A1,0,0,A0A1_1,0,A0A1_2,0
415.0,A1,东,B1A1,0,0,B1A1_1,0,B1A1_2,0
415.0,A1,西,left1A1,3,0,left1A1_1,1,left1A1_2,1
415.0,A1,北,top0A1,0,0,top0A1_1,0,top0A1_2,0
415.0,B0,西,A0B0,3,0,A0B0_1,0,A0B0_2,3
415.0,B0,北,B1B0,0,0,B1B0_1,0,B1B0_2,0
415.0,B0,南,bottom1B0,0,0,bottom1B0_1,0,bottom1B0_2,0
415.0,B0,东,right0B0,2,0,right0B0_1,1,right0B0_2,0
415.0,B1,西,A1B1,4,0,A1B1_1,1,A1B1_2,3
415.0,B1,南,B0B1,0,0,B0B1_1,0,B0B1_2,0
415.0,B1,东,right1B1,1,0,right1B1_1,0,right1B1_2,1
415.0,B1,北,top1B1,1,1,top1B1_1,0,top1B1_2,0
420.0,A0,北,A1A0,0,0,A1A0_1,0,A1A0_2,0
420.0,A0,东,B0A0,3,1,B0A0_1,1,B0A0_2,1
420.0,A0,南,bottom0A0,0,0,bottom0A0_1,0,bottom0A0_2,0
420.0,A0,西,left0A0,3,0,left0A0_1,2,left0A0_2,0
420.0,A1,南,A0A1,1,1,A0A1_1,0,A0A1_2,0
420.0,A1,东,B1A1,0,0,B1A1_1,0,B1A1_2,0
420.0,A1,西,left1A1,3,0,left1A1_1,1,left1A1_2,1
420.0,A1,北,top0A1,0,0,top0A1_1,0,top0A1_2,0
420.0,B0,西,A0B0,3,0,A0B0_1,0,A0B0_2,3
420.0,B0,北,B1B0,1,1,B1B0_1,0,B1B0_2,0
420.0,B0,南,bottom1B0,0,0,bottom1B0_1,0,bottom1B0_2,0
420.0,B0,东,right0B0,3,1,right0B0_1,1,right0B0_2,0
420.0,B1,西,A1B1,4,0,A1B1_1,1,A1B1_2,3
420.0,B1,南,B0B1,0,0,B0B1_1,0,B0B1_2,0
420.0,B1,东,right1B1,1,0,right1B1_1,0,right1B1_2,1
420.0,B1,北,top1B1,1,0,top1B1_1,0,top1B1_2,0
425.0,A0,北,A1A0,0,0,A1A0_1,0,A1A0_2,0
425.0,A0,东,B0A0,2,0,B0A0_1,0,B0A0_2,1
425.0,A0,南,bottom0A0,0,0,bottom0A0_1,0,bottom0A0_2,0
425.0,A0,西,left0A0,2,0,left0A0_1,1,left0A0_2,0
425.0,A1,南,A0A1,1,0,A0A1_1,0,A0A1_2,0
425.0,A1,东,B1A1,0,0,B1A1_1,0,B1A1_2,0
425.0,A1,西,left1A1,2,0,left1A1_1,0,left1A1_2,1
425.0,A1,北,top0A1,0,0,top0A1_1,0,top0A1_2,0
425.0,B0,西,A0B0,3,0,A0B0_1,0,A0B0_2,3
425.0,B0,北,B1B0,1,0,B1B0_1,0,B1B0_2,0
425.0,B0,南,bottom1B0,0,0,bottom1B0_1,0,bottom1B0_2,0
425.0,B0,东,right0B0,2,0,right0B0_1,0,right0B0_2,0
425.0,B1,西,A1B1,3,0,A1B1_1,0,A1B1_2,3
425.0,B1,南,B0B1,0,0,B0B1_1,0,B0B1_2,0
425.0,B1,东,right1B1,1,0,right1B1_1,0,right1B1_2,1
425.0,B1,北,top1B1,1,0,top1B1_1,0,top1B1_2,0
430.0,A0,北,A1A0,0,0,A1A0_1,0,A1A0_2,0
430.0,A0,东,B0A0,3,1,B0A0_1,0,B0A0_2,1
430.0,A0,南,bottom0A0,1,1,bottom0A0_1,0,bottom0A0_2,0
430.0,A0,西,left0A0,0,0,left0A0_1,0,left0A0_2,0
430.0,A1,南,A0A1,1,0,A0A1_1,0,A0A1_2,0
430.0,A1,东,B1A1,0,0,B1A1_1,0,B1A1_2,0
430.0,A1,西,left1A1,1,0,left1A1_1,0,left1A1_2,1
430.0,A1,北,top0A1,0,0,top0A1_1,0,top0A1_2,0
430.0,B0,西,A0B0,5,2,A0B0_1,0,A0B0_2,3
430.0,B0,北,B1B0,1,0,B1B0_1,0,B1B0_2,0
430.0,B0,南,bottom1B0,0,0,bottom1B0_1,0,bottom1B0_2,0
430.0,B0,东,right0B0,3,2,right0B0_1,0,right0B0_2,0
430.0,B1,西,A1B1,4,1,A1B1_1,0,A1B1_2,3
430.0,B1,南,B0B1,0,0,B0B1_1,0,B0B1_2,0
430.0,B1,东,right1B1,1,0,right1B1_1,0,right1B1_2,1
430.0,B1,北,top1B1,1,0,top1B1_1,0,top1B1_2,0
435.0,A0,北,A1A0,0,0,A1A0_1,0,A1A0_2,0
435.0,A0,东,B0A0,3,0,B0A0_1,0,B0A0_2,1
435.0,A0,南,bottom0A0,1,0,bottom0A0_1,0,bottom0A0_2,0
435.0,A0,西,left0A0,0,0,left0A0_1,0,left0A0_2,0
435.0,A1,南,A0A1,1,0,A0A1_1,0,A0A1_2,0
435.0,A1,东,B1A1,0,0,B1A1_1,0,B1A1_2,0
435.0,A1,西,left1A1,2,1,left1A1_1,0,left1A1_2,1
435.0,A1,北,top0A1,0,0,top0A1_1,0,top0A1_2,0
435.0,B0,西,A0B0,6,1,A0B0_1,0,A0B0_2,3
435.0,B0,北,B1B0,1,0,B1B0_1,0,B1B0_2,0
435.0,B0,南,bottom1B0,0,0,bottom1B0_1,0,bottom1B0_2,0
435.0,B0,东,right0B0,3,0,right0B0_1,0,right0B0_2,0
435.0,B1,西,A1B1,5,1,A1B1_1,0,A1B1_2,3
435.0,B1,南,B0B1,1,1,B0B1_1,0,B0B1_2,0
435.0,B1,东,right1B1,1,0,right1B1_1,0,right1B1_2,1
435.0,B1,北,top1B1,3,2,top1B1_1,0,top1B1_2,0
440.0,A0,北,A1A0,0,0,A1A0_1,0,A1A0_2,0
440.0,A0,东,B0A0,4,1,B0A0_1,0,B0A0_2,2
440.0,A0,南,bottom0A0,1,0,bottom0A0_1,0,bottom0A0_2,0
440.0,A0,西,left0A0,1,1,left0A0_1,0,left0A0_2,0
440.0,A1,南,A0A1,1,0,A0A1_1,0,A0A1_2,0
440.0,A1,东,B1A1,0,0,B1A1_1,0,B1A1_2,0
440.0,A1,西,left1A1,2,0,left1A1_1,0,left1A1_2,1
440.0,A1,北,top0A1,0,0,top0A1_1,0,top0A1_2,0
440.0,B0,西,A0B0,6,0,A0B0_1,0,A0B0_2,3
440.0,B0,北,B1B0,1,0,B1B0_1,1,B1B0_2,0
440.0,B0,南,bottom1B0,0,0,bottom1B0_1,0,bottom1B0_2,0
440.0,B0,东,right0B0,2,0,right0B0_1,0,right0B0_2,0
440.0,B1,西,A1B1,5,0,A1B1_1,0,A1B1_2,3
440.0,B1,南,B0B1,1,0,B0B1_1,0,B0B1_2,0
440.0,B1,东,right1B1,1,0,right1B1_1,0,right1B1_2,1
440.0,B1,北,top1B1,3,0,top1B1_1,1,top1B1_2,0
445.0,A0,北,A1A0,0,0,A1A0_1,0,A1A0_2,0
445.0,A0,东,B0A0,3,0,B0A0_1,0,B0A0_2,0
445.0,A0,南,bottom0A0,1,0,bottom0A0_1,0,bottom0A0_2,0
445.0,A0,西,left0A0,1,0,left0A0_1,0,left0A0_2,0
445.0,A1,南,A0A1,1,0,A0A1_1,0,A0A1_2,1
445.0,A1,东,B1A1,0,0,B1A1_1,0,B1A1_2,0
445.0,A1,西,left1A1,1,0,left1A1_1,0,left1A1_2,0
445.0,A1,北,top0A1,0,0,top0A1_1,0,top0A1_2,0
445.0,B0,西,A0B0,5,0,A0B0_1,0,A0B0_2,1
445.0,B0,北,B1B0,1,0,B1B0_1,1,B1B0_2,0
445.0,B0,南,bottom1B0,0,0,bottom1B0_1,0,bottom1B0_2,0
445.0,B0,东,right0B0,2,0,right0B0_1,0,right0B0_2,0
445.0,B1,西,A1B1,4,0,A1B1_1,0,A1B1_2,1
445.0,B1,南,B0B1,1,0,B0B1_1,0,B0B1_2,0
445.0,B1,东,right1B1,0,0,right1B1_1,0,right1B1_2,0
445.0,B1,北,top1B1,3,0,top1B1_1,1,top1B1_2,0
450.0,A0,北,A1A0,0,0,A1A0_1,0,A1A0_2,0
450.0,A0,东,B0A0,2,0,B0A0_1,0,B0A0_2,0
450.0,A0,南,bottom0A0,0,0,bottom0A0_1,0,bottom0A0_2,0
450.0,A0,西,left0A0,1,0,left0A0_1,0,left0A0_2,0
450.0,A1,南,A0A1,1,0,A0A1_1,0,A0A1_2,1
450.0,A1,东,B1A1,0,0,B1A1_1,0,B1A1_2,0
450.0,A1,西,left1A1,1,0,left1A1_1,0,left1A1_2,0
450.0,A1,北,top0A1,0,0,top0A1_1,0,top0A1_2,0
450.0,B0,西,A0B0,3,0,A0B0_1,0,A0B0_2,0
450.0,B0,北,B1B0,2,1,B1B0_1,1,B1B0_2,0
450.0,B0,南,bottom1B0,0,0,bottom1B0_1,0,bottom1B0_2,0
450.0,B0,东,right0B0,2,0,right0B0_1,0,right0B0_2,0
450.0,B1,西,A1B1,2,0,A1B1_1,0,A1B1_2,0
450.0,B1,南,B0B1,2,1,B0B1_1,0,B0B1_2,0
450.0,B1,东,right1B1,0,0,right1B1_1,0,right1B1_2,0
450.0,B1,北,top1B1,3,0,top1B1_1,1,top1B1_2,0
455.0,A0,北,A1A0,0,0,A1A0_1,0,A1A0_2,0
455.0,A0,东,B0A0,1,0,B0A0_1,0,B0A0_2,0
455.0,A0,南,bottom0A0,0,0,bottom0A0_1,0,bottom0A0_2,0
455.0,A0,西,left0A0,1,0,left0A0_1,0,left0A0_2,0
455.0,A1,南,A0A1,1,0,A0A1_1,0,A0A1_2,1
455.0,A1,东,B1A1,0,0,B1A1_1,0,B1A1_2,0
455.0,A1,西,left1A1,0,0,left1A1_1,0,left1A1_2,0
455.0,A1,北,top0A1,0,0,top0A1_1,0,top0A1_2,0
455.0,B0,西,A0B0,2,1,A0B0_1,0,A0B0_2,0
455.0,B0,北,B1B0,2,0,B1B0_1,1,B1B0_2,0
455.0,B0,南,bottom1B0,0,0,bottom1B0_1,0,bottom1B0_2,0
455.0,B0,东,right0B0,2,0,right0B0_1,1,right0B0_2,0
455.0,B1,西,A1B1,0,0,A1B1_1,0,A1B1_2,0
455.0,B1,南,B0B1,5,3,B0B1_1,0,B0B1_2,0
455.0,B1,东,right1B1,0,0,right1B1_1,0,right1B1_2,0
455.0,B1,北,top1B1,3,0,top1B1_1,2,top1B1_2,0
460.0,A0,北,A1A0,1,1,A1A0_1,0,A1A0_2,0
460.0,A0,东,B0A0,1,0,B0A0_1,0,B0A0_2,0
460.0,A0,南,bottom0A0,0,0,bottom0A0_1,0,bottom0A0_2,0
460.0,A0,西,left0A0,0,0,left0A0_1,0,left0A0_2,0
460.0,A1,南,A0A1,2,1,A0A1_1,0,A0A1_2,1
460.0,A1,东,B1A1,0,0,B1A1_1,0,B1A1_2,0
460.0,A1,西,left1A1,1,1,left1A1_1,0,left1A1_2,0
460.0,A1,北,top0A1,1,1,top0A1_1,0,top0A1_2,0
460.0,B0,西,A0B0,2,1,A0B0_1,0,A0B0_2,0
460.0,B0,北,B1B0,2,0,B1B0_1,1,B1B0_2,0
460.0,B0,南,bottom1B0,0,0,bottom1B0_1,0,bottom1B0_2,0
460.0,B0,东,right0B0,2,0,right0B0_1,1,right0B0_2,0
460.0,B1,西,A1B1,0,0,A1B1_1,0,A1B1_2,0
460.0,B1,南,B0B1,7,2,B0B1_1,1,B0B1_2,0
460.0,B1,东,right1B1,1,1,right1B1_1,0,right1B1_2,0
460.0,B1,北,top1B1,3,0,top1B1_1,3,top1B1_2,0
465.0,A0,北,A1A0,1,0,A1A0_1,0,A1A0_2,0
465.0,A0,东,B0A0,1,0,B0A0_1,0,B0A0_2,1
465.0,A0,南,bottom0A0,1,1,bottom0A0_1,0,bottom0A0_2,0
465.0,A0,西,left0A0,0,0,left0A0_1,0,left0A0_2,0
465.0,A1,南,A0A1,2,0,A0A1_1,0,A0A1_2,1
465.0,A1,东,B1A1,0,0,B1A1_1,0,B1A1_2,0
465.0,A1,西,left1A1,1,0,left1A1_1,0,left1A1_2,0
465.0,A1,北,top0A1,1,0,top0A1_1,0,top0A1_2,0
465.0,B0,西,A0B0,2,0,A0B0_1,0,A0B0_2,0
465.0,B0,北,B1B0,2,0,B1B0_1,1,B1B0_2,0
465.0,B0,南,bottom1B0,0,0,bottom1B0_1,0,bottom1B0_2,0
465.0,B0,东,right0B0,2,0,right0B0_1,1,right0B0_2,0
465.0,B1,西,A1B1,0,0,A1B1_1,0,A1B1_2,0
465.0,B1,南,B0B1,7,0,B0B1_1,1,B0B1_2,0
465.0,B1,东,right1B1,1,0,right1B1_1,0,right1B1_2,0
465.0,B1,北,top1B1,4,1,top1B1_1,3,top1B1_2,0
470.0,A0,北,A1A0,1,0,A1A0_1,0,A1A0_2,0
470.0,A0,东,B0A0,1,0,B0A0_1,0,B0A0_2,1
470.0,A0,南,bottom0A0,1,0,bottom0A0_1,0,bottom0A0_2,0
470.0,A0,西,left0A0,0,0,left0A0_1,0,left0A0_2,0
470.0,A1,南,A0A1,2,0,A0A1_1,0,A0A1_2,1
470.0,A1,东,B1A1,0,0,B1A1_1,0,B1A1_2,0
470.0,A1,西,left1A1,1,0,left1A1_1,0,left1A1_2,0
470.0,A1,北,top0A1,1,0,top0A1_1,0,top0A1_2,0
470.0,B0,西,A0B0,2,0,A0B0_1,0,A0B0_2,0
470.0,B0,北,B1B0,2,0,B1B0_1,1,B1B0_2,0
470.0,B0,南,bottom1B0,0,0,bottom1B0_1,0,bottom1B0_2,0
470.0,B0,东,right0B0,2,0,right0B0_1,1,right0B0_2,0
470.0,B1,西,A1B1,0,0,A1B1_1,0,A1B1_2,0
470.0,B1,南,B0B1,7,0,B0B1_1,1,B0B1_2,0
470.0,B1,东,right1B1,1,0,right1B1_1,0,right1B1_2,0
470.0,B1,北,top1B1,4,0,top1B1_1,3,top1B1_2,0
475.0,A0,北,A1A0,1,0,A1A0_1,0,A1A0_2,0
475.0,A0,东,B0A0,0,0,B0A0_1,0,B0A0_2,0
475.0,A0,南,bottom0A0,1,0,bottom0A0_1,0,bottom0A0_2,0
475.0,A0,西,left0A0,0,0,left0A0_1,0,left0A0_2,0
475.0,A1,南,A0A1,2,0,A0A1_1,0,A0A1_2,1
475.0,A1,东,B1A1,0,0,B1A1_1,0,B1A1_2,0
475.0,A1,西,left1A1,1,0,left1A1_1,0,left1A1_2,0
475.0,A1,北,top0A1,1,0,top0A1_1,0,top0A1_2,0
475.0,B0,西,A0B0,1,0,A0B0_1,0,A0B0_2,0
475.0,B0,北,B1B0,2,0,B1B0_1,2,B1B0_2,0
475.0,B0,南,bottom1B0,0,0,bottom1B0_1,0,bottom1B0_2,0
475.0,B0,东,right0B0,0,0,right0B0_1,0,right0B0_2,0
475.0,B1,西,A1B1,0,0,A1B1_1,0,A1B1_2,0
475.0,B1,南,B0B1,8,1,B0B1_1,2,B0B1_2,0
475.0,B1,东,right1B1,1,0,right1B1_1,0,right1B1_2,0
475.0,B1,北,top1B1,4,0,top1B1_1,3,top1B1_2,0
480.0,A0,北,A1A0,1,0,A1A0_1,0,A1A0_2,0
480.0,A0,东,B0A0,1,1,B0A0_1,0,B0A0_2,0
480.0,A0,南,bottom0A0,1,0,bottom0A0_1,0,bottom0A0_2,0
480.0,A0,西,left0A0,0,0,left0A0_1,0,left0A0_2,0
480.0,A1,南,A0A1,2,0,A0A1_1,0,A0A1_2,2
480.0,A1,东,B1A1,0,0,B1A1_1,0,B1A1_2,0
480.0,A1,西,left1A1,2,1,left1A1_1,1,left1A1_2,0
480.0,A1,北,top0A1,1,0,top0A1_1,0,top0A1_2,0
480.0,B0,西,A0B0,1,0,A0B0_1,0,A0B0_2,0
480.0,B0,北,B1B0,2,0,B1B0_1,2,B1B0_2,0
480.0,B0,南,bottom1B0,0,0,bottom1B0_1,0,bottom1B0_2,0
480.0,B0,东,right0B0,0,0,right0B0_1,0,right0B0_2,0
480.0,B1,西,A1B1,0,0,A1B1_1,0,A1B1_2,0
480.0,B1,南,B0B1,8,1,B0B1_1,4,B0B1_2,0
480.0,B1,东,right1B1,0,0,right1B1_1,0,right1B1_2,0
480.0,B1,北,top1B1,4,0,top1B1_1,3,top1B1_2,0
485.0,A0,北,A1A0,0,0,A1A0_1,0,A1A0_2,0
485.0,A0,东,B0A0,1,0,B0A0_1,0,B0A0_2,0
485.0,A0,南,bottom0A0,0,0,bottom0A0_1,0,bottom0A0_2,0
485.0,A0,西,left0A0,1,1,left0A0_1,0,left0A0_2,0
485.0,A1,南,A0A1,2,0,A0A1_1,0,A0A1_2,2
485.0,A1,东,B1A1,2,2,B1A1_1,0,B1A1_2,0
485.0,A1,西,left1A1,2,0,left1A1_1,1,left1A1_2,0
485.0,A1,北,top0A1,1,0,top0A1_1,0,top0A1_2,1
485.0,B0,西,A0B0,1,0,A0B0_1,0,A0B0_2,1
485.0,B0,北,B1B0,1,0,B1B0_1,0,B1B0_2,0
485.0,B0,南,bottom1B0,0,0,bottom1B0_1,0,bottom1B0_2,0
485.0,B0,东,right0B0,0,0,right0B0_1,0,right0B0_2,0
485.0,B1,西,A1B1,0,0,A1B1_1,0,A1B1_2,0
485.0,B1,南,B0B1,6,0,B0B1_1,3,B0B1_2,0
485.0,B1,东,right1B1,0,0,right1B1_1,0,right1B1_2,0
485.0,B1,北,top1B1,2,0,top1B1_1,1,top1B1_2,0
490.0,A0,北,A1A0,0,0,A1A0_1,0,A1A0_2,0
490.0,A0,东,B0A0,1,0,B0A0_1,0,B0A0_2,0
490.0,A0,南,bottom0A0,0,0,bottom0A0_1,0,bottom0A0_2,0
490.0,A0,西,left0A0,1,0,left0A0_1,0,left0A0_2,0
490.0,A1,南,A0A1,2,0,A0A1_1,0,A0A1_2,2
490.0,A1,东,B1A1,2,0,B1A1_1,0,B1A1_2,0
490.0,A1,西,left1A1,2,0,left1A1_1,1,left1A1_2,0
490.0,A1,北,top0A1,1,0,top0A1_1,0,top0A1_2,1
490.0,B0,西,A0B0,2,1,A0B0_1,0,A0B0_2,1
490.0,B0,北,B1B0,1,1,B1B0_1,0,B1B0_2,0
490.0,B0,南,bottom1B0,0,0,bottom1B0_1,0,bottom1B0_2,0
490.0,B0,东,right0B0,0,0,right0B0_1,0,right0B0_2,0
490.0,B1,西,A1B1,0,0,A1B1_1,0,A1B1_2,0
490.0,B1,南,B0B1,4,0,B0B1_1,0,B0B1_2,0
490.0,B1,东,right1B1,0,0,right1B1_1,0,right1B1_2,0
490.0,B1,北,top1B1,1,1,top1B1_1,0,top1B1_2,0
495.0,A0,北,A1A0,0,0,A1A0_1,0,A1A0_2,0
495.0,A0,东,B0A0,1,0,B0A0_1,0,B0A0_2,0
495.0,A0,南,bottom0A0,0,0,bottom0A0_1,0,bottom0A0_2,0
495.0,A0,西,left0A0,1,0,left0A0_1,0,left0A0_2,0
495.0,A1,南,A0A1,2,0,A0A1_1,0,A0A1_2,2
495.0,A1,东,B1A1,2,0,B1A1_1,0,B1A1_2,0
495.0,A1,西,left1A1,2,0,left1A1_1,1,left1A1_2,0
495.0,A1,北,top0A1,1,0,top0A1_1,0,top0A1_2,1
495.0,B0,西,A0B0,2,0,A0B0_1,0,A0B0_2,1
495.0,B0,北,B1B0,3,2,B1B0_1,0,B1B0_2,0
495.0,B0,南,bottom1B0,0,0,bottom1B0_1,0,bottom1B0_2,0
495.0,B0,东,right0B0,0,0,right0B0_1,0,right0B0_2,0
495.0,B1,西,A1B1,0,0,A1B1_1,0,A1B1_2,0
495.0,B1,南,B0B1,1,0,B0B1_1,0,B0B1_2,0
495.0,B1,东,right1B1,0,0,right1B1_1,0,right1B1_2,0
495.0,B1,北,top1B1,1,0,top1B1_1,0,top1B1_2,0
500.0,A0,北,A1A0,0,0,A1A0_1,0,A1A0_2,0
500.0,A0,东,B0A0,1,0,B0A0_1,0,B0A0_2,0
500.0,A0,南,bottom0A0,0,0,bottom0A0_1,0,bottom0A0_2,0
500.0,A0,西,left0A0,1,0,left0A0_1,0,left0A0_2,0
500.0,A1,南,A0A1,2,0,A0A1_1,0,A0A1_2,2
500.0,A1,东,B1A1,2,0,B1A1_1,0,B1A1_2,0
500.0,A1,西,left1A1,2,0,left1A1_1,1,left1A1_2,0
500.0,A1,北,top0A1,1,0,top0A1_1,0,top0A1_2,1
500.0,B0,西,A0B0,2,0,A0B0_1,0,A0B0_2,1
500.0,B0,北,B1B0,3,0,B1B0_1,0,B1B0_2,0
500.0,B0,南,bottom1B0,0,0,bottom1B0_1,0,bottom1B0_2,0
500.0,B0,东,right0B0,0,0,right0B0_1,0,right0B0_2,0
500.0,B1,西,A1B1,0,0,A1B1_1,0,A1B1_2,0
500.0,B1,南,B0B1,0,0,B0B1_1,0,B0B1_2,0
500.0,B1,东,right1B1,0,0,right1B1_1,0,right1B1_2,0
500.0,B1,北,top1B1,1,0,top1B1_1,0,top1B1_2,0
505.0,A0,北,A1A0,0,0,A1A0_1,0,A1A0_2,0
505.0,A0,东,B0A0,1,0,B0A0_1,1,B0A0_2,0
505.0,A0,南,bottom0A0,1,1,bottom0A0_1,0,bottom0A0_2,0
505.0,A0,西,left0A0,1,0,left0A0_1,0,left0A0_2,0
505.0,A1,南,A0A1,1,0,A0A1_1,0,A0A1_2,0
505.0,A1,东,B1A1,2,0,B1A1_1,0,B1A1_2,0
505.0,A1,西,left1A1,1,0,left1A1_1,1,left1A1_2,0
505.0,A1,北,top0A1,0,0,top0A1_1,0,top0A1_2,0
505.0,B0,西,A0B0,2,0,A0B0_1,0,A0B0_2,1
505.0,B0,北,B1B0,3,0,B1B0_1,0,B1B0_2,0
505.0,B0,南,bottom1B0,1,1,bottom1B0_1,0,bottom1B0_2,0
505.0,B0,东,right0B0,0,0,right0B0_1,0,right0B0_2,0
505.0,B1,西,A1B1,0,0,A1B1_1,0,A1B1_2,0
505.0,B1,南,B0B1,0,0,B0B1_1,0,B0B1_2,0
505.0,B1,东,right1B1,0,0,right1B1_1,0,right1B1_2,0
505.0,B1,北,top1B1,1,0,top1B1_1,0,top1B1_2,0
510.0,A0,北,A1A0,1,1,A1A0_1,0,A1A0_2,0
510.0,A0,东,B0A0,1,0,B0A0_1,1,B0A0_2,0
510.0,A0,南,bottom0A0,1,0,bottom0A0_1,0,bottom0A0_2,0
510.0,A0,西,left0A0,1,0,left0A0_1,1,left0A0_2,0
510.0,A1,南,A0A1,0,0,A0A1_1,0,A0A1_2,0
510.0,A1,东,B1A1,1,0,B1A1_1,0,B1A1_2,1
510.0,A1,西,left1A1,1,0,left1A1_1,1,left1A1_2,0
510.0,A1,北,top0A1,0,0,top0A1_1,0,top0A1_2,0
510.0,B0,西,A0B0,2,0,A0B0_1,0,A0B0_2,2
510.0,B0,北,B1B0,3,0,B1B0_1,0,B1B0_2,0
510.0,B0,南,bottom1B0,1,0,bottom1B0_1,0,bottom1B0_2,0
510.0,B0,东,right0B0,0,0,right0B0_1,0,right0B0_2,0
510.0,B1,西,A1B1,1,1,A1B1_1,0,A1B1_2,0
510.0,B1,南,B0B1,0,0,B0B1_1,0,B0B1_2,0
510.0,B1,东,right1B1,0,0,right1B1_1,0,right1B1_2,0
510.0,B1,北,top1B1,1,0,top1B1_1,1,top1B1_2,0
515.0,A0,北,A1A0,1,0,A1A0_1,0,A1A0_2,0
515.0,A0,东,B0A0,1,0,B0A0_1,1,B0A0_2,0
515.0,A0,南,bottom0A0,1,0,bottom0A0_1,0,bottom0A0_2,0
515.0,A0,西,left0A0,1,0,left0A0_1,1,left0A0_2,0
515.0,A1,南,A0A1,0,0,A0A1_1,0,A0A1_2,0
515.0,A1,东,B1A1,1,0,B1A1_1,0,B1A1_2,1
515.0,A1,西,left1A1,1,0,left1A1_1,1,left1A1_2,0
515.0,A1,北,top0A1,0,0,top0A1_1,0,top0A1_2,0
515.0,B0,西,A0B0,2,0,A0B0_1,0,A0B0_2,2
515.0,B0,北,B1B0,1,0,B1B0_1,0,B1B0_2,0
515.0,B0,南,bottom1B0,1,0,bottom1B0_1,0,bottom1B0_2,0
515.0,B0,东,right0B0,0,0,right0B0_1,0,right0B0_2,0
515.0,B1,西,A1B1,1,0,A1B1_1,0,A1B1_2,0
515.0,B1,南,B0B1,0,0,B0B1_1,0,B0B1_2,0
515.0,B1,东,right1B1,0,0,right1B1_1,0,right1B1_2,0
515.0,B1,北,top1B1,0,0,top1B1_1,0,top1B1_2,0
520.0,A0,北,A1A0,1,0,A1A0_1,0,A1A0_2,0
520.0,A0,东,B0A0,1,0,B0A0_1,1,B0A0_2,0
520.0,A0,南,bottom0A0,1,0,bottom0A0_1,0,bottom0A0_2,0
520.0,A0,西,left0A0,1,0,left0A0_1,1,left0A0_2,0
520.0,A1,南,A0A1,0,0,A0A1_1,0,A0A1_2,0
520.0,A1,东,B1A1,1,0,B1A1_1,0,B1A1_2,1
520.0,A1,西,left1A1,1,0,left1A1_1,1,left1A1_2,0
520.0,A1,北,top0A1,0,0,top0A1_1,0,top0A1_2,0
520.0,B0,西,A0B0,2,0,A0B0_1,0,A0B0_2,2
520.0,B0,北,B1B0,1,1,B1B0_1,0,B1B0_2,0
520.0,B0,南,bottom1B0,1,0,bottom1B0_1,0,bottom1B0_2,0
520.0,B0,东,right0B0,0,0,right0B0_1,0,right0B0_2,0
520.0,B1,西,A1B1,1,0,A1B1_1,0,A1B1_2,0
520.0,B1,南,B0B1,0,0,B0B1_1,0,B0B1_2,0
520.0,B1,东,right1B1,0,0,right1B1_1,0,right1B1_2,0
520.0,B1,北,top1B1,0,0,top1B1_1,0,top1B1_2,0
525.0,A0,北,A1A0,1,0,A1A0_1,0,A1A0_2,0
525.0,A0,东,B0A0,1,0,B0A0_1,1,B0A0_2,0
525.0,A0,南,bottom0A0,1,0,bottom0A0_1,0,bottom0A0_2,0
525.0,A0,西,left0A0,1,0,left0A0_1,1,left0A0_2,0
525.0,A1,南,A0A1,0,0,A0A1_1,0,A0A1_2,0
525.0,A1,东,B1A1,1,0,B1A1_1,0,B1A1_2,1
525.0,A1,西,left1A1,1,0,left1A1_1,1,left1A1_2,0
525.0,A1,北,top0A1,0,0,top0A1_1,0,top0A1_2,0
525.0,B0,西,A0B0,2,0,A0B0_1,0,A0B0_2,2
525.0,B0,北,B1B0,1,0,B1B0_1,0,B1B0_2,0
525.0,B0,南,bottom1B0,1,0,bottom1B0_1,0,bottom1B0_2,0
525.0,B0,东,right0B0,0,0,right0B0_1,0,right0B0_2,0
525.0,B1,西,A1B1,1,0,A1B1_1,0,A1B1_2,0
525.0,B1,南,B0B1,0,0,B0B1_1,0,B0B1_2,0
525.0,B1,东,right1B1,1,1,right1B1_1,0,right1B1_2,0
525.0,B1,北,top1B1,0,0,top1B1_1,0,top1B1_2,0
530.0,A0,北,A1A0,0,0,A1A0_1,0,A1A0_2,0
530.0,A0,东,B0A0,1,0,B0A0_1,1,B0A0_2,0
530.0,A0,南,bottom0A0,0,0,bottom0A0_1,0,bottom0A0_2,0
530.0,A0,西,left0A0,2,1,left0A0_1,1,left0A0_2,0
530.0,A1,南,A0A1,0,0,A0A1_1,0,A0A1_2,0
530.0,A1,东,B1A1,1,0,B1A1_1,0,B1A1_2,1
530.0,A1,西,left1A1,1,0,left1A1_1,1,left1A1_2,0
530.0,A1,北,top0A1,1,1,top0A1_1,0,top0A1_2,0
530.0,B0,西,A0B0,2,0,A0B0_1,0,A0B0_2,2
530.0,B0,北,B1B0,1,0,B1B0_1,0,B1B0_2,0
530.0,B0,南,bottom1B0,1,0,bottom1B0_1,1,bottom1B0_2,0
530.0,B0,东,right0B0,0,0,right0B0_1,0,right0B0_2,0
530.0,B1,西,A1B1,1,0,A1B1_1,0,A1B1_2,0
530.0,B1,南,B0B1,0,0,B0B1_1,0,B0B1_2,0
530.0,B1,东,right1B1,1,0,right1B1_1,0,right1B1_2,0
530.0,B1,北,top1B1,0,0,top1B1_1,0,top1B1_2,0
535.0,A0,北,A1A0,0,0,A1A0_1,0,A1A0_2,0
535.0,A0,东,B0A0,1,0,B0A0_1,1,B0A0_2,0
535.0,A0,南,bottom0A0,0,0,bottom0A0_1,0,bottom0A0_2,0
535.0,A0,西,left0A0,2,0,left0A0_1,1,left0A0_2,0
535.0,A1,南,A0A1,0,0,A0A1_1,0,A0A1_2,0
535.0,A1,东,B1A1,1,0,B1A1_1,0,B1A1_2,1
535.0,A1,西,left1A1,1,0,left1A1_1,1,left1A1_2,0
535.0,A1,北,top0A1,1,0,top0A1_1,0,top0A1_2,0
535.0,B0,西,A0B0,3,1,A0B0_1,0,A0B0_2,2
535.0,B0,北,B1B0,1,0,B1B0_1,0,B1B0_2,0
535.0,B0,南,bottom1B0,0,0,bottom1B0_1,0,bottom1B0_2,0
535.0,B0,东,right0B0,0,0,right0B0_1,0,right0B0_2,0
535.0,B1,西,A1B1,0,0,A1B1_1,0,A1B1_2,0
535.0,B1,南,B0B1,0,0,B0B1_1,0,B0B1_2,0
535.0,B1,东,right1B1,1,0,right1B1_1,0,right1B1_2,0
535.0,B1,北,top1B1,0,0,top1B1_1,0,top1B1_2,0
540.0,A0,北,A1A0,0,0,A1A0_1,0,A1A0_2,0
540.0,A0,东,B0A0,1,0,B0A0_1,1,B0A0_2,0
540.0,A0,南,bottom0A0,0,0,bottom0A0_1,0,bottom0A0_2,0
540.0,A0,西,left0A0,2,0,left0A0_1,1,left0A0_2,0
540.0,A1,南,A0A1,0,0,A0A1_1,0,A0A1_2,0
540.0,A1,东,B1A1,1,0,B1A1_1,0,B1A1_2,1
540.0,A1,西,left1A1,1,0,left1A1_1,1,left1A1_2,0
540.0,A1,北,top0A1,1,0,top0A1_1,0,top0A1_2,0
540.0,B0,西,A0B0,3,0,A0B0_1,0,A0B0_2,2
540.0,B0,北,B1B0,2,1,B1B0_1,1,B1B0_2,0
540.0,B0,南,bottom1B0,0,0,bottom1B0_1,0,bottom1B0_2,0
540.0,B0,东,right0B0,0,0,right0B0_1,0,right0B0_2,0
540.0,B1,西,A1B1,0,0,A1B1_1,0,A1B1_2,0
540.0,B1,南,B0B1,1,1,B0B1_1,0,B0B1_2,0
540.0,B1,东,right1B1,1,0,right1B1_1,0,right1B1_2,0
540.0,B1,北,top1B1,0,0,top1B1_1,0,top1B1_2,0
545.0,A0,北,A1A0,0,0,A1A0_1,0,A1A0_2,0
545.0,A0,东,B0A0,0,0,B0A0_1,0,B0A0_2,0
545.0,A0,南,bottom0A0,0,0,bottom0A0_1,0,bottom0A0_2,0
545.0,A0,西,left0A0,1,0,left0A0_1,0,left0A0_2,0
545.0,A1,南,A0A1,0,0,A0A1_1,0,A0A1_2,0
545.0,A1,东,B1A1,1,0,B1A1_1,0,B1A1_2,1
545.0,A1,西,left1A1,0,0,left1A1_1,0,left1A1_2,0
545.0,A1,北,top0A1,1,0,top0A1_1,0,top0A1_2,0
545.0,B0,西,A0B0,3,0,A0B0_1,0,A0B0_2,2
545.0,B0,北,B1B0,2,0,B1B0_1,1,B1B0_2,0
545.0,B0,南,bottom1B0,0,0,bottom1B0_1,0,bottom1B0_2,0
545.0,B0,东,right0B0,0,0,right0B0_1,0,right0B0_2,0
545.0,B1,西,A1B1,0,0,A1B1_1,0,A1B1_2,0
545.0,B1,南,B0B1,1,0,B0B1_1,0,B0B1_2,0
545.0,B1,东,right1B1,0,0,right1B1_1,0,right1B1_2,0
545.0,B1,北,top1B1,1,1,top1B1_1,0,top1B1_2,0
550.0,A0,北,A1A0,0,0,A1A0_1,0,A1A0_2,0
550.0,A0,东,B0A0,0,0,B0A0_1,0,B0A0_2,0
550.0,A0,南,bottom0A0,0,0,bottom0A0_1,0,bottom0A0_2,0
550.0,A0,西,left0A0,1,0,left0A0_1,0,left0A0_2,0
550.0,A1,南,A0A1,0,0,A0A1_1,0,A0A1_2,0
550.0,A1,东,B1A1,2,1,B1A1_1,0,B1A1_2,1
550.0,A1,西,left1A1,0,0,left1A1_1,0,left1A1_2,0
550.0,A1,北,top0A1,1,0,top0A1_1,0,top0A1_2,0
550.0,B0,西,A0B0,4,1,A0B0_1,0,A0B0_2,2
550.0,B0,北,B1B0,2,0,B1B0_1,1,B1B0_2,0
550.0,B0,南,bottom1B0,0,0,bottom1B0_1,0,bottom1B0_2,0
550.0,B0,东,right0B0,0,0,right0B0_1,0,right0B0_2,0
550.0,B1,西,A1B1,1,1,A1B1_1,0,A1B1_2,0
550.0,B1,南,B0B1,1,0,B0B1_1,0,B0B1_2,0
550.0,B1,东,right1B1,0,0,right1B1_1,0,right1B1_2,0
550.0,B1,北,top1B1,1,0,top1B1_1,0,top1B1_2,0
555.0,A0,北,A1A0,0,0,A1A0_1,0,A1A0_2,0
555.0,A0,东,B0A0,0,0,B0A0_1,0,B0A0_2,0
555.0,A0,南,bottom0A0,0,0,bottom0A0_1,0,bottom0A0_2,0
555.0,A0,西,left0A0,0,0,left0A0_1,0,left0A0_2,0
555.0,A1,南,A0A1,0,0,A0A1_1,0,A0A1_2,0
555.0,A1,东,B1A1,2,0,B1A1_1,0,B1A1_2,1
555.0,A1,西,left1A1,0,0,left1A1_1,0,left1A1_2,0
555.0,A1,北,top0A1,1,0,top0A1_1,0,top0A1_2,1
555.0,B0,西,A0B0,4,1,A0B0_1,0,A0B0_2,2
555.0,B0,北,B1B0,2,0,B1B0_1,1,B1B0_2,0
555.0,B0,南,bottom1B0,0,0,bottom1B0_1,0,bottom1B0_2,0
555.0,B0,东,right0B0,0,0,right0B0_1,0,right0B0_2,0
555.0,B1,西,A1B1,1,0,A1B1_1,0,A1B1_2,0
555.0,B1,南,B0B1,1,0,B0B1_1,0,B0B1_2,0
555.0,B1,东,right1B1,0,0,right1B1_1,0,right1B1_2,0
555.0,B1,北,top1B1,1,0,top1B1_1,0,top1B1_2,0
560.0,A0,北,A1A0,0,0,A1A0_1,0,A1A0_2,0
560.0,A0,东,B0A0,0,0,B0A0_1,0,B0A0_2,0
560.0,A0,南,bottom0A0,0,0,bottom0A0_1,0,bottom0A0_2,0
560.0,A0,西,left0A0,0,0,left0A0_1,0,left0A0_2,0
560.0,A1,南,A0A1,0,0,A0A1_1,0,A0A1_2,0
560.0,A1,东,B1A1,2,0,B1A1_1,0,B1A1_2,1
560.0,A1,西,left1A1,0,0,left1A1_1,0,left1A1_2,0
560.0,A1,北,top0A1,1,0,top0A1_1,0,top0A1_2,1
560.0,B0,西,A0B0,4,0,A0B0_1,0,A0B0_2,2
560.0,B0,北,B1B0,2,0,B1B0_1,1,B1B0_2,0
560.0,B0,南,bottom1B0,0,0,bottom1B0_1,0,bottom1B0_2,0
560.0,B0,东,right0B0,0,0,right0B0_1,0,right0B0_2,0
560.0,B1,西,A1B1,1,0,A1B1_1,0,A1B1_2,0
560.0,B1,南,B0B1,1,0,B0B1_1,0,B0B1_2,0
560.0,B1,东,right1B1,0,0,right1B1_1,0,right1B1_2,0
560.0,B1,北,top1B1,2,1,top1B1_1,0,top1B1_2,0
565.0,A0,北,A1A0,0,0,A1A0_1,0,A1A0_2,0
565.0,A0,东,B0A0,0,0,B0A0_1,0,B0A0_2,0
565.0,A0,南,bottom0A0,0,0,bottom0A0_1,0,bottom0A0_2,0
565.0,A0,西,left0A0,0,0,left0A0_1,0,left0A0_2,0
565.0,A1,南,A0A1,0,0,A0A1_1,0,A0A1_2,0
565.0,A1,东,B1A1,1,0,B1A1_1,0,B1A1_2,0
565.0,A1,西,left1A1,1,1,left1A1_1,0,left1A1_2,0
565.0,A1,北,top0A1,1,0,top0A1_1,0,top0A1_2,1
565.0,B0,西,A0B0,3,0,A0B0_1,0,A0B0_2,0
565.0,B0,北,B1B0,2,0,B1B0_1,1,B1B0_2,1
565.0,B0,南,bottom1B0,0,0,bottom1B0_1,0,bottom1B0_2,0
565.0,B0,东,right0B0,0,0,right0B0_1,0,right0B0_2,0
565.0,B1,西,A1B1,1,0,A1B1_1,0,A1B1_2,0
565.0,B1,南,B0B1,1,0,B0B1_1,1,B0B1_2,0
565.0,B1,东,right1B1,0,0,right1B1_1,0,right1B1_2,0
565.0,B1,北,top1B1,2,0,top1B1_1,0,top1B1_2,1
570.0,A0,北,A1A0,1,1,A1A0_1,0,A1A0_2,0
570.0,A0,东,B0A0,0,0,B0A0_1,0,B0A0_2,0
570.0,A0,南,bottom0A0,0,0,bottom0A0_1,0,bottom0A0_2,0
570.0,A0,西,left0A0,0,0,left0A0_1,0,left0A0_2,0
570.0,A1,南,A0A1,0,0,A0A1_1,0,A0A1_2,0
570.0,A1,东,B1A1,0,0,B1A1_1,0,B1A1_2,0
570.0,A1,西,left1A1,1,0,left1A1_1,0,left1A1_2,0
570.0,A1,北,top0A1,1,0,top0A1_1,0,top0A1_2,1
570.0,B0,西,A0B0,1,0,A0B0_1,0,A0B0_2,0
570.0,B0,北,B1B0,2,0,B1B0_1,1,B1B0_2,1
570.0,B0,南,bottom1B0,0,0,bottom1B0_1,0,bottom1B0_2,0
570.0,B0,东,right0B0,0,0,right0B0_1,0,right0B0_2,0
570.0,B1,西,A1B1,1,0,A1B1_1,0,A1B1_2,0
570.0,B1,南,B0B1,2,1,B0B1_1,1,B0B1_2,0
570.0,B1,东,right1B1,0,0,right1B1_1,0,right1B1_2,0
570.0,B1,北,top1B1,2,0,top1B1_1,0,top1B1_2,1
575.0,A0,北,A1A0,2,1,A1A0_1,0,A1A0_2,0
575.0,A0,东,B0A0,0,0,B0A0_1,0,B0A0_2,0
575.0,A0,南,bottom0A0,0,0,bottom0A0_1,0,bottom0A0_2,0
575.0,A0,西,left0A0,0,0,left0A0_1,0,left0A0_2,0
575.0,A1,南,A0A1,0,0,A0A1_1,0,A0A1_2,0
575.0,A1,东,B1A1,0,0,B1A1_1,0,B1A1_2,0
575.0,A1,西,left1A1,1,0,left1A1_1,0,left1A1_2,0
575.0,A1,北,top0A1,1,0,top0A1_1,0,top0A1_2,1
575.0,B0,西,A0B0,1,0,A0B0_1,0,A0B0_2,0
575.0,B0,北,B1B0,2,0,B1B0_1,1,B1B0_2,1
575.0,B0,南,bottom1B0,0,0,bottom1B0_1,0,bottom1B0_2,0
575.0,B0,东,right0B0,0,0,right0B0_1,0,right0B0_2,0
575.0,B1,西,A1B1,0,0,A1B1_1,0,A1B1_2,0
575.0,B1,南,B0B1,4,2,B0B1_1,1,B0B1_2,0
575.0,B1,东,right1B1,0,0,right1B1_1,0,right1B1_2,0
575.0,B1,北,top1B1,2,0,top1B1_1,0,top1B1_2,1
580.0,A0,北,A1A0,2,0,A1A0_1,0,A1A0_2,0
580.0,A0,东,B0A0,0,0,B0A0_1,0,B0A0_2,0
580.0,A0,南,bottom0A0,0,0,bottom0A0_1,0,bottom0A0_2,0
580.0,A0,西,left0A0,2,2,left0A0_1,0,left0A0_2,0
580.0,A1,南,A0A1,0,0,A0A1_1,0,A0A1_2,0
580.0,A1,东,B1A1,0,0,B1A1_1,0,B1A1_2,0
580.0,A1,西,left1A1,2,1,left1A1_1,0,left1A1_2,0
580.0,A1,北,top0A1,1,0,top0A1_1,0,top0A1_2,1
580.0,B0,西,A0B0,0,0,A0B0_1,0,A0B0_2,0
580.0,B0,北,B1B0,2,0,B1B0_1,1,B1B0_2,1
580.0,B0,南,bottom1B0,1,1,bottom1B0_1,0,bottom1B0_2,0
580.0,B0,东,right0B0,0,0,right0B0_1,0,right0B0_2,0
580.0,B1,西,A1B1,0,0,A1B1_1,0,A1B1_2,0
580.0,B1,南,B0B1,5,1,B0B1_1,1,B0B1_2,0
580.0,B1,东,right1B1,0,0,right1B1_1,0,right1B1_2,0
580.0,B1,北,top1B1,2,0,top1B1_1,0,top1B1_2,2
585.0,A0,北,A1A0,2,0,A1A0_1,0,A1A0_2,0
585.0,A0,东,B0A0,0,0,B0A0_1,0,B0A0_2,0
585.0,A0,南,bottom0A0,0,0,bottom0A0_1,0,bottom0A0_2,0
585.0,A0,西,left0A0,2,0,left0A0_1,0,left0A0_2,0
585.0,A1,南,A0A1,0,0,A0A1_1,0,A0A1_2,0
585.0,A1,东,B1A1,0,0,B1A1_1,0,B1A1_2,0
585.0,A1,西,left1A1,3,1,left1A1_1,0,left1A1_2,0
585.0,A1,北,top0A1,1,0,top0A1_1,0,top0A1_2,1
585.0,B0,西,A0B0,0,0,A0B0_1,0,A0B0_2,0
585.0,B0,北,B1B0,2,0,B1B0_1,1,B1B0_2,1
585.0,B0,南,bottom1B0,1,0,bottom1B0_1,0,bottom1B0_2,0
585.0,B0,东,right0B0,0,0,right0B0_1,0,right0B0_2,0
585.0,B1,西,A1B1,0,0,A1B1_1,0,A1B1_2,0
585.0,B1,南,B0B1,5,0,B0B1_1,1,B0B1_2,0
585.0,B1,东,right1B1,0,0,right1B1_1,0,right1B1_2,0
585.0,B1,北,top1B1,2,0,top1B1_1,0,top1B1_2,2
590.0,A0,北,A1A0,2,0,A1A0_1,0,A1A0_2,0
590.0,A0,东,B0A0,0,0,B0A0_1,0,B0A0_2,0
590.0,A0,南,bottom0A0,0,0,bottom0A0_1,0,bottom0A0_2,0
590.0,A0,西,left0A0,2,0,left0A0_1,0,left0A0_2,0
590.0,A1,南,A0A1,0,0,A0A1_1,0,A0A1_2,0
590.0,A1,东,B1A1,0,0,B1A1_1,0,B1A1_2,0
590.0,A1,西,left1A1,2,0,left1A1_1,0,left1A1_2,0
590.0,A1,北,top0A1,1,0,top0A1_1,0,top0A1_2,1
590.0,B0,西,A0B0,0,0,A0B0_1,0,A0B0_2,0
590.0,B0,北,B1B0,2,0,B1B0_1,1,B1B0_2,1
590.0,B0,南,bottom1B0,1,0,bottom1B0_1,0,bottom1B0_2,0
590.0,B0,东,right0B0,0,0,right0B0_1,0,right0B0_2,0
590.0,B1,西,A1B1,1,1,A1B1_1,0,A1B1_2,0
590.0,B1,南,B0B1,5,0,B0B1_1,1,B0B1_2,0
590.0,B1,东,right1B1,0,0,right1B1_1,0,right1B1_2,0
590.0,B1,北,top1B1,2,0,top1B1_1,0,top1B1_2,2
595.0,A0,北,A1A0,1,0,A1A0_1,0,A1A0_2,0
595.0,A0,东,B0A0,0,0,B0A0_1,0,B0A0_2,0
595.0,A0,南,bottom0A0,0,0,bottom0A0_1,0,bottom0A0_2,0
595.0,A0,西,left0A0,2,0,left0A0_1,0,left0A0_2,0
595.0,A1,南,A0A1,0,0,A0A1_1,0,A0A1_2,0
595.0,A1,东,B1A1,0,0,B1A1_1,0,B1A1_2,0
595.0,A1,西,left1A1,2,0,left1A1_1,0,left1A1_2,0
595.0,A1,北,top0A1,1,0,top0A1_1,0,top0A1_2,1
595.0,B0,西,A0B0,0,0,A0B0_1,0,A0B0_2,0
595.0,B0,北,B1B0,2,0,B1B0_1,1,B1B0_2,1
595.0,B0,南,bottom1B0,1,0,bottom1B0_1,0,bottom1B0_2,0
595.0,B0,东,right0B0,0,0,right0B0_1,0,right0B0_2,0
595.0,B1,西,A1B1,1,0,A1B1_1,0,A1B1_2,0
595.0,B1,南,B0B1,4,0,B0B1_1,3,B0B1_2,0
595.0,B1,东,right1B1,0,0,right1B1_1,0,right1B1_2,0
595.0,B1,北,top1B1,2,0,top1B1_1,0,top1B1_2,2
600.0,A0,北,A1A0,0,0,A1A0_1,0,A1A0_2,0
600.0,A0,东,B0A0,0,0,B0A0_1,0,B0A0_2,0
600.0,A0,南,bottom0A0,0,0,bottom0A0_1,0,bottom0A0_2,0
600.0,A0,西,left0A0,2,0,left0A0_1,0,left0A0_2,0
600.0,A1,南,A0A1,0,0,A0A1_1,0,A0A1_2,0
600.0,A1,东,B1A1,0,0,B1A1_1,0,B1A1_2,0
600.0,A1,西,left1A1,2,0,left1A1_1,0,left1A1_2,0
600.0,A1,北,top0A1,2,1,top0A1_1,0,top0A1_2,1
600.0,B0,西,A0B0,0,0,A0B0_1,0,A0B0_2,0
600.0,B0,北,B1B0,2,0,B1B0_1,1,B1B0_2,1
600.0,B0,南,bottom1B0,1,0,bottom1B0_1,0,bottom1B0_2,0
600.0,B0,东,right0B0,0,0,right0B0_1,0,right0B0_2,0
600.0,B1,西,A1B1,1,0,A1B1_1,0,A1B1_2,0
600.0,B1,南,B0B1,4,0,B0B1_1,4,B0B1_2,0
600.0,B1,东,right1B1,0,0,right1B1_1,0,right1B1_2,0
600.0,B1,北,top1B1,2,0,top1B1_1,0,top1B1_2,2
605.0,A0,北,A1A0,1,1,A1A0_1,0,A1A0_2,0
605.0,A0,东,B0A0,0,0,B0A0_1,0,B0A0_2,0
605.0,A0,南,bottom0A0,1,1,bottom0A0_1,0,bottom0A0_2,0
605.0,A0,西,left0A0,2,0,left0A0_1,2,left0A0_2,0
605.0,A1,南,A0A1,0,0,A0A1_1,0,A0A1_2,0
605.0,A1,东,B1A1,0,0,B1A1_1,0,B1A1_2,0
605.0,A1,西,left1A1,1,0,left1A1_1,0,left1A1_2,0
605.0,A1,北,top0A1,2,0,top0A1_1,0,top0A1_2,1
605.0,B0,西,A0B0,0,0,A0B0_1,0,A0B0_2,0
605.0,B0,北,B1B0,1,0,B1B0_1,0,B1B0_2,1
605.0,B0,南,bottom1B0,0,0,bottom1B0_1,0,bottom1B0_2,0
605.0,B0,东,right0B0,0,0,right0B0_1,0,right0B0_2,0
605.0,B1,西,A1B1,1,0,A1B1_1,0,A1B1_2,0
605.0,B1,南,B0B1,3,0,B0B1_1,2,B0B1_2,0
605.0,B1,东,right1B1,0,0,right1B1_1,0,right1B1_2,0
605.0,B1,北,top1B1,3,1,top1B1_1,0,top1B1_2,2
610.0,A0,北,A1A0,1,0,A1A0_1,0,A1A0_2,0
610.0,A0,东,B0A0,0,0,B0A0_1,0,B0A0_2,0
610.0,A0,南,bottom0A0,1,0,bottom0A0_1,0,bottom0A0_2,0
610.0,A0,西,left0A0,3,1,left0A0_1,2,left0A0_2,0
610.0,A1,南,A0A1,0,0,A0A1_1,0,A0A1_2,0
610.0,A1,东,B1A1,0,0,B1A1_1,0,B1A1_2,0
610.0,A1,西,left1A1,1,0,left1A1_1,0,left1A1_2,0
610.0,A1,北,top0A1,2,0,top0A1_1,0,top0A1_2,1
610.0,B0,西,A0B0,0,0,A0B0_1,0,A0B0_2,0
610.0,B0,北,B1B0,1,0,B1B0_1,0,B1B0_2,1
610.0,B0,南,bottom1B0,0,0,bottom1B0_1,0,bottom1B0_2,0
610.0,B0,东,right0B0,0,0,right0B0_1,0,right0B0_2,0
610.0,B1,西,A1B1,1,0,A1B1_1,0,A1B1_2,0
610.0,B1,南,B0B1,1,0,B0B1_1,0,B0B1_2,0
610.0,B1,东,right1B1,0,0,right1B1_1,0,right1B1_2,0
610.0,B1,北,top1B1,3,0,top1B1_1,0,top1B1_2,2
615.0,A0,北,A1A0,1,0,A1A0_1,0,A1A0_2,0
615.0,A0,东,B0A0,0,0,B0A0_1,0,B0A0_2,0
615.0,A0,南,bottom0A0,1,0,bottom0A0_1,0,bottom0A0_2,0
615.0,A0,西,left0A0,4,1,left0A0_1,2,left0A0_2,0
615.0,A1,南,A0A1,0,0,A0A1_1,0,A0A1_2,0
615.0,A1,东,B1A1,0,0,B1A1_1,0,B1A1_2,0
615.0,A1,西,left1A1,1,0,left1A1_1,1,left1A1_2,0
615.0,A1,北,top0A1,2,0,top0A1_1,0,top0A1_2,1
615.0,B0,西,A0B0,0,0,A0B0_1,0,A0B0_2,0
615.0,B0,北,B1B0,1,0,B1B0_1,0,B1B0_2,1
615.0,B0,南,bottom1B0,0,0,bottom1B0_1,0,bottom1B0_2,0
615.0,B0,东,right0B0,0,0,right0B0_1,0,right0B0_2,0
615.0,B1,西,A1B1,1,0,A1B1_1,0,A1B1_2,0
615.0,B1,南,B0B1,0,0,B0B1_1,0,B0B1_2,0
615.0,B1,东,right1B1,0,0,right1B1_1,0,right1B1_2,0
615.0,B1,北,top1B1,3,0,top1B1_1,0,top1B1_2,2
620.0,A0,北,A1A0,1,0,A1A0_1,0,A1A0_2,0
620.0,A0,东,B0A0,0,0,B0A0_1,0,B0A0_2,0
620.0,A0,南,bottom0A0,1,0,bottom0A0_1,0,bottom0A0_2,0
620.0,A0,西,left0A0,8,4,left0A0_1,2,left0A0_2,0
620.0,A1,南,A0A1,0,0,A0A1_1,0,A0A1_2,0
620.0,A1,东,B1A1,0,0,B1A1_1,0,B1A1_2,0
620.0,A1,西,left1A1,5,4,left1A1_1,1,left1A1_2,0
620.0,A1,北,top0A1,2,0,top0A1_1,0,top0A1_2,1
620.0,B0,西,A0B0,0,0,A0B0_1,0,A0B0_2,0
620.0,B0,北,B1B0,1,0,B1B0_1,0,B1B0_2,1
620.0,B0,南,bottom1B0,0,0,bottom1B0_1,0,bottom1B0_2,0
620.0,B0,东,right0B0,0,0,right0B0_1,0,right0B0_2,0
620.0,B1,西,A1B1,1,0,A1B1_1,0,A1B1_2,0
620.0,B1,南,B0B1,0,0,B0B1_1,0,B0B1_2,0
620.0,B1,东,right1B1,0,0,right1B1_1,0,right1B1_2,0
620.0,B1,北,top1B1,3,0,top1B1_1,0,top1B1_2,2
625.0,A0,北,A1A0,1,0,A1A0_1,0,A1A0_2,0
625.0,A0,东,B0A0,0,0,B0A0_1,0,B0A0_2,0
625.0,A0,南,bottom0A0,1,0,bottom0A0_1,0,bottom0A0_2,0
625.0,A0,西,left0A0,13,5,left0A0_1,2,left0A0_2,0
625.0,A1,南,A0A1,0,0,A0A1_1,0,A0A1_2,0
625.0,A1,东,B1A1,0,0,B1A1_1,0,B1A1_2,0
625.0,A1,西,left1A1,10,5,left1A1_1,1,left1A1_2,0
625.0,A1,北,top0A1,1,0,top0A1_1,0,top0A1_2,0
625.0,B0,西,A0B0,0,0,A0B0_1,0,A0B0_2,0
625.0,B0,北,B1B0,1,1,B1B0_1,0,B1B0_2,0
625.0,B0,南,bottom1B0,0,0,bottom1B0_1,0,bottom1B0_2,0
625.0,B0,东,right0B0,6,6,right0B0_1,0,right0B0_2,0
625.0,B1,西,A1B1,0,0,A1B1_1,0,A1B1_2,0
625.0,B1,南,B0B1,0,0,B0B1_1,0,B0B1_2,0
625.0,B1,东,right1B1,0,0,right1B1_1,0,right1B1_2,0
625.0,B1,北,top1B1,2,0,top1B1_1,0,top1B1_2,0
630.0,A0,北,A1A0,0,0,A1A0_1,0,A1A0_2,0
630.0,A0,东,B0A0,0,0,B0A0_1,0,B0A0_2,0
630.0,A0,南,bottom0A0,1,0,bottom0A0_1,1,bottom0A0_2,0
630.0,A0,西,left0A0,16,3,left0A0_1,2,left0A0_2,0
630.0,A1,南,A0A1,0,0,A0A1_1,0,A0A1_2,0
630.0,A1,东,B1A1,0,0,B1A1_1,0,B1A1_2,0
630.0,A1,西,left1A1,13,3,left1A1_1,1,left1A1_2,0
630.0,A1,北,top0A1,0,0,top0A1_1,0,top0A1_2,0
630.0,B0,西,A0B0,0,0,A0B0_1,0,A0B0_2,0
630.0,B0,北,B1B0,1,0,B1B0_1,0,B1B0_2,0
630.0,B0,南,bottom1B0,0,0,bottom1B0_1,0,bottom1B0_2,0
630.0,B0,东,right0B0,6,0,right0B0_1,0,right0B0_2,0
630.0,B1,西,A1B1,2,2,A1B1_1,0,A1B1_2,0
630.0,B1,南,B0B1,0,0,B0B1_1,0,B0B1_2,0
630.0,B1,东,right1B1,0,0,right1B1_1,0,right1B1_2,0
630.0,B1,北,top1B1,1,0,top1B1_1,1,top1B1_2,0
635.0,A0,北,A1A0,0,0,A1A0_1,0,A1A0_2,0
635.0,A0,东,B0A0,0,0,B0A0_1,0,B0A0_2,0
635.0,A0,南,bottom0A0,7,6,bottom0A0_1,1,bottom0A0_2,0
635.0,A0,西,left0A0,16,0,left0A0_1,3,left0A0_2,0
635.0,A1,南,A0A1,0,0,A0A1_1,0,A0A1_2,0
635.0,A1,东,B1A1,0,0,B1A1_1,0,B1A1_2,0
635.0,A1,西,left1A1,13,0,left1A1_1,1,left1A1_2,0
635.0,A1,北,top0A1,0,0,top0A1_1,0,top0A1_2,0
635.0,B0,西,A0B0,0,0,A0B0_1,0,A0B0_2,0
635.0,B0,北,B1B0,1,0,B1B0_1,0,B1B0_2,0
635.0,B0,南,bottom1B0,6,6,bottom1B0_1,0,bottom1B0_2,0
635.0,B0,东,right0B0,6,0,right0B0_1,0,right0B0_2,0
635.0,B1,西,A1B1,2,0,A1B1_1,0,A1B1_2,0
635.0,B1,南,B0B1,0,0,B0B1_1,0,B0B1_2,0
635.0,B1,东,right1B1,0,0,right1B1_1,0,right1B1_2,0
635.0,B1,北,top1B1,0,0,top1B1_1,0,top1B1_2,0
640.0,A0,北,A1A0,0,0,A1A0_1,0,A1A0_2,0
640.0,A0,东,B0A0,0,0,B0A0_1,0,B0A0_2,0
640.0,A0,南,bottom0A0,7,0,bottom0A0_1,1,bottom0A0_2,0
640.0,A0,西,left0A0,19,3,left0A0_1,3,left0A0_2,1
640.0,A1,南,A0A1,0,0,A0A1_1,0,A0A1_2,0
640.0,A1,东,B1A1,0,0,B1A1_1,0,B1A1_2,0
640.0,A1,西,left1A1,13,0,left1A1_1,3,left1A1_2,0
640.0,A1,北,top0A1,0,0,top0A1_1,0,top0A1_2,0
640.0,B0,西,A0B0,0,0,A0B0_1,0,A0B0_2,0
640.0,B0,北,B1B0,2,1,B1B0_1,0,B1B0_2,0
640.0,B0,南,bottom1B0,6,0,bottom1B0_1,0,bottom1B0_2,0
640.0,B0,东,right0B0,6,0,right0B0_1,0,right0B0_2,0
640.0,B1,西,A1B1,2,0,A1B1_1,0,A1B1_2,0
640.0,B1,南,B0B1,0,0,B0B1_1,0,B0B1_2,0
640.0,B1,东,right1B1,0,0,right1B1_1,0,right1B1_2,0
640.0,B1,北,top1B1,6,6,top1B1_1,0,top1B1_2,0
645.0,A0,北,A1A0,0,0,A1A0_1,0,A1A0_2,0
645.0,A0,东,B0A0,0,0,B0A0_1,0,B0A0_2,0
645.0,A0,南,bottom0A0,7,0,bottom0A0_1,1,bottom0A0_2,0
645.0,A0,西,left0A0,22,3,left0A0_1,7,left0A0_2,1
645.0,A1,南,A0A1,0,0,A0A1_1,0,A0A1_2,0
645.0,A1,东,B1A1,0,0,B1A1_1,0,B1A1_2,0
645.0,A1,西,left1A1,19,6,left1A1_1,4,left1A1_2,0
645.0,A1,北,top0A1,0,0,top0A1_1,0,top0A1_2,0
645.0,B0,西,A0B0,0,0,A0B0_1,0,A0B0_2,0
645.0,B0,北,B1B0,2,0,B1B0_1,0,B1B0_2,0
645.0,B0,南,bottom1B0,6,0,bottom1B0_1,0,bottom1B0_2,0
645.0,B0,东,right0B0,6,0,right0B0_1,0,right0B0_2,0
645.0,B1,西,A1B1,2,0,A1B1_1,0,A1B1_2,0
645.0,B1,南,B0B1,0,0,B0B1_1,0,B0B1_2,0
645.0,B1,东,right1B1,0,0,right1B1_1,0,right1B1_2,0
645.0,B1,北,top1B1,6,0,top1B1_1,0,top1B1_2,0
650.0,A0,北,A1A0,0,0,A1A0_1,0,A1A0_2,0
650.0,A0,东,B0A0,0,0,B0A0_1,0,B0A0_2,0
650.0,A0,南,bottom0A0,13,6,bottom0A0_1,1,bottom0A0_2,0
650.0,A0,西,left0A0,22,0,left0A0_1,9,left0A0_2,1
650.0,A1,南,A0A1,0,0,A0A1_1,0,A0A1_2,0
650.0,A1,东,B1A1,0,0,B1A1_1,0,B1A1_2,0
650.0,A1,西,left1A1,19,0,left1A1_1,7,left1A1_2,0
650.0,A1,北,top0A1,0,0,top0A1_1,0,top0A1_2,0
650.0,B0,西,A0B0,0,0,A0B0_1,0,A0B0_2,0
650.0,B0,北,B1B0,1,0,B1B0_1,0,B1B0_2,0
650.0,B0,南,bottom1B0,6,0,bottom1B0_1,0,bottom1B0_2,0
650.0,B0,东,right0B0,5,0,right0B0_1,0,right0B0_2,0
650.0,B1,西,A1B1,2,0,A1B1_1,0,A1B1_2,0
650.0,B1,南,B0B1,1,1,B0B1_1,0,B0B1_2,0
650.0,B1,东,right1B1,0,0,right1B1_1,0,right1B1_2,0
650.0,B1,北,top1B1,6,0,top1B1_1,0,top1B1_2,0
655.0,A0,北,A1A0,0,0,A1A0_1,0,A1A0_2,0
655.0,A0,东,B0A0,0,0,B0A0_1,0,B0A0_2,0
655.0,A0,南,bottom0A0,11,0,bottom0A0_1,0,bottom0A0_2,0
655.0,A0,西,left0A0,22,0,left0A0_1,12,left0A0_2,1
655.0,A1,南,A0A1,0,0,A0A1_1,0,A0A1_2,0
655.0,A1,东,B1A1,0,0,B1A1_1,0,B1A1_2,0
655.0,A1,西,left1A1,19,0,left1A1_1,7,left1A1_2,2
655.0,A1,北,top0A1,0,0,top0A1_1,0,top0A1_2,0
655.0,B0,西,A0B0,0,0,A0B0_1,0,A0B0_2,0
655.0,B0,北,B1B0,1,0,B1B0_1,0,B1B0_2,0
655.0,B0,南,bottom1B0,5,0,bottom1B0_1,0,bottom1B0_2,0
655.0,B0,东,right0B0,4,0,right0B0_1,0,right0B0_2,0
655.0,B1,西,A1B1,1,0,A1B1_1,0,A1B1_2,0
655.0,B1,南,B0B1,2,1,B0B1_1,0,B0B1_2,0
655.0,B1,东,right1B1,0,0,right1B1_1,0,right1B1_2,0
655.0,B1,北,top1B1,6,0,top1B1_1,0,top1B1_2,0
660.0,A0,北,A1A0,0,0,A1A0_1,0,A1A0_2,0
660.0,A0,东,B0A0,2,2,B0A0_1,0,B0A0_2,0
660.0,A0,南,bottom0A0,9,0,bottom0A0_1,0,bottom0A0_2,0
660.0,A0,西,left0A0,22,0,left0A0_1,16,left0A0_2,1
660.0,A1,南,A0A1,1,1,A0A1_1,0,A0A1_2,0
660.0,A1,东,B1A1,0,0,B1A1_1,0,B1A1_2,0
660.0,A1,西,left1A1,19,0,left1A1_1,7,left1A1_2,5
660.0,A1,北,top0A1,0,0,top0A1_1,0,top0A1_2,0
660.0,B0,西,A0B0,0,0,A0B0_1,0,A0B0_2,0
660.0,B0,北,B1B0,2,1,B1B0_1,0,B1B0_2,0
660.0,B0,南,bottom1B0,3,0,bottom1B0_1,0,bottom1B0_2,0
660.0,B0,东,right0B0,3,0,right0B0_1,0,right0B0_2,0
660.0,B1,西,A1B1,0,0,A1B1_1,0,A1B1_2,0
660.0,B1,南,B0B1,2,0,B0B1_1,0,B0B1_2,0
660.0,B1,东,right1B1,0,0,right1B1_1,0,right1B1_2,0
660.0,B1,北,top1B1,9,4,top1B1_1,0,top1B1_2,0
665.0,A0,北,A1A0,0,0,A1A0_1,0,A1A0_2,0
665.0,A0,东,B0A0,3,1,B0A0_1,0,B0A0_2,0
665.0,A0,南,bottom0A0,9,0,bottom0A0_1,0,bottom0A0_2,2
665.0,A0,西,left0A0,21,0,left0A0_1,17,left0A0_2,1
665.0,A1,南,A0A1,1,0,A0A1_1,0,A0A1_2,0
665.0,A1,东,B1A1,1,1,B1A1_1,0,B1A1_2,0
665.0,A1,西,left1A1,18,0,left1A1_1,7,left1A1_2,6
665.0,A1,北,top0A1,3,3,top0A1_1,0,top0A1_2,0
665.0,B0,西,A0B0,0,0,A0B0_1,0,A0B0_2,0
665.0,B0,北,B1B0,3,1,B1B0_1,1,B1B0_2,0
665.0,B0,南,bottom1B0,3,0,bottom1B0_1,0,bottom1B0_2,2
665.0,B0,东,right0B0,2,0,right0B0_1,0,right0B0_2,0
665.0,B1,西,A1B1,0,0,A1B1_1,0,A1B1_2,0
665.0,B1,南,B0B1,3,1,B0B1_1,0,B0B1_2,0
665.0,B1,东,right1B1,0,0,right1B1_1,0,right1B1_2,0
665.0,B1,北,top1B1,11,2,top1B1_1,0,top1B1_2,0
670.0,A0,北,A1A0,0,0,A1A0_1,0,A1A0_2,0
670.0,A0,东,B0A0,3,0,B0A0_1,0,B0A0_2,0
670.0,A0,南,bottom0A0,9,0,bottom0A0_1,1,bottom0A0_2,3
670.0,A0,西,left0A0,19,0,left0A0_1,14,left0A0_2,1
670.0,A1,南,A0A1,1,0,A0A1_1,0,A0A1_2,0
670.0,A1,东,B1A1,2,1,B1A1_1,0,B1A1_2,0
670.0,A1,西,left1A1,16,0,left1A1_1,5,left1A1_2,6
670.0,A1,北,top0A1,6,3,top0A1_1,0,top0A1_2,0
670.0,B0,西,A0B0,1,1,A0B0_1,0,A0B0_2,0
670.0,B0,北,B1B0,3,0,B1B0_1,1,B1B0_2,0
670.0,B0,南,bottom1B0,3,0,bottom1B0_1,0,bottom1B0_2,3
670.0,B0,东,right0B0,0,0,right0B0_1,0,right0B0_2,0
670.0,B1,西,A1B1,1,1,A1B1_1,0,A1B1_2,0
670.0,B1,南,B0B1,5,2,B0B1_1,0,B0B1_2,0
670.0,B1,东,right1B1,0,0,right1B1_1,0,right1B1_2,0
670.0,B1,北,top1B1,10,0,top1B1_1,0,top1B1_2,0
675.0,A0,北,A1A0,0,0,A1A0_1,0,A1A0_2,0
675.0,A0,东,B0A0,2,0,B0A0_1,0,B0A0_2,0
675.0,A0,南,bottom0A0,9,0,bottom0A0_1,4,bottom0A0_2,3
675.0,A0,西,left0A0,23,6,left0A0_1,10,left0A0_2,1
675.0,A1,南,A0A1,1,0,A0A1_1,0,A0A1_2,0
675.0,A1,东,B1A1,3,1,B1A1_1,0,B1A1_2,0
675.0,A1,西,left1A1,14,0,left1A1_1,2,left1A1_2,6
675.0,A1,北,top0A1,11,5,top0A1_1,0,top0A1_2,0
675.0,B0,西,A0B0,4,3,A0B0_1,0,A0B0_2,0
675.0,B0,北,B1B0,3,0,B1B0_1,1,B1B0_2,0
675.0,B0,南,bottom1B0,3,0,bottom1B0_1,0,bottom1B0_2,3
675.0,B0,东,right0B0,0,0,right0B0_1,0,right0B0_2,0
675.0,B1,西,A1B1,4,3,A1B1_1,0,A1B1_2,0
675.0,B1,南,B0B1,5,1,B0B1_1,0,B0B1_2,0
675.0,B1,东,right1B1,0,0,right1B1_1,0,right1B1_2,0
675.0,B1,北,top1B1,9,0,top1B1_1,0,top1B1_2,0
680.0,A0,北,A1A0,0,0,A1A0_1,0,A1A0_2,0
680.0,A0,东,B0A0,1,0,B0A0_1,0,B0A0_2,0
680.0,A0,南,bottom0A0,9,0,bottom0A0_1,6,bottom0A0_2,3
680.0,A0,西,left0A0,26,6,left0A0_1,5,left0A0_2,1
680.0,A1,南,A0A1,1,0,A0A1_1,0,A0A1_2,0
680.0,A1,东,B1A1,2,0,B1A1_1,0,B1A1_2,0
680.0,A1,西,left1A1,16,5,left1A1_1,0,left1A1_2,6
680.0,A1,北,top0A1,18,7,top0A1_1,0,top0A1_2,0
680.0,B0,西,A0B0,6,2,A0B0_1,0,A0B0_2,0
680.0,B0,北,B1B0,3,0,B1B0_1,1,B1B0_2,0
680.0,B0,南,bottom1B0,3,0,bottom1B0_1,0,bottom1B0_2,3
680.0,B0,东,right0B0,0,0,right0B0_1,0,right0B0_2,0
680.0,B1,西,A1B1,7,3,A1B1_1,0,A1B1_2,0
680.0,B1,南,B0B1,4,0,B0B1_1,0,B0B1_2,0
680.0,B1,东,right1B1,0,0,right1B1_1,0,right1B1_2,0
680.0,B1,北,top1B1,8,0,top1B1_1,0,top1B1_2,0
685.0,A0,北,A1A0,0,0,A1A0_1,0,A1A0_2,0
685.0,A0,东,B0A0,1,0,B0A0_1,0,B0A0_2,0
685.0,A0,南,bottom0A0,9,0,bottom0A0_1,6,bottom0A0_2,3
685.0,A0,西,left0A0,25,0,left0A0_1,1,left0A0_2,0
685.0,A1,南,A0A1,1,0,A0A1_1,1,A0A1_2,0
685.0,A1,东,B1A1,3,1,B1A1_1,0,B1A1_2,0
685.0,A1,西,left1A1,15,1,left1A1_1,0,left1A1_2,4
685.0,A1,北,top0A1,18,0,top0A1_1,0,top0A1_2,0
685.0,B0,西,A0B0,8,2,A0B0_1,0,A0B0_2,0
685.0,B0,北,B1B0,3,0,B1B0_1,1,B1B0_2,1
685.0,B0,南,bottom1B0,3,0,bottom1B0_1,0,bottom1B0_2,3
685.0,B0,东,right0B0,0,0,right0B0_1,0,right0B0_2,0
685.0,B1,西,A1B1,9,2,A1B1_1,0,A1B1_2,0
685.0,B1,南,B0B1,4,0,B0B1_1,0,B0B1_2,0
685.0,B1,东,right1B1,0,0,right1B1_1,0,right1B1_2,0
685.0,B1,北,top1B1,7,0,top1B1_1,0,top1B1_2,0
690.0,A0,北,A1A0,0,0,A1A0_1,0,A1A0_2,0
690.0,A0,东,B0A0,1,0,B0A0_1,0,B0A0_2,0
690.0,A0,南,bottom0A0,9,0,bottom0A0_1,6,bottom0A0_2,3
690.0,A0,西,left0A0,25,0,left0A0_1,3,left0A0_2,3
690.0,A1,南,A0A1,2,1,A0A1_1,1,A0A1_2,0
690.0,A1,东,B1A1,4,1,B1A1_1,0,B1A1_2,0
690.0,A1,西,left1A1,13,0,left1A1_1,3,left1A1_2,0
690.0,A1,北,top0A1,18,0,top0A1_1,1,top0A1_2,0
690.0,B0,西,A0B0,8,0,A0B0_1,0,A0B0_2,0
690.0,B0,北,B1B0,3,0,B1B0_1,2,B1B0_2,1
690.0,B0,南,bottom1B0,3,0,bottom1B0_1,0,bottom1B0_2,3
690.0,B0,东,right0B0,0,0,right0B0_1,0,right0B0_2,0
690.0,B1,西,A1B1,9,0,A1B1_1,0,A1B1_2,0
690.0,B1,南,B0B1,3,0,B0B1_1,0,B0B1_2,0
690.0,B1,东,right1B1,0,0,right1B1_1,0,right1B1_2,0
690.0,B1,北,top1B1,7,0,top1B1_1,0,top1B1_2,0
695.0,A0,北,A1A0,0,0,A1A0_1,0,A1A0_2,0
695.0,A0,东,B0A0,1,0,B0A0_1,1,B0A0_2,0
695.0,A0,南,bottom0A0,9,0,bottom0A0_1,6,bottom0A0_2,3
695.0,A0,西,left0A0,23,0,left0A0_1,4,left0A0_2,2
695.0,A1,南,A0A1,3,1,A0A1_1,1,A0A1_2,0
695.0,A1,东,B1A1,5,1,B1A1_1,1,B1A1_2,0
695.0,A1,西,left1A1,10,0,left1A1_1,2,left1A1_2,0
695.0,A1,北,top0A1,18,0,top0A1_1,4,top0A1_2,0
695.0,B0,西,A0B0,5,0,A0B0_1,0,A0B0_2,0
695.0,B0,北,B1B0,3,0,B1B0_1,2,B1B0_2,1
695.0,B0,南,bottom1B0,3,0,bottom1B0_1,0,bottom1B0_2,3
695.0,B0,东,right0B0,0,0,right0B0_1,0,right0B0_2,0
695.0,B1,西,A1B1,6,0,A1B1_1,0,A1B1_2,0
695.0,B1,南,B0B1,4,2,B0B1_1,0,B0B1_2,0
695.0,B1,东,right1B1,6,6,right1B1_1,0,right1B1_2,0
695.0,B1,北,top1B1,6,0,top1B1_1,0,top1B1_2,0
700.0,A0,北,A1A0,0,0,A1A0_1,0,A1A0_2,0
700.0,A0,东,B0A0,1,0,B0A0_1,1,B0A0_2,0
700.0,A0,南,bottom0A0,9,0,bottom0A0_1,6,bottom0A0_2,3
700.0,A0,西,left0A0,20,0,left0A0_1,2,left0A0_2,0
700.0,A1,南,A0A1,4,1,A0A1_1,1,A0A1_2,0
700.0,A1,东,B1A1,5,0,B1A1_1,2,B1A1_2,0
700.0,A1,西,left1A1,6,0,left1A1_1,0,left1A1_2,0
700.0,A1,北,top0A1,18,0,top0A1_1,9,top0A1_2,0
700.0,B0,西,A0B0,5,2,A0B0_1,0,A0B0_2,0
700.0,B0,北,B1B0,3,0,B1B0_1,2,B1B0_2,1
700.0,B0,南,bottom1B0,3,0,bottom1B0_1,0,bottom1B0_2,3
700.0,B0,东,right0B0,0,0,right0B0_1,0,right0B0_2,0
700.0,B1,西,A1B1,6,1,A1B1_1,0,A1B1_2,0
700.0,B1,南,B0B1,3,0,B0B1_1,0,B0B1_2,0
700.0,B1,东,right1B1,6,0,right1B1_1,0,right1B1_2,0
700.0,B1,北,top1B1,5,0,top1B1_1,0,top1B1_2,0
705.0,A0,北,A1A0,2,2,A1A0_1,0,A1A0_2,0
705.0,A0,东,B0A0,1,0,B0A0_1,1,B0A0_2,0
705.0,A0,南,bottom0A0,12,3,bottom0A0_1,7,bottom0A0_2,4
705.0,A0,西,left0A0,16,0,left0A0_1,1,left0A0_2,0
705.0,A1,南,A0A1,6,2,A0A1_1,1,A0A1_2,0
705.0,A1,东,B1A1,6,1,B1A1_1,2,B1A1_2,0
705.0,A1,西,left1A1,4,0,left1A1_1,0,left1A1_2,0
705.0,A1,北,top0A1,21,3,top0A1_1,10,top0A1_2,0
705.0,B0,西,A0B0,5,2,A0B0_1,0,A0B0_2,0
705.0,B0,北,B1B0,3,0,B1B0_1,2,B1B0_2,1
705.0,B0,南,bottom1B0,3,0,bottom1B0_1,0,bottom1B0_2,3
705.0,B0,东,right0B0,0,0,right0B0_1,0,right0B0_2,0
705.0,B1,西,A1B1,5,3,A1B1_1,0,A1B1_2,0
705.0,B1,南,B0B1,4,2,B0B1_1,0,B0B1_2,0
705.0,B1,东,right1B1,6,0,right1B1_1,0,right1B1_2,0
705.0,B1,北,top1B1,7,3,top1B1_1,0,top1B1_2,0
710.0,A0,北,A1A0,4,2,A1A0_1,0,A1A0_2,0
710.0,A0,东,B0A0,1,0,B0A0_1,1,B0A0_2,0
710.0,A0,南,bottom0A0,15,3,bottom0A0_1,6,bottom0A0_2,3
710.0,A0,西,left0A0,11,0,left0A0_1,0,left0A0_2,0
710.0,A1,南,A0A1,7,1,A0A1_1,1,A0A1_2,0
710.0,A1,东,B1A1,7,1,B1A1_1,3,B1A1_2,0
710.0,A1,西,left1A1,2,0,left1A1_1,0,left1A1_2,0
710.0,A1,北,top0A1,24,3,top0A1_1,8,top0A1_2,0
710.0,B0,西,A0B0,6,2,A0B0_1,0,A0B0_2,0
710.0,B0,北,B1B0,5,2,B1B0_1,2,B1B0_2,1
710.0,B0,南,bottom1B0,8,5,bottom1B0_1,0,bottom1B0_2,3
710.0,B0,东,right0B0,0,0,right0B0_1,0,right0B0_2,0
710.0,B1,西,A1B1,4,0,A1B1_1,0,A1B1_2,0
710.0,B1,南,B0B1,4,0,B0B1_1,0,B0B1_2,0
710.0,B1,东,right1B1,6,0,right1B1_1,0,right1B1_2,0
710.0,B1,北,top1B1,10,3,top1B1_1,0,top1B1_2,0
715.0,A0,北,A1A0,4,0,A1A0_1,0,A1A0_2,0
715.0,A0,东,B0A0,0,0,B0A0_1,0,B0A0_2,0
715.0,A0,南,bottom0A0,15,0,bottom0A0_1,6,bottom0A0_2,3
715.0,A0,西,left0A0,11,0,left0A0_1,1,left0A0_2,2
715.0,A1,南,A0A1,7,1,A0A1_1,1,A0A1_2,0
715.0,A1,东,B1A1,7,1,B1A1_1,2,B1A1_2,0
715.0,A1,西,left1A1,2,0,left1A1_1,0,left1A1_2,0
715.0,A1,北,top0A1,30,6,top0A1_1,11,top0A1_2,0
715.0,B0,西,A0B0,8,2,A0B0_1,0,A0B0_2,0
715.0,B0,北,B1B0,5,0,B1B0_1,2,B1B0_2,1
715.0,B0,南,bottom1B0,9,1,bottom1B0_1,0,bottom1B0_2,4
715.0,B0,东,right0B0,0,0,right0B0_1,0,right0B0_2,0
715.0,B1,西,A1B1,4,0,A1B1_1,0,A1B1_2,0
715.0,B1,南,B0B1,4,0,B0B1_1,0,B0B1_2,0
715.0,B1,东,right1B1,5,0,right1B1_1,0,right1B1_2,0
715.0,B1,北,top1B1,9,0,top1B1_1,0,top1B1_2,0
720.0,A0,北,A1A0,4,0,A1A0_1,0,A1A0_2,0
720.0,A0,东,B0A0,0,0,B0A0_1,0,B0A0_2,0
720.0,A0,南,bottom0A0,15,0,bottom0A0_1,6,bottom0A0_2,3
720.0,A0,西,left0A0,11,0,left0A0_1,3,left0A0_2,4
720.0,A1,南,A0A1,7,0,A0A1_1,1,A0A1_2,0
720.0,A1,东,B1A1,6,1,B1A1_1,0,B1A1_2,0
720.0,A1,西,left1A1,7,5,left1A1_1,0,left1A1_2,0
720.0,A1,北,top0A1,30,0,top0A1_1,11,top0A1_2,0
720.0,B0,西,A0B0,8,0,A0B0_1,0,A0B0_2,0
720.0,B0,北,B1B0,5,0,B1B0_1,2,B1B0_2,1
720.0,B0,南,bottom1B0,9,0,bottom1B0_1,0,bottom1B0_2,3
720.0,B0,东,right0B0,0,0,right0B0_1,0,right0B0_2,0
720.0,B1,西,A1B1,5,1,A1B1_1,0,A1B1_2,0
720.0,B1,南,B0B1,4,0,B0B1_1,2,B0B1_2,0
720.0,B1,东,right1B1,3,0,right1B1_1,0,right1B1_2,0
720.0,B1,北,top1B1,8,0,top1B1_1,0,top1B1_2,0
725.0,A0,北,A1A0,5,2,A1A0_1,0,A1A0_2,0
725.0,A0,东,B0A0,0,0,B0A0_1,0,B0A0_2,0
725.0,A0,南,bottom0A0,14,0,bottom0A0_1,5,bottom0A0_2,3
725.0,A0,西,left0A0,20,9,left0A0_1,5,left0A0_2,6
725.0,A1,南,A0A1,5,0,A0A1_1,0,A0A1_2,0
725.0,A1,东,B1A1,5,0,B1A1_1,1,B1A1_2,0
725.0,A1,西,left1A1,7,1,left1A1_1,0,left1A1_2,0
725.0,A1,北,top0A1,29,0,top0A1_1,9,top0A1_2,0
725.0,B0,西,A0B0,8,0,A0B0_1,0,A0B0_2,2
725.0,B0,北,B1B0,4,0,B1B0_1,0,B1B0_2,1
725.0,B0,南,bottom1B0,9,0,bottom1B0_1,0,bottom1B0_2,3
725.0,B0,东,right0B0,0,0,right0B0_1,0,right0B0_2,0
725.0,B1,西,A1B1,6,1,A1B1_1,0,A1B1_2,0
725.0,B1,南,B0B1,3,0,B0B1_1,0,B0B1_2,0
725.0,B1,东,right1B1,9,6,right1B1_1,0,right1B1_2,0
725.0,B1,北,top1B1,7,0,top1B1_1,0,top1B1_2,0
730.0,A0,北,A1A0,6,1,A1A0_1,0,A1A0_2,0
730.0,A0,东,B0A0,0,0,B0A0_1,0,B0A0_2,0
730.0,A0,南,bottom0A0,12,0,bottom0A0_1,1,bottom0A0_2,3
730.0,A0,西,left0A0,25,5,left0A0_1,5,left0A0_2,6
730.0,A1,南,A0A1,5,2,A0A1_1,0,A0A1_2,0
730.0,A1,东,B1A1,7,2,B1A1_1,2,B1A1_2,0
730.0,A1,西,left1A1,7,0,left1A1_1,0,left1A1_2,0
730.0,A1,北,top0A1,27,0,top0A1_1,4,top0A1_2,1
730.0,B0,西,A0B0,8,0,A0B0_1,0,A0B0_2,4
730.0,B0,北,B1B0,4,1,B1B0_1,0,B1B0_2,1
730.0,B0,南,bottom1B0,9,0,bottom1B0_1,0,bottom1B0_2,3
730.0,B0,东,right0B0,0,0,right0B0_1,0,right0B0_2,0
730.0,B1,西,A1B1,7,1,A1B1_1,0,A1B1_2,0
730.0,B1,南,B0B1,1,0,B0B1_1,0,B0B1_2,0
730.0,B1,东,right1B1,15,6,right1B1_1,0,right1B1_2,0
730.0,B1,北,top1B1,4,0,top1B1_1,0,top1B1_2,0
735.0,A0,北,A1A0,6,2,A1A0_1,0,A1A0_2,0
735.0,A0,东,B0A0,0,0,B0A0_1,0,B0A0_2,0
735.0,A0,南,bottom0A0,10,0,bottom0A0_1,0,bottom0A0_2,3
735.0,A0,西,left0A0,29,4,left0A0_1,5,left0A0_2,6
735.0,A1,南,A0A1,5,2,A0A1_1,0,A0A1_2,0
735.0,A1,东,B1A1,7,0,B1A1_1,2,B1A1_2,1
735.0,A1,西,left1A1,7,0,left1A1_1,0,left1A1_2,0
735.0,A1,北,top0A1,24,0,top0A1_1,0,top0A1_2,3
735.0,B0,西,A0B0,7,0,A0B0_1,0,A0B0_2,6
735.0,B0,北,B1B0,6,2,B1B0_1,0,B1B0_2,3
735.0,B0,南,bottom1B0,9,0,bottom1B0_1,0,bottom1B0_2,5
735.0,B0,东,right0B0,0,0,right0B0_1,0,right0B0_2,0
735.0,B1,西,A1B1,9,2,A1B1_1,0,A1B1_2,0
735.0,B1,南,B0B1,0,0,B0B1_1,0,B0B1_2,0
735.0,B1,东,right1B1,14,0,right1B1_1,0,right1B1_2,0
735.0,B1,北,top1B1,1,0,top1B1_1,0,top1B1_2,0
740.0,A0,北,A1A0,7,2,A1A0_1,0,A1A0_2,0
740.0,A0,东,B0A0,0,0,B0A0_1,0,B0A0_2,0
740.0,A0,南,bottom0A0,7,0,bottom0A0_1,0,bottom0A0_2,3
740.0,A0,西,left0A0,29,0,left0A0_1,5,left0A0_2,6
740.0,A1,南,A0A1,7,3,A0A1_1,0,A0A1_2,0
740.0,A1,东,B1A1,7,0,B1A1_1,2,B1A1_2,2
740.0,A1,西,left1A1,7,0,left1A1_1,0,left1A1_2,0
740.0,A1,北,top0A1,21,0,top0A1_1,0,top0A1_2,6
740.0,B0,西,A0B0,6,0,A0B0_1,0,A0B0_2,6
740.0,B0,北,B1B0,9,3,B1B0_1,0,B1B0_2,3
740.0,B0,南,bottom1B0,9,0,bottom1B0_1,0,bottom1B0_2,8
740.0,B0,东,right0B0,6,6,right0B0_1,0,right0B0_2,0
740.0,B1,西,A1B1,10,2,A1B1_1,0,A1B1_2,1
740.0,B1,南,B0B1,0,0,B0B1_1,0,B0B1_2,0
740.0,B1,东,right1B1,13,0,right1B1_1,0,right1B1_2,0
740.0,B1,北,top1B1,0,0,top1B1_1,0,top1B1_2,0
745.0,A0,北,A1A0,9,2,A1A0_1,1,A1A0_2,0
745.0,A0,东,B0A0,0,0,B0A0_1,0,B0A0_2,0
745.0,A0,南,bottom0A0,6,0,bottom0A0_1,1,bottom0A0_2,1
745.0,A0,西,left0A0,29,0,left0A0_1,5,left0A0_2,8
745.0,A1,南,A0A1,8,1,A0A1_1,0,A0A1_2,0
745.0,A1,东,B1A1,7,0,B1A1_1,2,B1A1_2,3
745.0,A1,西,left1A1,6,0,left1A1_1,0,left1A1_2,0
745.0,A1,北,top0A1,19,0,top0A1_1,1,top0A1_2,7
745.0,B0,西,A0B0,6,0,A0B0_1,0,A0B0_2,6
745.0,B0,北,B1B0,9,1,B1B0_1,0,B1B0_2,1
745.0,B0,南,bottom1B0,8,0,bottom1B0_1,0,bottom1B0_2,7
745.0,B0,东,right0B0,6,0,right0B0_1,0,right0B0_2,0
745.0,B1,西,A1B1,10,0,A1B1_1,0,A1B1_2,1
745.0,B1,南,B0B1,0,0,B0B1_1,0,B0B1_2,0
745.0,B1,东,right1B1,13,0,right1B1_1,1,right1B1_2,0
745.0,B1,北,top1B1,0,0,top1B1_1,0,top1B1_2,0
750.0,A0,北,A1A0,10,1,A1A0_1,1,A1A0_2,0
750.0,A0,东,B0A0,1,1,B0A0_1,0,B0A0_2,0
750.0,A0,南,bottom0A0,4,0,bottom0A0_1,3,bottom0A0_2,0
750.0,A0,西,left0A0,29,0,left0A0_1,5,left0A0_2,13
750.0,A1,南,A0A1,8,0,A0A1_1,0,A0A1_2,0
750.0,A1,东,B1A1,7,0,B1A1_1,2,B1A1_2,4
750.0,A1,西,left1A1,6,0,left1A1_1,0,left1A1_2,0
750.0,A1,北,top0A1,17,0,top0A1_1,4,top0A1_2,5
750.0,B0,西,A0B0,6,0,A0B0_1,0,A0B0_2,6
750.0,B0,北,B1B0,8,1,B1B0_1,0,B1B0_2,0
750.0,B0,南,bottom1B0,6,0,bottom1B0_1,0,bottom1B0_2,2
750.0,B0,东,right0B0,6,0,right0B0_1,0,right0B0_2,0
750.0,B1,西,A1B1,10,1,A1B1_1,0,A1B1_2,2
750.0,B1,南,B0B1,0,0,B0B1_1,0,B0B1_2,0
750.0,B1,东,right1B1,12,0,right1B1_1,4,right1B1_2,1
750.0,B1,北,top1B1,0,0,top1B1_1,0,top1B1_2,0
755.0,A0,北,A1A0,9,1,A1A0_1,0,A1A0_2,0
755.0,A0,东,B0A0,3,2,B0A0_1,0,B0A0_2,0
755.0,A0,南,bottom0A0,4,0,bottom0A0_1,4,bottom0A0_2,0
755.0,A0,西,left0A0,33,4,left0A0_1,6,left0A0_2,15
755.0,A1,南,A0A1,8,0,A0A1_1,3,A0A1_2,0
755.0,A1,东,B1A1,7,0,B1A1_1,2,B1A1_2,5
755.0,A1,西,left1A1,5,0,left1A1_1,0,left1A1_2,0
755.0,A1,北,top0A1,15,3,top0A1_1,3,top0A1_2,1
755.0,B0,西,A0B0,6,0,A0B0_1,0,A0B0_2,6
755.0,B0,北,B1B0,6,0,B1B0_1,0,B1B0_2,0
755.0,B0,南,bottom1B0,11,5,bottom1B0_1,0,bottom1B0_2,1
755.0,B0,东,right0B0,11,5,right0B0_1,1,right0B0_2,0
755.0,B1,西,A1B1,12,3,A1B1_1,0,A1B1_2,2
755.0,B1,南,B0B1,0,0,B0B1_1,0,B0B1_2,0
755.0,B1,东,right1B1,12,0,right1B1_1,6,right1B1_2,3
755.0,B1,北,top1B1,8,8,top1B1_1,0,top1B1_2,0
760.0,A0,北,A1A0,8,1,A1A0_1,0,A1A0_2,0
760.0,A0,东,B0A0,3,0,B0A0_1,0,B0A0_2,0
760.0,A0,南,bottom0A0,4,0,bottom0A0_1,4,bottom0A0_2,0
760.0,A0,西,left0A0,35,2,left0A0_1,6,left0A0_2,17
760.0,A1,南,A0A1,8,0,A0A1_1,5,A0A1_2,0
760.0,A1,东,B1A1,7,0,B1A1_1,2,B1A1_2,5
760.0,A1,西,left1A1,5,0,left1A1_1,0,left1A1_2,0
760.0,A1,北,top0A1,12,3,top0A1_1,0,top0A1_2,0
760.0,B0,西,A0B0,6,0,A0B0_1,0,A0B0_2,6
760.0,B0,北,B1B0,5,1,B1B0_1,0,B1B0_2,0
760.0,B0,南,bottom1B0,12,1,bottom1B0_1,0,bottom1B0_2,4
760.0,B0,东,right0B0,12,1,right0B0_1,2,right0B0_2,0
760.0,B1,西,A1B1,14,2,A1B1_1,0,A1B1_2,5
760.0,B1,南,B0B1,0,0,B0B1_1,0,B0B1_2,0
760.0,B1,东,right1B1,12,0,right1B1_1,6,right1B1_2,6
760.0,B1,北,top1B1,12,4,top1B1_1,0,top1B1_2,0
765.0,A0,北,A1A0,9,3,A1A0_1,0,A1A0_2,0
765.0,A0,东,B0A0,3,0,B0A0_1,0,B0A0_2,0
765.0,A0,南,bottom0A0,4,0,bottom0A0_1,4,bottom0A0_2,0
765.0,A0,西,left0A0,35,0,left0A0_1,6,left0A0_2,21
765.0,A1,南,A0A1,8,0,A0A1_1,6,A0A1_2,1
765.0,A1,东,B1A1,7,0,B1A1_1,2,B1A1_2,5
765.0,A1,西,left1A1,5,0,left1A1_1,0,left1A1_2,0
765.0,A1,北,top0A1,8,0,top0A1_1,0,top0A1_2,0
765.0,B0,西,A0B0,6,0,A0B0_1,0,A0B0_2,6
765.0,B0,北,B1B0,4,1,B1B0_1,0,B1B0_2,0
765.0,B0,南,bottom1B0,12,0,bottom1B0_1,0,bottom1B0_2,6
765.0,B0,东,right0B0,16,4,right0B0_1,5,right0B0_2,0
765.0,B1,西,A1B1,16,3,A1B1_1,0,A1B1_2,7
765.0,B1,南,B0B1,0,0,B0B1_1,0,B0B1_2,0
765.0,B1,东,right1B1,12,0,right1B1_1,6,right1B1_2,6
765.0,B1,北,top1B1,12,0,top1B1_1,0,top1B1_2,0
770.0,A0,北,A1A0,9,2,A1A0_1,0,A1A0_2,0
770.0,A0,东,B0A0,3,0,B0A0_1,0,B0A0_2,0
770.0,A0,南,bottom0A0,4,0,bottom0A0_1,4,bottom0A0_2,0
770.0,A0,西,left0A0,35,0,left0A0_1,6,left0A0_2,24
770.0,A1,南,A0A1,8,0,A0A1_1,6,A0A1_2,2
770.0,A1,东,B1A1,7,0,B1A1_1,2,B1A1_2,5
770.0,A1,西,left1A1,4,0,left1A1_1,0,left1A1_2,0
770.0,A1,北,top0A1,6,0,top0A1_1,0,top0A1_2,0
770.0,B0,西,A0B0,6,0,A0B0_1,0,A0B0_2,6
770.0,B0,北,B1B0,2,0,B1B0_1,0,B1B0_2,0
770.0,B0,南,bottom1B0,12,0,bottom1B0_1,0,bottom1B0_2,6
770.0,B0,东,right0B0,18,2,right0B0_1,6,right0B0_2,0
770.0,B1,西,A1B1,18,2,A1B1_1,0,A1B1_2,7
770.0,B1,南,B0B1,0,0,B0B1_1,0,B0B1_2,0
770.0,B1,东,right1B1,12,0,right1B1_1,6,right1B1_2,6
770.0,B1,北,top1B1,12,0,top1B1_1,0,top1B1_2,0
775.0,A0,北,A1A0,9,0,A1A0_1,0,A1A0_2,0
775.0,A0,东,B0A0,3,0,B0A0_1,1,B0A0_2,0
775.0,A0,南,bottom0A0,3,0,bottom0A0_1,2,bottom0A0_2,0
775.0,A0,西,left0A0,35,0,left0A0_1,6,left0A0_2,28
775.0,A1,南,A0A1,6,0,A0A1_1,4,A0A1_2,0
775.0,A1,东,B1A1,8,1,B1A1_1,2,B1A1_2,5
775.0,A1,西,left1A1,3,0,left1A1_1,0,left1A1_2,0
775.0,A1,北,top0A1,6,0,top0A1_1,0,top0A1_2,0
775.0,B0,西,A0B0,6,0,A0B0_1,0,A0B0_2,6
775.0,B0,北,B1B0,2,0,B1B0_1,0,B1B0_2,0
775.0,B0,南,bottom1B0,10,0,bottom1B0_1,0,bottom1B0_2,4
775.0,B0,东,right0B0,18,0,right0B0_1,6,right0B0_2,0
775.0,B1,西,A1B1,18,1,A1B1_1,0,A1B1_2,7
775.0,B1,南,B0B1,0,0,B0B1_1,0,B0B1_2,0
775.0,B1,东,right1B1,12,0,right1B1_1,6,right1B1_2,6
775.0,B1,北,top1B1,11,0,top1B1_1,0,top1B1_2,0
780.0,A0,北,A1A0,9,1,A1A0_1,0,A1A0_2,0
780.0,A0,东,B0A0,5,2,B0A0_1,3,B0A0_2,0
780.0,A0,南,bottom0A0,1,0,bottom0A0_1,0,bottom0A0_2,0
780.0,A0,西,left0A0,35,0,left0A0_1,7,left0A0_2,28
780.0,A1,南,A0A1,5,2,A0A1_1,0,A0A1_2,0
780.0,A1,东,B1A1,8,0,B1A1_1,2,B1A1_2,5
780.0,A1,西,left1A1,2,0,left1A1_1,0,left1A1_2,0
780.0,A1,北,top0A1,6,0,top0A1_1,1,top0A1_2,0
780.0,B0,西,A0B0,6,0,A0B0_1,0,A0B0_2,6
780.0,B0,北,B1B0,3,1,B1B0_1,0,B1B0_2,0
780.0,B0,南,bottom1B0,6,0,bottom1B0_1,0,bottom1B0_2,0
780.0,B0,东,right0B0,18,0,right0B0_1,6,right0B0_2,0
780.0,B1,西,A1B1,18,0,A1B1_1,0,A1B1_2,7
780.0,B1,南,B0B1,2,2,B0B1_1,0,B0B1_2,0
780.0,B1,东,right1B1,12,0,right1B1_1,6,right1B1_2,6
780.0,B1,北,top1B1,10,0,top1B1_1,0,top1B1_2,0
785.0,A0,北,A1A0,9,1,A1A0_1,0,A1A0_2,1
785.0,A0,东,B0A0,5,1,B0A0_1,1,B0A0_2,0
785.0,A0,南,bottom0A0,1,0,bottom0A0_1,0,bottom0A0_2,0
785.0,A0,西,left0A0,40,6,left0A0_1,5,left0A0_2,28
785.0,A1,南,A0A1,6,1,A0A1_1,1,A0A1_2,0
785.0,A1,东,B1A1,8,1,B1A1_1,0,B1A1_2,5
785.0,A1,西,left1A1,1,0,left1A1_1,0,left1A1_2,0
785.0,A1,北,top0A1,6,0,top0A1_1,3,top0A1_2,0
785.0,B0,西,A0B0,6,0,A0B0_1,0,A0B0_2,6
785.0,B0,北,B1B0,3,0,B1B0_1,0,B1B0_2,1
785.0,B0,南,bottom1B0,6,0,bottom1B0_1,2,bottom1B0_2,1
785.0,B0,东,right0B0,15,0,right0B0_1,5,right0B0_2,0
785.0,B1,西,A1B1,16,0,A1B1_1,0,A1B1_2,7
785.0,B1,南,B0B1,5,3,B0B1_1,0,B0B1_2,0
785.0,B1,东,right1B1,11,0,right1B1_1,4,right1B1_2,6
785.0,B1,北,top1B1,10,0,top1B1_1,0,top1B1_2,3
790.0,A0,北,A1A0,11,2,A1A0_1,0,A1A0_2,1
790.0,A0,东,B0A0,5,2,B0A0_1,0,B0A0_2,0
790.0,A0,南,bottom0A0,1,0,bottom0A0_1,1,bottom0A0_2,0
790.0,A0,西,left0A0,42,4,left0A0_1,0,left0A0_2,28
790.0,A1,南,A0A1,6,0,A0A1_1,3,A0A1_2,0
790.0,A1,东,B1A1,8,1,B1A1_1,0,B1A1_2,5
790.0,A1,西,left1A1,0,0,left1A1_1,0,left1A1_2,0
790.0,A1,北,top0A1,6,0,top0A1_1,6,top0A1_2,0
790.0,B0,西,A0B0,8,2,A0B0_1,0,A0B0_2,6
790.0,B0,北,B1B0,5,2,B1B0_1,0,B1B0_2,2
790.0,B0,南,bottom1B0,6,0,bottom1B0_1,3,bottom1B0_2,3
790.0,B0,东,right0B0,11,0,right0B0_1,3,right0B0_2,0
790.0,B1,西,A1B1,11,0,A1B1_1,0,A1B1_2,7
790.0,B1,南,B0B1,7,2,B0B1_1,0,B0B1_2,0
790.0,B1,东,right1B1,9,0,right1B1_1,0,right1B1_2,6
790.0,B1,北,top1B1,10,0,top1B1_1,0,top1B1_2,6
795.0,A0,北,A1A0,10,0,A1A0_1,0,A1A0_2,2
795.0,A0,东,B0A0,7,2,B0A0_1,0,B0A0_2,0
795.0,A0,南,bottom0A0,1,0,bottom0A0_1,1,bottom0A0_2,0
795.0,A0,西,left0A0,42,2,left0A0_1,0,left0A0_2,29
795.0,A1,南,A0A1,6,0,A0A1_1,3,A0A1_2,0
795.0,A1,东,B1A1,10,3,B1A1_1,0,B1A1_2,5
795.0,A1,西,left1A1,0,0,left1A1_1,0,left1A1_2,0
795.0,A1,北,top0A1,12,6,top0A1_1,6,top0A1_2,0
795.0,B0,西,A0B0,10,2,A0B0_1,0,A0B0_2,6
795.0,B0,北,B1B0,8,3,B1B0_1,0,B1B0_2,2
795.0,B0,南,bottom1B0,6,0,bottom1B0_1,3,bottom1B0_2,3
795.0,B0,东,right0B0,6,0,right0B0_1,1,right0B0_2,0
795.0,B1,西,A1B1,7,0,A1B1_1,0,A1B1_2,7
795.0,B1,南,B0B1,8,1,B0B1_1,0,B0B1_2,0
795.0,B1,东,right1B1,7,0,right1B1_1,0,right1B1_2,6
795.0,B1,北,top1B1,10,0,top1B1_1,0,top1B1_2,6
800.0,A0,北,A1A0,9,0,A1A0_1,0,A1A0_2,3
800.0,A0,东,B0A0,9,3,B0A0_1,0,B0A0_2,0
800.0,A0,南,bottom0A0,1,0,bottom0A0_1,1,bottom0A0_2,0
800.0,A0,西,left0A0,48,6,left0A0_1,2,left0A0_2,28
800.0,A1,南,A0A1,6,0,A0A1_1,3,A0A1_2,0
800.0,A1,东,B1A1,12,2,B1A1_1,0,B1A1_2,5
800.0,A1,西,left1A1,0,0,left1A1_1,0,left1A1_2,0
800.0,A1,北,top0A1,12,0,top0A1_1,6,top0A1_2,0
800.0,B0,西,A0B0,11,1,A0B0_1,0,A0B0_2,6
800.0,B0,北,B1B0,8,0,B1B0_1,0,B1B0_2,2
800.0,B0,南,bottom1B0,6,0,bottom1B0_1,3,bottom1B0_2,3
800.0,B0,东,right0B0,4,0,right0B0_1,0,right0B0_2,0
800.0,B1,西,A1B1,7,0,A1B1_1,0,A1B1_2,7
800.0,B1,南,B0B1,9,1,B0B1_1,1,B0B1_2,0
800.0,B1,东,right1B1,6,0,right1B1_1,0,right1B1_2,6
800.0,B1,北,top1B1,9,0,top1B1_1,0,top1B1_2,6
805.0,A0,北,A1A0,8,0,A1A0_1,0,A1A0_2,4
805.0,A0,东,B0A0,11,2,B0A0_1,0,B0A0_2,0
805.0,A0,南,bottom0A0,1,0,bottom0A0_1,1,bottom0A0_2,0
805.0,A0,西,left0A0,50,3,left0A0_1,7,left0A0_2,26
805.0,A1,南,A0A1,7,1,A0A1_1,3,A0A1_2,2
805.0,A1,东,B1A1,12,1,B1A1_1,0,B1A1_2,3
805.0,A1,西,left1A1,0,0,left1A1_1,0,left1A1_2,0
805.0,A1,北,top0A1,12,0,top0A1_1,6,top0A1_2,0
805.0,B0,西,A0B0,10,0,A0B0_1,0,A0B0_2,4
805.0,B0,北,B1B0,8,0,B1B0_1,0,B1B0_2,3
805.0,B0,南,bottom1B0,6,0,bottom1B0_1,3,bottom1B0_2,3
805.0,B0,东,right0B0,9,6,right0B0_1,0,right0B0_2,0
805.0,B1,西,A1B1,6,0,A1B1_1,0,A1B1_2,5
805.0,B1,南,B0B1,9,0,B0B1_1,2,B0B1_2,0
805.0,B1,东,right1B1,5,0,right1B1_1,0,right1B1_2,4
805.0,B1,北,top1B1,9,0,top1B1_1,0,top1B1_2,6
810.0,A0,北,A1A0,9,1,A1A0_1,0,A1A0_2,4
810.0,A0,东,B0A0,10,0,B0A0_1,0,B0A0_2,0
810.0,A0,南,bottom0A0,1,0,bottom0A0_1,1,bottom0A0_2,0
810.0,A0,西,left0A0,51,3,left0A0_1,4,left0A0_2,22
810.0,A1,南,A0A1,8,1,A0A1_1,3,A0A1_2,3
810.0,A1,东,B1A1,10,1,B1A1_1,0,B1A1_2,0
810.0,A1,西,left1A1,0,0,left1A1_1,0,left1A1_2,0
810.0,A1,北,top0A1,12,0,top0A1_1,6,top0A1_2,0
810.0,B0,西,A0B0,8,0,A0B0_1,0,A0B0_2,2
810.0,B0,北,B1B0,10,2,B1B0_1,0,B1B0_2,4
810.0,B0,南,bottom1B0,6,0,bottom1B0_1,3,bottom1B0_2,3
810.0,B0,东,right0B0,9,0,right0B0_1,3,right0B0_2,0
810.0,B1,西,A1B1,4,0,A1B1_1,0,A1B1_2,0
810.0,B1,南,B0B1,9,1,B0B1_1,3,B0B1_2,0
810.0,B1,东,right1B1,3,0,right1B1_1,0,right1B1_2,0
810.0,B1,北,top1B1,8,0,top1B1_1,0,top1B1_2,6
815.0,A0,北,A1A0,10,2,A1A0_1,0,A1A0_2,6
815.0,A0,东,B0A0,9,0,B0A0_1,0,B0A0_2,0
815.0,A0,南,bottom0A0,7,6,bottom0A0_1,1,bottom0A0_2,0
815.0,A0,西,left0A0,48,0,left0A0_1,1,left0A0_2,19
815.0,A1,南,A0A1,11,3,A0A1_1,3,A0A1_2,3
815.0,A1,东,B1A1,10,1,B1A1_1,0,B1A1_2,1
815.0,A1,西,left1A1,0,0,left1A1_1,0,left1A1_2,0
815.0,A1,北,top0A1,12,0,top0A1_1,9,top0A1_2,0
815.0,B0,西,A0B0,6,0,A0B0_1,0,A0B0_2,0
815.0,B0,北,B1B0,11,1,B1B0_1,0,B1B0_2,6
815.0,B0,南,bottom1B0,6,0,bottom1B0_1,3,bottom1B0_2,3
815.0,B0,东,right0B0,9,0,right0B0_1,3,right0B0_2,0
815.0,B1,西,A1B1,2,0,A1B1_1,0,A1B1_2,0
815.0,B1,南,B0B1,11,3,B0B1_1,3,B0B1_2,0
815.0,B1,东,right1B1,3,0,right1B1_1,0,right1B1_2,1
815.0,B1,北,top1B1,7,0,top1B1_1,0,top1B1_2,6
820.0,A0,北,A1A0,9,0,A1A0_1,0,A1A0_2,6
820.0,A0,东,B0A0,9,0,B0A0_1,0,B0A0_2,2
820.0,A0,南,bottom0A0,13,6,bottom0A0_1,1,bottom0A0_2,0
820.0,A0,西,left0A0,44,0,left0A0_1,0,left0A0_2,14
820.0,A1,南,A0A1,12,1,A0A1_1,3,A0A1_2,3
820.0,A1,东,B1A1,10,1,B1A1_1,0,B1A1_2,2
820.0,A1,西,left1A1,0,0,left1A1_1,0,left1A1_2,0
820.0,A1,北,top0A1,12,0,top0A1_1,11,top0A1_2,0
820.0,B0,西,A0B0,5,2,A0B0_1,0,A0B0_2,0
820.0,B0,北,B1B0,11,0,B1B0_1,0,B1B0_2,8
820.0,B0,南,bottom1B0,6,0,bottom1B0_1,3,bottom1B0_2,3
820.0,B0,东,right0B0,9,0,right0B0_1,3,right0B0_2,0
820.0,B1,西,A1B1,0,0,A1B1_1,0,A1B1_2,0
820.0,B1,南,B0B1,12,2,B0B1_1,3,B0B1_2,0
820.0,B1,东,right1B1,3,0,right1B1_1,0,right1B1_2,3
820.0,B1,北,top1B1,6,0,top1B1_1,0,top1B1_2,6
825.0,A0,北,A1A0,9,0,A1A0_1,0,A1A0_2,6
825.0,A0,东,B0A0,9,0,B0A0_1,0,B0A0_2,5
825.0,A0,南,bottom0A0,13,0,bottom0A0_1,1,bottom0A0_2,0
825.0,A0,西,left0A0,41,3,left0A0_1,1,left0A0_2,10
825.0,A1,南,A0A1,15,3,A0A1_1,3,A0A1_2,4
825.0,A1,东,B1A1,10,0,B1A1_1,0,B1A1_2,2
825.0,A1,西,left1A1,0,0,left1A1_1,0,left1A1_2,0
825.0,A1,北,top0A1,12,0,top0A1_1,12,top0A1_2,0
825.0,B0,西,A0B0,6,3,A0B0_1,0,A0B0_2,0
825.0,B0,北,B1B0,11,0,B1B0_1,0,B1B0_2,8
825.0,B0,南,bottom1B0,6,0,bottom1B0_1,3,bottom1B0_2,3
825.0,B0,东,right0B0,9,0,right0B0_1,3,right0B0_2,0
825.0,B1,西,A1B1,0,0,A1B1_1,0,A1B1_2,0
825.0,B1,南,B0B1,15,3,B0B1_1,3,B0B1_2,0
825.0,B1,东,right1B1,3,0,right1B1_1,0,right1B1_2,3
825.0,B1,北,top1B1,6,0,top1B1_1,0,top1B1_2,6
830.0,A0,北,A1A0,9,0,A1A0_1,0,A1A0_2,6
830.0,A0,东,B0A0,9,0,B0A0_1,0,B0A0_2,7
830.0,A0,南,bottom0A0,13,0,bottom0A0_1,1,bottom0A0_2,0
830.0,A0,西,left0A0,43,6,left0A0_1,0,left0A0_2,7
830.0,A1,南,A0A1,18,3,A0A1_1,3,A0A1_2,4
830.0,A1,东,B1A1,9,0,B1A1_1,0,B1A1_2,2
830.0,A1,西,left1A1,0,0,left1A1_1,0,left1A1_2,0
830.0,A1,北,top0A1,12,0,top0A1_1,12,top0A1_2,0
830.0,B0,西,A0B0,6,1,A0B0_1,0,A0B0_2,0
830.0,B0,北,B1B0,11,0,B1B0_1,0,B1B0_2,10
830.0,B0,南,bottom1B0,6,0,bottom1B0_1,3,bottom1B0_2,3
830.0,B0,东,right0B0,8,0,right0B0_1,3,right0B0_2,0
830.0,B1,西,A1B1,0,0,A1B1_1,0,A1B1_2,0
830.0,B1,南,B0B1,16,2,B0B1_1,4,B0B1_2,0
830.0,B1,东,right1B1,3,0,right1B1_1,0,right1B1_2,3
830.0,B1,北,top1B1,6,0,top1B1_1,0,top1B1_2,6
835.0,A0,北,A1A0,9,0,A1A0_1,1,A1A0_2,6
835.0,A0,东,B0A0,6,0,B0A0_1,0,B0A0_2,5
835.0,A0,南,bottom0A0,13,0,bottom0A0_1,2,bottom0A0_2,0
835.0,A0,西,left0A0,48,5,left0A0_1,2,left0A0_2,4
835.0,A1,南,A0A1,19,2,A0A1_1,3,A0A1_2,5
835.0,A1,东,B1A1,7,0,B1A1_1,0,B1A1_2,0
835.0,A1,西,left1A1,0,0,left1A1_1,0,left1A1_2,0
835.0,A1,北,top0A1,12,0,top0A1_1,12,top0A1_2,0
835.0,B0,西,A0B0,8,2,A0B0_1,0,A0B0_2,0
835.0,B0,北,B1B0,11,0,B1B0_1,0,B1B0_2,11
835.0,B0,南,bottom1B0,6,0,bottom1B0_1,3,bottom1B0_2,3
835.0,B0,东,right0B0,6,0,right0B0_1,1,right0B0_2,0
835.0,B1,西,A1B1,1,1,A1B1_1,0,A1B1_2,0
835.0,B1,南,B0B1,16,1,B0B1_1,6,B0B1_2,0
835.0,B1,东,right1B1,2,0,right1B1_1,0,right1B1_2,1
835.0,B1,北,top1B1,6,0,top1B1_1,0,top1B1_2,6
840.0,A0,北,A1A0,10,1,A1A0_1,3,A1A0_2,6
840.0,A0,东,B0A0,5,1,B0A0_1,0,B0A0_2,0
840.0,A0,南,bottom0A0,13,0,bottom0A0_1,5,bottom0A0_2,0
840.0,A0,西,left0A0,51,3,left0A0_1,6,left0A0_2,7
840.0,A1,南,A0A1,19,1,A0A1_1,3,A0A1_2,5
840.0,A1,东,B1A1,4,0,B1A1_1,0,B1A1_2,0
840.0,A1,西,left1A1,0,0,left1A1_1,0,left1A1_2,0
840.0,A1,北,top0A1,19,7,top0A1_1,12,top0A1_2,0
840.0,B0,西,A0B0,8,0,A0B0_1,0,A0B0_2,1
840.0,B0,北,B1B0,13,2,B1B0_1,0,B1B0_2,11
840.0,B0,南,bottom1B0,6,0,bottom1B0_1,3,bottom1B0_2,3
840.0,B0,东,right0B0,2,0,right0B0_1,0,right0B0_2,0
840.0,B1,西,A1B1,1,0,A1B1_1,0,A1B1_2,0
840.0,B1,南,B0B1,19,3,B0B1_1,9,B0B1_2,0
840.0,B1,东,right1B1,0,0,right1B1_1,0,right1B1_2,0
840.0,B1,北,top1B1,15,9,top1B1_1,0,top1B1_2,6
845.0,A0,北,A1A0,10,1,A1A0_1,1,A1A0_2,6
845.0,A0,东,B0A0,7,2,B0A0_1,0,B0A0_2,1
845.0,A0,南,bottom0A0,12,0,bottom0A0_1,5,bottom0A0_2,0
845.0,A0,西,left0A0,54,3,left0A0_1,7,left0A0_2,9
845.0,A1,南,A0A1,17,0,A0A1_1,1,A0A1_2,5
845.0,A1,东,B1A1,4,0,B1A1_1,0,B1A1_2,0
845.0,A1,西,left1A1,0,0,left1A1_1,0,left1A1_2,0
845.0,A1,北,top0A1,25,7,top0A1_1,10,top0A1_2,0
845.0,B0,西,A0B0,8,0,A0B0_1,0,A0B0_2,2
845.0,B0,北,B1B0,14,1,B1B0_1,0,B1B0_2,11
845.0,B0,南,bottom1B0,5,0,bottom1B0_1,1,bottom1B0_2,3
845.0,B0,东,right0B0,1,0,right0B0_1,0,right0B0_2,0
845.0,B1,西,A1B1,2,1,A1B1_1,0,A1B1_2,0
845.0,B1,南,B0B1,18,1,B0B1_1,11,B0B1_2,0
845.0,B1,东,right1B1,0,0,right1B1_1,0,right1B1_2,0
845.0,B1,北,top1B1,16,1,top1B1_1,0,top1B1_2,6
850.0,A0,北,A1A0,9,1,A1A0_1,0,A1A0_2,6
850.0,A0,东,B0A0,7,0,B0A0_1,0,B0A0_2,4
850.0,A0,南,bottom0A0,10,0,bottom0A0_1,3,bottom0A0_2,0
850.0,A0,西,left0A0,58,4,left0A0_1,7,left0A0_2,13
850.0,A1,南,A0A1,15,2,A0A1_1,0,A0A1_2,5
850.0,A1,东,B1A1,4,0,B1A1_1,0,B1A1_2,0
850.0,A1,西,left1A1,6,6,left1A1_1,0,left1A1_2,0
850.0,A1,北,top0A1,30,7,top0A1_1,5,top0A1_2,0
850.0,B0,西,A0B0,8,0,A0B0_1,0,A0B0_2,5
850.0,B0,北,B1B0,14,0,B1B0_1,0,B1B0_2,11
850.0,B0,南,bottom1B0,3,0,bottom1B0_1,0,bottom1B0_2,3
850.0,B0,东,right0B0,1,0,right0B0_1,0,right0B0_2,0
850.0,B1,西,A1B1,4,2,A1B1_1,0,A1B1_2,0
850.0,B1,南,B0B1,17,1,B0B1_1,7,B0B1_2,0
850.0,B1,东,right1B1,0,0,right1B1_1,0,right1B1_2,0
850.0,B1,北,top1B1,16,0,top1B1_1,0,top1B1_2,6
855.0,A0,北,A1A0,12,3,A1A0_1,0,A1A0_2,6
855.0,A0,东,B0A0,7,0,B0A0_1,0,B0A0_2,4
855.0,A0,南,bottom0A0,8,0,bottom0A0_1,2,bottom0A0_2,0
855.0,A0,西,left0A0,63,5,left0A0_1,10,left0A0_2,15
855.0,A1,南,A0A1,15,2,A0A1_1,0,A0A1_2,5
855.0,A1,东,B1A1,4,0,B1A1_1,0,B1A1_2,0
855.0,A1,西,left1A1,10,4,left1A1_1,0,left1A1_2,0
855.0,A1,北,top0A1,34,6,top0A1_1,1,top0A1_2,0
855.0,B0,西,A0B0,8,0,A0B0_1,0,A0B0_2,5
855.0,B0,北,B1B0,14,0,B1B0_1,0,B1B0_2,12
855.0,B0,南,bottom1B0,3,0,bottom1B0_1,0,bottom1B0_2,3
855.0,B0,东,right0B0,0,0,right0B0_1,0,right0B0_2,0
855.0,B1,西,A1B1,7,3,A1B1_1,0,A1B1_2,0
855.0,B1,南,B0B1,17,2,B0B1_1,3,B0B1_2,0
855.0,B1,东,right1B1,0,0,right1B1_1,0,right1B1_2,0
855.0,B1,北,top1B1,16,0,top1B1_1,0,top1B1_2,6
860.0,A0,北,A1A0,14,3,A1A0_1,0,A1A0_2,6
860.0,A0,东,B0A0,7,0,B0A0_1,0,B0A0_2,4
860.0,A0,南,bottom0A0,5,0,bottom0A0_1,0,bottom0A0_2,0
860.0,A0,西,left0A0,67,4,left0A0_1,14,left0A0_2,19
860.0,A1,南,A0A1,15,3,A0A1_1,0,A0A1_2,6
860.0,A1,东,B1A1,6,2,B1A1_1,0,B1A1_2,0
860.0,A1,西,left1A1,10,0,left1A1_1,0,left1A1_2,0
860.0,A1,北,top0A1,34,3,top0A1_1,0,top0A1_2,0
860.0,B0,西,A0B0,8,0,A0B0_1,0,A0B0_2,6
860.0,B0,北,B1B0,14,0,B1B0_1,0,B1B0_2,14
860.0,B0,南,bottom1B0,3,0,bottom1B0_1,0,bottom1B0_2,3
860.0,B0,东,right0B0,0,0,right0B0_1,0,right0B0_2,0
860.0,B1,西,A1B1,9,2,A1B1_1,0,A1B1_2,1
860.0,B1,南,B0B1,15,1,B0B1_1,0,B0B1_2,2
860.0,B1,东,right1B1,0,0,right1B1_1,0,right1B1_2,0
860.0,B1,北,top1B1,14,0,top1B1_1,0,top1B1_2,6
865.0,A0,北,A1A0,14,1,A1A0_1,0,A1A0_2,4
865.0,A0,东,B0A0,7,0,B0A0_1,0,B0A0_2,7
865.0,A0,南,bottom0A0,5,0,bottom0A0_1,1,bottom0A0_2,0
865.0,A0,西,left0A0,70,3,left0A0_1,18,left0A0_2,24
865.0,A1,南,A0A1,15,1,A0A1_1,0,A0A1_2,5
865.0,A1,东,B1A1,5,0,B1A1_1,0,B1A1_2,0
865.0,A1,西,left1A1,10,0,left1A1_1,0,left1A1_2,0
865.0,A1,北,top0A1,33,0,top0A1_1,2,top0A1_2,0
865.0,B0,西,A0B0,8,0,A0B0_1,0,A0B0_2,8
865.0,B0,北,B1B0,13,0,B1B0_1,0,B1B0_2,12
865.0,B0,南,bottom1B0,2,0,bottom1B0_1,0,bottom1B0_2,1
865.0,B0,东,right0B0,0,0,right0B0_1,0,right0B0_2,0
865.0,B1,西,A1B1,10,1,A1B1_1,0,A1B1_2,1
865.0,B1,南,B0B1,13,0,B0B1_1,0,B0B1_2,3
865.0,B1,东,right1B1,0,0,right1B1_1,0,right1B1_2,0
865.0,B1,北,top1B1,16,3,top1B1_1,0,top1B1_2,4
870.0,A0,北,A1A0,12,0,A1A0_1,1,A1A0_2,0
870.0,A0,东,B0A0,9,2,B0A0_1,0,B0A0_2,7
870.0,A0,南,bottom0A0,5,0,bottom0A0_1,4,bottom0A0_2,0
870.0,A0,西,left0A0,72,2,left0A0_1,22,left0A0_2,26
870.0,A1,南,A0A1,13,0,A0A1_1,0,A0A1_2,0
870.0,A1,东,B1A1,5,1,B1A1_1,0,B1A1_2,0
870.0,A1,西,left1A1,10,0,left1A1_1,0,left1A1_2,0
870.0,A1,北,top0A1,31,0,top0A1_1,3,top0A1_2,0
870.0,B0,西,A0B0,9,1,A0B0_1,0,A0B0_2,8
870.0,B0,北,B1B0,11,0,B1B0_1,0,B1B0_2,7
870.0,B0,南,bottom1B0,0,0,bottom1B0_1,0,bottom1B0_2,0
870.0,B0,东,right0B0,0,0,right0B0_1,0,right0B0_2,0
870.0,B1,西,A1B1,11,1,A1B1_1,0,A1B1_2,2
870.0,B1,南,B0B1,11,0,B0B1_1,2,B0B1_2,0
870.0,B1,东,right1B1,0,0,right1B1_1,0,right1B1_2,0
870.0,B1,北,top1B1,21,7,top1B1_1,0,top1B1_2,0
