time_s,signal,approach,incoming_edge,lane,vehicles_on_road,entered_last_decision,vehicles_on_lane,halted_on_lane
0.0,A0,北,A1A0,A1A0_0,0,0,0,0
0.0,A0,北,A1A0,A1A0_1,0,0,0,0
0.0,A0,北,A1A0,A1A0_2,0,0,0,0
0.0,A0,东,B0A0,B0A0_0,0,0,0,0
0.0,A0,东,B0A0,B0A0_1,0,0,0,0
0.0,A0,东,B0A0,B0A0_2,0,0,0,0
0.0,A0,南,bottom0A0,bottom0A0_0,0,0,0,0
0.0,A0,南,bottom0A0,bottom0A0_1,0,0,0,0
0.0,A0,南,bottom0A0,bottom0A0_2,0,0,0,0
0.0,A0,西,left0A0,left0A0_0,0,0,0,0
0.0,A0,西,left0A0,left0A0_1,0,0,0,0
0.0,A0,西,left0A0,left0A0_2,0,0,0,0
0.0,A1,南,A0A1,A0A1_0,0,0,0,0
0.0,A1,南,A0A1,A0A1_1,0,0,0,0
0.0,A1,南,A0A1,A0A1_2,0,0,0,0
0.0,A1,北,A2A1,A2A1_0,0,0,0,0
0.0,A1,北,A2A1,A2A1_1,0,0,0,0
0.0,A1,北,A2A1,A2A1_2,0,0,0,0
0.0,A1,东,B1A1,B1A1_0,0,0,0,0
0.0,A1,东,B1A1,B1A1_1,0,0,0,0
0.0,A1,东,B1A1,B1A1_2,0,0,0,0
0.0,A1,西,left1A1,left1A1_0,0,0,0,0
0.0,A1,西,left1A1,left1A1_1,0,0,0,0
0.0,A1,西,left1A1,left1A1_2,0,0,0,0
0.0,A2,南,A1A2,A1A2_0,0,0,0,0
0.0,A2,南,A1A2,A1A2_1,0,0,0,0
0.0,A2,南,A1A2,A1A2_2,0,0,0,0
0.0,A2,东,B2A2,B2A2_0,0,0,0,0
0.0,A2,东,B2A2,B2A2_1,0,0,0,0
0.0,A2,东,B2A2,B2A2_2,0,0,0,0
0.0,A2,西,left2A2,left2A2_0,0,0,0,0
0.0,A2,西,left2A2,left2A2_1,0,0,0,0
0.0,A2,西,left2A2,left2A2_2,0,0,0,0
0.0,A2,北,top0A2,top0A2_0,0,0,0,0
0.0,A2,北,top0A2,top0A2_1,0,0,0,0
0.0,A2,北,top0A2,top0A2_2,0,0,0,0
0.0,B0,西,A0B0,A0B0_0,0,0,0,0
0.0,B0,西,A0B0,A0B0_1,0,0,0,0
0.0,B0,西,A0B0,A0B0_2,0,0,0,0
0.0,B0,北,B1B0,B1B0_0,0,0,0,0
0.0,B0,北,B1B0,B1B0_1,0,0,0,0
0.0,B0,北,B1B0,B1B0_2,0,0,0,0
0.0,B0,东,C0B0,C0B0_0,0,0,0,0
0.0,B0,东,C0B0,C0B0_1,0,0,0,0
0.0,B0,东,C0B0,C0B0_2,0,0,0,0
0.0,B0,南,bottom1B0,bottom1B0_0,0,0,0,0
0.0,B0,南,bottom1B0,bottom1B0_1,0,0,0,0
0.0,B0,南,bottom1B0,bottom1B0_2,0,0,0,0
0.0,B1,西,A1B1,A1B1_0,0,0,0,0
0.0,B1,西,A1B1,A1B1_1,0,0,0,0
0.0,B1,西,A1B1,A1B1_2,0,0,0,0
0.0,B1,南,B0B1,B0B1_0,0,0,0,0
0.0,B1,南,B0B1,B0B1_1,0,0,0,0
0.0,B1,南,B0B1,B0B1_2,0,0,0,0
0.0,B1,北,B2B1,B2B1_0,0,0,0,0
0.0,B1,北,B2B1,B2B1_1,0,0,0,0
0.0,B1,北,B2B1,B2B1_2,0,0,0,0
0.0,B1,东,C1B1,C1B1_0,0,0,0,0
0.0,B1,东,C1B1,C1B1_1,0,0,0,0
0.0,B1,东,C1B1,C1B1_2,0,0,0,0
0.0,B2,西,A2B2,A2B2_0,0,0,0,0
0.0,B2,西,A2B2,A2B2_1,0,0,0,0
0.0,B2,西,A2B2,A2B2_2,0,0,0,0
0.0,B2,南,B1B2,B1B2_0,0,0,0,0
0.0,B2,南,B1B2,B1B2_1,0,0,0,0
0.0,B2,南,B1B2,B1B2_2,0,0,0,0
0.0,B2,东,C2B2,C2B2_0,0,0,0,0
0.0,B2,东,C2B2,C2B2_1,0,0,0,0
0.0,B2,东,C2B2,C2B2_2,0,0,0,0
0.0,B2,北,top1B2,top1B2_0,0,0,0,0
0.0,B2,北,top1B2,top1B2_1,0,0,0,0
0.0,B2,北,top1B2,top1B2_2,0,0,0,0
0.0,C0,西,B0C0,B0C0_0,0,0,0,0
0.0,C0,西,B0C0,B0C0_1,0,0,0,0
0.0,C0,西,B0C0,B0C0_2,0,0,0,0
0.0,C0,北,C1C0,C1C0_0,0,0,0,0
0.0,C0,北,C1C0,C1C0_1,0,0,0,0
0.0,C0,北,C1C0,C1C0_2,0,0,0,0
0.0,C0,南,bottom2C0,bottom2C0_0,0,0,0,0
0.0,C0,南,bottom2C0,bottom2C0_1,0,0,0,0
0.0,C0,南,bottom2C0,bottom2C0_2,0,0,0,0
0.0,C0,东,right0C0,right0C0_0,0,0,0,0
0.0,C0,东,right0C0,right0C0_1,0,0,0,0
0.0,C0,东,right0C0,right0C0_2,0,0,0,0
0.0,C1,西,B1C1,B1C1_0,0,0,0,0
0.0,C1,西,B1C1,B1C1_1,0,0,0,0
0.0,C1,西,B1C1,B1C1_2,0,0,0,0
0.0,C1,南,C0C1,C0C1_0,0,0,0,0
0.0,C1,南,C0C1,C0C1_1,0,0,0,0
0.0,C1,南,C0C1,C0C1_2,0,0,0,0
0.0,C1,北,C2C1,C2C1_0,0,0,0,0
0.0,C1,北,C2C1,C2C1_1,0,0,0,0
0.0,C1,北,C2C1,C2C1_2,0,0,0,0
0.0,C1,东,right1C1,right1C1_0,0,0,0,0
0.0,C1,东,right1C1,right1C1_1,0,0,0,0
0.0,C1,东,right1C1,right1C1_2,0,0,0,0
0.0,C2,西,B2C2,B2C2_0,0,0,0,0
0.0,C2,西,B2C2,B2C2_1,0,0,0,0
0.0,C2,西,B2C2,B2C2_2,0,0,0,0
0.0,C2,南,C1C2,C1C2_0,0,0,0,0
0.0,C2,南,C1C2,C1C2_1,0,0,0,0
0.0,C2,南,C1C2,C1C2_2,0,0,0,0
0.0,C2,东,right2C2,right2C2_0,0,0,0,0
0.0,C2,东,right2C2,right2C2_1,0,0,0,0
0.0,C2,东,right2C2,right2C2_2,0,0,0,0
0.0,C2,北,top2C2,top2C2_0,0,0,0,0
0.0,C2,北,top2C2,top2C2_1,0,0,0,0
0.0,C2,北,top2C2,top2C2_2,0,0,0,0
5.0,A0,北,A1A0,A1A0_0,0,0,0,0
5.0,A0,北,A1A0,A1A0_1,0,0,0,0
5.0,A0,北,A1A0,A1A0_2,0,0,0,0
5.0,A0,东,B0A0,B0A0_0,0,0,0,0
5.0,A0,东,B0A0,B0A0_1,0,0,0,0
5.0,A0,东,B0A0,B0A0_2,0,0,0,0
5.0,A0,南,bottom0A0,bottom0A0_0,0,0,0,0
5.0,A0,南,bottom0A0,bottom0A0_1,0,0,0,0
5.0,A0,南,bottom0A0,bottom0A0_2,0,0,0,0
5.0,A0,西,left0A0,left0A0_0,0,0,0,0
5.0,A0,西,left0A0,left0A0_1,0,0,0,0
5.0,A0,西,left0A0,left0A0_2,0,0,0,0
5.0,A1,南,A0A1,A0A1_0,0,0,0,0
5.0,A1,南,A0A1,A0A1_1,0,0,0,0
5.0,A1,南,A0A1,A0A1_2,0,0,0,0
5.0,A1,北,A2A1,A2A1_0,0,0,0,0
5.0,A1,北,A2A1,A2A1_1,0,0,0,0
5.0,A1,北,A2A1,A2A1_2,0,0,0,0
5.0,A1,东,B1A1,B1A1_0,0,0,0,0
5.0,A1,东,B1A1,B1A1_1,0,0,0,0
5.0,A1,东,B1A1,B1A1_2,0,0,0,0
5.0,A1,西,left1A1,left1A1_0,1,1,0,0
5.0,A1,西,left1A1,left1A1_1,1,1,1,0
5.0,A1,西,left1A1,left1A1_2,1,1,0,0
5.0,A2,南,A1A2,A1A2_0,0,0,0,0
5.0,A2,南,A1A2,A1A2_1,0,0,0,0
5.0,A2,南,A1A2,A1A2_2,0,0,0,0
5.0,A2,东,B2A2,B2A2_0,0,0,0,0
5.0,A2,东,B2A2,B2A2_1,0,0,0,0
5.0,A2,东,B2A2,B2A2_2,0,0,0,0
5.0,A2,西,left2A2,left2A2_0,0,0,0,0
5.0,A2,西,left2A2,left2A2_1,0,0,0,0
5.0,A2,西,left2A2,left2A2_2,0,0,0,0
5.0,A2,北,top0A2,top0A2_0,0,0,0,0
5.0,A2,北,top0A2,top0A2_1,0,0,0,0
5.0,A2,北,top0A2,top0A2_2,0,0,0,0
5.0,B0,西,A0B0,A0B0_0,0,0,0,0
5.0,B0,西,A0B0,A0B0_1,0,0,0,0
5.0,B0,西,A0B0,A0B0_2,0,0,0,0
5.0,B0,北,B1B0,B1B0_0,0,0,0,0
5.0,B0,北,B1B0,B1B0_1,0,0,0,0
5.0,B0,北,B1B0,B1B0_2,0,0,0,0
5.0,B0,东,C0B0,C0B0_0,0,0,0,0
5.0,B0,东,C0B0,C0B0_1,0,0,0,0
5.0,B0,东,C0B0,C0B0_2,0,0,0,0
5.0,B0,南,bottom1B0,bottom1B0_0,0,0,0,0
5.0,B0,南,bottom1B0,bottom1B0_1,0,0,0,0
5.0,B0,南,bottom1B0,bottom1B0_2,0,0,0,0
5.0,B1,西,A1B1,A1B1_0,0,0,0,0
5.0,B1,西,A1B1,A1B1_1,0,0,0,0
5.0,B1,西,A1B1,A1B1_2,0,0,0,0
5.0,B1,南,B0B1,B0B1_0,0,0,0,0
5.0,B1,南,B0B1,B0B1_1,0,0,0,0
5.0,B1,南,B0B1,B0B1_2,0,0,0,0
5.0,B1,北,B2B1,B2B1_0,0,0,0,0
5.0,B1,北,B2B1,B2B1_1,0,0,0,0
5.0,B1,北,B2B1,B2B1_2,0,0,0,0
5.0,B1,东,C1B1,C1B1_0,0,0,0,0
5.0,B1,东,C1B1,C1B1_1,0,0,0,0
5.0,B1,东,C1B1,C1B1_2,0,0,0,0
5.0,B2,西,A2B2,A2B2_0,0,0,0,0
5.0,B2,西,A2B2,A2B2_1,0,0,0,0
5.0,B2,西,A2B2,A2B2_2,0,0,0,0
5.0,B2,南,B1B2,B1B2_0,0,0,0,0
5.0,B2,南,B1B2,B1B2_1,0,0,0,0
5.0,B2,南,B1B2,B1B2_2,0,0,0,0
5.0,B2,东,C2B2,C2B2_0,0,0,0,0
5.0,B2,东,C2B2,C2B2_1,0,0,0,0
5.0,B2,东,C2B2,C2B2_2,0,0,0,0
5.0,B2,北,top1B2,top1B2_0,0,0,0,0
5.0,B2,北,top1B2,top1B2_1,0,0,0,0
5.0,B2,北,top1B2,top1B2_2,0,0,0,0
5.0,C0,西,B0C0,B0C0_0,0,0,0,0
5.0,C0,西,B0C0,B0C0_1,0,0,0,0
5.0,C0,西,B0C0,B0C0_2,0,0,0,0
5.0,C0,北,C1C0,C1C0_0,0,0,0,0
5.0,C0,北,C1C0,C1C0_1,0,0,0,0
5.0,C0,北,C1C0,C1C0_2,0,0,0,0
5.0,C0,南,bottom2C0,bottom2C0_0,0,0,0,0
5.0,C0,南,bottom2C0,bottom2C0_1,0,0,0,0
5.0,C0,南,bottom2C0,bottom2C0_2,0,0,0,0
5.0,C0,东,right0C0,right0C0_0,0,0,0,0
5.0,C0,东,right0C0,right0C0_1,0,0,0,0
5.0,C0,东,right0C0,right0C0_2,0,0,0,0
5.0,C1,西,B1C1,B1C1_0,0,0,0,0
5.0,C1,西,B1C1,B1C1_1,0,0,0,0
5.0,C1,西,B1C1,B1C1_2,0,0,0,0
5.0,C1,南,C0C1,C0C1_0,0,0,0,0
5.0,C1,南,C0C1,C0C1_1,0,0,0,0
5.0,C1,南,C0C1,C0C1_2,0,0,0,0
5.0,C1,北,C2C1,C2C1_0,0,0,0,0
5.0,C1,北,C2C1,C2C1_1,0,0,0,0
5.0,C1,北,C2C1,C2C1_2,0,0,0,0
5.0,C1,东,right1C1,right1C1_0,0,0,0,0
5.0,C1,东,right1C1,right1C1_1,0,0,0,0
5.0,C1,东,right1C1,right1C1_2,0,0,0,0
5.0,C2,西,B2C2,B2C2_0,0,0,0,0
5.0,C2,西,B2C2,B2C2_1,0,0,0,0
5.0,C2,西,B2C2,B2C2_2,0,0,0,0
5.0,C2,南,C1C2,C1C2_0,0,0,0,0
5.0,C2,南,C1C2,C1C2_1,0,0,0,0
5.0,C2,南,C1C2,C1C2_2,0,0,0,0
5.0,C2,东,right2C2,right2C2_0,0,0,0,0
5.0,C2,东,right2C2,right2C2_1,0,0,0,0
5.0,C2,东,right2C2,right2C2_2,0,0,0,0
5.0,C2,北,top2C2,top2C2_0,0,0,0,0
5.0,C2,北,top2C2,top2C2_1,0,0,0,0
5.0,C2,北,top2C2,top2C2_2,0,0,0,0
10.0,A0,北,A1A0,A1A0_0,0,0,0,0
10.0,A0,北,A1A0,A1A0_1,0,0,0,0
10.0,A0,北,A1A0,A1A0_2,0,0,0,0
10.0,A0,东,B0A0,B0A0_0,0,0,0,0
10.0,A0,东,B0A0,B0A0_1,0,0,0,0
10.0,A0,东,B0A0,B0A0_2,0,0,0,0
10.0,A0,南,bottom0A0,bottom0A0_0,0,0,0,0
10.0,A0,南,bottom0A0,bottom0A0_1,0,0,0,0
10.0,A0,南,bottom0A0,bottom0A0_2,0,0,0,0
10.0,A0,西,left0A0,left0A0_0,1,1,0,0
10.0,A0,西,left0A0,left0A0_1,1,1,1,0
10.0,A0,西,left0A0,left0A0_2,1,1,0,0
10.0,A1,南,A0A1,A0A1_0,0,0,0,0
10.0,A1,南,A0A1,A0A1_1,0,0,0,0
10.0,A1,南,A0A1,A0A1_2,0,0,0,0
10.0,A1,北,A2A1,A2A1_0,0,0,0,0
10.0,A1,北,A2A1,A2A1_1,0,0,0,0
10.0,A1,北,A2A1,A2A1_2,0,0,0,0
10.0,A1,东,B1A1,B1A1_0,0,0,0,0
10.0,A1,东,B1A1,B1A1_1,0,0,0,0
10.0,A1,东,B1A1,B1A1_2,0,0,0,0
10.0,A1,西,left1A1,left1A1_0,1,0,0,0
10.0,A1,西,left1A1,left1A1_1,1,0,1,0
10.0,A1,西,left1A1,left1A1_2,1,0,0,0
10.0,A2,南,A1A2,A1A2_0,0,0,0,0
10.0,A2,南,A1A2,A1A2_1,0,0,0,0
10.0,A2,南,A1A2,A1A2_2,0,0,0,0
10.0,A2,东,B2A2,B2A2_0,0,0,0,0
10.0,A2,东,B2A2,B2A2_1,0,0,0,0
10.0,A2,东,B2A2,B2A2_2,0,0,0,0
10.0,A2,西,left2A2,left2A2_0,0,0,0,0
10.0,A2,西,left2A2,left2A2_1,0,0,0,0
10.0,A2,西,left2A2,left2A2_2,0,0,0,0
10.0,A2,北,top0A2,top0A2_0,0,0,0,0
10.0,A2,北,top0A2,top0A2_1,0,0,0,0
10.0,A2,北,top0A2,top0A2_2,0,0,0,0
10.0,B0,西,A0B0,A0B0_0,0,0,0,0
10.0,B0,西,A0B0,A0B0_1,0,0,0,0
10.0,B0,西,A0B0,A0B0_2,0,0,0,0
10.0,B0,北,B1B0,B1B0_0,0,0,0,0
10.0,B0,北,B1B0,B1B0_1,0,0,0,0
10.0,B0,北,B1B0,B1B0_2,0,0,0,0
10.0,B0,东,C0B0,C0B0_0,0,0,0,0
10.0,B0,东,C0B0,C0B0_1,0,0,0,0
10.0,B0,东,C0B0,C0B0_2,0,0,0,0
10.0,B0,南,bottom1B0,bottom1B0_0,0,0,0,0
10.0,B0,南,bottom1B0,bottom1B0_1,0,0,0,0
10.0,B0,南,bottom1B0,bottom1B0_2,0,0,0,0
10.0,B1,西,A1B1,A1B1_0,0,0,0,0
10.0,B1,西,A1B1,A1B1_1,0,0,0,0
10.0,B1,西,A1B1,A1B1_2,0,0,0,0
10.0,B1,南,B0B1,B0B1_0,0,0,0,0
10.0,B1,南,B0B1,B0B1_1,0,0,0,0
10.0,B1,南,B0B1,B0B1_2,0,0,0,0
10.0,B1,北,B2B1,B2B1_0,0,0,0,0
10.0,B1,北,B2B1,B2B1_1,0,0,0,0
10.0,B1,北,B2B1,B2B1_2,0,0,0,0
10.0,B1,东,C1B1,C1B1_0,0,0,0,0
10.0,B1,东,C1B1,C1B1_1,0,0,0,0
10.0,B1,东,C1B1,C1B1_2,0,0,0,0
10.0,B2,西,A2B2,A2B2_0,0,0,0,0
10.0,B2,西,A2B2,A2B2_1,0,0,0,0
10.0,B2,西,A2B2,A2B2_2,0,0,0,0
10.0,B2,南,B1B2,B1B2_0,0,0,0,0
10.0,B2,南,B1B2,B1B2_1,0,0,0,0
10.0,B2,南,B1B2,B1B2_2,0,0,0,0
10.0,B2,东,C2B2,C2B2_0,0,0,0,0
10.0,B2,东,C2B2,C2B2_1,0,0,0,0
10.0,B2,东,C2B2,C2B2_2,0,0,0,0
10.0,B2,北,top1B2,top1B2_0,0,0,0,0
10.0,B2,北,top1B2,top1B2_1,0,0,0,0
10.0,B2,北,top1B2,top1B2_2,0,0,0,0
10.0,C0,西,B0C0,B0C0_0,0,0,0,0
10.0,C0,西,B0C0,B0C0_1,0,0,0,0
10.0,C0,西,B0C0,B0C0_2,0,0,0,0
10.0,C0,北,C1C0,C1C0_0,0,0,0,0
10.0,C0,北,C1C0,C1C0_1,0,0,0,0
10.0,C0,北,C1C0,C1C0_2,0,0,0,0
10.0,C0,南,bottom2C0,bottom2C0_0,0,0,0,0
10.0,C0,南,bottom2C0,bottom2C0_1,0,0,0,0
10.0,C0,南,bottom2C0,bottom2C0_2,0,0,0,0
10.0,C0,东,right0C0,right0C0_0,0,0,0,0
10.0,C0,东,right0C0,right0C0_1,0,0,0,0
10.0,C0,东,right0C0,right0C0_2,0,0,0,0
10.0,C1,西,B1C1,B1C1_0,0,0,0,0
10.0,C1,西,B1C1,B1C1_1,0,0,0,0
10.0,C1,西,B1C1,B1C1_2,0,0,0,0
10.0,C1,南,C0C1,C0C1_0,0,0,0,0
10.0,C1,南,C0C1,C0C1_1,0,0,0,0
10.0,C1,南,C0C1,C0C1_2,0,0,0,0
10.0,C1,北,C2C1,C2C1_0,0,0,0,0
10.0,C1,北,C2C1,C2C1_1,0,0,0,0
10.0,C1,北,C2C1,C2C1_2,0,0,0,0
10.0,C1,东,right1C1,right1C1_0,0,0,0,0
10.0,C1,东,right1C1,right1C1_1,0,0,0,0
10.0,C1,东,right1C1,right1C1_2,0,0,0,0
10.0,C2,西,B2C2,B2C2_0,0,0,0,0
10.0,C2,西,B2C2,B2C2_1,0,0,0,0
10.0,C2,西,B2C2,B2C2_2,0,0,0,0
10.0,C2,南,C1C2,C1C2_0,0,0,0,0
10.0,C2,南,C1C2,C1C2_1,0,0,0,0
10.0,C2,南,C1C2,C1C2_2,0,0,0,0
10.0,C2,东,right2C2,right2C2_0,0,0,0,0
10.0,C2,东,right2C2,right2C2_1,0,0,0,0
10.0,C2,东,right2C2,right2C2_2,0,0,0,0
10.0,C2,北,top2C2,top2C2_0,0,0,0,0
10.0,C2,北,top2C2,top2C2_1,0,0,0,0
10.0,C2,北,top2C2,top2C2_2,0,0,0,0
15.0,A0,北,A1A0,A1A0_0,0,0,0,0
15.0,A0,北,A1A0,A1A0_1,0,0,0,0
15.0,A0,北,A1A0,A1A0_2,0,0,0,0
15.0,A0,东,B0A0,B0A0_0,0,0,0,0
15.0,A0,东,B0A0,B0A0_1,0,0,0,0
15.0,A0,东,B0A0,B0A0_2,0,0,0,0
15.0,A0,南,bottom0A0,bottom0A0_0,0,0,0,0
15.0,A0,南,bottom0A0,bottom0A0_1,0,0,0,0
15.0,A0,南,bottom0A0,bottom0A0_2,0,0,0,0
15.0,A0,西,left0A0,left0A0_0,1,0,0,0
15.0,A0,西,left0A0,left0A0_1,1,0,0,0
15.0,A0,西,left0A0,left0A0_2,1,0,1,0
15.0,A1,南,A0A1,A0A1_0,0,0,0,0
15.0,A1,南,A0A1,A0A1_1,0,0,0,0
15.0,A1,南,A0A1,A0A1_2,0,0,0,0
15.0,A1,北,A2A1,A2A1_0,0,0,0,0
15.0,A1,北,A2A1,A2A1_1,0,0,0,0
15.0,A1,北,A2A1,A2A1_2,0,0,0,0
15.0,A1,东,B1A1,B1A1_0,0,0,0,0
15.0,A1,东,B1A1,B1A1_1,0,0,0,0
15.0,A1,东,B1A1,B1A1_2,0,0,0,0
15.0,A1,西,left1A1,left1A1_0,1,0,0,0
15.0,A1,西,left1A1,left1A1_1,1,0,1,0
15.0,A1,西,left1A1,left1A1_2,1,0,0,0
15.0,A2,南,A1A2,A1A2_0,0,0,0,0
15.0,A2,南,A1A2,A1A2_1,0,0,0,0
15.0,A2,南,A1A2,A1A2_2,0,0,0,0
15.0,A2,东,B2A2,B2A2_0,0,0,0,0
15.0,A2,东,B2A2,B2A2_1,0,0,0,0
15.0,A2,东,B2A2,B2A2_2,0,0,0,0
15.0,A2,西,left2A2,left2A2_0,0,0,0,0
15.0,A2,西,left2A2,left2A2_1,0,0,0,0
15.0,A2,西,left2A2,left2A2_2,0,0,0,0
15.0,A2,北,top0A2,top0A2_0,0,0,0,0
15.0,A2,北,top0A2,top0A2_1,0,0,0,0
15.0,A2,北,top0A2,top0A2_2,0,0,0,0
15.0,B0,西,A0B0,A0B0_0,0,0,0,0
15.0,B0,西,A0B0,A0B0_1,0,0,0,0
15.0,B0,西,A0B0,A0B0_2,0,0,0,0
15.0,B0,北,B1B0,B1B0_0,0,0,0,0
15.0,B0,北,B1B0,B1B0_1,0,0,0,0
15.0,B0,北,B1B0,B1B0_2,0,0,0,0
15.0,B0,东,C0B0,C0B0_0,0,0,0,0
15.0,B0,东,C0B0,C0B0_1,0,0,0,0
15.0,B0,东,C0B0,C0B0_2,0,0,0,0
15.0,B0,南,bottom1B0,bottom1B0_0,0,0,0,0
15.0,B0,南,bottom1B0,bottom1B0_1,0,0,0,0
15.0,B0,南,bottom1B0,bottom1B0_2,0,0,0,0
15.0,B1,西,A1B1,A1B1_0,0,0,0,0
15.0,B1,西,A1B1,A1B1_1,0,0,0,0
15.0,B1,西,A1B1,A1B1_2,0,0,0,0
15.0,B1,南,B0B1,B0B1_0,0,0,0,0
15.0,B1,南,B0B1,B0B1_1,0,0,0,0
15.0,B1,南,B0B1,B0B1_2,0,0,0,0
15.0,B1,北,B2B1,B2B1_0,0,0,0,0
15.0,B1,北,B2B1,B2B1_1,0,0,0,0
15.0,B1,北,B2B1,B2B1_2,0,0,0,0
15.0,B1,东,C1B1,C1B1_0,0,0,0,0
15.0,B1,东,C1B1,C1B1_1,0,0,0,0
15.0,B1,东,C1B1,C1B1_2,0,0,0,0
15.0,B2,西,A2B2,A2B2_0,0,0,0,0
15.0,B2,西,A2B2,A2B2_1,0,0,0,0
15.0,B2,西,A2B2,A2B2_2,0,0,0,0
15.0,B2,南,B1B2,B1B2_0,0,0,0,0
15.0,B2,南,B1B2,B1B2_1,0,0,0,0
15.0,B2,南,B1B2,B1B2_2,0,0,0,0
15.0,B2,东,C2B2,C2B2_0,0,0,0,0
15.0,B2,东,C2B2,C2B2_1,0,0,0,0
15.0,B2,东,C2B2,C2B2_2,0,0,0,0
15.0,B2,北,top1B2,top1B2_0,0,0,0,0
15.0,B2,北,top1B2,top1B2_1,0,0,0,0
15.0,B2,北,top1B2,top1B2_2,0,0,0,0
15.0,C0,西,B0C0,B0C0_0,0,0,0,0
15.0,C0,西,B0C0,B0C0_1,0,0,0,0
15.0,C0,西,B0C0,B0C0_2,0,0,0,0
15.0,C0,北,C1C0,C1C0_0,0,0,0,0
15.0,C0,北,C1C0,C1C0_1,0,0,0,0
15.0,C0,北,C1C0,C1C0_2,0,0,0,0
15.0,C0,南,bottom2C0,bottom2C0_0,0,0,0,0
15.0,C0,南,bottom2C0,bottom2C0_1,0,0,0,0
15.0,C0,南,bottom2C0,bottom2C0_2,0,0,0,0
15.0,C0,东,right0C0,right0C0_0,0,0,0,0
15.0,C0,东,right0C0,right0C0_1,0,0,0,0
15.0,C0,东,right0C0,right0C0_2,0,0,0,0
15.0,C1,西,B1C1,B1C1_0,0,0,0,0
15.0,C1,西,B1C1,B1C1_1,0,0,0,0
15.0,C1,西,B1C1,B1C1_2,0,0,0,0
15.0,C1,南,C0C1,C0C1_0,0,0,0,0
15.0,C1,南,C0C1,C0C1_1,0,0,0,0
15.0,C1,南,C0C1,C0C1_2,0,0,0,0
15.0,C1,北,C2C1,C2C1_0,0,0,0,0
15.0,C1,北,C2C1,C2C1_1,0,0,0,0
15.0,C1,北,C2C1,C2C1_2,0,0,0,0
15.0,C1,东,right1C1,right1C1_0,2,2,1,0
15.0,C1,东,right1C1,right1C1_1,2,2,1,0
15.0,C1,东,right1C1,right1C1_2,2,2,0,0
15.0,C2,西,B2C2,B2C2_0,0,0,0,0
15.0,C2,西,B2C2,B2C2_1,0,0,0,0
15.0,C2,西,B2C2,B2C2_2,0,0,0,0
15.0,C2,南,C1C2,C1C2_0,0,0,0,0
15.0,C2,南,C1C2,C1C2_1,0,0,0,0
15.0,C2,南,C1C2,C1C2_2,0,0,0,0
15.0,C2,东,right2C2,right2C2_0,0,0,0,0
15.0,C2,东,right2C2,right2C2_1,0,0,0,0
15.0,C2,东,right2C2,right2C2_2,0,0,0,0
15.0,C2,北,top2C2,top2C2_0,0,0,0,0
15.0,C2,北,top2C2,top2C2_1,0,0,0,0
15.0,C2,北,top2C2,top2C2_2,0,0,0,0
20.0,A0,北,A1A0,A1A0_0,0,0,0,0
20.0,A0,北,A1A0,A1A0_1,0,0,0,0
20.0,A0,北,A1A0,A1A0_2,0,0,0,0
20.0,A0,东,B0A0,B0A0_0,0,0,0,0
20.0,A0,东,B0A0,B0A0_1,0,0,0,0
20.0,A0,东,B0A0,B0A0_2,0,0,0,0
20.0,A0,南,bottom0A0,bottom0A0_0,1,1,1,0
20.0,A0,南,bottom0A0,bottom0A0_1,1,1,0,0
20.0,A0,南,bottom0A0,bottom0A0_2,1,1,0,0
20.0,A0,西,left0A0,left0A0_0,1,0,0,0
20.0,A0,西,left0A0,left0A0_1,1,0,0,0
20.0,A0,西,left0A0,left0A0_2,1,0,1,0
20.0,A1,南,A0A1,A0A1_0,0,0,0,0
20.0,A1,南,A0A1,A0A1_1,0,0,0,0
20.0,A1,南,A0A1,A0A1_2,0,0,0,0
20.0,A1,北,A2A1,A2A1_0,0,0,0,0
20.0,A1,北,A2A1,A2A1_1,0,0,0,0
20.0,A1,北,A2A1,A2A1_2,0,0,0,0
20.0,A1,东,B1A1,B1A1_0,0,0,0,0
20.0,A1,东,B1A1,B1A1_1,0,0,0,0
20.0,A1,东,B1A1,B1A1_2,0,0,0,0
20.0,A1,西,left1A1,left1A1_0,1,0,0,0
20.0,A1,西,left1A1,left1A1_1,1,0,1,0
20.0,A1,西,left1A1,left1A1_2,1,0,0,0
20.0,A2,南,A1A2,A1A2_0,0,0,0,0
20.0,A2,南,A1A2,A1A2_1,0,0,0,0
20.0,A2,南,A1A2,A1A2_2,0,0,0,0
20.0,A2,东,B2A2,B2A2_0,0,0,0,0
20.0,A2,东,B2A2,B2A2_1,0,0,0,0
20.0,A2,东,B2A2,B2A2_2,0,0,0,0
20.0,A2,西,left2A2,left2A2_0,0,0,0,0
20.0,A2,西,left2A2,left2A2_1,0,0,0,0
20.0,A2,西,left2A2,left2A2_2,0,0,0,0
20.0,A2,北,top0A2,top0A2_0,0,0,0,0
20.0,A2,北,top0A2,top0A2_1,0,0,0,0
20.0,A2,北,top0A2,top0A2_2,0,0,0,0
20.0,B0,西,A0B0,A0B0_0,0,0,0,0
20.0,B0,西,A0B0,A0B0_1,0,0,0,0
20.0,B0,西,A0B0,A0B0_2,0,0,0,0
20.0,B0,北,B1B0,B1B0_0,0,0,0,0
20.0,B0,北,B1B0,B1B0_1,0,0,0,0
20.0,B0,北,B1B0,B1B0_2,0,0,0,0
20.0,B0,东,C0B0,C0B0_0,0,0,0,0
20.0,B0,东,C0B0,C0B0_1,0,0,0,0
20.0,B0,东,C0B0,C0B0_2,0,0,0,0
20.0,B0,南,bottom1B0,bottom1B0_0,0,0,0,0
20.0,B0,南,bottom1B0,bottom1B0_1,0,0,0,0
20.0,B0,南,bottom1B0,bottom1B0_2,0,0,0,0
20.0,B1,西,A1B1,A1B1_0,0,0,0,0
20.0,B1,西,A1B1,A1B1_1,0,0,0,0
20.0,B1,西,A1B1,A1B1_2,0,0,0,0
20.0,B1,南,B0B1,B0B1_0,0,0,0,0
20.0,B1,南,B0B1,B0B1_1,0,0,0,0
20.0,B1,南,B0B1,B0B1_2,0,0,0,0
20.0,B1,北,B2B1,B2B1_0,0,0,0,0
20.0,B1,北,B2B1,B2B1_1,0,0,0,0
20.0,B1,北,B2B1,B2B1_2,0,0,0,0
20.0,B1,东,C1B1,C1B1_0,0,0,0,0
20.0,B1,东,C1B1,C1B1_1,0,0,0,0
20.0,B1,东,C1B1,C1B1_2,0,0,0,0
20.0,B2,西,A2B2,A2B2_0,0,0,0,0
20.0,B2,西,A2B2,A2B2_1,0,0,0,0
20.0,B2,西,A2B2,A2B2_2,0,0,0,0
20.0,B2,南,B1B2,B1B2_0,0,0,0,0
20.0,B2,南,B1B2,B1B2_1,0,0,0,0
20.0,B2,南,B1B2,B1B2_2,0,0,0,0
20.0,B2,东,C2B2,C2B2_0,0,0,0,0
20.0,B2,东,C2B2,C2B2_1,0,0,0,0
20.0,B2,东,C2B2,C2B2_2,0,0,0,0
20.0,B2,北,top1B2,top1B2_0,0,0,0,0
20.0,B2,北,top1B2,top1B2_1,0,0,0,0
20.0,B2,北,top1B2,top1B2_2,0,0,0,0
20.0,C0,西,B0C0,B0C0_0,0,0,0,0
20.0,C0,西,B0C0,B0C0_1,0,0,0,0
20.0,C0,西,B0C0,B0C0_2,0,0,0,0
20.0,C0,北,C1C0,C1C0_0,0,0,0,0
20.0,C0,北,C1C0,C1C0_1,0,0,0,0
20.0,C0,北,C1C0,C1C0_2,0,0,0,0
20.0,C0,南,bottom2C0,bottom2C0_0,0,0,0,0
20.0,C0,南,bottom2C0,bottom2C0_1,0,0,0,0
20.0,C0,南,bottom2C0,bottom2C0_2,0,0,0,0
20.0,C0,东,right0C0,right0C0_0,0,0,0,0
20.0,C0,东,right0C0,right0C0_1,0,0,0,0
20.0,C0,东,right0C0,right0C0_2,0,0,0,0
20.0,C1,西,B1C1,B1C1_0,0,0,0,0
20.0,C1,西,B1C1,B1C1_1,0,0,0,0
20.0,C1,西,B1C1,B1C1_2,0,0,0,0
20.0,C1,南,C0C1,C0C1_0,0,0,0,0
20.0,C1,南,C0C1,C0C1_1,0,0,0,0
20.0,C1,南,C0C1,C0C1_2,0,0,0,0
20.0,C1,北,C2C1,C2C1_0,0,0,0,0
20.0,C1,北,C2C1,C2C1_1,0,0,0,0
20.0,C1,北,C2C1,C2C1_2,0,0,0,0
20.0,C1,东,right1C1,right1C1_0,2,0,1,0
20.0,C1,东,right1C1,right1C1_1,2,0,0,0
20.0,C1,东,right1C1,right1C1_2,2,0,1,0
20.0,C2,西,B2C2,B2C2_0,0,0,0,0
20.0,C2,西,B2C2,B2C2_1,0,0,0,0
20.0,C2,西,B2C2,B2C2_2,0,0,0,0
20.0,C2,南,C1C2,C1C2_0,0,0,0,0
20.0,C2,南,C1C2,C1C2_1,0,0,0,0
20.0,C2,南,C1C2,C1C2_2,0,0,0,0
20.0,C2,东,right2C2,right2C2_0,1,1,0,0
20.0,C2,东,right2C2,right2C2_1,1,1,0,0
20.0,C2,东,right2C2,right2C2_2,1,1,1,0
20.0,C2,北,top2C2,top2C2_0,0,0,0,0
20.0,C2,北,top2C2,top2C2_1,0,0,0,0
20.0,C2,北,top2C2,top2C2_2,0,0,0,0
25.0,A0,北,A1A0,A1A0_0,0,0,0,0
25.0,A0,北,A1A0,A1A0_1,0,0,0,0
25.0,A0,北,A1A0,A1A0_2,0,0,0,0
25.0,A0,东,B0A0,B0A0_0,0,0,0,0
25.0,A0,东,B0A0,B0A0_1,0,0,0,0
25.0,A0,东,B0A0,B0A0_2,0,0,0,0
25.0,A0,南,bottom0A0,bottom0A0_0,1,0,1,0
25.0,A0,南,bottom0A0,bottom0A0_1,1,0,0,0
25.0,A0,南,bottom0A0,bottom0A0_2,1,0,0,0
25.0,A0,西,left0A0,left0A0_0,2,1,0,0
25.0,A0,西,left0A0,left0A0_1,2,1,0,0
25.0,A0,西,left0A0,left0A0_2,2,1,2,0
25.0,A1,南,A0A1,A0A1_0,0,0,0,0
25.0,A1,南,A0A1,A0A1_1,0,0,0,0
25.0,A1,南,A0A1,A0A1_2,0,0,0,0
25.0,A1,北,A2A1,A2A1_0,0,0,0,0
25.0,A1,北,A2A1,A2A1_1,0,0,0,0
25.0,A1,北,A2A1,A2A1_2,0,0,0,0
25.0,A1,东,B1A1,B1A1_0,0,0,0,0
25.0,A1,东,B1A1,B1A1_1,0,0,0,0
25.0,A1,东,B1A1,B1A1_2,0,0,0,0
25.0,A1,西,left1A1,left1A1_0,1,0,0,0
25.0,A1,西,left1A1,left1A1_1,1,0,1,0
25.0,A1,西,left1A1,left1A1_2,1,0,0,0
25.0,A2,南,A1A2,A1A2_0,0,0,0,0
25.0,A2,南,A1A2,A1A2_1,0,0,0,0
25.0,A2,南,A1A2,A1A2_2,0,0,0,0
25.0,A2,东,B2A2,B2A2_0,0,0,0,0
25.0,A2,东,B2A2,B2A2_1,0,0,0,0
25.0,A2,东,B2A2,B2A2_2,0,0,0,0
25.0,A2,西,left2A2,left2A2_0,0,0,0,0
25.0,A2,西,left2A2,left2A2_1,0,0,0,0
25.0,A2,西,left2A2,left2A2_2,0,0,0,0
25.0,A2,北,top0A2,top0A2_0,0,0,0,0
25.0,A2,北,top0A2,top0A2_1,0,0,0,0
25.0,A2,北,top0A2,top0A2_2,0,0,0,0
25.0,B0,西,A0B0,A0B0_0,0,0,0,0
25.0,B0,西,A0B0,A0B0_1,0,0,0,0
25.0,B0,西,A0B0,A0B0_2,0,0,0,0
25.0,B0,北,B1B0,B1B0_0,0,0,0,0
25.0,B0,北,B1B0,B1B0_1,0,0,0,0
25.0,B0,北,B1B0,B1B0_2,0,0,0,0
25.0,B0,东,C0B0,C0B0_0,0,0,0,0
25.0,B0,东,C0B0,C0B0_1,0,0,0,0
25.0,B0,东,C0B0,C0B0_2,0,0,0,0
25.0,B0,南,bottom1B0,bottom1B0_0,0,0,0,0
25.0,B0,南,bottom1B0,bottom1B0_1,0,0,0,0
25.0,B0,南,bottom1B0,bottom1B0_2,0,0,0,0
25.0,B1,西,A1B1,A1B1_0,0,0,0,0
25.0,B1,西,A1B1,A1B1_1,0,0,0,0
25.0,B1,西,A1B1,A1B1_2,0,0,0,0
25.0,B1,南,B0B1,B0B1_0,0,0,0,0
25.0,B1,南,B0B1,B0B1_1,0,0,0,0
25.0,B1,南,B0B1,B0B1_2,0,0,0,0
25.0,B1,北,B2B1,B2B1_0,0,0,0,0
25.0,B1,北,B2B1,B2B1_1,0,0,0,0
25.0,B1,北,B2B1,B2B1_2,0,0,0,0
25.0,B1,东,C1B1,C1B1_0,0,0,0,0
25.0,B1,东,C1B1,C1B1_1,0,0,0,0
25.0,B1,东,C1B1,C1B1_2,0,0,0,0
25.0,B2,西,A2B2,A2B2_0,0,0,0,0
25.0,B2,西,A2B2,A2B2_1,0,0,0,0
25.0,B2,西,A2B2,A2B2_2,0,0,0,0
25.0,B2,南,B1B2,B1B2_0,0,0,0,0
25.0,B2,南,B1B2,B1B2_1,0,0,0,0
25.0,B2,南,B1B2,B1B2_2,0,0,0,0
25.0,B2,东,C2B2,C2B2_0,0,0,0,0
25.0,B2,东,C2B2,C2B2_1,0,0,0,0
25.0,B2,东,C2B2,C2B2_2,0,0,0,0
25.0,B2,北,top1B2,top1B2_0,0,0,0,0
25.0,B2,北,top1B2,top1B2_1,0,0,0,0
25.0,B2,北,top1B2,top1B2_2,0,0,0,0
25.0,C0,西,B0C0,B0C0_0,0,0,0,0
25.0,C0,西,B0C0,B0C0_1,0,0,0,0
25.0,C0,西,B0C0,B0C0_2,0,0,0,0
25.0,C0,北,C1C0,C1C0_0,0,0,0,0
25.0,C0,北,C1C0,C1C0_1,0,0,0,0
25.0,C0,北,C1C0,C1C0_2,0,0,0,0
25.0,C0,南,bottom2C0,bottom2C0_0,0,0,0,0
25.0,C0,南,bottom2C0,bottom2C0_1,0,0,0,0
25.0,C0,南,bottom2C0,bottom2C0_2,0,0,0,0
25.0,C0,东,right0C0,right0C0_0,0,0,0,0
25.0,C0,东,right0C0,right0C0_1,0,0,0,0
25.0,C0,东,right0C0,right0C0_2,0,0,0,0
25.0,C1,西,B1C1,B1C1_0,0,0,0,0
25.0,C1,西,B1C1,B1C1_1,0,0,0,0
25.0,C1,西,B1C1,B1C1_2,0,0,0,0
25.0,C1,南,C0C1,C0C1_0,0,0,0,0
25.0,C1,南,C0C1,C0C1_1,0,0,0,0
25.0,C1,南,C0C1,C0C1_2,0,0,0,0
25.0,C1,北,C2C1,C2C1_0,0,0,0,0
25.0,C1,北,C2C1,C2C1_1,0,0,0,0
25.0,C1,北,C2C1,C2C1_2,0,0,0,0
25.0,C1,东,right1C1,right1C1_0,2,0,1,0
25.0,C1,东,right1C1,right1C1_1,2,0,0,0
25.0,C1,东,right1C1,right1C1_2,2,0,1,0
25.0,C2,西,B2C2,B2C2_0,0,0,0,0
25.0,C2,西,B2C2,B2C2_1,0,0,0,0
25.0,C2,西,B2C2,B2C2_2,0,0,0,0
25.0,C2,南,C1C2,C1C2_0,0,0,0,0
25.0,C2,南,C1C2,C1C2_1,0,0,0,0
25.0,C2,南,C1C2,C1C2_2,0,0,0,0
25.0,C2,东,right2C2,right2C2_0,1,0,0,0
25.0,C2,东,right2C2,right2C2_1,1,0,0,0
25.0,C2,东,right2C2,right2C2_2,1,0,1,0
25.0,C2,北,top2C2,top2C2_0,1,1,1,0
25.0,C2,北,top2C2,top2C2_1,1,1,0,0
25.0,C2,北,top2C2,top2C2_2,1,1,0,0
30.0,A0,北,A1A0,A1A0_0,0,0,0,0
30.0,A0,北,A1A0,A1A0_1,0,0,0,0
30.0,A0,北,A1A0,A1A0_2,0,0,0,0
30.0,A0,东,B0A0,B0A0_0,0,0,0,0
30.0,A0,东,B0A0,B0A0_1,0,0,0,0
30.0,A0,东,B0A0,B0A0_2,0,0,0,0
30.0,A0,南,bottom0A0,bottom0A0_0,1,0,1,0
30.0,A0,南,bottom0A0,bottom0A0_1,1,0,0,0
30.0,A0,南,bottom0A0,bottom0A0_2,1,0,0,0
30.0,A0,西,left0A0,left0A0_0,2,0,0,0
30.0,A0,西,left0A0,left0A0_1,2,0,0,0
30.0,A0,西,left0A0,left0A0_2,2,0,2,0
30.0,A1,南,A0A1,A0A1_0,0,0,0,0
30.0,A1,南,A0A1,A0A1_1,0,0,0,0
30.0,A1,南,A0A1,A0A1_2,0,0,0,0
30.0,A1,北,A2A1,A2A1_0,0,0,0,0
30.0,A1,北,A2A1,A2A1_1,0,0,0,0
30.0,A1,北,A2A1,A2A1_2,0,0,0,0
30.0,A1,东,B1A1,B1A1_0,0,0,0,0
30.0,A1,东,B1A1,B1A1_1,0,0,0,0
30.0,A1,东,B1A1,B1A1_2,0,0,0,0
30.0,A1,西,left1A1,left1A1_0,2,1,0,0
30.0,A1,西,left1A1,left1A1_1,2,1,2,1
30.0,A1,西,left1A1,left1A1_2,2,1,0,0
30.0,A2,南,A1A2,A1A2_0,0,0,0,0
30.0,A2,南,A1A2,A1A2_1,0,0,0,0
30.0,A2,南,A1A2,A1A2_2,0,0,0,0
30.0,A2,东,B2A2,B2A2_0,0,0,0,0
30.0,A2,东,B2A2,B2A2_1,0,0,0,0
30.0,A2,东,B2A2,B2A2_2,0,0,0,0
30.0,A2,西,left2A2,left2A2_0,0,0,0,0
30.0,A2,西,left2A2,left2A2_1,0,0,0,0
30.0,A2,西,left2A2,left2A2_2,0,0,0,0
30.0,A2,北,top0A2,top0A2_0,0,0,0,0
30.0,A2,北,top0A2,top0A2_1,0,0,0,0
30.0,A2,北,top0A2,top0A2_2,0,0,0,0
30.0,B0,西,A0B0,A0B0_0,0,0,0,0
30.0,B0,西,A0B0,A0B0_1,0,0,0,0
30.0,B0,西,A0B0,A0B0_2,0,0,0,0
30.0,B0,北,B1B0,B1B0_0,0,0,0,0
30.0,B0,北,B1B0,B1B0_1,0,0,0,0
30.0,B0,北,B1B0,B1B0_2,0,0,0,0
30.0,B0,东,C0B0,C0B0_0,0,0,0,0
30.0,B0,东,C0B0,C0B0_1,0,0,0,0
30.0,B0,东,C0B0,C0B0_2,0,0,0,0
30.0,B0,南,bottom1B0,bottom1B0_0,0,0,0,0
30.0,B0,南,bottom1B0,bottom1B0_1,0,0,0,0
30.0,B0,南,bottom1B0,bottom1B0_2,0,0,0,0
30.0,B1,西,A1B1,A1B1_0,0,0,0,0
30.0,B1,西,A1B1,A1B1_1,0,0,0,0
30.0,B1,西,A1B1,A1B1_2,0,0,0,0
30.0,B1,南,B0B1,B0B1_0,0,0,0,0
30.0,B1,南,B0B1,B0B1_1,0,0,0,0
30.0,B1,南,B0B1,B0B1_2,0,0,0,0
30.0,B1,北,B2B1,B2B1_0,0,0,0,0
30.0,B1,北,B2B1,B2B1_1,0,0,0,0
30.0,B1,北,B2B1,B2B1_2,0,0,0,0
30.0,B1,东,C1B1,C1B1_0,0,0,0,0
30.0,B1,东,C1B1,C1B1_1,0,0,0,0
30.0,B1,东,C1B1,C1B1_2,0,0,0,0
30.0,B2,西,A2B2,A2B2_0,0,0,0,0
30.0,B2,西,A2B2,A2B2_1,0,0,0,0
30.0,B2,西,A2B2,A2B2_2,0,0,0,0
30.0,B2,南,B1B2,B1B2_0,0,0,0,0
30.0,B2,南,B1B2,B1B2_1,0,0,0,0
30.0,B2,南,B1B2,B1B2_2,0,0,0,0
30.0,B2,东,C2B2,C2B2_0,0,0,0,0
30.0,B2,东,C2B2,C2B2_1,0,0,0,0
30.0,B2,东,C2B2,C2B2_2,0,0,0,0
30.0,B2,北,top1B2,top1B2_0,1,1,0,0
30.0,B2,北,top1B2,top1B2_1,1,1,1,0
30.0,B2,北,top1B2,top1B2_2,1,1,0,0
30.0,C0,西,B0C0,B0C0_0,0,0,0,0
30.0,C0,西,B0C0,B0C0_1,0,0,0,0
30.0,C0,西,B0C0,B0C0_2,0,0,0,0
30.0,C0,北,C1C0,C1C0_0,0,0,0,0
30.0,C0,北,C1C0,C1C0_1,0,0,0,0
30.0,C0,北,C1C0,C1C0_2,0,0,0,0
30.0,C0,南,bottom2C0,bottom2C0_0,0,0,0,0
30.0,C0,南,bottom2C0,bottom2C0_1,0,0,0,0
30.0,C0,南,bottom2C0,bottom2C0_2,0,0,0,0
30.0,C0,东,right0C0,right0C0_0,0,0,0,0
30.0,C0,东,right0C0,right0C0_1,0,0,0,0
30.0,C0,东,right0C0,right0C0_2,0,0,0,0
30.0,C1,西,B1C1,B1C1_0,0,0,0,0
30.0,C1,西,B1C1,B1C1_1,0,0,0,0
30.0,C1,西,B1C1,B1C1_2,0,0,0,0
30.0,C1,南,C0C1,C0C1_0,0,0,0,0
30.0,C1,南,C0C1,C0C1_1,0,0,0,0
30.0,C1,南,C0C1,C0C1_2,0,0,0,0
30.0,C1,北,C2C1,C2C1_0,0,0,0,0
30.0,C1,北,C2C1,C2C1_1,0,0,0,0
30.0,C1,北,C2C1,C2C1_2,0,0,0,0
30.0,C1,东,right1C1,right1C1_0,2,0,1,0
30.0,C1,东,right1C1,right1C1_1,2,0,0,0
30.0,C1,东,right1C1,right1C1_2,2,0,1,0
30.0,C2,西,B2C2,B2C2_0,0,0,0,0
30.0,C2,西,B2C2,B2C2_1,0,0,0,0
30.0,C2,西,B2C2,B2C2_2,0,0,0,0
30.0,C2,南,C1C2,C1C2_0,0,0,0,0
30.0,C2,南,C1C2,C1C2_1,0,0,0,0
30.0,C2,南,C1C2,C1C2_2,0,0,0,0
30.0,C2,东,right2C2,right2C2_0,1,0,0,0
30.0,C2,东,right2C2,right2C2_1,1,0,0,0
30.0,C2,东,right2C2,right2C2_2,1,0,1,0
30.0,C2,北,top2C2,top2C2_0,1,0,1,0
30.0,C2,北,top2C2,top2C2_1,1,0,0,0
30.0,C2,北,top2C2,top2C2_2,1,0,0,0
35.0,A0,北,A1A0,A1A0_0,0,0,0,0
35.0,A0,北,A1A0,A1A0_1,0,0,0,0
35.0,A0,北,A1A0,A1A0_2,0,0,0,0
35.0,A0,东,B0A0,B0A0_0,0,0,0,0
35.0,A0,东,B0A0,B0A0_1,0,0,0,0
35.0,A0,东,B0A0,B0A0_2,0,0,0,0
35.0,A0,南,bottom0A0,bottom0A0_0,2,1,1,0
35.0,A0,南,bottom0A0,bottom0A0_1,2,1,1,0
35.0,A0,南,bottom0A0,bottom0A0_2,2,1,0,0
35.0,A0,西,left0A0,left0A0_0,2,0,0,0
35.0,A0,西,left0A0,left0A0_1,2,0,0,0
35.0,A0,西,left0A0,left0A0_2,2,0,2,1
35.0,A1,南,A0A1,A0A1_0,0,0,0,0
35.0,A1,南,A0A1,A0A1_1,0,0,0,0
35.0,A1,南,A0A1,A0A1_2,0,0,0,0
35.0,A1,北,A2A1,A2A1_0,0,0,0,0
35.0,A1,北,A2A1,A2A1_1,0,0,0,0
35.0,A1,北,A2A1,A2A1_2,0,0,0,0
35.0,A1,东,B1A1,B1A1_0,0,0,0,0
35.0,A1,东,B1A1,B1A1_1,0,0,0,0
35.0,A1,东,B1A1,B1A1_2,0,0,0,0
35.0,A1,西,left1A1,left1A1_0,2,0,0,0
35.0,A1,西,left1A1,left1A1_1,2,0,2,1
35.0,A1,西,left1A1,left1A1_2,2,0,0,0
35.0,A2,南,A1A2,A1A2_0,0,0,0,0
35.0,A2,南,A1A2,A1A2_1,0,0,0,0
35.0,A2,南,A1A2,A1A2_2,0,0,0,0
35.0,A2,东,B2A2,B2A2_0,0,0,0,0
35.0,A2,东,B2A2,B2A2_1,0,0,0,0
35.0,A2,东,B2A2,B2A2_2,0,0,0,0
35.0,A2,西,left2A2,left2A2_0,1,1,0,0
35.0,A2,西,left2A2,left2A2_1,1,1,1,0
35.0,A2,西,left2A2,left2A2_2,1,1,0,0
35.0,A2,北,top0A2,top0A2_0,0,0,0,0
35.0,A2,北,top0A2,top0A2_1,0,0,0,0
35.0,A2,北,top0A2,top0A2_2,0,0,0,0
35.0,B0,西,A0B0,A0B0_0,0,0,0,0
35.0,B0,西,A0B0,A0B0_1,0,0,0,0
35.0,B0,西,A0B0,A0B0_2,0,0,0,0
35.0,B0,北,B1B0,B1B0_0,0,0,0,0
35.0,B0,北,B1B0,B1B0_1,0,0,0,0
35.0,B0,北,B1B0,B1B0_2,0,0,0,0
35.0,B0,东,C0B0,C0B0_0,0,0,0,0
35.0,B0,东,C0B0,C0B0_1,0,0,0,0
35.0,B0,东,C0B0,C0B0_2,0,0,0,0
35.0,B0,南,bottom1B0,bottom1B0_0,0,0,0,0
35.0,B0,南,bottom1B0,bottom1B0_1,0,0,0,0
35.0,B0,南,bottom1B0,bottom1B0_2,0,0,0,0
35.0,B1,西,A1B1,A1B1_0,0,0,0,0
35.0,B1,西,A1B1,A1B1_1,0,0,0,0
35.0,B1,西,A1B1,A1B1_2,0,0,0,0
35.0,B1,南,B0B1,B0B1_0,0,0,0,0
35.0,B1,南,B0B1,B0B1_1,0,0,0,0
35.0,B1,南,B0B1,B0B1_2,0,0,0,0
35.0,B1,北,B2B1,B2B1_0,0,0,0,0
35.0,B1,北,B2B1,B2B1_1,0,0,0,0
35.0,B1,北,B2B1,B2B1_2,0,0,0,0
35.0,B1,东,C1B1,C1B1_0,0,0,0,0
35.0,B1,东,C1B1,C1B1_1,0,0,0,0
35.0,B1,东,C1B1,C1B1_2,0,0,0,0
35.0,B2,西,A2B2,A2B2_0,0,0,0,0
35.0,B2,西,A2B2,A2B2_1,0,0,0,0
35.0,B2,西,A2B2,A2B2_2,0,0,0,0
35.0,B2,南,B1B2,B1B2_0,0,0,0,0
35.0,B2,南,B1B2,B1B2_1,0,0,0,0
35.0,B2,南,B1B2,B1B2_2,0,0,0,0
35.0,B2,东,C2B2,C2B2_0,0,0,0,0
35.0,B2,东,C2B2,C2B2_1,0,0,0,0
35.0,B2,东,C2B2,C2B2_2,0,0,0,0
35.0,B2,北,top1B2,top1B2_0,1,0,0,0
35.0,B2,北,top1B2,top1B2_1,1,0,1,0
35.0,B2,北,top1B2,top1B2_2,1,0,0,0
35.0,C0,西,B0C0,B0C0_0,0,0,0,0
35.0,C0,西,B0C0,B0C0_1,0,0,0,0
35.0,C0,西,B0C0,B0C0_2,0,0,0,0
35.0,C0,北,C1C0,C1C0_0,0,0,0,0
35.0,C0,北,C1C0,C1C0_1,0,0,0,0
35.0,C0,北,C1C0,C1C0_2,0,0,0,0
35.0,C0,南,bottom2C0,bottom2C0_0,0,0,0,0
35.0,C0,南,bottom2C0,bottom2C0_1,0,0,0,0
35.0,C0,南,bottom2C0,bottom2C0_2,0,0,0,0
35.0,C0,东,right0C0,right0C0_0,0,0,0,0
35.0,C0,东,right0C0,right0C0_1,0,0,0,0
35.0,C0,东,right0C0,right0C0_2,0,0,0,0
35.0,C1,西,B1C1,B1C1_0,0,0,0,0
35.0,C1,西,B1C1,B1C1_1,0,0,0,0
35.0,C1,西,B1C1,B1C1_2,0,0,0,0
35.0,C1,南,C0C1,C0C1_0,0,0,0,0
35.0,C1,南,C0C1,C0C1_1,0,0,0,0
35.0,C1,南,C0C1,C0C1_2,0,0,0,0
35.0,C1,北,C2C1,C2C1_0,0,0,0,0
35.0,C1,北,C2C1,C2C1_1,0,0,0,0
35.0,C1,北,C2C1,C2C1_2,0,0,0,0
35.0,C1,东,right1C1,right1C1_0,2,0,1,0
35.0,C1,东,right1C1,right1C1_1,2,0,0,0
35.0,C1,东,right1C1,right1C1_2,2,0,1,0
35.0,C2,西,B2C2,B2C2_0,0,0,0,0
35.0,C2,西,B2C2,B2C2_1,0,0,0,0
35.0,C2,西,B2C2,B2C2_2,0,0,0,0
35.0,C2,南,C1C2,C1C2_0,0,0,0,0
35.0,C2,南,C1C2,C1C2_1,0,0,0,0
35.0,C2,南,C1C2,C1C2_2,0,0,0,0
35.0,C2,东,right2C2,right2C2_0,1,0,0,0
35.0,C2,东,right2C2,right2C2_1,1,0,0,0
35.0,C2,东,right2C2,right2C2_2,1,0,1,0
35.0,C2,北,top2C2,top2C2_0,1,0,1,0
35.0,C2,北,top2C2,top2C2_1,1,0,0,0
35.0,C2,北,top2C2,top2C2_2,1,0,0,0
40.0,A0,北,A1A0,A1A0_0,0,0,0,0
40.0,A0,北,A1A0,A1A0_1,0,0,0,0
40.0,A0,北,A1A0,A1A0_2,0,0,0,0
40.0,A0,东,B0A0,B0A0_0,0,0,0,0
40.0,A0,东,B0A0,B0A0_1,0,0,0,0
40.0,A0,东,B0A0,B0A0_2,0,0,0,0
40.0,A0,南,bottom0A0,bottom0A0_0,3,1,2,0
40.0,A0,南,bottom0A0,bottom0A0_1,3,1,1,0
40.0,A0,南,bottom0A0,bottom0A0_2,3,1,0,0
40.0,A0,西,left0A0,left0A0_0,3,1,0,0
40.0,A0,西,left0A0,left0A0_1,3,1,0,0
40.0,A0,西,left0A0,left0A0_2,3,1,3,1
40.0,A1,南,A0A1,A0A1_0,0,0,0,0
40.0,A1,南,A0A1,A0A1_1,0,0,0,0
40.0,A1,南,A0A1,A0A1_2,0,0,0,0
40.0,A1,北,A2A1,A2A1_0,0,0,0,0
40.0,A1,北,A2A1,A2A1_1,0,0,0,0
40.0,A1,北,A2A1,A2A1_2,0,0,0,0
40.0,A1,东,B1A1,B1A1_0,0,0,0,0
40.0,A1,东,B1A1,B1A1_1,0,0,0,0
40.0,A1,东,B1A1,B1A1_2,0,0,0,0
40.0,A1,西,left1A1,left1A1_0,2,0,0,0
40.0,A1,西,left1A1,left1A1_1,2,0,2,1
40.0,A1,西,left1A1,left1A1_2,2,0,0,0
40.0,A2,南,A1A2,A1A2_0,0,0,0,0
40.0,A2,南,A1A2,A1A2_1,0,0,0,0
40.0,A2,南,A1A2,A1A2_2,0,0,0,0
40.0,A2,东,B2A2,B2A2_0,0,0,0,0
40.0,A2,东,B2A2,B2A2_1,0,0,0,0
40.0,A2,东,B2A2,B2A2_2,0,0,0,0
40.0,A2,西,left2A2,left2A2_0,1,0,0,0
40.0,A2,西,left2A2,left2A2_1,1,0,1,0
40.0,A2,西,left2A2,left2A2_2,1,0,0,0
40.0,A2,北,top0A2,top0A2_0,1,1,0,0
40.0,A2,北,top0A2,top0A2_1,1,1,1,0
40.0,A2,北,top0A2,top0A2_2,1,1,0,0
40.0,B0,西,A0B0,A0B0_0,0,0,0,0
40.0,B0,西,A0B0,A0B0_1,0,0,0,0
40.0,B0,西,A0B0,A0B0_2,0,0,0,0
40.0,B0,北,B1B0,B1B0_0,0,0,0,0
40.0,B0,北,B1B0,B1B0_1,0,0,0,0
40.0,B0,北,B1B0,B1B0_2,0,0,0,0
40.0,B0,东,C0B0,C0B0_0,0,0,0,0
40.0,B0,东,C0B0,C0B0_1,0,0,0,0
40.0,B0,东,C0B0,C0B0_2,0,0,0,0
40.0,B0,南,bottom1B0,bottom1B0_0,0,0,0,0
40.0,B0,南,bottom1B0,bottom1B0_1,0,0,0,0
40.0,B0,南,bottom1B0,bottom1B0_2,0,0,0,0
40.0,B1,西,A1B1,A1B1_0,0,0,0,0
40.0,B1,西,A1B1,A1B1_1,0,0,0,0
40.0,B1,西,A1B1,A1B1_2,0,0,0,0
40.0,B1,南,B0B1,B0B1_0,0,0,0,0
40.0,B1,南,B0B1,B0B1_1,0,0,0,0
40.0,B1,南,B0B1,B0B1_2,0,0,0,0
40.0,B1,北,B2B1,B2B1_0,0,0,0,0
40.0,B1,北,B2B1,B2B1_1,0,0,0,0
40.0,B1,北,B2B1,B2B1_2,0,0,0,0
40.0,B1,东,C1B1,C1B1_0,0,0,0,0
40.0,B1,东,C1B1,C1B1_1,0,0,0,0
40.0,B1,东,C1B1,C1B1_2,0,0,0,0
40.0,B2,西,A2B2,A2B2_0,0,0,0,0
40.0,B2,西,A2B2,A2B2_1,0,0,0,0
40.0,B2,西,A2B2,A2B2_2,0,0,0,0
40.0,B2,南,B1B2,B1B2_0,0,0,0,0
40.0,B2,南,B1B2,B1B2_1,0,0,0,0
40.0,B2,南,B1B2,B1B2_2,0,0,0,0
40.0,B2,东,C2B2,C2B2_0,0,0,0,0
40.0,B2,东,C2B2,C2B2_1,0,0,0,0
40.0,B2,东,C2B2,C2B2_2,0,0,0,0
40.0,B2,北,top1B2,top1B2_0,1,0,0,0
40.0,B2,北,top1B2,top1B2_1,1,0,1,0
40.0,B2,北,top1B2,top1B2_2,1,0,0,0
40.0,C0,西,B0C0,B0C0_0,0,0,0,0
40.0,C0,西,B0C0,B0C0_1,0,0,0,0
40.0,C0,西,B0C0,B0C0_2,0,0,0,0
40.0,C0,北,C1C0,C1C0_0,0,0,0,0
40.0,C0,北,C1C0,C1C0_1,0,0,0,0
40.0,C0,北,C1C0,C1C0_2,0,0,0,0
40.0,C0,南,bottom2C0,bottom2C0_0,0,0,0,0
40.0,C0,南,bottom2C0,bottom2C0_1,0,0,0,0
40.0,C0,南,bottom2C0,bottom2C0_2,0,0,0,0
40.0,C0,东,right0C0,right0C0_0,0,0,0,0
40.0,C0,东,right0C0,right0C0_1,0,0,0,0
40.0,C0,东,right0C0,right0C0_2,0,0,0,0
40.0,C1,西,B1C1,B1C1_0,0,0,0,0
40.0,C1,西,B1C1,B1C1_1,0,0,0,0
40.0,C1,西,B1C1,B1C1_2,0,0,0,0
40.0,C1,南,C0C1,C0C1_0,0,0,0,0
40.0,C1,南,C0C1,C0C1_1,0,0,0,0
40.0,C1,南,C0C1,C0C1_2,0,0,0,0
40.0,C1,北,C2C1,C2C1_0,0,0,0,0
40.0,C1,北,C2C1,C2C1_1,0,0,0,0
40.0,C1,北,C2C1,C2C1_2,0,0,0,0
40.0,C1,东,right1C1,right1C1_0,1,0,0,0
40.0,C1,东,right1C1,right1C1_1,1,0,0,0
40.0,C1,东,right1C1,right1C1_2,1,0,1,1
40.0,C2,西,B2C2,B2C2_0,0,0,0,0
40.0,C2,西,B2C2,B2C2_1,0,0,0,0
40.0,C2,西,B2C2,B2C2_2,0,0,0,0
40.0,C2,南,C1C2,C1C2_0,0,0,0,0
40.0,C2,南,C1C2,C1C2_1,0,0,0,0
40.0,C2,南,C1C2,C1C2_2,0,0,0,0
40.0,C2,东,right2C2,right2C2_0,1,0,0,0
40.0,C2,东,right2C2,right2C2_1,1,0,0,0
40.0,C2,东,right2C2,right2C2_2,1,0,1,0
40.0,C2,北,top2C2,top2C2_0,1,0,1,0
40.0,C2,北,top2C2,top2C2_1,1,0,0,0
40.0,C2,北,top2C2,top2C2_2,1,0,0,0
45.0,A0,北,A1A0,A1A0_0,0,0,0,0
45.0,A0,北,A1A0,A1A0_1,0,0,0,0
45.0,A0,北,A1A0,A1A0_2,0,0,0,0
45.0,A0,东,B0A0,B0A0_0,0,0,0,0
45.0,A0,东,B0A0,B0A0_1,0,0,0,0
45.0,A0,东,B0A0,B0A0_2,0,0,0,0
45.0,A0,南,bottom0A0,bottom0A0_0,2,0,2,0
45.0,A0,南,bottom0A0,bottom0A0_1,2,0,0,0
45.0,A0,南,bottom0A0,bottom0A0_2,2,0,0,0
45.0,A0,西,left0A0,left0A0_0,3,0,0,0
45.0,A0,西,left0A0,left0A0_1,3,0,0,0
45.0,A0,西,left0A0,left0A0_2,3,0,3,2
45.0,A1,南,A0A1,A0A1_0,0,0,0,0
45.0,A1,南,A0A1,A0A1_1,0,0,0,0
45.0,A1,南,A0A1,A0A1_2,0,0,0,0
45.0,A1,北,A2A1,A2A1_0,0,0,0,0
45.0,A1,北,A2A1,A2A1_1,0,0,0,0
45.0,A1,北,A2A1,A2A1_2,0,0,0,0
45.0,A1,东,B1A1,B1A1_0,0,0,0,0
45.0,A1,东,B1A1,B1A1_1,0,0,0,0
45.0,A1,东,B1A1,B1A1_2,0,0,0,0
45.0,A1,西,left1A1,left1A1_0,2,0,0,0
45.0,A1,西,left1A1,left1A1_1,2,0,2,1
45.0,A1,西,left1A1,left1A1_2,2,0,0,0
45.0,A2,南,A1A2,A1A2_0,0,0,0,0
45.0,A2,南,A1A2,A1A2_1,0,0,0,0
45.0,A2,南,A1A2,A1A2_2,0,0,0,0
45.0,A2,东,B2A2,B2A2_0,0,0,0,0
45.0,A2,东,B2A2,B2A2_1,0,0,0,0
45.0,A2,东,B2A2,B2A2_2,0,0,0,0
45.0,A2,西,left2A2,left2A2_0,1,0,0,0
45.0,A2,西,left2A2,left2A2_1,1,0,1,0
45.0,A2,西,left2A2,left2A2_2,1,0,0,0
45.0,A2,北,top0A2,top0A2_0,1,0,0,0
45.0,A2,北,top0A2,top0A2_1,1,0,1,0
45.0,A2,北,top0A2,top0A2_2,1,0,0,0
45.0,B0,西,A0B0,A0B0_0,1,1,0,0
45.0,B0,西,A0B0,A0B0_1,1,1,1,0
45.0,B0,西,A0B0,A0B0_2,1,1,0,0
45.0,B0,北,B1B0,B1B0_0,0,0,0,0
45.0,B0,北,B1B0,B1B0_1,0,0,0,0
45.0,B0,北,B1B0,B1B0_2,0,0,0,0
45.0,B0,东,C0B0,C0B0_0,0,0,0,0
45.0,B0,东,C0B0,C0B0_1,0,0,0,0
45.0,B0,东,C0B0,C0B0_2,0,0,0,0
45.0,B0,南,bottom1B0,bottom1B0_0,0,0,0,0
45.0,B0,南,bottom1B0,bottom1B0_1,0,0,0,0
45.0,B0,南,bottom1B0,bottom1B0_2,0,0,0,0
45.0,B1,西,A1B1,A1B1_0,0,0,0,0
45.0,B1,西,A1B1,A1B1_1,0,0,0,0
45.0,B1,西,A1B1,A1B1_2,0,0,0,0
45.0,B1,南,B0B1,B0B1_0,0,0,0,0
45.0,B1,南,B0B1,B0B1_1,0,0,0,0
45.0,B1,南,B0B1,B0B1_2,0,0,0,0
45.0,B1,北,B2B1,B2B1_0,0,0,0,0
45.0,B1,北,B2B1,B2B1_1,0,0,0,0
45.0,B1,北,B2B1,B2B1_2,0,0,0,0
45.0,B1,东,C1B1,C1B1_0,0,0,0,0
45.0,B1,东,C1B1,C1B1_1,0,0,0,0
45.0,B1,东,C1B1,C1B1_2,0,0,0,0
45.0,B2,西,A2B2,A2B2_0,0,0,0,0
45.0,B2,西,A2B2,A2B2_1,0,0,0,0
45.0,B2,西,A2B2,A2B2_2,0,0,0,0
45.0,B2,南,B1B2,B1B2_0,0,0,0,0
45.0,B2,南,B1B2,B1B2_1,0,0,0,0
45.0,B2,南,B1B2,B1B2_2,0,0,0,0
45.0,B2,东,C2B2,C2B2_0,0,0,0,0
45.0,B2,东,C2B2,C2B2_1,0,0,0,0
45.0,B2,东,C2B2,C2B2_2,0,0,0,0
45.0,B2,北,top1B2,top1B2_0,1,0,0,0
45.0,B2,北,top1B2,top1B2_1,1,0,1,0
45.0,B2,北,top1B2,top1B2_2,1,0,0,0
45.0,C0,西,B0C0,B0C0_0,0,0,0,0
45.0,C0,西,B0C0,B0C0_1,0,0,0,0
45.0,C0,西,B0C0,B0C0_2,0,0,0,0
45.0,C0,北,C1C0,C1C0_0,0,0,0,0
45.0,C0,北,C1C0,C1C0_1,0,0,0,0
45.0,C0,北,C1C0,C1C0_2,0,0,0,0
45.0,C0,南,bottom2C0,bottom2C0_0,0,0,0,0
45.0,C0,南,bottom2C0,bottom2C0_1,0,0,0,0
45.0,C0,南,bottom2C0,bottom2C0_2,0,0,0,0
45.0,C0,东,right0C0,right0C0_0,0,0,0,0
45.0,C0,东,right0C0,right0C0_1,0,0,0,0
45.0,C0,东,right0C0,right0C0_2,0,0,0,0
45.0,C1,西,B1C1,B1C1_0,0,0,0,0
45.0,C1,西,B1C1,B1C1_1,0,0,0,0
45.0,C1,西,B1C1,B1C1_2,0,0,0,0
45.0,C1,南,C0C1,C0C1_0,0,0,0,0
45.0,C1,南,C0C1,C0C1_1,0,0,0,0
45.0,C1,南,C0C1,C0C1_2,0,0,0,0
45.0,C1,北,C2C1,C2C1_0,0,0,0,0
45.0,C1,北,C2C1,C2C1_1,0,0,0,0
45.0,C1,北,C2C1,C2C1_2,0,0,0,0
45.0,C1,东,right1C1,right1C1_0,1,0,0,0
45.0,C1,东,right1C1,right1C1_1,1,0,0,0
45.0,C1,东,right1C1,right1C1_2,1,0,1,1
45.0,C2,西,B2C2,B2C2_0,0,0,0,0
45.0,C2,西,B2C2,B2C2_1,0,0,0,0
45.0,C2,西,B2C2,B2C2_2,0,0,0,0
45.0,C2,南,C1C2,C1C2_0,1,1,1,0
45.0,C2,南,C1C2,C1C2_1,1,1,0,0
45.0,C2,南,C1C2,C1C2_2,1,1,0,0
45.0,C2,东,right2C2,right2C2_0,1,0,0,0
45.0,C2,东,right2C2,right2C2_1,1,0,0,0
45.0,C2,东,right2C2,right2C2_2,1,0,1,1
45.0,C2,北,top2C2,top2C2_0,1,0,1,0
45.0,C2,北,top2C2,top2C2_1,1,0,0,0
45.0,C2,北,top2C2,top2C2_2,1,0,0,0
50.0,A0,北,A1A0,A1A0_0,0,0,0,0
50.0,A0,北,A1A0,A1A0_1,0,0,0,0
50.0,A0,北,A1A0,A1A0_2,0,0,0,0
50.0,A0,东,B0A0,B0A0_0,0,0,0,0
50.0,A0,东,B0A0,B0A0_1,0,0,0,0
50.0,A0,东,B0A0,B0A0_2,0,0,0,0
50.0,A0,南,bottom0A0,bottom0A0_0,2,0,2,0
50.0,A0,南,bottom0A0,bottom0A0_1,2,0,0,0
50.0,A0,南,bottom0A0,bottom0A0_2,2,0,0,0
50.0,A0,西,left0A0,left0A0_0,3,0,0,0
50.0,A0,西,left0A0,left0A0_1,3,0,0,0
50.0,A0,西,left0A0,left0A0_2,3,0,3,2
50.0,A1,南,A0A1,A0A1_0,0,0,0,0
50.0,A1,南,A0A1,A0A1_1,0,0,0,0
50.0,A1,南,A0A1,A0A1_2,0,0,0,0
50.0,A1,北,A2A1,A2A1_0,0,0,0,0
50.0,A1,北,A2A1,A2A1_1,0,0,0,0
50.0,A1,北,A2A1,A2A1_2,0,0,0,0
50.0,A1,东,B1A1,B1A1_0,0,0,0,0
50.0,A1,东,B1A1,B1A1_1,0,0,0,0
50.0,A1,东,B1A1,B1A1_2,0,0,0,0
50.0,A1,西,left1A1,left1A1_0,2,0,0,0
50.0,A1,西,left1A1,left1A1_1,2,0,2,2
50.0,A1,西,left1A1,left1A1_2,2,0,0,0
50.0,A2,南,A1A2,A1A2_0,0,0,0,0
50.0,A2,南,A1A2,A1A2_1,0,0,0,0
50.0,A2,南,A1A2,A1A2_2,0,0,0,0
50.0,A2,东,B2A2,B2A2_0,0,0,0,0
50.0,A2,东,B2A2,B2A2_1,0,0,0,0
50.0,A2,东,B2A2,B2A2_2,0,0,0,0
50.0,A2,西,left2A2,left2A2_0,2,1,1,0
50.0,A2,西,left2A2,left2A2_1,2,1,1,0
50.0,A2,西,left2A2,left2A2_2,2,1,0,0
50.0,A2,北,top0A2,top0A2_0,2,1,0,0
50.0,A2,北,top0A2,top0A2_1,2,1,1,0
50.0,A2,北,top0A2,top0A2_2,2,1,1,0
50.0,B0,西,A0B0,A0B0_0,1,0,0,0
50.0,B0,西,A0B0,A0B0_1,1,0,1,0
50.0,B0,西,A0B0,A0B0_2,1,0,0,0
50.0,B0,北,B1B0,B1B0_0,0,0,0,0
50.0,B0,北,B1B0,B1B0_1,0,0,0,0
50.0,B0,北,B1B0,B1B0_2,0,0,0,0
50.0,B0,东,C0B0,C0B0_0,0,0,0,0
50.0,B0,东,C0B0,C0B0_1,0,0,0,0
50.0,B0,东,C0B0,C0B0_2,0,0,0,0
50.0,B0,南,bottom1B0,bottom1B0_0,0,0,0,0
50.0,B0,南,bottom1B0,bottom1B0_1,0,0,0,0
50.0,B0,南,bottom1B0,bottom1B0_2,0,0,0,0
50.0,B1,西,A1B1,A1B1_0,0,0,0,0
50.0,B1,西,A1B1,A1B1_1,0,0,0,0
50.0,B1,西,A1B1,A1B1_2,0,0,0,0
50.0,B1,南,B0B1,B0B1_0,0,0,0,0
50.0,B1,南,B0B1,B0B1_1,0,0,0,0
50.0,B1,南,B0B1,B0B1_2,0,0,0,0
50.0,B1,北,B2B1,B2B1_0,1,1,0,0
50.0,B1,北,B2B1,B2B1_1,1,1,0,0
50.0,B1,北,B2B1,B2B1_2,1,1,1,0
50.0,B1,东,C1B1,C1B1_0,0,0,0,0
50.0,B1,东,C1B1,C1B1_1,0,0,0,0
50.0,B1,东,C1B1,C1B1_2,0,0,0,0
50.0,B2,西,A2B2,A2B2_0,0,0,0,0
50.0,B2,西,A2B2,A2B2_1,0,0,0,0
50.0,B2,西,A2B2,A2B2_2,0,0,0,0
50.0,B2,南,B1B2,B1B2_0,0,0,0,0
50.0,B2,南,B1B2,B1B2_1,0,0,0,0
50.0,B2,南,B1B2,B1B2_2,0,0,0,0
50.0,B2,东,C2B2,C2B2_0,1,1,0,0
50.0,B2,东,C2B2,C2B2_1,1,1,1,0
50.0,B2,东,C2B2,C2B2_2,1,1,0,0
50.0,B2,北,top1B2,top1B2_0,0,0,0,0
50.0,B2,北,top1B2,top1B2_1,0,0,0,0
50.0,B2,北,top1B2,top1B2_2,0,0,0,0
50.0,C0,西,B0C0,B0C0_0,0,0,0,0
50.0,C0,西,B0C0,B0C0_1,0,0,0,0
50.0,C0,西,B0C0,B0C0_2,0,0,0,0
50.0,C0,北,C1C0,C1C0_0,0,0,0,0
50.0,C0,北,C1C0,C1C0_1,0,0,0,0
50.0,C0,北,C1C0,C1C0_2,0,0,0,0
50.0,C0,南,bottom2C0,bottom2C0_0,0,0,0,0
50.0,C0,南,bottom2C0,bottom2C0_1,0,0,0,0
50.0,C0,南,bottom2C0,bottom2C0_2,0,0,0,0
50.0,C0,东,right0C0,right0C0_0,0,0,0,0
50.0,C0,东,right0C0,right0C0_1,0,0,0,0
50.0,C0,东,right0C0,right0C0_2,0,0,0,0
50.0,C1,西,B1C1,B1C1_0,0,0,0,0
50.0,C1,西,B1C1,B1C1_1,0,0,0,0
50.0,C1,西,B1C1,B1C1_2,0,0,0,0
50.0,C1,南,C0C1,C0C1_0,0,0,0,0
50.0,C1,南,C0C1,C0C1_1,0,0,0,0
50.0,C1,南,C0C1,C0C1_2,0,0,0,0
50.0,C1,北,C2C1,C2C1_0,0,0,0,0
50.0,C1,北,C2C1,C2C1_1,0,0,0,0
50.0,C1,北,C2C1,C2C1_2,0,0,0,0
50.0,C1,东,right1C1,right1C1_0,1,0,0,0
50.0,C1,东,right1C1,right1C1_1,1,0,0,0
50.0,C1,东,right1C1,right1C1_2,1,0,1,1
50.0,C2,西,B2C2,B2C2_0,0,0,0,0
50.0,C2,西,B2C2,B2C2_1,0,0,0,0
50.0,C2,西,B2C2,B2C2_2,0,0,0,0
50.0,C2,南,C1C2,C1C2_0,1,0,1,0
50.0,C2,南,C1C2,C1C2_1,1,0,0,0
50.0,C2,南,C1C2,C1C2_2,1,0,0,0
50.0,C2,东,right2C2,right2C2_0,1,0,0,0
50.0,C2,东,right2C2,right2C2_1,1,0,0,0
50.0,C2,东,right2C2,right2C2_2,1,0,1,1
50.0,C2,北,top2C2,top2C2_0,0,0,0,0
50.0,C2,北,top2C2,top2C2_1,0,0,0,0
50.0,C2,北,top2C2,top2C2_2,0,0,0,0
55.0,A0,北,A1A0,A1A0_0,0,0,0,0
55.0,A0,北,A1A0,A1A0_1,0,0,0,0
55.0,A0,北,A1A0,A1A0_2,0,0,0,0
55.0,A0,东,B0A0,B0A0_0,0,0,0,0
55.0,A0,东,B0A0,B0A0_1,0,0,0,0
55.0,A0,东,B0A0,B0A0_2,0,0,0,0
55.0,A0,南,bottom0A0,bottom0A0_0,1,0,1,0
55.0,A0,南,bottom0A0,bottom0A0_1,1,0,0,0
55.0,A0,南,bottom0A0,bottom0A0_2,1,0,0,0
55.0,A0,西,left0A0,left0A0_0,4,1,0,0
55.0,A0,西,left0A0,left0A0_1,4,1,0,0
55.0,A0,西,left0A0,left0A0_2,4,1,4,2
55.0,A1,南,A0A1,A0A1_0,0,0,0,0
55.0,A1,南,A0A1,A0A1_1,0,0,0,0
55.0,A1,南,A0A1,A0A1_2,0,0,0,0
55.0,A1,北,A2A1,A2A1_0,0,0,0,0
55.0,A1,北,A2A1,A2A1_1,0,0,0,0
55.0,A1,北,A2A1,A2A1_2,0,0,0,0
55.0,A1,东,B1A1,B1A1_0,0,0,0,0
55.0,A1,东,B1A1,B1A1_1,0,0,0,0
55.0,A1,东,B1A1,B1A1_2,0,0,0,0
55.0,A1,西,left1A1,left1A1_0,3,1,1,0
55.0,A1,西,left1A1,left1A1_1,3,1,2,2
55.0,A1,西,left1A1,left1A1_2,3,1,0,0
55.0,A2,南,A1A2,A1A2_0,0,0,0,0
55.0,A2,南,A1A2,A1A2_1,0,0,0,0
55.0,A2,南,A1A2,A1A2_2,0,0,0,0
55.0,A2,东,B2A2,B2A2_0,0,0,0,0
55.0,A2,东,B2A2,B2A2_1,0,0,0,0
55.0,A2,东,B2A2,B2A2_2,0,0,0,0
55.0,A2,西,left2A2,left2A2_0,2,0,0,0
55.0,A2,西,left2A2,left2A2_1,2,0,2,1
55.0,A2,西,left2A2,left2A2_2,2,0,0,0
55.0,A2,北,top0A2,top0A2_0,2,0,0,0
55.0,A2,北,top0A2,top0A2_1,2,0,1,0
55.0,A2,北,top0A2,top0A2_2,2,0,1,0
55.0,B0,西,A0B0,A0B0_0,1,0,0,0
55.0,B0,西,A0B0,A0B0_1,1,0,1,0
55.0,B0,西,A0B0,A0B0_2,1,0,0,0
55.0,B0,北,B1B0,B1B0_0,0,0,0,0
55.0,B0,北,B1B0,B1B0_1,0,0,0,0
55.0,B0,北,B1B0,B1B0_2,0,0,0,0
55.0,B0,东,C0B0,C0B0_0,0,0,0,0
55.0,B0,东,C0B0,C0B0_1,0,0,0,0
55.0,B0,东,C0B0,C0B0_2,0,0,0,0
55.0,B0,南,bottom1B0,bottom1B0_0,0,0,0,0
55.0,B0,南,bottom1B0,bottom1B0_1,0,0,0,0
55.0,B0,南,bottom1B0,bottom1B0_2,0,0,0,0
55.0,B1,西,A1B1,A1B1_0,0,0,0,0
55.0,B1,西,A1B1,A1B1_1,0,0,0,0
55.0,B1,西,A1B1,A1B1_2,0,0,0,0
55.0,B1,南,B0B1,B0B1_0,0,0,0,0
55.0,B1,南,B0B1,B0B1_1,0,0,0,0
55.0,B1,南,B0B1,B0B1_2,0,0,0,0
55.0,B1,北,B2B1,B2B1_0,1,0,0,0
55.0,B1,北,B2B1,B2B1_1,1,0,0,0
55.0,B1,北,B2B1,B2B1_2,1,0,1,0
55.0,B1,东,C1B1,C1B1_0,0,0,0,0
55.0,B1,东,C1B1,C1B1_1,0,0,0,0
55.0,B1,东,C1B1,C1B1_2,0,0,0,0
55.0,B2,西,A2B2,A2B2_0,0,0,0,0
55.0,B2,西,A2B2,A2B2_1,0,0,0,0
55.0,B2,西,A2B2,A2B2_2,0,0,0,0
55.0,B2,南,B1B2,B1B2_0,0,0,0,0
55.0,B2,南,B1B2,B1B2_1,0,0,0,0
55.0,B2,南,B1B2,B1B2_2,0,0,0,0
55.0,B2,东,C2B2,C2B2_0,1,0,0,0
55.0,B2,东,C2B2,C2B2_1,1,0,1,0
55.0,B2,东,C2B2,C2B2_2,1,0,0,0
55.0,B2,北,top1B2,top1B2_0,0,0,0,0
55.0,B2,北,top1B2,top1B2_1,0,0,0,0
55.0,B2,北,top1B2,top1B2_2,0,0,0,0
55.0,C0,西,B0C0,B0C0_0,0,0,0,0
55.0,C0,西,B0C0,B0C0_1,0,0,0,0
55.0,C0,西,B0C0,B0C0_2,0,0,0,0
55.0,C0,北,C1C0,C1C0_0,0,0,0,0
55.0,C0,北,C1C0,C1C0_1,0,0,0,0
55.0,C0,北,C1C0,C1C0_2,0,0,0,0
55.0,C0,南,bottom2C0,bottom2C0_0,0,0,0,0
55.0,C0,南,bottom2C0,bottom2C0_1,0,0,0,0
55.0,C0,南,bottom2C0,bottom2C0_2,0,0,0,0
55.0,C0,东,right0C0,right0C0_0,0,0,0,0
55.0,C0,东,right0C0,right0C0_1,0,0,0,0
55.0,C0,东,right0C0,right0C0_2,0,0,0,0
55.0,C1,西,B1C1,B1C1_0,0,0,0,0
55.0,C1,西,B1C1,B1C1_1,0,0,0,0
55.0,C1,西,B1C1,B1C1_2,0,0,0,0
55.0,C1,南,C0C1,C0C1_0,0,0,0,0
55.0,C1,南,C0C1,C0C1_1,0,0,0,0
55.0,C1,南,C0C1,C0C1_2,0,0,0,0
55.0,C1,北,C2C1,C2C1_0,0,0,0,0
55.0,C1,北,C2C1,C2C1_1,0,0,0,0
55.0,C1,北,C2C1,C2C1_2,0,0,0,0
55.0,C1,东,right1C1,right1C1_0,1,0,0,0
55.0,C1,东,right1C1,right1C1_1,1,0,0,0
55.0,C1,东,right1C1,right1C1_2,1,0,1,1
55.0,C2,西,B2C2,B2C2_0,0,0,0,0
55.0,C2,西,B2C2,B2C2_1,0,0,0,0
55.0,C2,西,B2C2,B2C2_2,0,0,0,0
55.0,C2,南,C1C2,C1C2_0,1,0,1,0
55.0,C2,南,C1C2,C1C2_1,1,0,0,0
55.0,C2,南,C1C2,C1C2_2,1,0,0,0
55.0,C2,东,right2C2,right2C2_0,1,0,0,0
55.0,C2,东,right2C2,right2C2_1,1,0,0,0
55.0,C2,东,right2C2,right2C2_2,1,0,1,1
55.0,C2,北,top2C2,top2C2_0,0,0,0,0
55.0,C2,北,top2C2,top2C2_1,0,0,0,0
55.0,C2,北,top2C2,top2C2_2,0,0,0,0
60.0,A0,北,A1A0,A1A0_0,0,0,0,0
60.0,A0,北,A1A0,A1A0_1,0,0,0,0
60.0,A0,北,A1A0,A1A0_2,0,0,0,0
60.0,A0,东,B0A0,B0A0_0,0,0,0,0
60.0,A0,东,B0A0,B0A0_1,0,0,0,0
60.0,A0,东,B0A0,B0A0_2,0,0,0,0
60.0,A0,南,bottom0A0,bottom0A0_0,1,0,1,0
60.0,A0,南,bottom0A0,bottom0A0_1,1,0,0,0
60.0,A0,南,bottom0A0,bottom0A0_2,1,0,0,0
60.0,A0,西,left0A0,left0A0_0,5,1,1,0
60.0,A0,西,left0A0,left0A0_1,5,1,0,0
60.0,A0,西,left0A0,left0A0_2,5,1,4,2
60.0,A1,南,A0A1,A0A1_0,0,0,0,0
60.0,A1,南,A0A1,A0A1_1,0,0,0,0
60.0,A1,南,A0A1,A0A1_2,0,0,0,0
60.0,A1,北,A2A1,A2A1_0,0,0,0,0
60.0,A1,北,A2A1,A2A1_1,0,0,0,0
60.0,A1,北,A2A1,A2A1_2,0,0,0,0
60.0,A1,东,B1A1,B1A1_0,0,0,0,0
60.0,A1,东,B1A1,B1A1_1,0,0,0,0
60.0,A1,东,B1A1,B1A1_2,0,0,0,0
60.0,A1,西,left1A1,left1A1_0,3,0,0,0
60.0,A1,西,left1A1,left1A1_1,3,0,2,2
60.0,A1,西,left1A1,left1A1_2,3,0,1,0
60.0,A2,南,A1A2,A1A2_0,0,0,0,0
60.0,A2,南,A1A2,A1A2_1,0,0,0,0
60.0,A2,南,A1A2,A1A2_2,0,0,0,0
60.0,A2,东,B2A2,B2A2_0,0,0,0,0
60.0,A2,东,B2A2,B2A2_1,0,0,0,0
60.0,A2,东,B2A2,B2A2_2,0,0,0,0
60.0,A2,西,left2A2,left2A2_0,2,0,0,0
60.0,A2,西,left2A2,left2A2_1,2,0,2,1
60.0,A2,西,left2A2,left2A2_2,2,0,0,0
60.0,A2,北,top0A2,top0A2_0,3,1,1,0
60.0,A2,北,top0A2,top0A2_1,3,1,1,1
60.0,A2,北,top0A2,top0A2_2,3,1,1,0
60.0,B0,西,A0B0,A0B0_0,2,1,0,0
60.0,B0,西,A0B0,A0B0_1,2,1,1,0
60.0,B0,西,A0B0,A0B0_2,2,1,1,0
60.0,B0,北,B1B0,B1B0_0,0,0,0,0
60.0,B0,北,B1B0,B1B0_1,0,0,0,0
60.0,B0,北,B1B0,B1B0_2,0,0,0,0
60.0,B0,东,C0B0,C0B0_0,0,0,0,0
60.0,B0,东,C0B0,C0B0_1,0,0,0,0
60.0,B0,东,C0B0,C0B0_2,0,0,0,0
60.0,B0,南,bottom1B0,bottom1B0_0,0,0,0,0
60.0,B0,南,bottom1B0,bottom1B0_1,0,0,0,0
60.0,B0,南,bottom1B0,bottom1B0_2,0,0,0,0
60.0,B1,西,A1B1,A1B1_0,0,0,0,0
60.0,B1,西,A1B1,A1B1_1,0,0,0,0
60.0,B1,西,A1B1,A1B1_2,0,0,0,0
60.0,B1,南,B0B1,B0B1_0,0,0,0,0
60.0,B1,南,B0B1,B0B1_1,0,0,0,0
60.0,B1,南,B0B1,B0B1_2,0,0,0,0
60.0,B1,北,B2B1,B2B1_0,1,0,0,0
60.0,B1,北,B2B1,B2B1_1,1,0,0,0
60.0,B1,北,B2B1,B2B1_2,1,0,1,0
60.0,B1,东,C1B1,C1B1_0,0,0,0,0
60.0,B1,东,C1B1,C1B1_1,0,0,0,0
60.0,B1,东,C1B1,C1B1_2,0,0,0,0
60.0,B2,西,A2B2,A2B2_0,0,0,0,0
60.0,B2,西,A2B2,A2B2_1,0,0,0,0
60.0,B2,西,A2B2,A2B2_2,0,0,0,0
60.0,B2,南,B1B2,B1B2_0,0,0,0,0
60.0,B2,南,B1B2,B1B2_1,0,0,0,0
60.0,B2,南,B1B2,B1B2_2,0,0,0,0
60.0,B2,东,C2B2,C2B2_0,1,0,0,0
60.0,B2,东,C2B2,C2B2_1,1,0,1,0
60.0,B2,东,C2B2,C2B2_2,1,0,0,0
60.0,B2,北,top1B2,top1B2_0,0,0,0,0
60.0,B2,北,top1B2,top1B2_1,0,0,0,0
60.0,B2,北,top1B2,top1B2_2,0,0,0,0
60.0,C0,西,B0C0,B0C0_0,0,0,0,0
60.0,C0,西,B0C0,B0C0_1,0,0,0,0
60.0,C0,西,B0C0,B0C0_2,0,0,0,0
60.0,C0,北,C1C0,C1C0_0,0,0,0,0
60.0,C0,北,C1C0,C1C0_1,0,0,0,0
60.0,C0,北,C1C0,C1C0_2,0,0,0,0
60.0,C0,南,bottom2C0,bottom2C0_0,0,0,0,0
60.0,C0,南,bottom2C0,bottom2C0_1,0,0,0,0
60.0,C0,南,bottom2C0,bottom2C0_2,0,0,0,0
60.0,C0,东,right0C0,right0C0_0,0,0,0,0
60.0,C0,东,right0C0,right0C0_1,0,0,0,0
60.0,C0,东,right0C0,right0C0_2,0,0,0,0
60.0,C1,西,B1C1,B1C1_0,0,0,0,0
60.0,C1,西,B1C1,B1C1_1,0,0,0,0
60.0,C1,西,B1C1,B1C1_2,0,0,0,0
60.0,C1,南,C0C1,C0C1_0,0,0,0,0
60.0,C1,南,C0C1,C0C1_1,0,0,0,0
60.0,C1,南,C0C1,C0C1_2,0,0,0,0
60.0,C1,北,C2C1,C2C1_0,0,0,0,0
60.0,C1,北,C2C1,C2C1_1,0,0,0,0
60.0,C1,北,C2C1,C2C1_2,0,0,0,0
60.0,C1,东,right1C1,right1C1_0,1,0,0,0
60.0,C1,东,right1C1,right1C1_1,1,0,0,0
60.0,C1,东,right1C1,right1C1_2,1,0,1,1
60.0,C2,西,B2C2,B2C2_0,0,0,0,0
60.0,C2,西,B2C2,B2C2_1,0,0,0,0
60.0,C2,西,B2C2,B2C2_2,0,0,0,0
60.0,C2,南,C1C2,C1C2_0,1,0,1,0
60.0,C2,南,C1C2,C1C2_1,1,0,0,0
60.0,C2,南,C1C2,C1C2_2,1,0,0,0
60.0,C2,东,right2C2,right2C2_0,1,0,0,0
60.0,C2,东,right2C2,right2C2_1,1,0,0,0
60.0,C2,东,right2C2,right2C2_2,1,0,1,1
60.0,C2,北,top2C2,top2C2_0,0,0,0,0
60.0,C2,北,top2C2,top2C2_1,0,0,0,0
60.0,C2,北,top2C2,top2C2_2,0,0,0,0
65.0,A0,北,A1A0,A1A0_0,0,0,0,0
65.0,A0,北,A1A0,A1A0_1,0,0,0,0
65.0,A0,北,A1A0,A1A0_2,0,0,0,0
65.0,A0,东,B0A0,B0A0_0,0,0,0,0
65.0,A0,东,B0A0,B0A0_1,0,0,0,0
65.0,A0,东,B0A0,B0A0_2,0,0,0,0
65.0,A0,南,bottom0A0,bottom0A0_0,1,0,1,1
65.0,A0,南,bottom0A0,bottom0A0_1,1,0,0,0
65.0,A0,南,bottom0A0,bottom0A0_2,1,0,0,0
65.0,A0,西,left0A0,left0A0_0,7,2,0,0
65.0,A0,西,left0A0,left0A0_1,7,2,2,0
65.0,A0,西,left0A0,left0A0_2,7,2,5,3
65.0,A1,南,A0A1,A0A1_0,0,0,0,0
65.0,A1,南,A0A1,A0A1_1,0,0,0,0
65.0,A1,南,A0A1,A0A1_2,0,0,0,0
65.0,A1,北,A2A1,A2A1_0,0,0,0,0
65.0,A1,北,A2A1,A2A1_1,0,0,0,0
65.0,A1,北,A2A1,A2A1_2,0,0,0,0
65.0,A1,东,B1A1,B1A1_0,0,0,0,0
65.0,A1,东,B1A1,B1A1_1,0,0,0,0
65.0,A1,东,B1A1,B1A1_2,0,0,0,0
65.0,A1,西,left1A1,left1A1_0,2,0,0,0
65.0,A1,西,left1A1,left1A1_1,2,0,1,0
65.0,A1,西,left1A1,left1A1_2,2,0,1,0
65.0,A2,南,A1A2,A1A2_0,0,0,0,0
65.0,A2,南,A1A2,A1A2_1,0,0,0,0
65.0,A2,南,A1A2,A1A2_2,0,0,0,0
65.0,A2,东,B2A2,B2A2_0,0,0,0,0
65.0,A2,东,B2A2,B2A2_1,0,0,0,0
65.0,A2,东,B2A2,B2A2_2,0,0,0,0
65.0,A2,西,left2A2,left2A2_0,2,1,1,0
65.0,A2,西,left2A2,left2A2_1,2,1,1,0
65.0,A2,西,left2A2,left2A2_2,2,1,0,0
65.0,A2,北,top0A2,top0A2_0,4,1,1,0
65.0,A2,北,top0A2,top0A2_1,4,1,2,1
65.0,A2,北,top0A2,top0A2_2,4,1,1,0
65.0,B0,西,A0B0,A0B0_0,1,0,0,0
65.0,B0,西,A0B0,A0B0_1,1,0,0,0
65.0,B0,西,A0B0,A0B0_2,1,0,1,0
65.0,B0,北,B1B0,B1B0_0,0,0,0,0
65.0,B0,北,B1B0,B1B0_1,0,0,0,0
65.0,B0,北,B1B0,B1B0_2,0,0,0,0
65.0,B0,东,C0B0,C0B0_0,0,0,0,0
65.0,B0,东,C0B0,C0B0_1,0,0,0,0
65.0,B0,东,C0B0,C0B0_2,0,0,0,0
65.0,B0,南,bottom1B0,bottom1B0_0,0,0,0,0
65.0,B0,南,bottom1B0,bottom1B0_1,0,0,0,0
65.0,B0,南,bottom1B0,bottom1B0_2,0,0,0,0
65.0,B1,西,A1B1,A1B1_0,0,0,0,0
65.0,B1,西,A1B1,A1B1_1,0,0,0,0
65.0,B1,西,A1B1,A1B1_2,0,0,0,0
65.0,B1,南,B0B1,B0B1_0,0,0,0,0
65.0,B1,南,B0B1,B0B1_1,0,0,0,0
65.0,B1,南,B0B1,B0B1_2,0,0,0,0
65.0,B1,北,B2B1,B2B1_0,1,0,0,0
65.0,B1,北,B2B1,B2B1_1,1,0,0,0
65.0,B1,北,B2B1,B2B1_2,1,0,1,0
65.0,B1,东,C1B1,C1B1_0,0,0,0,0
65.0,B1,东,C1B1,C1B1_1,0,0,0,0
65.0,B1,东,C1B1,C1B1_2,0,0,0,0
65.0,B2,西,A2B2,A2B2_0,0,0,0,0
65.0,B2,西,A2B2,A2B2_1,0,0,0,0
65.0,B2,西,A2B2,A2B2_2,0,0,0,0
65.0,B2,南,B1B2,B1B2_0,0,0,0,0
65.0,B2,南,B1B2,B1B2_1,0,0,0,0
65.0,B2,南,B1B2,B1B2_2,0,0,0,0
65.0,B2,东,C2B2,C2B2_0,1,0,0,0
65.0,B2,东,C2B2,C2B2_1,1,0,1,0
65.0,B2,东,C2B2,C2B2_2,1,0,0,0
65.0,B2,北,top1B2,top1B2_0,0,0,0,0
65.0,B2,北,top1B2,top1B2_1,0,0,0,0
65.0,B2,北,top1B2,top1B2_2,0,0,0,0
65.0,C0,西,B0C0,B0C0_0,0,0,0,0
65.0,C0,西,B0C0,B0C0_1,0,0,0,0
65.0,C0,西,B0C0,B0C0_2,0,0,0,0
65.0,C0,北,C1C0,C1C0_0,0,0,0,0
65.0,C0,北,C1C0,C1C0_1,0,0,0,0
65.0,C0,北,C1C0,C1C0_2,0,0,0,0
65.0,C0,南,bottom2C0,bottom2C0_0,0,0,0,0
65.0,C0,南,bottom2C0,bottom2C0_1,0,0,0,0
65.0,C0,南,bottom2C0,bottom2C0_2,0,0,0,0
65.0,C0,东,right0C0,right0C0_0,1,1,0,0
65.0,C0,东,right0C0,right0C0_1,1,1,1,0
65.0,C0,东,right0C0,right0C0_2,1,1,0,0
65.0,C1,西,B1C1,B1C1_0,0,0,0,0
65.0,C1,西,B1C1,B1C1_1,0,0,0,0
65.0,C1,西,B1C1,B1C1_2,0,0,0,0
65.0,C1,南,C0C1,C0C1_0,0,0,0,0
65.0,C1,南,C0C1,C0C1_1,0,0,0,0
65.0,C1,南,C0C1,C0C1_2,0,0,0,0
65.0,C1,北,C2C1,C2C1_0,0,0,0,0
65.0,C1,北,C2C1,C2C1_1,0,0,0,0
65.0,C1,北,C2C1,C2C1_2,0,0,0,0
65.0,C1,东,right1C1,right1C1_0,1,0,0,0
65.0,C1,东,right1C1,right1C1_1,1,0,0,0
65.0,C1,东,right1C1,right1C1_2,1,0,1,1
65.0,C2,西,B2C2,B2C2_0,0,0,0,0
65.0,C2,西,B2C2,B2C2_1,0,0,0,0
65.0,C2,西,B2C2,B2C2_2,0,0,0,0
65.0,C2,南,C1C2,C1C2_0,1,0,1,0
65.0,C2,南,C1C2,C1C2_1,1,0,0,0
65.0,C2,南,C1C2,C1C2_2,1,0,0,0
65.0,C2,东,right2C2,right2C2_0,1,0,0,0
65.0,C2,东,right2C2,right2C2_1,1,0,0,0
65.0,C2,东,right2C2,right2C2_2,1,0,1,1
65.0,C2,北,top2C2,top2C2_0,0,0,0,0
65.0,C2,北,top2C2,top2C2_1,0,0,0,0
65.0,C2,北,top2C2,top2C2_2,0,0,0,0
70.0,A0,北,A1A0,A1A0_0,0,0,0,0
70.0,A0,北,A1A0,A1A0_1,0,0,0,0
70.0,A0,北,A1A0,A1A0_2,0,0,0,0
70.0,A0,东,B0A0,B0A0_0,0,0,0,0
70.0,A0,东,B0A0,B0A0_1,0,0,0,0
70.0,A0,东,B0A0,B0A0_2,0,0,0,0
70.0,A0,南,bottom0A0,bottom0A0_0,0,0,0,0
70.0,A0,南,bottom0A0,bottom0A0_1,0,0,0,0
70.0,A0,南,bottom0A0,bottom0A0_2,0,0,0,0
70.0,A0,西,left0A0,left0A0_0,7,0,0,0
70.0,A0,西,left0A0,left0A0_1,7,0,2,0
70.0,A0,西,left0A0,left0A0_2,7,0,5,3
70.0,A1,南,A0A1,A0A1_0,0,0,0,0
70.0,A1,南,A0A1,A0A1_1,0,0,0,0
70.0,A1,南,A0A1,A0A1_2,0,0,0,0
70.0,A1,北,A2A1,A2A1_0,0,0,0,0
70.0,A1,北,A2A1,A2A1_1,0,0,0,0
70.0,A1,北,A2A1,A2A1_2,0,0,0,0
70.0,A1,东,B1A1,B1A1_0,0,0,0,0
70.0,A1,东,B1A1,B1A1_1,0,0,0,0
70.0,A1,东,B1A1,B1A1_2,0,0,0,0
70.0,A1,西,left1A1,left1A1_0,1,0,0,0
70.0,A1,西,left1A1,left1A1_1,1,0,0,0
70.0,A1,西,left1A1,left1A1_2,1,0,1,0
70.0,A2,南,A1A2,A1A2_0,0,0,0,0
70.0,A2,南,A1A2,A1A2_1,0,0,0,0
70.0,A2,南,A1A2,A1A2_2,0,0,0,0
70.0,A2,东,B2A2,B2A2_0,0,0,0,0
70.0,A2,东,B2A2,B2A2_1,0,0,0,0
70.0,A2,东,B2A2,B2A2_2,0,0,0,0
70.0,A2,西,left2A2,left2A2_0,2,0,0,0
70.0,A2,西,left2A2,left2A2_1,2,0,2,0
70.0,A2,西,left2A2,left2A2_2,2,0,0,0
70.0,A2,北,top0A2,top0A2_0,5,1,1,0
70.0,A2,北,top0A2,top0A2_1,5,1,2,1
70.0,A2,北,top0A2,top0A2_2,5,1,2,0
70.0,B0,西,A0B0,A0B0_0,2,1,0,0
70.0,B0,西,A0B0,A0B0_1,2,1,1,0
70.0,B0,西,A0B0,A0B0_2,2,1,1,0
70.0,B0,北,B1B0,B1B0_0,0,0,0,0
70.0,B0,北,B1B0,B1B0_1,0,0,0,0
70.0,B0,北,B1B0,B1B0_2,0,0,0,0
70.0,B0,东,C0B0,C0B0_0,0,0,0,0
70.0,B0,东,C0B0,C0B0_1,0,0,0,0
70.0,B0,东,C0B0,C0B0_2,0,0,0,0
70.0,B0,南,bottom1B0,bottom1B0_0,0,0,0,0
70.0,B0,南,bottom1B0,bottom1B0_1,0,0,0,0
70.0,B0,南,bottom1B0,bottom1B0_2,0,0,0,0
70.0,B1,西,A1B1,A1B1_0,1,1,0,0
70.0,B1,西,A1B1,A1B1_1,1,1,1,0
70.0,B1,西,A1B1,A1B1_2,1,1,0,0
70.0,B1,南,B0B1,B0B1_0,0,0,0,0
70.0,B1,南,B0B1,B0B1_1,0,0,0,0
70.0,B1,南,B0B1,B0B1_2,0,0,0,0
70.0,B1,北,B2B1,B2B1_0,1,0,0,0
70.0,B1,北,B2B1,B2B1_1,1,0,0,0
70.0,B1,北,B2B1,B2B1_2,1,0,1,0
70.0,B1,东,C1B1,C1B1_0,0,0,0,0
70.0,B1,东,C1B1,C1B1_1,0,0,0,0
70.0,B1,东,C1B1,C1B1_2,0,0,0,0
70.0,B2,西,A2B2,A2B2_0,1,1,0,0
70.0,B2,西,A2B2,A2B2_1,1,1,1,0
70.0,B2,西,A2B2,A2B2_2,1,1,0,0
70.0,B2,南,B1B2,B1B2_0,0,0,0,0
70.0,B2,南,B1B2,B1B2_1,0,0,0,0
70.0,B2,南,B1B2,B1B2_2,0,0,0,0
70.0,B2,东,C2B2,C2B2_0,1,0,0,0
70.0,B2,东,C2B2,C2B2_1,1,0,1,0
70.0,B2,东,C2B2,C2B2_2,1,0,0,0
70.0,B2,北,top1B2,top1B2_0,1,1,0,0
70.0,B2,北,top1B2,top1B2_1,1,1,0,0
70.0,B2,北,top1B2,top1B2_2,1,1,1,0
70.0,C0,西,B0C0,B0C0_0,1,1,0,0
70.0,C0,西,B0C0,B0C0_1,1,1,1,0
70.0,C0,西,B0C0,B0C0_2,1,1,0,0
70.0,C0,北,C1C0,C1C0_0,0,0,0,0
70.0,C0,北,C1C0,C1C0_1,0,0,0,0
70.0,C0,北,C1C0,C1C0_2,0,0,0,0
70.0,C0,南,bottom2C0,bottom2C0_0,0,0,0,0
70.0,C0,南,bottom2C0,bottom2C0_1,0,0,0,0
70.0,C0,南,bottom2C0,bottom2C0_2,0,0,0,0
70.0,C0,东,right0C0,right0C0_0,2,1,1,0
70.0,C0,东,right0C0,right0C0_1,2,1,1,0
70.0,C0,东,right0C0,right0C0_2,2,1,0,0
70.0,C1,西,B1C1,B1C1_0,0,0,0,0
70.0,C1,西,B1C1,B1C1_1,0,0,0,0
70.0,C1,西,B1C1,B1C1_2,0,0,0,0
70.0,C1,南,C0C1,C0C1_0,0,0,0,0
70.0,C1,南,C0C1,C0C1_1,0,0,0,0
70.0,C1,南,C0C1,C0C1_2,0,0,0,0
70.0,C1,北,C2C1,C2C1_0,0,0,0,0
70.0,C1,北,C2C1,C2C1_1,0,0,0,0
70.0,C1,北,C2C1,C2C1_2,0,0,0,0
70.0,C1,东,right1C1,right1C1_0,1,0,0,0
70.0,C1,东,right1C1,right1C1_1,1,0,0,0
70.0,C1,东,right1C1,right1C1_2,1,0,1,1
70.0,C2,西,B2C2,B2C2_0,0,0,0,0
70.0,C2,西,B2C2,B2C2_1,0,0,0,0
70.0,C2,西,B2C2,B2C2_2,0,0,0,0
70.0,C2,南,C1C2,C1C2_0,0,0,0,0
70.0,C2,南,C1C2,C1C2_1,0,0,0,0
70.0,C2,南,C1C2,C1C2_2,0,0,0,0
70.0,C2,东,right2C2,right2C2_0,2,1,0,0
70.0,C2,东,right2C2,right2C2_1,2,1,1,0
70.0,C2,东,right2C2,right2C2_2,2,1,1,1
70.0,C2,北,top2C2,top2C2_0,0,0,0,0
70.0,C2,北,top2C2,top2C2_1,0,0,0,0
70.0,C2,北,top2C2,top2C2_2,0,0,0,0
75.0,A0,北,A1A0,A1A0_0,0,0,0,0
75.0,A0,北,A1A0,A1A0_1,0,0,0,0
75.0,A0,北,A1A0,A1A0_2,0,0,0,0
75.0,A0,东,B0A0,B0A0_0,0,0,0,0
75.0,A0,东,B0A0,B0A0_1,0,0,0,0
75.0,A0,东,B0A0,B0A0_2,0,0,0,0
75.0,A0,南,bottom0A0,bottom0A0_0,0,0,0,0
75.0,A0,南,bottom0A0,bottom0A0_1,0,0,0,0
75.0,A0,南,bottom0A0,bottom0A0_2,0,0,0,0
75.0,A0,西,left0A0,left0A0_0,8,1,0,0
75.0,A0,西,left0A0,left0A0_1,8,1,3,0
75.0,A0,西,left0A0,left0A0_2,8,1,5,3
75.0,A1,南,A0A1,A0A1_0,0,0,0,0
75.0,A1,南,A0A1,A0A1_1,0,0,0,0
75.0,A1,南,A0A1,A0A1_2,0,0,0,0
75.0,A1,北,A2A1,A2A1_0,0,0,0,0
75.0,A1,北,A2A1,A2A1_1,0,0,0,0
75.0,A1,北,A2A1,A2A1_2,0,0,0,0
75.0,A1,东,B1A1,B1A1_0,0,0,0,0
75.0,A1,东,B1A1,B1A1_1,0,0,0,0
75.0,A1,东,B1A1,B1A1_2,0,0,0,0
75.0,A1,西,left1A1,left1A1_0,1,0,0,0
75.0,A1,西,left1A1,left1A1_1,1,0,0,0
75.0,A1,西,left1A1,left1A1_2,1,0,1,0
75.0,A2,南,A1A2,A1A2_0,0,0,0,0
75.0,A2,南,A1A2,A1A2_1,0,0,0,0
75.0,A2,南,A1A2,A1A2_2,0,0,0,0
75.0,A2,东,B2A2,B2A2_0,0,0,0,0
75.0,A2,东,B2A2,B2A2_1,0,0,0,0
75.0,A2,东,B2A2,B2A2_2,0,0,0,0
75.0,A2,西,left2A2,left2A2_0,1,0,0,0
75.0,A2,西,left2A2,left2A2_1,1,0,1,0
75.0,A2,西,left2A2,left2A2_2,1,0,0,0
75.0,A2,北,top0A2,top0A2_0,5,0,1,0
75.0,A2,北,top0A2,top0A2_1,5,0,2,1
75.0,A2,北,top0A2,top0A2_2,5,0,2,1
75.0,B0,西,A0B0,A0B0_0,2,0,0,0
75.0,B0,西,A0B0,A0B0_1,2,0,1,0
75.0,B0,西,A0B0,A0B0_2,2,0,1,0
75.0,B0,北,B1B0,B1B0_0,0,0,0,0
75.0,B0,北,B1B0,B1B0_1,0,0,0,0
75.0,B0,北,B1B0,B1B0_2,0,0,0,0
75.0,B0,东,C0B0,C0B0_0,0,0,0,0
75.0,B0,东,C0B0,C0B0_1,0,0,0,0
75.0,B0,东,C0B0,C0B0_2,0,0,0,0
75.0,B0,南,bottom1B0,bottom1B0_0,0,0,0,0
75.0,B0,南,bottom1B0,bottom1B0_1,0,0,0,0
75.0,B0,南,bottom1B0,bottom1B0_2,0,0,0,0
75.0,B1,西,A1B1,A1B1_0,2,1,0,0
75.0,B1,西,A1B1,A1B1_1,2,1,2,0
75.0,B1,西,A1B1,A1B1_2,2,1,0,0
75.0,B1,南,B0B1,B0B1_0,0,0,0,0
75.0,B1,南,B0B1,B0B1_1,0,0,0,0
75.0,B1,南,B0B1,B0B1_2,0,0,0,0
75.0,B1,北,B2B1,B2B1_0,1,0,0,0
75.0,B1,北,B2B1,B2B1_1,1,0,0,0
75.0,B1,北,B2B1,B2B1_2,1,0,1,1
75.0,B1,东,C1B1,C1B1_0,0,0,0,0
75.0,B1,东,C1B1,C1B1_1,0,0,0,0
75.0,B1,东,C1B1,C1B1_2,0,0,0,0
75.0,B2,西,A2B2,A2B2_0,2,1,0,0
75.0,B2,西,A2B2,A2B2_1,2,1,1,0
75.0,B2,西,A2B2,A2B2_2,2,1,1,0
75.0,B2,南,B1B2,B1B2_0,0,0,0,0
75.0,B2,南,B1B2,B1B2_1,0,0,0,0
75.0,B2,南,B1B2,B1B2_2,0,0,0,0
75.0,B2,东,C2B2,C2B2_0,0,0,0,0
75.0,B2,东,C2B2,C2B2_1,0,0,0,0
75.0,B2,东,C2B2,C2B2_2,0,0,0,0
75.0,B2,北,top1B2,top1B2_0,1,0,0,0
75.0,B2,北,top1B2,top1B2_1,1,0,0,0
75.0,B2,北,top1B2,top1B2_2,1,0,1,0
75.0,C0,西,B0C0,B0C0_0,1,0,0,0
75.0,C0,西,B0C0,B0C0_1,1,0,1,0
75.0,C0,西,B0C0,B0C0_2,1,0,0,0
75.0,C0,北,C1C0,C1C0_0,0,0,0,0
75.0,C0,北,C1C0,C1C0_1,0,0,0,0
75.0,C0,北,C1C0,C1C0_2,0,0,0,0
75.0,C0,南,bottom2C0,bottom2C0_0,0,0,0,0
75.0,C0,南,bottom2C0,bottom2C0_1,0,0,0,0
75.0,C0,南,bottom2C0,bottom2C0_2,0,0,0,0
75.0,C0,东,right0C0,right0C0_0,2,0,1,0
75.0,C0,东,right0C0,right0C0_1,2,0,1,0
75.0,C0,东,right0C0,right0C0_2,2,0,0,0
75.0,C1,西,B1C1,B1C1_0,0,0,0,0
75.0,C1,西,B1C1,B1C1_1,0,0,0,0
75.0,C1,西,B1C1,B1C1_2,0,0,0,0
75.0,C1,南,C0C1,C0C1_0,0,0,0,0
75.0,C1,南,C0C1,C0C1_1,0,0,0,0
75.0,C1,南,C0C1,C0C1_2,0,0,0,0
75.0,C1,北,C2C1,C2C1_0,0,0,0,0
75.0,C1,北,C2C1,C2C1_1,0,0,0,0
75.0,C1,北,C2C1,C2C1_2,0,0,0,0
75.0,C1,东,right1C1,right1C1_0,2,1,1,0
75.0,C1,东,right1C1,right1C1_1,2,1,0,0
75.0,C1,东,right1C1,right1C1_2,2,1,1,1
75.0,C2,西,B2C2,B2C2_0,0,0,0,0
75.0,C2,西,B2C2,B2C2_1,0,0,0,0
75.0,C2,西,B2C2,B2C2_2,0,0,0,0
75.0,C2,南,C1C2,C1C2_0,0,0,0,0
75.0,C2,南,C1C2,C1C2_1,0,0,0,0
75.0,C2,南,C1C2,C1C2_2,0,0,0,0
75.0,C2,东,right2C2,right2C2_0,2,0,0,0
75.0,C2,东,right2C2,right2C2_1,2,0,1,0
75.0,C2,东,right2C2,right2C2_2,2,0,1,1
75.0,C2,北,top2C2,top2C2_0,0,0,0,0
75.0,C2,北,top2C2,top2C2_1,0,0,0,0
75.0,C2,北,top2C2,top2C2_2,0,0,0,0
80.0,A0,北,A1A0,A1A0_0,0,0,0,0
80.0,A0,北,A1A0,A1A0_1,0,0,0,0
80.0,A0,北,A1A0,A1A0_2,0,0,0,0
80.0,A0,东,B0A0,B0A0_0,0,0,0,0
80.0,A0,东,B0A0,B0A0_1,0,0,0,0
80.0,A0,东,B0A0,B0A0_2,0,0,0,0
80.0,A0,南,bottom0A0,bottom0A0_0,0,0,0,0
80.0,A0,南,bottom0A0,bottom0A0_1,0,0,0,0
80.0,A0,南,bottom0A0,bottom0A0_2,0,0,0,0
80.0,A0,西,left0A0,left0A0_0,9,1,0,0
80.0,A0,西,left0A0,left0A0_1,9,1,3,0
80.0,A0,西,left0A0,left0A0_2,9,1,6,4
80.0,A1,南,A0A1,A0A1_0,0,0,0,0
80.0,A1,南,A0A1,A0A1_1,0,0,0,0
80.0,A1,南,A0A1,A0A1_2,0,0,0,0
80.0,A1,北,A2A1,A2A1_0,0,0,0,0
80.0,A1,北,A2A1,A2A1_1,0,0,0,0
80.0,A1,北,A2A1,A2A1_2,0,0,0,0
80.0,A1,东,B1A1,B1A1_0,0,0,0,0
80.0,A1,东,B1A1,B1A1_1,0,0,0,0
80.0,A1,东,B1A1,B1A1_2,0,0,0,0
80.0,A1,西,left1A1,left1A1_0,2,1,0,0
80.0,A1,西,left1A1,left1A1_1,2,1,0,0
80.0,A1,西,left1A1,left1A1_2,2,1,2,1
80.0,A2,南,A1A2,A1A2_0,0,0,0,0
80.0,A2,南,A1A2,A1A2_1,0,0,0,0
80.0,A2,南,A1A2,A1A2_2,0,0,0,0
80.0,A2,东,B2A2,B2A2_0,1,1,1,0
80.0,A2,东,B2A2,B2A2_1,1,1,0,0
80.0,A2,东,B2A2,B2A2_2,1,1,0,0
80.0,A2,西,left2A2,left2A2_0,1,0,0,0
80.0,A2,西,left2A2,left2A2_1,1,0,1,0
80.0,A2,西,left2A2,left2A2_2,1,0,0,0
80.0,A2,北,top0A2,top0A2_0,5,0,1,0
80.0,A2,北,top0A2,top0A2_1,5,0,2,1
80.0,A2,北,top0A2,top0A2_2,5,0,2,1
80.0,B0,西,A0B0,A0B0_0,2,0,0,0
80.0,B0,西,A0B0,A0B0_1,2,0,1,0
80.0,B0,西,A0B0,A0B0_2,2,0,1,1
80.0,B0,北,B1B0,B1B0_0,0,0,0,0
80.0,B0,北,B1B0,B1B0_1,0,0,0,0
80.0,B0,北,B1B0,B1B0_2,0,0,0,0
80.0,B0,东,C0B0,C0B0_0,0,0,0,0
80.0,B0,东,C0B0,C0B0_1,0,0,0,0
80.0,B0,东,C0B0,C0B0_2,0,0,0,0
80.0,B0,南,bottom1B0,bottom1B0_0,0,0,0,0
80.0,B0,南,bottom1B0,bottom1B0_1,0,0,0,0
80.0,B0,南,bottom1B0,bottom1B0_2,0,0,0,0
80.0,B1,西,A1B1,A1B1_0,2,0,0,0
80.0,B1,西,A1B1,A1B1_1,2,0,2,0
80.0,B1,西,A1B1,A1B1_2,2,0,0,0
80.0,B1,南,B0B1,B0B1_0,0,0,0,0
80.0,B1,南,B0B1,B0B1_1,0,0,0,0
80.0,B1,南,B0B1,B0B1_2,0,0,0,0
80.0,B1,北,B2B1,B2B1_0,1,0,0,0
80.0,B1,北,B2B1,B2B1_1,1,0,0,0
80.0,B1,北,B2B1,B2B1_2,1,0,1,1
80.0,B1,东,C1B1,C1B1_0,0,0,0,0
80.0,B1,东,C1B1,C1B1_1,0,0,0,0
80.0,B1,东,C1B1,C1B1_2,0,0,0,0
80.0,B2,西,A2B2,A2B2_0,2,0,0,0
80.0,B2,西,A2B2,A2B2_1,2,0,1,0
80.0,B2,西,A2B2,A2B2_2,2,0,1,0
80.0,B2,南,B1B2,B1B2_0,0,0,0,0
80.0,B2,南,B1B2,B1B2_1,0,0,0,0
80.0,B2,南,B1B2,B1B2_2,0,0,0,0
80.0,B2,东,C2B2,C2B2_0,0,0,0,0
80.0,B2,东,C2B2,C2B2_1,0,0,0,0
80.0,B2,东,C2B2,C2B2_2,0,0,0,0
80.0,B2,北,top1B2,top1B2_0,1,0,0,0
80.0,B2,北,top1B2,top1B2_1,1,0,0,0
80.0,B2,北,top1B2,top1B2_2,1,0,1,0
80.0,C0,西,B0C0,B0C0_0,1,0,0,0
80.0,C0,西,B0C0,B0C0_1,1,0,1,0
80.0,C0,西,B0C0,B0C0_2,1,0,0,0
80.0,C0,北,C1C0,C1C0_0,0,0,0,0
80.0,C0,北,C1C0,C1C0_1,0,0,0,0
80.0,C0,北,C1C0,C1C0_2,0,0,0,0
80.0,C0,南,bottom2C0,bottom2C0_0,0,0,0,0
80.0,C0,南,bottom2C0,bottom2C0_1,0,0,0,0
80.0,C0,南,bottom2C0,bottom2C0_2,0,0,0,0
80.0,C0,东,right0C0,right0C0_0,2,0,1,0
80.0,C0,东,right0C0,right0C0_1,2,0,1,0
80.0,C0,东,right0C0,right0C0_2,2,0,0,0
80.0,C1,西,B1C1,B1C1_0,0,0,0,0
80.0,C1,西,B1C1,B1C1_1,0,0,0,0
80.0,C1,西,B1C1,B1C1_2,0,0,0,0
80.0,C1,南,C0C1,C0C1_0,0,0,0,0
80.0,C1,南,C0C1,C0C1_1,0,0,0,0
80.0,C1,南,C0C1,C0C1_2,0,0,0,0
80.0,C1,北,C2C1,C2C1_0,0,0,0,0
80.0,C1,北,C2C1,C2C1_1,0,0,0,0
80.0,C1,北,C2C1,C2C1_2,0,0,0,0
80.0,C1,东,right1C1,right1C1_0,2,0,1,0
80.0,C1,东,right1C1,right1C1_1,2,0,0,0
80.0,C1,东,right1C1,right1C1_2,2,0,1,1
80.0,C2,西,B2C2,B2C2_0,0,0,0,0
80.0,C2,西,B2C2,B2C2_1,0,0,0,0
80.0,C2,西,B2C2,B2C2_2,0,0,0,0
80.0,C2,南,C1C2,C1C2_0,0,0,0,0
80.0,C2,南,C1C2,C1C2_1,0,0,0,0
80.0,C2,南,C1C2,C1C2_2,0,0,0,0
80.0,C2,东,right2C2,right2C2_0,2,0,0,0
80.0,C2,东,right2C2,right2C2_1,2,0,1,0
80.0,C2,东,right2C2,right2C2_2,2,0,1,1
80.0,C2,北,top2C2,top2C2_0,0,0,0,0
80.0,C2,北,top2C2,top2C2_1,0,0,0,0
80.0,C2,北,top2C2,top2C2_2,0,0,0,0
85.0,A0,北,A1A0,A1A0_0,0,0,0,0
85.0,A0,北,A1A0,A1A0_1,0,0,0,0
85.0,A0,北,A1A0,A1A0_2,0,0,0,0
85.0,A0,东,B0A0,B0A0_0,0,0,0,0
85.0,A0,东,B0A0,B0A0_1,0,0,0,0
85.0,A0,东,B0A0,B0A0_2,0,0,0,0
85.0,A0,南,bottom0A0,bottom0A0_0,0,0,0,0
85.0,A0,南,bottom0A0,bottom0A0_1,0,0,0,0
85.0,A0,南,bottom0A0,bottom0A0_2,0,0,0,0
85.0,A0,西,left0A0,left0A0_0,8,1,1,0
85.0,A0,西,left0A0,left0A0_1,8,1,2,0
85.0,A0,西,left0A0,left0A0_2,8,1,5,2
85.0,A1,南,A0A1,A0A1_0,0,0,0,0
85.0,A1,南,A0A1,A0A1_1,0,0,0,0
85.0,A1,南,A0A1,A0A1_2,0,0,0,0
85.0,A1,北,A2A1,A2A1_0,0,0,0,0
85.0,A1,北,A2A1,A2A1_1,0,0,0,0
85.0,A1,北,A2A1,A2A1_2,0,0,0,0
85.0,A1,东,B1A1,B1A1_0,0,0,0,0
85.0,A1,东,B1A1,B1A1_1,0,0,0,0
85.0,A1,东,B1A1,B1A1_2,0,0,0,0
85.0,A1,西,left1A1,left1A1_0,1,0,0,0
85.0,A1,西,left1A1,left1A1_1,1,0,0,0
85.0,A1,西,left1A1,left1A1_2,1,0,1,0
85.0,A2,南,A1A2,A1A2_0,0,0,0,0
85.0,A2,南,A1A2,A1A2_1,0,0,0,0
85.0,A2,南,A1A2,A1A2_2,0,0,0,0
85.0,A2,东,B2A2,B2A2_0,1,0,1,0
85.0,A2,东,B2A2,B2A2_1,1,0,0,0
85.0,A2,东,B2A2,B2A2_2,1,0,0,0
85.0,A2,西,left2A2,left2A2_0,1,0,0,0
85.0,A2,西,left2A2,left2A2_1,1,0,1,0
85.0,A2,西,left2A2,left2A2_2,1,0,0,0
85.0,A2,北,top0A2,top0A2_0,4,0,0,0
85.0,A2,北,top0A2,top0A2_1,4,0,2,1
85.0,A2,北,top0A2,top0A2_2,4,0,2,1
85.0,B0,西,A0B0,A0B0_0,2,1,0,0
85.0,B0,西,A0B0,A0B0_1,2,1,1,0
85.0,B0,西,A0B0,A0B0_2,2,1,1,0
85.0,B0,北,B1B0,B1B0_0,0,0,0,0
85.0,B0,北,B1B0,B1B0_1,0,0,0,0
85.0,B0,北,B1B0,B1B0_2,0,0,0,0
85.0,B0,东,C0B0,C0B0_0,0,0,0,0
85.0,B0,东,C0B0,C0B0_1,0,0,0,0
85.0,B0,东,C0B0,C0B0_2,0,0,0,0
85.0,B0,南,bottom1B0,bottom1B0_0,0,0,0,0
85.0,B0,南,bottom1B0,bottom1B0_1,0,0,0,0
85.0,B0,南,bottom1B0,bottom1B0_2,0,0,0,0
85.0,B1,西,A1B1,A1B1_0,2,0,0,0
85.0,B1,西,A1B1,A1B1_1,2,0,2,0
85.0,B1,西,A1B1,A1B1_2,2,0,0,0
85.0,B1,南,B0B1,B0B1_0,0,0,0,0
85.0,B1,南,B0B1,B0B1_1,0,0,0,0
85.0,B1,南,B0B1,B0B1_2,0,0,0,0
85.0,B1,北,B2B1,B2B1_0,1,0,0,0
85.0,B1,北,B2B1,B2B1_1,1,0,0,0
85.0,B1,北,B2B1,B2B1_2,1,0,1,1
85.0,B1,东,C1B1,C1B1_0,0,0,0,0
85.0,B1,东,C1B1,C1B1_1,0,0,0,0
85.0,B1,东,C1B1,C1B1_2,0,0,0,0
85.0,B2,西,A2B2,A2B2_0,2,0,0,0
85.0,B2,西,A2B2,A2B2_1,2,0,1,0
85.0,B2,西,A2B2,A2B2_2,2,0,1,0
85.0,B2,南,B1B2,B1B2_0,0,0,0,0
85.0,B2,南,B1B2,B1B2_1,0,0,0,0
85.0,B2,南,B1B2,B1B2_2,0,0,0,0
85.0,B2,东,C2B2,C2B2_0,0,0,0,0
85.0,B2,东,C2B2,C2B2_1,0,0,0,0
85.0,B2,东,C2B2,C2B2_2,0,0,0,0
85.0,B2,北,top1B2,top1B2_0,1,0,0,0
85.0,B2,北,top1B2,top1B2_1,1,0,0,0
85.0,B2,北,top1B2,top1B2_2,1,0,1,0
85.0,C0,西,B0C0,B0C0_0,1,0,0,0
85.0,C0,西,B0C0,B0C0_1,1,0,1,0
85.0,C0,西,B0C0,B0C0_2,1,0,0,0
85.0,C0,北,C1C0,C1C0_0,0,0,0,0
85.0,C0,北,C1C0,C1C0_1,0,0,0,0
85.0,C0,北,C1C0,C1C0_2,0,0,0,0
85.0,C0,南,bottom2C0,bottom2C0_0,0,0,0,0
85.0,C0,南,bottom2C0,bottom2C0_1,0,0,0,0
85.0,C0,南,bottom2C0,bottom2C0_2,0,0,0,0
85.0,C0,东,right0C0,right0C0_0,2,0,1,0
85.0,C0,东,right0C0,right0C0_1,2,0,1,0
85.0,C0,东,right0C0,right0C0_2,2,0,0,0
85.0,C1,西,B1C1,B1C1_0,0,0,0,0
85.0,C1,西,B1C1,B1C1_1,0,0,0,0
85.0,C1,西,B1C1,B1C1_2,0,0,0,0
85.0,C1,南,C0C1,C0C1_0,0,0,0,0
85.0,C1,南,C0C1,C0C1_1,0,0,0,0
85.0,C1,南,C0C1,C0C1_2,0,0,0,0
85.0,C1,北,C2C1,C2C1_0,0,0,0,0
85.0,C1,北,C2C1,C2C1_1,0,0,0,0
85.0,C1,北,C2C1,C2C1_2,0,0,0,0
85.0,C1,东,right1C1,right1C1_0,1,0,1,0
85.0,C1,东,right1C1,right1C1_1,1,0,0,0
85.0,C1,东,right1C1,right1C1_2,1,0,0,0
85.0,C2,西,B2C2,B2C2_0,0,0,0,0
85.0,C2,西,B2C2,B2C2_1,0,0,0,0
85.0,C2,西,B2C2,B2C2_2,0,0,0,0
85.0,C2,南,C1C2,C1C2_0,0,0,0,0
85.0,C2,南,C1C2,C1C2_1,0,0,0,0
85.0,C2,南,C1C2,C1C2_2,0,0,0,0
85.0,C2,东,right2C2,right2C2_0,1,0,0,0
85.0,C2,东,right2C2,right2C2_1,1,0,1,0
85.0,C2,东,right2C2,right2C2_2,1,0,0,0
85.0,C2,北,top2C2,top2C2_0,0,0,0,0
85.0,C2,北,top2C2,top2C2_1,0,0,0,0
85.0,C2,北,top2C2,top2C2_2,0,0,0,0
90.0,A0,北,A1A0,A1A0_0,0,0,0,0
90.0,A0,北,A1A0,A1A0_1,0,0,0,0
90.0,A0,北,A1A0,A1A0_2,0,0,0,0
90.0,A0,东,B0A0,B0A0_0,0,0,0,0
90.0,A0,东,B0A0,B0A0_1,0,0,0,0
90.0,A0,东,B0A0,B0A0_2,0,0,0,0
90.0,A0,南,bottom0A0,bottom0A0_0,0,0,0,0
90.0,A0,南,bottom0A0,bottom0A0_1,0,0,0,0
90.0,A0,南,bottom0A0,bottom0A0_2,0,0,0,0
90.0,A0,西,left0A0,left0A0_0,6,0,0,0
90.0,A0,西,left0A0,left0A0_1,6,0,3,0
90.0,A0,西,left0A0,left0A0_2,6,0,3,0
90.0,A1,南,A0A1,A0A1_0,1,1,0,0
90.0,A1,南,A0A1,A0A1_1,1,1,1,0
90.0,A1,南,A0A1,A0A1_2,1,1,0,0
90.0,A1,北,A2A1,A2A1_0,0,0,0,0
90.0,A1,北,A2A1,A2A1_1,0,0,0,0
90.0,A1,北,A2A1,A2A1_2,0,0,0,0
90.0,A1,东,B1A1,B1A1_0,0,0,0,0
90.0,A1,东,B1A1,B1A1_1,0,0,0,0
90.0,A1,东,B1A1,B1A1_2,0,0,0,0
90.0,A1,西,left1A1,left1A1_0,1,0,0,0
90.0,A1,西,left1A1,left1A1_1,1,0,0,0
90.0,A1,西,left1A1,left1A1_2,1,0,1,0
90.0,A2,南,A1A2,A1A2_0,1,1,1,0
90.0,A2,南,A1A2,A1A2_1,1,1,0,0
90.0,A2,南,A1A2,A1A2_2,1,1,0,0
90.0,A2,东,B2A2,B2A2_0,1,0,1,0
90.0,A2,东,B2A2,B2A2_1,1,0,0,0
90.0,A2,东,B2A2,B2A2_2,1,0,0,0
90.0,A2,西,left2A2,left2A2_0,1,0,0,0
90.0,A2,西,left2A2,left2A2_1,1,0,1,1
90.0,A2,西,left2A2,left2A2_2,1,0,0,0
90.0,A2,北,top0A2,top0A2_0,4,0,0,0
90.0,A2,北,top0A2,top0A2_1,4,0,2,1
90.0,A2,北,top0A2,top0A2_2,4,0,2,1
90.0,B0,西,A0B0,A0B0_0,2,0,0,0
90.0,B0,西,A0B0,A0B0_1,2,0,1,0
90.0,B0,西,A0B0,A0B0_2,2,0,1,0
90.0,B0,北,B1B0,B1B0_0,0,0,0,0
90.0,B0,北,B1B0,B1B0_1,0,0,0,0
90.0,B0,北,B1B0,B1B0_2,0,0,0,0
90.0,B0,东,C0B0,C0B0_0,0,0,0,0
90.0,B0,东,C0B0,C0B0_1,0,0,0,0
90.0,B0,东,C0B0,C0B0_2,0,0,0,0
90.0,B0,南,bottom1B0,bottom1B0_0,0,0,0,0
90.0,B0,南,bottom1B0,bottom1B0_1,0,0,0,0
90.0,B0,南,bottom1B0,bottom1B0_2,0,0,0,0
90.0,B1,西,A1B1,A1B1_0,2,0,0,0
90.0,B1,西,A1B1,A1B1_1,2,0,2,0
90.0,B1,西,A1B1,A1B1_2,2,0,0,0
90.0,B1,南,B0B1,B0B1_0,1,1,1,0
90.0,B1,南,B0B1,B0B1_1,1,1,0,0
90.0,B1,南,B0B1,B0B1_2,1,1,0,0
90.0,B1,北,B2B1,B2B1_0,1,0,0,0
90.0,B1,北,B2B1,B2B1_1,1,0,0,0
90.0,B1,北,B2B1,B2B1_2,1,0,1,1
90.0,B1,东,C1B1,C1B1_0,0,0,0,0
90.0,B1,东,C1B1,C1B1_1,0,0,0,0
90.0,B1,东,C1B1,C1B1_2,0,0,0,0
90.0,B2,西,A2B2,A2B2_0,2,0,0,0
90.0,B2,西,A2B2,A2B2_1,2,0,1,1
90.0,B2,西,A2B2,A2B2_2,2,0,1,0
90.0,B2,南,B1B2,B1B2_0,0,0,0,0
90.0,B2,南,B1B2,B1B2_1,0,0,0,0
90.0,B2,南,B1B2,B1B2_2,0,0,0,0
90.0,B2,东,C2B2,C2B2_0,0,0,0,0
90.0,B2,东,C2B2,C2B2_1,0,0,0,0
90.0,B2,东,C2B2,C2B2_2,0,0,0,0
90.0,B2,北,top1B2,top1B2_0,1,0,0,0
90.0,B2,北,top1B2,top1B2_1,1,0,0,0
90.0,B2,北,top1B2,top1B2_2,1,0,1,0
90.0,C0,西,B0C0,B0C0_0,1,0,0,0
90.0,C0,西,B0C0,B0C0_1,1,0,1,1
90.0,C0,西,B0C0,B0C0_2,1,0,0,0
90.0,C0,北,C1C0,C1C0_0,1,1,0,0
90.0,C0,北,C1C0,C1C0_1,1,1,0,0
90.0,C0,北,C1C0,C1C0_2,1,1,1,0
90.0,C0,南,bottom2C0,bottom2C0_0,0,0,0,0
90.0,C0,南,bottom2C0,bottom2C0_1,0,0,0,0
90.0,C0,南,bottom2C0,bottom2C0_2,0,0,0,0
90.0,C0,东,right0C0,right0C0_0,2,0,1,1
90.0,C0,东,right0C0,right0C0_1,2,0,1,1
90.0,C0,东,right0C0,right0C0_2,2,0,0,0
90.0,C1,西,B1C1,B1C1_0,0,0,0,0
90.0,C1,西,B1C1,B1C1_1,0,0,0,0
90.0,C1,西,B1C1,B1C1_2,0,0,0,0
90.0,C1,南,C0C1,C0C1_0,0,0,0,0
90.0,C1,南,C0C1,C0C1_1,0,0,0,0
90.0,C1,南,C0C1,C0C1_2,0,0,0,0
90.0,C1,北,C2C1,C2C1_0,1,1,1,0
90.0,C1,北,C2C1,C2C1_1,1,1,0,0
90.0,C1,北,C2C1,C2C1_2,1,1,0,0
90.0,C1,东,right1C1,right1C1_0,1,0,1,0
90.0,C1,东,right1C1,right1C1_1,1,0,0,0
90.0,C1,东,right1C1,right1C1_2,1,0,0,0
90.0,C2,西,B2C2,B2C2_0,0,0,0,0
90.0,C2,西,B2C2,B2C2_1,0,0,0,0
90.0,C2,西,B2C2,B2C2_2,0,0,0,0
90.0,C2,南,C1C2,C1C2_0,0,0,0,0
90.0,C2,南,C1C2,C1C2_1,0,0,0,0
90.0,C2,南,C1C2,C1C2_2,0,0,0,0
90.0,C2,东,right2C2,right2C2_0,1,0,0,0
90.0,C2,东,right2C2,right2C2_1,1,0,1,0
90.0,C2,东,right2C2,right2C2_2,1,0,0,0
90.0,C2,北,top2C2,top2C2_0,0,0,0,0
90.0,C2,北,top2C2,top2C2_1,0,0,0,0
90.0,C2,北,top2C2,top2C2_2,0,0,0,0
95.0,A0,北,A1A0,A1A0_0,0,0,0,0
95.0,A0,北,A1A0,A1A0_1,0,0,0,0
95.0,A0,北,A1A0,A1A0_2,0,0,0,0
95.0,A0,东,B0A0,B0A0_0,0,0,0,0
95.0,A0,东,B0A0,B0A0_1,0,0,0,0
95.0,A0,东,B0A0,B0A0_2,0,0,0,0
95.0,A0,南,bottom0A0,bottom0A0_0,0,0,0,0
95.0,A0,南,bottom0A0,bottom0A0_1,0,0,0,0
95.0,A0,南,bottom0A0,bottom0A0_2,0,0,0,0
95.0,A0,西,left0A0,left0A0_0,4,1,0,0
95.0,A0,西,left0A0,left0A0_1,4,1,3,0
95.0,A0,西,left0A0,left0A0_2,4,1,1,0
95.0,A1,南,A0A1,A0A1_0,4,3,0,0
95.0,A1,南,A0A1,A0A1_1,4,3,3,0
95.0,A1,南,A0A1,A0A1_2,4,3,1,0
95.0,A1,北,A2A1,A2A1_0,0,0,0,0
95.0,A1,北,A2A1,A2A1_1,0,0,0,0
95.0,A1,北,A2A1,A2A1_2,0,0,0,0
95.0,A1,东,B1A1,B1A1_0,0,0,0,0
95.0,A1,东,B1A1,B1A1_1,0,0,0,0
95.0,A1,东,B1A1,B1A1_2,0,0,0,0
95.0,A1,西,left1A1,left1A1_0,1,0,0,0
95.0,A1,西,left1A1,left1A1_1,1,0,0,0
95.0,A1,西,left1A1,left1A1_2,1,0,1,0
95.0,A2,南,A1A2,A1A2_0,1,0,1,0
95.0,A2,南,A1A2,A1A2_1,1,0,0,0
95.0,A2,南,A1A2,A1A2_2,1,0,0,0
95.0,A2,东,B2A2,B2A2_0,1,0,1,0
95.0,A2,东,B2A2,B2A2_1,1,0,0,0
95.0,A2,东,B2A2,B2A2_2,1,0,0,0
95.0,A2,西,left2A2,left2A2_0,0,0,0,0
95.0,A2,西,left2A2,left2A2_1,0,0,0,0
95.0,A2,西,left2A2,left2A2_2,0,0,0,0
95.0,A2,北,top0A2,top0A2_0,5,1,1,0
95.0,A2,北,top0A2,top0A2_1,5,1,2,2
95.0,A2,北,top0A2,top0A2_2,5,1,2,2
95.0,B0,西,A0B0,A0B0_0,1,0,0,0
95.0,B0,西,A0B0,A0B0_1,1,0,0,0
95.0,B0,西,A0B0,A0B0_2,1,0,1,0
95.0,B0,北,B1B0,B1B0_0,0,0,0,0
95.0,B0,北,B1B0,B1B0_1,0,0,0,0
95.0,B0,北,B1B0,B1B0_2,0,0,0,0
95.0,B0,东,C0B0,C0B0_0,0,0,0,0
95.0,B0,东,C0B0,C0B0_1,0,0,0,0
95.0,B0,东,C0B0,C0B0_2,0,0,0,0
95.0,B0,南,bottom1B0,bottom1B0_0,0,0,0,0
95.0,B0,南,bottom1B0,bottom1B0_1,0,0,0,0
95.0,B0,南,bottom1B0,bottom1B0_2,0,0,0,0
95.0,B1,西,A1B1,A1B1_0,1,0,0,0
95.0,B1,西,A1B1,A1B1_1,1,0,1,0
95.0,B1,西,A1B1,A1B1_2,1,0,0,0
95.0,B1,南,B0B1,B0B1_0,1,0,1,0
95.0,B1,南,B0B1,B0B1_1,1,0,0,0
95.0,B1,南,B0B1,B0B1_2,1,0,0,0
95.0,B1,北,B2B1,B2B1_0,1,0,0,0
95.0,B1,北,B2B1,B2B1_1,1,0,0,0
95.0,B1,北,B2B1,B2B1_2,1,0,1,1
95.0,B1,东,C1B1,C1B1_0,0,0,0,0
95.0,B1,东,C1B1,C1B1_1,0,0,0,0
95.0,B1,东,C1B1,C1B1_2,0,0,0,0
95.0,B2,西,A2B2,A2B2_0,1,0,0,0
95.0,B2,西,A2B2,A2B2_1,1,0,0,0
95.0,B2,西,A2B2,A2B2_2,1,0,1,0
95.0,B2,南,B1B2,B1B2_0,0,0,0,0
95.0,B2,南,B1B2,B1B2_1,0,0,0,0
95.0,B2,南,B1B2,B1B2_2,0,0,0,0
95.0,B2,东,C2B2,C2B2_0,0,0,0,0
95.0,B2,东,C2B2,C2B2_1,0,0,0,0
95.0,B2,东,C2B2,C2B2_2,0,0,0,0
95.0,B2,北,top1B2,top1B2_0,1,0,0,0
95.0,B2,北,top1B2,top1B2_1,1,0,0,0
95.0,B2,北,top1B2,top1B2_2,1,0,1,1
95.0,C0,西,B0C0,B0C0_0,0,0,0,0
95.0,C0,西,B0C0,B0C0_1,0,0,0,0
95.0,C0,西,B0C0,B0C0_2,0,0,0,0
95.0,C0,北,C1C0,C1C0_0,1,0,0,0
95.0,C0,北,C1C0,C1C0_1,1,0,0,0
95.0,C0,北,C1C0,C1C0_2,1,0,1,0
95.0,C0,南,bottom2C0,bottom2C0_0,1,1,1,0
95.0,C0,南,bottom2C0,bottom2C0_1,1,1,0,0
95.0,C0,南,bottom2C0,bottom2C0_2,1,1,0,0
95.0,C0,东,right0C0,right0C0_0,1,0,0,0
95.0,C0,东,right0C0,right0C0_1,1,0,1,1
95.0,C0,东,right0C0,right0C0_2,1,0,0,0
95.0,C1,西,B1C1,B1C1_0,0,0,0,0
95.0,C1,西,B1C1,B1C1_1,0,0,0,0
95.0,C1,西,B1C1,B1C1_2,0,0,0,0
95.0,C1,南,C0C1,C0C1_0,1,1,0,0
95.0,C1,南,C0C1,C0C1_1,1,1,0,0
95.0,C1,南,C0C1,C0C1_2,1,1,1,0
95.0,C1,北,C2C1,C2C1_0,1,0,1,0
95.0,C1,北,C2C1,C2C1_1,1,0,0,0
95.0,C1,北,C2C1,C2C1_2,1,0,0,0
95.0,C1,东,right1C1,right1C1_0,1,0,1,0
95.0,C1,东,right1C1,right1C1_1,1,0,0,0
95.0,C1,东,right1C1,right1C1_2,1,0,0,0
95.0,C2,西,B2C2,B2C2_0,0,0,0,0
95.0,C2,西,B2C2,B2C2_1,0,0,0,0
95.0,C2,西,B2C2,B2C2_2,0,0,0,0
95.0,C2,南,C1C2,C1C2_0,0,0,0,0
95.0,C2,南,C1C2,C1C2_1,0,0,0,0
95.0,C2,南,C1C2,C1C2_2,0,0,0,0
95.0,C2,东,right2C2,right2C2_0,1,0,0,0
95.0,C2,东,right2C2,right2C2_1,1,0,1,1
95.0,C2,东,right2C2,right2C2_2,1,0,0,0
95.0,C2,北,top2C2,top2C2_0,0,0,0,0
95.0,C2,北,top2C2,top2C2_1,0,0,0,0
95.0,C2,北,top2C2,top2C2_2,0,0,0,0
100.0,A0,北,A1A0,A1A0_0,0,0,0,0
100.0,A0,北,A1A0,A1A0_1,0,0,0,0
100.0,A0,北,A1A0,A1A0_2,0,0,0,0
100.0,A0,东,B0A0,B0A0_0,0,0,0,0
100.0,A0,东,B0A0,B0A0_1,0,0,0,0
100.0,A0,东,B0A0,B0A0_2,0,0,0,0
100.0,A0,南,bottom0A0,bottom0A0_0,0,0,0,0
100.0,A0,南,bottom0A0,bottom0A0_1,0,0,0,0
100.0,A0,南,bottom0A0,bottom0A0_2,0,0,0,0
100.0,A0,西,left0A0,left0A0_0,3,1,0,0
100.0,A0,西,left0A0,left0A0_1,3,1,3,0
100.0,A0,西,left0A0,left0A0_2,3,1,0,0
100.0,A1,南,A0A1,A0A1_0,5,1,0,0
100.0,A1,南,A0A1,A0A1_1,5,1,4,0
100.0,A1,南,A0A1,A0A1_2,5,1,1,0
100.0,A1,北,A2A1,A2A1_0,0,0,0,0
100.0,A1,北,A2A1,A2A1_1,0,0,0,0
100.0,A1,北,A2A1,A2A1_2,0,0,0,0
100.0,A1,东,B1A1,B1A1_0,0,0,0,0
100.0,A1,东,B1A1,B1A1_1,0,0,0,0
100.0,A1,东,B1A1,B1A1_2,0,0,0,0
100.0,A1,西,left1A1,left1A1_0,0,0,0,0
100.0,A1,西,left1A1,left1A1_1,0,0,0,0
100.0,A1,西,left1A1,left1A1_2,0,0,0,0
100.0,A2,南,A1A2,A1A2_0,2,1,1,0
100.0,A2,南,A1A2,A1A2_1,2,1,1,0
100.0,A2,南,A1A2,A1A2_2,2,1,0,0
100.0,A2,东,B2A2,B2A2_0,1,0,1,0
100.0,A2,东,B2A2,B2A2_1,1,0,0,0
100.0,A2,东,B2A2,B2A2_2,1,0,0,0
100.0,A2,西,left2A2,left2A2_0,0,0,0,0
100.0,A2,西,left2A2,left2A2_1,0,0,0,0
100.0,A2,西,left2A2,left2A2_2,0,0,0,0
100.0,A2,北,top0A2,top0A2_0,5,0,1,0
100.0,A2,北,top0A2,top0A2_1,5,0,2,2
100.0,A2,北,top0A2,top0A2_2,5,0,2,2
100.0,B0,西,A0B0,A0B0_0,2,1,0,0
100.0,B0,西,A0B0,A0B0_1,2,1,0,0
100.0,B0,西,A0B0,A0B0_2,2,1,2,0
100.0,B0,北,B1B0,B1B0_0,0,0,0,0
100.0,B0,北,B1B0,B1B0_1,0,0,0,0
100.0,B0,北,B1B0,B1B0_2,0,0,0,0
100.0,B0,东,C0B0,C0B0_0,0,0,0,0
100.0,B0,东,C0B0,C0B0_1,0,0,0,0
100.0,B0,东,C0B0,C0B0_2,0,0,0,0
100.0,B0,南,bottom1B0,bottom1B0_0,0,0,0,0
100.0,B0,南,bottom1B0,bottom1B0_1,0,0,0,0
100.0,B0,南,bottom1B0,bottom1B0_2,0,0,0,0
100.0,B1,西,A1B1,A1B1_0,0,0,0,0
100.0,B1,西,A1B1,A1B1_1,0,0,0,0
100.0,B1,西,A1B1,A1B1_2,0,0,0,0
100.0,B1,南,B0B1,B0B1_0,1,0,1,0
100.0,B1,南,B0B1,B0B1_1,1,0,0,0
100.0,B1,南,B0B1,B0B1_2,1,0,0,0
100.0,B1,北,B2B1,B2B1_0,1,0,0,0
100.0,B1,北,B2B1,B2B1_1,1,0,0,0
100.0,B1,北,B2B1,B2B1_2,1,0,1,1
100.0,B1,东,C1B1,C1B1_0,0,0,0,0
100.0,B1,东,C1B1,C1B1_1,0,0,0,0
100.0,B1,东,C1B1,C1B1_2,0,0,0,0
100.0,B2,西,A2B2,A2B2_0,1,1,1,0
100.0,B2,西,A2B2,A2B2_1,1,1,0,0
100.0,B2,西,A2B2,A2B2_2,1,1,0,0
100.0,B2,南,B1B2,B1B2_0,0,0,0,0
100.0,B2,南,B1B2,B1B2_1,0,0,0,0
100.0,B2,南,B1B2,B1B2_2,0,0,0,0
100.0,B2,东,C2B2,C2B2_0,0,0,0,0
100.0,B2,东,C2B2,C2B2_1,0,0,0,0
100.0,B2,东,C2B2,C2B2_2,0,0,0,0
100.0,B2,北,top1B2,top1B2_0,1,0,0,0
100.0,B2,北,top1B2,top1B2_1,1,0,0,0
100.0,B2,北,top1B2,top1B2_2,1,0,1,1
100.0,C0,西,B0C0,B0C0_0,1,1,0,0
100.0,C0,西,B0C0,B0C0_1,1,1,1,0
100.0,C0,西,B0C0,B0C0_2,1,1,0,0
100.0,C0,北,C1C0,C1C0_0,1,0,0,0
100.0,C0,北,C1C0,C1C0_1,1,0,0,0
100.0,C0,北,C1C0,C1C0_2,1,0,1,0
100.0,C0,南,bottom2C0,bottom2C0_0,1,0,0,0
100.0,C0,南,bottom2C0,bottom2C0_1,1,0,0,0
100.0,C0,南,bottom2C0,bottom2C0_2,1,0,1,0
100.0,C0,东,right0C0,right0C0_0,1,0,0,0
100.0,C0,东,right0C0,right0C0_1,1,0,1,1
100.0,C0,东,right0C0,right0C0_2,1,0,0,0
100.0,C1,西,B1C1,B1C1_0,1,1,0,0
100.0,C1,西,B1C1,B1C1_1,1,1,0,0
100.0,C1,西,B1C1,B1C1_2,1,1,1,0
100.0,C1,南,C0C1,C0C1_0,1,0,0,0
100.0,C1,南,C0C1,C0C1_1,1,0,0,0
100.0,C1,南,C0C1,C0C1_2,1,0,1,0
100.0,C1,北,C2C1,C2C1_0,1,0,1,0
100.0,C1,北,C2C1,C2C1_1,1,0,0,0
100.0,C1,北,C2C1,C2C1_2,1,0,0,0
100.0,C1,东,right1C1,right1C1_0,0,0,0,0
100.0,C1,东,right1C1,right1C1_1,0,0,0,0
100.0,C1,东,right1C1,right1C1_2,0,0,0,0
100.0,C2,西,B2C2,B2C2_0,1,1,0,0
100.0,C2,西,B2C2,B2C2_1,1,1,0,0
100.0,C2,西,B2C2,B2C2_2,1,1,1,0
100.0,C2,南,C1C2,C1C2_0,0,0,0,0
100.0,C2,南,C1C2,C1C2_1,0,0,0,0
100.0,C2,南,C1C2,C1C2_2,0,0,0,0
100.0,C2,东,right2C2,right2C2_0,1,0,0,0
100.0,C2,东,right2C2,right2C2_1,1,0,1,1
100.0,C2,东,right2C2,right2C2_2,1,0,0,0
100.0,C2,北,top2C2,top2C2_0,0,0,0,0
100.0,C2,北,top2C2,top2C2_1,0,0,0,0
100.0,C2,北,top2C2,top2C2_2,0,0,0,0
105.0,A0,北,A1A0,A1A0_0,0,0,0,0
105.0,A0,北,A1A0,A1A0_1,0,0,0,0
105.0,A0,北,A1A0,A1A0_2,0,0,0,0
105.0,A0,东,B0A0,B0A0_0,0,0,0,0
105.0,A0,东,B0A0,B0A0_1,0,0,0,0
105.0,A0,东,B0A0,B0A0_2,0,0,0,0
105.0,A0,南,bottom0A0,bottom0A0_0,0,0,0,0
105.0,A0,南,bottom0A0,bottom0A0_1,0,0,0,0
105.0,A0,南,bottom0A0,bottom0A0_2,0,0,0,0
105.0,A0,西,left0A0,left0A0_0,6,3,1,0
105.0,A0,西,left0A0,left0A0_1,6,3,4,0
105.0,A0,西,left0A0,left0A0_2,6,3,1,0
105.0,A1,南,A0A1,A0A1_0,6,1,0,0
105.0,A1,南,A0A1,A0A1_1,6,1,5,0
105.0,A1,南,A0A1,A0A1_2,6,1,1,0
105.0,A1,北,A2A1,A2A1_0,0,0,0,0
105.0,A1,北,A2A1,A2A1_1,0,0,0,0
105.0,A1,北,A2A1,A2A1_2,0,0,0,0
105.0,A1,东,B1A1,B1A1_0,0,0,0,0
105.0,A1,东,B1A1,B1A1_1,0,0,0,0
105.0,A1,东,B1A1,B1A1_2,0,0,0,0
105.0,A1,西,left1A1,left1A1_0,0,0,0,0
105.0,A1,西,left1A1,left1A1_1,0,0,0,0
105.0,A1,西,left1A1,left1A1_2,0,0,0,0
105.0,A2,南,A1A2,A1A2_0,2,0,1,0
105.0,A2,南,A1A2,A1A2_1,2,0,1,0
105.0,A2,南,A1A2,A1A2_2,2,0,0,0
105.0,A2,东,B2A2,B2A2_0,0,0,0,0
105.0,A2,东,B2A2,B2A2_1,0,0,0,0
105.0,A2,东,B2A2,B2A2_2,0,0,0,0
105.0,A2,西,left2A2,left2A2_0,0,0,0,0
105.0,A2,西,left2A2,left2A2_1,0,0,0,0
105.0,A2,西,left2A2,left2A2_2,0,0,0,0
105.0,A2,北,top0A2,top0A2_0,5,0,1,0
105.0,A2,北,top0A2,top0A2_1,5,0,2,2
105.0,A2,北,top0A2,top0A2_2,5,0,2,2
105.0,B0,西,A0B0,A0B0_0,2,1,0,0
105.0,B0,西,A0B0,A0B0_1,2,1,0,0
105.0,B0,西,A0B0,A0B0_2,2,1,2,0
105.0,B0,北,B1B0,B1B0_0,0,0,0,0
105.0,B0,北,B1B0,B1B0_1,0,0,0,0
105.0,B0,北,B1B0,B1B0_2,0,0,0,0
105.0,B0,东,C0B0,C0B0_0,0,0,0,0
105.0,B0,东,C0B0,C0B0_1,0,0,0,0
105.0,B0,东,C0B0,C0B0_2,0,0,0,0
105.0,B0,南,bottom1B0,bottom1B0_0,0,0,0,0
105.0,B0,南,bottom1B0,bottom1B0_1,0,0,0,0
105.0,B0,南,bottom1B0,bottom1B0_2,0,0,0,0
105.0,B1,西,A1B1,A1B1_0,0,0,0,0
105.0,B1,西,A1B1,A1B1_1,0,0,0,0
105.0,B1,西,A1B1,A1B1_2,0,0,0,0
105.0,B1,南,B0B1,B0B1_0,1,0,1,0
105.0,B1,南,B0B1,B0B1_1,1,0,0,0
105.0,B1,南,B0B1,B0B1_2,1,0,0,0
105.0,B1,北,B2B1,B2B1_0,1,0,0,0
105.0,B1,北,B2B1,B2B1_1,1,0,0,0
105.0,B1,北,B2B1,B2B1_2,1,0,1,1
105.0,B1,东,C1B1,C1B1_0,0,0,0,0
105.0,B1,东,C1B1,C1B1_1,0,0,0,0
105.0,B1,东,C1B1,C1B1_2,0,0,0,0
105.0,B2,西,A2B2,A2B2_0,1,0,1,0
105.0,B2,西,A2B2,A2B2_1,1,0,0,0
105.0,B2,西,A2B2,A2B2_2,1,0,0,0
105.0,B2,南,B1B2,B1B2_0,0,0,0,0
105.0,B2,南,B1B2,B1B2_1,0,0,0,0
105.0,B2,南,B1B2,B1B2_2,0,0,0,0
105.0,B2,东,C2B2,C2B2_0,0,0,0,0
105.0,B2,东,C2B2,C2B2_1,0,0,0,0
105.0,B2,东,C2B2,C2B2_2,0,0,0,0
105.0,B2,北,top1B2,top1B2_0,2,1,1,0
105.0,B2,北,top1B2,top1B2_1,2,1,0,0
105.0,B2,北,top1B2,top1B2_2,2,1,1,1
105.0,C0,西,B0C0,B0C0_0,1,0,0,0
105.0,C0,西,B0C0,B0C0_1,1,0,1,0
105.0,C0,西,B0C0,B0C0_2,1,0,0,0
105.0,C0,北,C1C0,C1C0_0,1,0,0,0
105.0,C0,北,C1C0,C1C0_1,1,0,0,0
105.0,C0,北,C1C0,C1C0_2,1,0,1,0
105.0,C0,南,bottom2C0,bottom2C0_0,1,0,0,0
105.0,C0,南,bottom2C0,bottom2C0_1,1,0,0,0
105.0,C0,南,bottom2C0,bottom2C0_2,1,0,1,0
105.0,C0,东,right0C0,right0C0_0,1,0,0,0
105.0,C0,东,right0C0,right0C0_1,1,0,1,1
105.0,C0,东,right0C0,right0C0_2,1,0,0,0
105.0,C1,西,B1C1,B1C1_0,2,1,1,0
105.0,C1,西,B1C1,B1C1_1,2,1,0,0
105.0,C1,西,B1C1,B1C1_2,2,1,1,0
105.0,C1,南,C0C1,C0C1_0,1,0,0,0
105.0,C1,南,C0C1,C0C1_1,1,0,0,0
105.0,C1,南,C0C1,C0C1_2,1,0,1,0
105.0,C1,北,C2C1,C2C1_0,1,0,1,0
105.0,C1,北,C2C1,C2C1_1,1,0,0,0
105.0,C1,北,C2C1,C2C1_2,1,0,0,0
105.0,C1,东,right1C1,right1C1_0,0,0,0,0
105.0,C1,东,right1C1,right1C1_1,0,0,0,0
105.0,C1,东,right1C1,right1C1_2,0,0,0,0
105.0,C2,西,B2C2,B2C2_0,1,0,0,0
105.0,C2,西,B2C2,B2C2_1,1,0,0,0
105.0,C2,西,B2C2,B2C2_2,1,0,1,0
105.0,C2,南,C1C2,C1C2_0,1,1,0,0
105.0,C2,南,C1C2,C1C2_1,1,1,0,0
105.0,C2,南,C1C2,C1C2_2,1,1,1,0
105.0,C2,东,right2C2,right2C2_0,1,0,0,0
105.0,C2,东,right2C2,right2C2_1,1,0,1,1
105.0,C2,东,right2C2,right2C2_2,1,0,0,0
105.0,C2,北,top2C2,top2C2_0,0,0,0,0
105.0,C2,北,top2C2,top2C2_1,0,0,0,0
105.0,C2,北,top2C2,top2C2_2,0,0,0,0
110.0,A0,北,A1A0,A1A0_0,0,0,0,0
110.0,A0,北,A1A0,A1A0_1,0,0,0,0
110.0,A0,北,A1A0,A1A0_2,0,0,0,0
110.0,A0,东,B0A0,B0A0_0,0,0,0,0
110.0,A0,东,B0A0,B0A0_1,0,0,0,0
110.0,A0,东,B0A0,B0A0_2,0,0,0,0
110.0,A0,南,bottom0A0,bottom0A0_0,0,0,0,0
110.0,A0,南,bottom0A0,bottom0A0_1,0,0,0,0
110.0,A0,南,bottom0A0,bottom0A0_2,0,0,0,0
110.0,A0,西,left0A0,left0A0_0,6,1,0,0
110.0,A0,西,left0A0,left0A0_1,6,1,4,0
110.0,A0,西,left0A0,left0A0_2,6,1,2,0
110.0,A1,南,A0A1,A0A1_0,6,0,0,0
110.0,A1,南,A0A1,A0A1_1,6,0,5,0
110.0,A1,南,A0A1,A0A1_2,6,0,1,0
110.0,A1,北,A2A1,A2A1_0,0,0,0,0
110.0,A1,北,A2A1,A2A1_1,0,0,0,0
110.0,A1,北,A2A1,A2A1_2,0,0,0,0
110.0,A1,东,B1A1,B1A1_0,0,0,0,0
110.0,A1,东,B1A1,B1A1_1,0,0,0,0
110.0,A1,东,B1A1,B1A1_2,0,0,0,0
110.0,A1,西,left1A1,left1A1_0,0,0,0,0
110.0,A1,西,left1A1,left1A1_1,0,0,0,0
110.0,A1,西,left1A1,left1A1_2,0,0,0,0
110.0,A2,南,A1A2,A1A2_0,2,0,1,0
110.0,A2,南,A1A2,A1A2_1,2,0,1,0
110.0,A2,南,A1A2,A1A2_2,2,0,0,0
110.0,A2,东,B2A2,B2A2_0,0,0,0,0
110.0,A2,东,B2A2,B2A2_1,0,0,0,0
110.0,A2,东,B2A2,B2A2_2,0,0,0,0
110.0,A2,西,left2A2,left2A2_0,1,1,1,0
110.0,A2,西,left2A2,left2A2_1,1,1,0,0
110.0,A2,西,left2A2,left2A2_2,1,1,0,0
110.0,A2,北,top0A2,top0A2_0,6,1,1,0
110.0,A2,北,top0A2,top0A2_1,6,1,3,3
110.0,A2,北,top0A2,top0A2_2,6,1,2,2
110.0,B0,西,A0B0,A0B0_0,3,1,0,0
110.0,B0,西,A0B0,A0B0_1,3,1,0,0
110.0,B0,西,A0B0,A0B0_2,3,1,3,0
110.0,B0,北,B1B0,B1B0_0,0,0,0,0
110.0,B0,北,B1B0,B1B0_1,0,0,0,0
110.0,B0,北,B1B0,B1B0_2,0,0,0,0
110.0,B0,东,C0B0,C0B0_0,0,0,0,0
110.0,B0,东,C0B0,C0B0_1,0,0,0,0
110.0,B0,东,C0B0,C0B0_2,0,0,0,0
110.0,B0,南,bottom1B0,bottom1B0_0,0,0,0,0
110.0,B0,南,bottom1B0,bottom1B0_1,0,0,0,0
110.0,B0,南,bottom1B0,bottom1B0_2,0,0,0,0
110.0,B1,西,A1B1,A1B1_0,0,0,0,0
110.0,B1,西,A1B1,A1B1_1,0,0,0,0
110.0,B1,西,A1B1,A1B1_2,0,0,0,0
110.0,B1,南,B0B1,B0B1_0,2,1,2,0
110.0,B1,南,B0B1,B0B1_1,2,1,0,0
110.0,B1,南,B0B1,B0B1_2,2,1,0,0
110.0,B1,北,B2B1,B2B1_0,1,0,0,0
110.0,B1,北,B2B1,B2B1_1,1,0,0,0
110.0,B1,北,B2B1,B2B1_2,1,0,1,1
110.0,B1,东,C1B1,C1B1_0,0,0,0,0
110.0,B1,东,C1B1,C1B1_1,0,0,0,0
110.0,B1,东,C1B1,C1B1_2,0,0,0,0
110.0,B2,西,A2B2,A2B2_0,1,0,1,0
110.0,B2,西,A2B2,A2B2_1,1,0,0,0
110.0,B2,西,A2B2,A2B2_2,1,0,0,0
110.0,B2,南,B1B2,B1B2_0,0,0,0,0
110.0,B2,南,B1B2,B1B2_1,0,0,0,0
110.0,B2,南,B1B2,B1B2_2,0,0,0,0
110.0,B2,东,C2B2,C2B2_0,0,0,0,0
110.0,B2,东,C2B2,C2B2_1,0,0,0,0
110.0,B2,东,C2B2,C2B2_2,0,0,0,0
110.0,B2,北,top1B2,top1B2_0,2,0,1,0
110.0,B2,北,top1B2,top1B2_1,2,0,0,0
110.0,B2,北,top1B2,top1B2_2,2,0,1,1
110.0,C0,西,B0C0,B0C0_0,1,0,0,0
110.0,C0,西,B0C0,B0C0_1,1,0,1,0
110.0,C0,西,B0C0,B0C0_2,1,0,0,0
110.0,C0,北,C1C0,C1C0_0,1,0,0,0
110.0,C0,北,C1C0,C1C0_1,1,0,0,0
110.0,C0,北,C1C0,C1C0_2,1,0,1,0
110.0,C0,南,bottom2C0,bottom2C0_0,1,0,0,0
110.0,C0,南,bottom2C0,bottom2C0_1,1,0,0,0
110.0,C0,南,bottom2C0,bottom2C0_2,1,0,1,0
110.0,C0,东,right0C0,right0C0_0,1,0,0,0
110.0,C0,东,right0C0,right0C0_1,1,0,1,1
110.0,C0,东,right0C0,right0C0_2,1,0,0,0
110.0,C1,西,B1C1,B1C1_0,2,0,1,0
110.0,C1,西,B1C1,B1C1_1,2,0,0,0
110.0,C1,西,B1C1,B1C1_2,2,0,1,0
110.0,C1,南,C0C1,C0C1_0,1,0,0,0
110.0,C1,南,C0C1,C0C1_1,1,0,0,0
110.0,C1,南,C0C1,C0C1_2,1,0,1,0
110.0,C1,北,C2C1,C2C1_0,1,0,1,0
110.0,C1,北,C2C1,C2C1_1,1,0,0,0
110.0,C1,北,C2C1,C2C1_2,1,0,0,0
110.0,C1,东,right1C1,right1C1_0,0,0,0,0
110.0,C1,东,right1C1,right1C1_1,0,0,0,0
110.0,C1,东,right1C1,right1C1_2,0,0,0,0
110.0,C2,西,B2C2,B2C2_0,1,0,0,0
110.0,C2,西,B2C2,B2C2_1,1,0,0,0
110.0,C2,西,B2C2,B2C2_2,1,0,1,0
110.0,C2,南,C1C2,C1C2_0,1,0,0,0
110.0,C2,南,C1C2,C1C2_1,1,0,0,0
110.0,C2,南,C1C2,C1C2_2,1,0,1,0
110.0,C2,东,right2C2,right2C2_0,1,0,0,0
110.0,C2,东,right2C2,right2C2_1,1,0,1,1
110.0,C2,东,right2C2,right2C2_2,1,0,0,0
110.0,C2,北,top2C2,top2C2_0,0,0,0,0
110.0,C2,北,top2C2,top2C2_1,0,0,0,0
110.0,C2,北,top2C2,top2C2_2,0,0,0,0
115.0,A0,北,A1A0,A1A0_0,0,0,0,0
115.0,A0,北,A1A0,A1A0_1,0,0,0,0
115.0,A0,北,A1A0,A1A0_2,0,0,0,0
115.0,A0,东,B0A0,B0A0_0,0,0,0,0
115.0,A0,东,B0A0,B0A0_1,0,0,0,0
115.0,A0,东,B0A0,B0A0_2,0,0,0,0
115.0,A0,南,bottom0A0,bottom0A0_0,0,0,0,0
115.0,A0,南,bottom0A0,bottom0A0_1,0,0,0,0
115.0,A0,南,bottom0A0,bottom0A0_2,0,0,0,0
115.0,A0,西,left0A0,left0A0_0,6,0,0,0
115.0,A0,西,left0A0,left0A0_1,6,0,3,1
115.0,A0,西,left0A0,left0A0_2,6,0,3,0
115.0,A1,南,A0A1,A0A1_0,6,0,0,0
115.0,A1,南,A0A1,A0A1_1,6,0,5,2
115.0,A1,南,A0A1,A0A1_2,6,0,1,0
115.0,A1,北,A2A1,A2A1_0,0,0,0,0
115.0,A1,北,A2A1,A2A1_1,0,0,0,0
115.0,A1,北,A2A1,A2A1_2,0,0,0,0
115.0,A1,东,B1A1,B1A1_0,0,0,0,0
115.0,A1,东,B1A1,B1A1_1,0,0,0,0
115.0,A1,东,B1A1,B1A1_2,0,0,0,0
115.0,A1,西,left1A1,left1A1_0,0,0,0,0
115.0,A1,西,left1A1,left1A1_1,0,0,0,0
115.0,A1,西,left1A1,left1A1_2,0,0,0,0
115.0,A2,南,A1A2,A1A2_0,1,0,0,0
115.0,A2,南,A1A2,A1A2_1,1,0,1,0
115.0,A2,南,A1A2,A1A2_2,1,0,0,0
115.0,A2,东,B2A2,B2A2_0,0,0,0,0
115.0,A2,东,B2A2,B2A2_1,0,0,0,0
115.0,A2,东,B2A2,B2A2_2,0,0,0,0
115.0,A2,西,left2A2,left2A2_0,1,0,1,0
115.0,A2,西,left2A2,left2A2_1,1,0,0,0
115.0,A2,西,left2A2,left2A2_2,1,0,0,0
115.0,A2,北,top0A2,top0A2_0,6,0,1,0
115.0,A2,北,top0A2,top0A2_1,6,0,3,2
115.0,A2,北,top0A2,top0A2_2,6,0,2,2
115.0,B0,西,A0B0,A0B0_0,3,0,0,0
115.0,B0,西,A0B0,A0B0_1,3,0,0,0
115.0,B0,西,A0B0,A0B0_2,3,0,3,0
115.0,B0,北,B1B0,B1B0_0,0,0,0,0
115.0,B0,北,B1B0,B1B0_1,0,0,0,0
115.0,B0,北,B1B0,B1B0_2,0,0,0,0
115.0,B0,东,C0B0,C0B0_0,0,0,0,0
115.0,B0,东,C0B0,C0B0_1,0,0,0,0
115.0,B0,东,C0B0,C0B0_2,0,0,0,0
115.0,B0,南,bottom1B0,bottom1B0_0,0,0,0,0
115.0,B0,南,bottom1B0,bottom1B0_1,0,0,0,0
115.0,B0,南,bottom1B0,bottom1B0_2,0,0,0,0
115.0,B1,西,A1B1,A1B1_0,0,0,0,0
115.0,B1,西,A1B1,A1B1_1,0,0,0,0
115.0,B1,西,A1B1,A1B1_2,0,0,0,0
115.0,B1,南,B0B1,B0B1_0,1,0,1,0
115.0,B1,南,B0B1,B0B1_1,1,0,0,0
115.0,B1,南,B0B1,B0B1_2,1,0,0,0
115.0,B1,北,B2B1,B2B1_0,1,0,0,0
115.0,B1,北,B2B1,B2B1_1,1,0,0,0
115.0,B1,北,B2B1,B2B1_2,1,0,1,1
115.0,B1,东,C1B1,C1B1_0,0,0,0,0
115.0,B1,东,C1B1,C1B1_1,0,0,0,0
115.0,B1,东,C1B1,C1B1_2,0,0,0,0
115.0,B2,西,A2B2,A2B2_0,1,0,1,0
115.0,B2,西,A2B2,A2B2_1,1,0,0,0
115.0,B2,西,A2B2,A2B2_2,1,0,0,0
115.0,B2,南,B1B2,B1B2_0,0,0,0,0
115.0,B2,南,B1B2,B1B2_1,0,0,0,0
115.0,B2,南,B1B2,B1B2_2,0,0,0,0
115.0,B2,东,C2B2,C2B2_0,0,0,0,0
115.0,B2,东,C2B2,C2B2_1,0,0,0,0
115.0,B2,东,C2B2,C2B2_2,0,0,0,0
115.0,B2,北,top1B2,top1B2_0,3,1,1,0
115.0,B2,北,top1B2,top1B2_1,3,1,0,0
115.0,B2,北,top1B2,top1B2_2,3,1,2,1
115.0,C0,西,B0C0,B0C0_0,1,0,0,0
115.0,C0,西,B0C0,B0C0_1,1,0,1,0
115.0,C0,西,B0C0,B0C0_2,1,0,0,0
115.0,C0,北,C1C0,C1C0_0,1,0,0,0
115.0,C0,北,C1C0,C1C0_1,1,0,0,0
115.0,C0,北,C1C0,C1C0_2,1,0,1,1
115.0,C0,南,bottom2C0,bottom2C0_0,1,0,0,0
115.0,C0,南,bottom2C0,bottom2C0_1,1,0,0,0
115.0,C0,南,bottom2C0,bottom2C0_2,1,0,1,0
115.0,C0,东,right0C0,right0C0_0,0,0,0,0
115.0,C0,东,right0C0,right0C0_1,0,0,0,0
115.0,C0,东,right0C0,right0C0_2,0,0,0,0
115.0,C1,西,B1C1,B1C1_0,2,0,1,0
115.0,C1,西,B1C1,B1C1_1,2,0,0,0
115.0,C1,西,B1C1,B1C1_2,2,0,1,0
115.0,C1,南,C0C1,C0C1_0,1,0,0,0
115.0,C1,南,C0C1,C0C1_1,1,0,0,0
115.0,C1,南,C0C1,C0C1_2,1,0,1,0
115.0,C1,北,C2C1,C2C1_0,0,0,0,0
115.0,C1,北,C2C1,C2C1_1,0,0,0,0
115.0,C1,北,C2C1,C2C1_2,0,0,0,0
115.0,C1,东,right1C1,right1C1_0,0,0,0,0
115.0,C1,东,right1C1,right1C1_1,0,0,0,0
115.0,C1,东,right1C1,right1C1_2,0,0,0,0
115.0,C2,西,B2C2,B2C2_0,1,0,0,0
115.0,C2,西,B2C2,B2C2_1,1,0,0,0
115.0,C2,西,B2C2,B2C2_2,1,0,1,0
115.0,C2,南,C1C2,C1C2_0,1,0,0,0
115.0,C2,南,C1C2,C1C2_1,1,0,0,0
115.0,C2,南,C1C2,C1C2_2,1,0,1,0
115.0,C2,东,right2C2,right2C2_0,0,0,0,0
115.0,C2,东,right2C2,right2C2_1,0,0,0,0
115.0,C2,东,right2C2,right2C2_2,0,0,0,0
115.0,C2,北,top2C2,top2C2_0,0,0,0,0
115.0,C2,北,top2C2,top2C2_1,0,0,0,0
115.0,C2,北,top2C2,top2C2_2,0,0,0,0
120.0,A0,北,A1A0,A1A0_0,0,0,0,0
120.0,A0,北,A1A0,A1A0_1,0,0,0,0
120.0,A0,北,A1A0,A1A0_2,0,0,0,0
120.0,A0,东,B0A0,B0A0_0,0,0,0,0
120.0,A0,东,B0A0,B0A0_1,0,0,0,0
120.0,A0,东,B0A0,B0A0_2,0,0,0,0
120.0,A0,南,bottom0A0,bottom0A0_0,1,1,0,0
120.0,A0,南,bottom0A0,bottom0A0_1,1,1,1,0
120.0,A0,南,bottom0A0,bottom0A0_2,1,1,0,0
120.0,A0,西,left0A0,left0A0_0,6,0,0,0
120.0,A0,西,left0A0,left0A0_1,6,0,3,1
120.0,A0,西,left0A0,left0A0_2,6,0,3,0
120.0,A1,南,A0A1,A0A1_0,6,0,0,0
120.0,A1,南,A0A1,A0A1_1,6,0,5,4
120.0,A1,南,A0A1,A0A1_2,6,0,1,1
120.0,A1,北,A2A1,A2A1_0,0,0,0,0
120.0,A1,北,A2A1,A2A1_1,0,0,0,0
120.0,A1,北,A2A1,A2A1_2,0,0,0,0
120.0,A1,东,B1A1,B1A1_0,0,0,0,0
120.0,A1,东,B1A1,B1A1_1,0,0,0,0
120.0,A1,东,B1A1,B1A1_2,0,0,0,0
120.0,A1,西,left1A1,left1A1_0,0,0,0,0
120.0,A1,西,left1A1,left1A1_1,0,0,0,0
120.0,A1,西,left1A1,left1A1_2,0,0,0,0
120.0,A2,南,A1A2,A1A2_0,1,0,0,0
120.0,A2,南,A1A2,A1A2_1,1,0,1,1
120.0,A2,南,A1A2,A1A2_2,1,0,0,0
120.0,A2,东,B2A2,B2A2_0,0,0,0,0
120.0,A2,东,B2A2,B2A2_1,0,0,0,0
120.0,A2,东,B2A2,B2A2_2,0,0,0,0
120.0,A2,西,left2A2,left2A2_0,1,0,1,0
120.0,A2,西,left2A2,left2A2_1,1,0,0,0
120.0,A2,西,left2A2,left2A2_2,1,0,0,0
120.0,A2,北,top0A2,top0A2_0,6,0,1,0
120.0,A2,北,top0A2,top0A2_1,6,0,3,2
120.0,A2,北,top0A2,top0A2_2,6,0,2,2
120.0,B0,西,A0B0,A0B0_0,3,0,0,0
120.0,B0,西,A0B0,A0B0_1,3,0,0,0
120.0,B0,西,A0B0,A0B0_2,3,0,3,0
120.0,B0,北,B1B0,B1B0_0,0,0,0,0
120.0,B0,北,B1B0,B1B0_1,0,0,0,0
120.0,B0,北,B1B0,B1B0_2,0,0,0,0
120.0,B0,东,C0B0,C0B0_0,1,1,0,0
120.0,B0,东,C0B0,C0B0_1,1,1,1,0
120.0,B0,东,C0B0,C0B0_2,1,1,0,0
120.0,B0,南,bottom1B0,bottom1B0_0,0,0,0,0
120.0,B0,南,bottom1B0,bottom1B0_1,0,0,0,0
120.0,B0,南,bottom1B0,bottom1B0_2,0,0,0,0
120.0,B1,西,A1B1,A1B1_0,0,0,0,0
120.0,B1,西,A1B1,A1B1_1,0,0,0,0
120.0,B1,西,A1B1,A1B1_2,0,0,0,0
120.0,B1,南,B0B1,B0B1_0,1,0,1,0
120.0,B1,南,B0B1,B0B1_1,1,0,0,0
120.0,B1,南,B0B1,B0B1_2,1,0,0,0
120.0,B1,北,B2B1,B2B1_0,1,0,0,0
120.0,B1,北,B2B1,B2B1_1,1,0,0,0
120.0,B1,北,B2B1,B2B1_2,1,0,1,1
120.0,B1,东,C1B1,C1B1_0,1,1,0,0
120.0,B1,东,C1B1,C1B1_1,1,1,0,0
120.0,B1,东,C1B1,C1B1_2,1,1,1,0
120.0,B2,西,A2B2,A2B2_0,2,1,1,0
120.0,B2,西,A2B2,A2B2_1,2,1,0,0
120.0,B2,西,A2B2,A2B2_2,2,1,1,0
120.0,B2,南,B1B2,B1B2_0,0,0,0,0
120.0,B2,南,B1B2,B1B2_1,0,0,0,0
120.0,B2,南,B1B2,B1B2_2,0,0,0,0
120.0,B2,东,C2B2,C2B2_0,1,1,0,0
120.0,B2,东,C2B2,C2B2_1,1,1,1,0
120.0,B2,东,C2B2,C2B2_2,1,1,0,0
120.0,B2,北,top1B2,top1B2_0,3,0,1,0
120.0,B2,北,top1B2,top1B2_1,3,0,0,0
120.0,B2,北,top1B2,top1B2_2,3,0,2,1
120.0,C0,西,B0C0,B0C0_0,1,0,0,0
120.0,C0,西,B0C0,B0C0_1,1,0,1,0
120.0,C0,西,B0C0,B0C0_2,1,0,0,0
120.0,C0,北,C1C0,C1C0_0,1,0,0,0
120.0,C0,北,C1C0,C1C0_1,1,0,0,0
120.0,C0,北,C1C0,C1C0_2,1,0,1,1
120.0,C0,南,bottom2C0,bottom2C0_0,1,0,0,0
120.0,C0,南,bottom2C0,bottom2C0_1,1,0,0,0
120.0,C0,南,bottom2C0,bottom2C0_2,1,0,1,1
120.0,C0,东,right0C0,right0C0_0,0,0,0,0
120.0,C0,东,right0C0,right0C0_1,0,0,0,0
120.0,C0,东,right0C0,right0C0_2,0,0,0,0
120.0,C1,西,B1C1,B1C1_0,3,1,1,0
120.0,C1,西,B1C1,B1C1_1,3,1,0,0
120.0,C1,西,B1C1,B1C1_2,3,1,2,0
120.0,C1,南,C0C1,C0C1_0,1,0,0,0
120.0,C1,南,C0C1,C0C1_1,1,0,0,0
120.0,C1,南,C0C1,C0C1_2,1,0,1,1
120.0,C1,北,C2C1,C2C1_0,0,0,0,0
120.0,C1,北,C2C1,C2C1_1,0,0,0,0
120.0,C1,北,C2C1,C2C1_2,0,0,0,0
120.0,C1,东,right1C1,right1C1_0,0,0,0,0
120.0,C1,东,right1C1,right1C1_1,0,0,0,0
120.0,C1,东,right1C1,right1C1_2,0,0,0,0
120.0,C2,西,B2C2,B2C2_0,1,0,0,0
120.0,C2,西,B2C2,B2C2_1,1,0,0,0
120.0,C2,西,B2C2,B2C2_2,1,0,1,1
120.0,C2,南,C1C2,C1C2_0,1,0,0,0
120.0,C2,南,C1C2,C1C2_1,1,0,0,0
120.0,C2,南,C1C2,C1C2_2,1,0,1,0
120.0,C2,东,right2C2,right2C2_0,0,0,0,0
120.0,C2,东,right2C2,right2C2_1,0,0,0,0
120.0,C2,东,right2C2,right2C2_2,0,0,0,0
120.0,C2,北,top2C2,top2C2_0,0,0,0,0
120.0,C2,北,top2C2,top2C2_1,0,0,0,0
120.0,C2,北,top2C2,top2C2_2,0,0,0,0
125.0,A0,北,A1A0,A1A0_0,0,0,0,0
125.0,A0,北,A1A0,A1A0_1,0,0,0,0
125.0,A0,北,A1A0,A1A0_2,0,0,0,0
125.0,A0,东,B0A0,B0A0_0,0,0,0,0
125.0,A0,东,B0A0,B0A0_1,0,0,0,0
125.0,A0,东,B0A0,B0A0_2,0,0,0,0
125.0,A0,南,bottom0A0,bottom0A0_0,1,0,0,0
125.0,A0,南,bottom0A0,bottom0A0_1,1,0,1,0
125.0,A0,南,bottom0A0,bottom0A0_2,1,0,0,0
125.0,A0,西,left0A0,left0A0_0,7,1,0,0
125.0,A0,西,left0A0,left0A0_1,7,1,4,2
125.0,A0,西,left0A0,left0A0_2,7,1,3,0
125.0,A1,南,A0A1,A0A1_0,5,0,0,0
125.0,A1,南,A0A1,A0A1_1,5,0,4,3
125.0,A1,南,A0A1,A0A1_2,5,0,1,1
125.0,A1,北,A2A1,A2A1_0,0,0,0,0
125.0,A1,北,A2A1,A2A1_1,0,0,0,0
125.0,A1,北,A2A1,A2A1_2,0,0,0,0
125.0,A1,东,B1A1,B1A1_0,0,0,0,0
125.0,A1,东,B1A1,B1A1_1,0,0,0,0
125.0,A1,东,B1A1,B1A1_2,0,0,0,0
125.0,A1,西,left1A1,left1A1_0,0,0,0,0
125.0,A1,西,left1A1,left1A1_1,0,0,0,0
125.0,A1,西,left1A1,left1A1_2,0,0,0,0
125.0,A2,南,A1A2,A1A2_0,0,0,0,0
125.0,A2,南,A1A2,A1A2_1,0,0,0,0
125.0,A2,南,A1A2,A1A2_2,0,0,0,0
125.0,A2,东,B2A2,B2A2_0,0,0,0,0
125.0,A2,东,B2A2,B2A2_1,0,0,0,0
125.0,A2,东,B2A2,B2A2_2,0,0,0,0
125.0,A2,西,left2A2,left2A2_0,1,0,1,0
125.0,A2,西,left2A2,left2A2_1,1,0,0,0
125.0,A2,西,left2A2,left2A2_2,1,0,0,0
125.0,A2,北,top0A2,top0A2_0,5,0,1,0
125.0,A2,北,top0A2,top0A2_1,5,0,2,0
125.0,A2,北,top0A2,top0A2_2,5,0,2,2
125.0,B0,西,A0B0,A0B0_0,3,0,0,0
125.0,B0,西,A0B0,A0B0_1,3,0,0,0
125.0,B0,西,A0B0,A0B0_2,3,0,3,0
125.0,B0,北,B1B0,B1B0_0,0,0,0,0
125.0,B0,北,B1B0,B1B0_1,0,0,0,0
125.0,B0,北,B1B0,B1B0_2,0,0,0,0
125.0,B0,东,C0B0,C0B0_0,1,0,0,0
125.0,B0,东,C0B0,C0B0_1,1,0,1,0
125.0,B0,东,C0B0,C0B0_2,1,0,0,0
125.0,B0,南,bottom1B0,bottom1B0_0,0,0,0,0
125.0,B0,南,bottom1B0,bottom1B0_1,0,0,0,0
125.0,B0,南,bottom1B0,bottom1B0_2,0,0,0,0
125.0,B1,西,A1B1,A1B1_0,0,0,0,0
125.0,B1,西,A1B1,A1B1_1,0,0,0,0
125.0,B1,西,A1B1,A1B1_2,0,0,0,0
125.0,B1,南,B0B1,B0B1_0,1,0,1,0
125.0,B1,南,B0B1,B0B1_1,1,0,0,0
125.0,B1,南,B0B1,B0B1_2,1,0,0,0
125.0,B1,北,B2B1,B2B1_0,2,1,0,0
125.0,B1,北,B2B1,B2B1_1,2,1,1,0
125.0,B1,北,B2B1,B2B1_2,2,1,1,1
125.0,B1,东,C1B1,C1B1_0,1,0,0,0
125.0,B1,东,C1B1,C1B1_1,1,0,0,0
125.0,B1,东,C1B1,C1B1_2,1,0,1,0
125.0,B2,西,A2B2,A2B2_0,1,0,0,0
125.0,B2,西,A2B2,A2B2_1,1,0,0,0
125.0,B2,西,A2B2,A2B2_2,1,0,1,0
125.0,B2,南,B1B2,B1B2_0,0,0,0,0
125.0,B2,南,B1B2,B1B2_1,0,0,0,0
125.0,B2,南,B1B2,B1B2_2,0,0,0,0
125.0,B2,东,C2B2,C2B2_0,1,0,0,0
125.0,B2,东,C2B2,C2B2_1,1,0,1,0
125.0,B2,东,C2B2,C2B2_2,1,0,0,0
125.0,B2,北,top1B2,top1B2_0,3,0,1,0
125.0,B2,北,top1B2,top1B2_1,3,0,0,0
125.0,B2,北,top1B2,top1B2_2,3,0,2,1
125.0,C0,西,B0C0,B0C0_0,1,0,0,0
125.0,C0,西,B0C0,B0C0_1,1,0,1,1
125.0,C0,西,B0C0,B0C0_2,1,0,0,0
125.0,C0,北,C1C0,C1C0_0,1,0,0,0
125.0,C0,北,C1C0,C1C0_1,1,0,0,0
125.0,C0,北,C1C0,C1C0_2,1,0,1,1
125.0,C0,南,bottom2C0,bottom2C0_0,1,0,0,0
125.0,C0,南,bottom2C0,bottom2C0_1,1,0,0,0
125.0,C0,南,bottom2C0,bottom2C0_2,1,0,1,1
125.0,C0,东,right0C0,right0C0_0,2,2,1,0
125.0,C0,东,right0C0,right0C0_1,2,2,1,0
125.0,C0,东,right0C0,right0C0_2,2,2,0,0
125.0,C1,西,B1C1,B1C1_0,2,0,0,0
125.0,C1,西,B1C1,B1C1_1,2,0,0,0
125.0,C1,西,B1C1,B1C1_2,2,0,2,1
125.0,C1,南,C0C1,C0C1_0,1,0,0,0
125.0,C1,南,C0C1,C0C1_1,1,0,0,0
125.0,C1,南,C0C1,C0C1_2,1,0,1,1
125.0,C1,北,C2C1,C2C1_0,0,0,0,0
125.0,C1,北,C2C1,C2C1_1,0,0,0,0
125.0,C1,北,C2C1,C2C1_2,0,0,0,0
125.0,C1,东,right1C1,right1C1_0,0,0,0,0
125.0,C1,东,right1C1,right1C1_1,0,0,0,0
125.0,C1,东,right1C1,right1C1_2,0,0,0,0
125.0,C2,西,B2C2,B2C2_0,1,0,0,0
125.0,C2,西,B2C2,B2C2_1,1,0,0,0
125.0,C2,西,B2C2,B2C2_2,1,0,1,1
125.0,C2,南,C1C2,C1C2_0,1,0,0,0
125.0,C2,南,C1C2,C1C2_1,1,0,0,0
125.0,C2,南,C1C2,C1C2_2,1,0,1,1
125.0,C2,东,right2C2,right2C2_0,0,0,0,0
125.0,C2,东,right2C2,right2C2_1,0,0,0,0
125.0,C2,东,right2C2,right2C2_2,0,0,0,0
125.0,C2,北,top2C2,top2C2_0,0,0,0,0
125.0,C2,北,top2C2,top2C2_1,0,0,0,0
125.0,C2,北,top2C2,top2C2_2,0,0,0,0
130.0,A0,北,A1A0,A1A0_0,0,0,0,0
130.0,A0,北,A1A0,A1A0_1,0,0,0,0
130.0,A0,北,A1A0,A1A0_2,0,0,0,0
130.0,A0,东,B0A0,B0A0_0,0,0,0,0
130.0,A0,东,B0A0,B0A0_1,0,0,0,0
130.0,A0,东,B0A0,B0A0_2,0,0,0,0
130.0,A0,南,bottom0A0,bottom0A0_0,1,0,0,0
130.0,A0,南,bottom0A0,bottom0A0_1,1,0,1,0
130.0,A0,南,bottom0A0,bottom0A0_2,1,0,0,0
130.0,A0,西,left0A0,left0A0_0,7,0,0,0
130.0,A0,西,left0A0,left0A0_1,7,0,4,3
130.0,A0,西,left0A0,left0A0_2,7,0,3,2
130.0,A1,南,A0A1,A0A1_0,3,0,0,0
130.0,A1,南,A0A1,A0A1_1,3,0,2,0
130.0,A1,南,A0A1,A0A1_2,3,0,1,1
130.0,A1,北,A2A1,A2A1_0,2,2,0,0
130.0,A1,北,A2A1,A2A1_1,2,2,1,0
130.0,A1,北,A2A1,A2A1_2,2,2,1,0
130.0,A1,东,B1A1,B1A1_0,0,0,0,0
130.0,A1,东,B1A1,B1A1_1,0,0,0,0
130.0,A1,东,B1A1,B1A1_2,0,0,0,0
130.0,A1,西,left1A1,left1A1_0,0,0,0,0
130.0,A1,西,left1A1,left1A1_1,0,0,0,0
130.0,A1,西,left1A1,left1A1_2,0,0,0,0
130.0,A2,南,A1A2,A1A2_0,1,1,1,0
130.0,A2,南,A1A2,A1A2_1,1,1,0,0
130.0,A2,南,A1A2,A1A2_2,1,1,0,0
130.0,A2,东,B2A2,B2A2_0,1,1,1,0
130.0,A2,东,B2A2,B2A2_1,1,1,0,0
130.0,A2,东,B2A2,B2A2_2,1,1,0,0
130.0,A2,西,left2A2,left2A2_0,1,0,1,0
130.0,A2,西,left2A2,left2A2_1,1,0,0,0
130.0,A2,西,left2A2,left2A2_2,1,0,0,0
130.0,A2,北,top0A2,top0A2_0,3,0,0,0
130.0,A2,北,top0A2,top0A2_1,3,0,1,0
130.0,A2,北,top0A2,top0A2_2,3,0,2,2
130.0,B0,西,A0B0,A0B0_0,3,0,0,0
130.0,B0,西,A0B0,A0B0_1,3,0,0,0
130.0,B0,西,A0B0,A0B0_2,3,0,3,2
130.0,B0,北,B1B0,B1B0_0,0,0,0,0
130.0,B0,北,B1B0,B1B0_1,0,0,0,0
130.0,B0,北,B1B0,B1B0_2,0,0,0,0
130.0,B0,东,C0B0,C0B0_0,1,0,0,0
130.0,B0,东,C0B0,C0B0_1,1,0,1,0
130.0,B0,东,C0B0,C0B0_2,1,0,0,0
130.0,B0,南,bottom1B0,bottom1B0_0,0,0,0,0
130.0,B0,南,bottom1B0,bottom1B0_1,0,0,0,0
130.0,B0,南,bottom1B0,bottom1B0_2,0,0,0,0
130.0,B1,西,A1B1,A1B1_0,0,0,0,0
130.0,B1,西,A1B1,A1B1_1,0,0,0,0
130.0,B1,西,A1B1,A1B1_2,0,0,0,0
130.0,B1,南,B0B1,B0B1_0,0,0,0,0
130.0,B1,南,B0B1,B0B1_1,0,0,0,0
130.0,B1,南,B0B1,B0B1_2,0,0,0,0
130.0,B1,北,B2B1,B2B1_0,2,0,0,0
130.0,B1,北,B2B1,B2B1_1,2,0,1,0
130.0,B1,北,B2B1,B2B1_2,2,0,1,1
130.0,B1,东,C1B1,C1B1_0,1,0,0,0
130.0,B1,东,C1B1,C1B1_1,1,0,0,0
130.0,B1,东,C1B1,C1B1_2,1,0,1,0
130.0,B2,西,A2B2,A2B2_0,1,0,0,0
130.0,B2,西,A2B2,A2B2_1,1,0,0,0
130.0,B2,西,A2B2,A2B2_2,1,0,1,0
130.0,B2,南,B1B2,B1B2_0,0,0,0,0
130.0,B2,南,B1B2,B1B2_1,0,0,0,0
130.0,B2,南,B1B2,B1B2_2,0,0,0,0
130.0,B2,东,C2B2,C2B2_0,1,0,0,0
130.0,B2,东,C2B2,C2B2_1,1,0,1,0
130.0,B2,东,C2B2,C2B2_2,1,0,0,0
130.0,B2,北,top1B2,top1B2_0,2,0,0,0
130.0,B2,北,top1B2,top1B2_1,2,0,0,0
130.0,B2,北,top1B2,top1B2_2,2,0,2,1
130.0,C0,西,B0C0,B0C0_0,1,0,0,0
130.0,C0,西,B0C0,B0C0_1,1,0,1,1
130.0,C0,西,B0C0,B0C0_2,1,0,0,0
130.0,C0,北,C1C0,C1C0_0,2,1,0,0
130.0,C0,北,C1C0,C1C0_1,2,1,0,0
130.0,C0,北,C1C0,C1C0_2,2,1,2,1
130.0,C0,南,bottom2C0,bottom2C0_0,1,0,0,0
130.0,C0,南,bottom2C0,bottom2C0_1,1,0,0,0
130.0,C0,南,bottom2C0,bottom2C0_2,1,0,1,1
130.0,C0,东,right0C0,right0C0_0,2,0,0,0
130.0,C0,东,right0C0,right0C0_1,2,0,1,0
130.0,C0,东,right0C0,right0C0_2,2,0,1,0
130.0,C1,西,B1C1,B1C1_0,3,1,0,0
130.0,C1,西,B1C1,B1C1_1,3,1,0,0
130.0,C1,西,B1C1,B1C1_2,3,1,3,1
130.0,C1,南,C0C1,C0C1_0,1,0,0,0
130.0,C1,南,C0C1,C0C1_1,1,0,0,0
130.0,C1,南,C0C1,C0C1_2,1,0,1,1
130.0,C1,北,C2C1,C2C1_0,0,0,0,0
130.0,C1,北,C2C1,C2C1_1,0,0,0,0
130.0,C1,北,C2C1,C2C1_2,0,0,0,0
130.0,C1,东,right1C1,right1C1_0,0,0,0,0
130.0,C1,东,right1C1,right1C1_1,0,0,0,0
130.0,C1,东,right1C1,right1C1_2,0,0,0,0
130.0,C2,西,B2C2,B2C2_0,1,0,0,0
130.0,C2,西,B2C2,B2C2_1,1,0,0,0
130.0,C2,西,B2C2,B2C2_2,1,0,1,1
130.0,C2,南,C1C2,C1C2_0,1,0,0,0
130.0,C2,南,C1C2,C1C2_1,1,0,0,0
130.0,C2,南,C1C2,C1C2_2,1,0,1,1
130.0,C2,东,right2C2,right2C2_0,0,0,0,0
130.0,C2,东,right2C2,right2C2_1,0,0,0,0
130.0,C2,东,right2C2,right2C2_2,0,0,0,0
130.0,C2,北,top2C2,top2C2_0,1,1,1,0
130.0,C2,北,top2C2,top2C2_1,1,1,0,0
130.0,C2,北,top2C2,top2C2_2,1,1,0,0
135.0,A0,北,A1A0,A1A0_0,0,0,0,0
135.0,A0,北,A1A0,A1A0_1,0,0,0,0
135.0,A0,北,A1A0,A1A0_2,0,0,0,0
135.0,A0,东,B0A0,B0A0_0,0,0,0,0
135.0,A0,东,B0A0,B0A0_1,0,0,0,0
135.0,A0,东,B0A0,B0A0_2,0,0,0,0
135.0,A0,南,bottom0A0,bottom0A0_0,1,1,1,0
135.0,A0,南,bottom0A0,bottom0A0_1,1,1,0,0
135.0,A0,南,bottom0A0,bottom0A0_2,1,1,0,0
135.0,A0,西,left0A0,left0A0_0,7,0,0,0
135.0,A0,西,left0A0,left0A0_1,7,0,4,3
135.0,A0,西,left0A0,left0A0_2,7,0,3,3
135.0,A1,南,A0A1,A0A1_0,1,0,0,0
135.0,A1,南,A0A1,A0A1_1,1,0,0,0
135.0,A1,南,A0A1,A0A1_2,1,0,1,1
135.0,A1,北,A2A1,A2A1_0,3,1,0,0
135.0,A1,北,A2A1,A2A1_1,3,1,2,0
135.0,A1,北,A2A1,A2A1_2,3,1,1,0
135.0,A1,东,B1A1,B1A1_0,0,0,0,0
135.0,A1,东,B1A1,B1A1_1,0,0,0,0
135.0,A1,东,B1A1,B1A1_2,0,0,0,0
135.0,A1,西,left1A1,left1A1_0,0,0,0,0
135.0,A1,西,left1A1,left1A1_1,0,0,0,0
135.0,A1,西,left1A1,left1A1_2,0,0,0,0
135.0,A2,南,A1A2,A1A2_0,4,3,4,0
135.0,A2,南,A1A2,A1A2_1,4,3,0,0
135.0,A2,南,A1A2,A1A2_2,4,3,0,0
135.0,A2,东,B2A2,B2A2_0,1,0,1,0
135.0,A2,东,B2A2,B2A2_1,1,0,0,0
135.0,A2,东,B2A2,B2A2_2,1,0,0,0
135.0,A2,西,left2A2,left2A2_0,0,0,0,0
135.0,A2,西,left2A2,left2A2_1,0,0,0,0
135.0,A2,西,left2A2,left2A2_2,0,0,0,0
135.0,A2,北,top0A2,top0A2_0,2,0,0,0
135.0,A2,北,top0A2,top0A2_1,2,0,0,0
135.0,A2,北,top0A2,top0A2_2,2,0,2,2
135.0,B0,西,A0B0,A0B0_0,3,0,0,0
135.0,B0,西,A0B0,A0B0_1,3,0,0,0
135.0,B0,西,A0B0,A0B0_2,3,0,3,2
135.0,B0,北,B1B0,B1B0_0,0,0,0,0
135.0,B0,北,B1B0,B1B0_1,0,0,0,0
135.0,B0,北,B1B0,B1B0_2,0,0,0,0
135.0,B0,东,C0B0,C0B0_0,1,0,0,0
135.0,B0,东,C0B0,C0B0_1,1,0,1,0
135.0,B0,东,C0B0,C0B0_2,1,0,0,0
135.0,B0,南,bottom1B0,bottom1B0_0,0,0,0,0
135.0,B0,南,bottom1B0,bottom1B0_1,0,0,0,0
135.0,B0,南,bottom1B0,bottom1B0_2,0,0,0,0
135.0,B1,西,A1B1,A1B1_0,0,0,0,0
135.0,B1,西,A1B1,A1B1_1,0,0,0,0
135.0,B1,西,A1B1,A1B1_2,0,0,0,0
135.0,B1,南,B0B1,B0B1_0,0,0,0,0
135.0,B1,南,B0B1,B0B1_1,0,0,0,0
135.0,B1,南,B0B1,B0B1_2,0,0,0,0
135.0,B1,北,B2B1,B2B1_0,2,0,0,0
135.0,B1,北,B2B1,B2B1_1,2,0,1,0
135.0,B1,北,B2B1,B2B1_2,2,0,1,1
135.0,B1,东,C1B1,C1B1_0,1,0,0,0
135.0,B1,东,C1B1,C1B1_1,1,0,0,0
135.0,B1,东,C1B1,C1B1_2,1,0,1,0
135.0,B2,西,A2B2,A2B2_0,1,0,0,0
135.0,B2,西,A2B2,A2B2_1,1,0,0,0
135.0,B2,西,A2B2,A2B2_2,1,0,1,0
135.0,B2,南,B1B2,B1B2_0,0,0,0,0
135.0,B2,南,B1B2,B1B2_1,0,0,0,0
135.0,B2,南,B1B2,B1B2_2,0,0,0,0
135.0,B2,东,C2B2,C2B2_0,1,0,0,0
135.0,B2,东,C2B2,C2B2_1,1,0,1,0
135.0,B2,东,C2B2,C2B2_2,1,0,0,0
135.0,B2,北,top1B2,top1B2_0,2,0,0,0
135.0,B2,北,top1B2,top1B2_1,2,0,0,0
135.0,B2,北,top1B2,top1B2_2,2,0,2,2
135.0,C0,西,B0C0,B0C0_0,1,0,0,0
135.0,C0,西,B0C0,B0C0_1,1,0,1,1
135.0,C0,西,B0C0,B0C0_2,1,0,0,0
135.0,C0,北,C1C0,C1C0_0,2,0,0,0
135.0,C0,北,C1C0,C1C0_1,2,0,0,0
135.0,C0,北,C1C0,C1C0_2,2,0,2,1
135.0,C0,南,bottom2C0,bottom2C0_0,1,0,0,0
135.0,C0,南,bottom2C0,bottom2C0_1,1,0,0,0
135.0,C0,南,bottom2C0,bottom2C0_2,1,0,1,1
135.0,C0,东,right0C0,right0C0_0,2,0,0,0
135.0,C0,东,right0C0,right0C0_1,2,0,1,0
135.0,C0,东,right0C0,right0C0_2,2,0,1,0
135.0,C1,西,B1C1,B1C1_0,3,0,0,0
135.0,C1,西,B1C1,B1C1_1,3,0,0,0
135.0,C1,西,B1C1,B1C1_2,3,0,3,1
135.0,C1,南,C0C1,C0C1_0,1,0,0,0
135.0,C1,南,C0C1,C0C1_1,1,0,0,0
135.0,C1,南,C0C1,C0C1_2,1,0,1,1
135.0,C1,北,C2C1,C2C1_0,0,0,0,0
135.0,C1,北,C2C1,C2C1_1,0,0,0,0
135.0,C1,北,C2C1,C2C1_2,0,0,0,0
135.0,C1,东,right1C1,right1C1_0,0,0,0,0
135.0,C1,东,right1C1,right1C1_1,0,0,0,0
135.0,C1,东,right1C1,right1C1_2,0,0,0,0
135.0,C2,西,B2C2,B2C2_0,1,0,0,0
135.0,C2,西,B2C2,B2C2_1,1,0,0,0
135.0,C2,西,B2C2,B2C2_2,1,0,1,1
135.0,C2,南,C1C2,C1C2_0,1,0,0,0
135.0,C2,南,C1C2,C1C2_1,1,0,0,0
135.0,C2,南,C1C2,C1C2_2,1,0,1,1
135.0,C2,东,right2C2,right2C2_0,1,1,1,0
135.0,C2,东,right2C2,right2C2_1,1,1,0,0
135.0,C2,东,right2C2,right2C2_2,1,1,0,0
135.0,C2,北,top2C2,top2C2_0,2,1,1,0
135.0,C2,北,top2C2,top2C2_1,2,1,0,0
135.0,C2,北,top2C2,top2C2_2,2,1,1,0
140.0,A0,北,A1A0,A1A0_0,0,0,0,0
140.0,A0,北,A1A0,A1A0_1,0,0,0,0
140.0,A0,北,A1A0,A1A0_2,0,0,0,0
140.0,A0,东,B0A0,B0A0_0,0,0,0,0
140.0,A0,东,B0A0,B0A0_1,0,0,0,0
140.0,A0,东,B0A0,B0A0_2,0,0,0,0
140.0,A0,南,bottom0A0,bottom0A0_0,1,0,0,0
140.0,A0,南,bottom0A0,bottom0A0_1,1,0,1,0
140.0,A0,南,bottom0A0,bottom0A0_2,1,0,0,0
140.0,A0,西,left0A0,left0A0_0,7,0,0,0
140.0,A0,西,left0A0,left0A0_1,7,0,4,3
140.0,A0,西,left0A0,left0A0_2,7,0,3,3
140.0,A1,南,A0A1,A0A1_0,2,1,0,0
140.0,A1,南,A0A1,A0A1_1,2,1,1,0
140.0,A1,南,A0A1,A0A1_2,2,1,1,1
140.0,A1,北,A2A1,A2A1_0,4,1,1,0
140.0,A1,北,A2A1,A2A1_1,4,1,2,0
140.0,A1,北,A2A1,A2A1_2,4,1,1,0
140.0,A1,东,B1A1,B1A1_0,0,0,0,0
140.0,A1,东,B1A1,B1A1_1,0,0,0,0
140.0,A1,东,B1A1,B1A1_2,0,0,0,0
140.0,A1,西,left1A1,left1A1_0,0,0,0,0
140.0,A1,西,left1A1,left1A1_1,0,0,0,0
140.0,A1,西,left1A1,left1A1_2,0,0,0,0
140.0,A2,南,A1A2,A1A2_0,5,1,5,0
140.0,A2,南,A1A2,A1A2_1,5,1,0,0
140.0,A2,南,A1A2,A1A2_2,5,1,0,0
140.0,A2,东,B2A2,B2A2_0,1,0,1,0
140.0,A2,东,B2A2,B2A2_1,1,0,0,0
140.0,A2,东,B2A2,B2A2_2,1,0,0,0
140.0,A2,西,left2A2,left2A2_0,0,0,0,0
140.0,A2,西,left2A2,left2A2_1,0,0,0,0
140.0,A2,西,left2A2,left2A2_2,0,0,0,0
140.0,A2,北,top0A2,top0A2_0,2,0,0,0
140.0,A2,北,top0A2,top0A2_1,2,0,0,0
140.0,A2,北,top0A2,top0A2_2,2,0,2,2
140.0,B0,西,A0B0,A0B0_0,3,0,0,0
140.0,B0,西,A0B0,A0B0_1,3,0,0,0
140.0,B0,西,A0B0,A0B0_2,3,0,3,3
140.0,B0,北,B1B0,B1B0_0,0,0,0,0
140.0,B0,北,B1B0,B1B0_1,0,0,0,0
140.0,B0,北,B1B0,B1B0_2,0,0,0,0
140.0,B0,东,C0B0,C0B0_0,1,0,0,0
140.0,B0,东,C0B0,C0B0_1,1,0,1,0
140.0,B0,东,C0B0,C0B0_2,1,0,0,0
140.0,B0,南,bottom1B0,bottom1B0_0,0,0,0,0
140.0,B0,南,bottom1B0,bottom1B0_1,0,0,0,0
140.0,B0,南,bottom1B0,bottom1B0_2,0,0,0,0
140.0,B1,西,A1B1,A1B1_0,0,0,0,0
140.0,B1,西,A1B1,A1B1_1,0,0,0,0
140.0,B1,西,A1B1,A1B1_2,0,0,0,0
140.0,B1,南,B0B1,B0B1_0,0,0,0,0
140.0,B1,南,B0B1,B0B1_1,0,0,0,0
140.0,B1,南,B0B1,B0B1_2,0,0,0,0
140.0,B1,北,B2B1,B2B1_0,2,0,0,0
140.0,B1,北,B2B1,B2B1_1,2,0,1,0
140.0,B1,北,B2B1,B2B1_2,2,0,1,1
140.0,B1,东,C1B1,C1B1_0,1,0,0,0
140.0,B1,东,C1B1,C1B1_1,1,0,0,0
140.0,B1,东,C1B1,C1B1_2,1,0,1,0
140.0,B2,西,A2B2,A2B2_0,1,0,0,0
140.0,B2,西,A2B2,A2B2_1,1,0,0,0
140.0,B2,西,A2B2,A2B2_2,1,0,1,1
140.0,B2,南,B1B2,B1B2_0,0,0,0,0
140.0,B2,南,B1B2,B1B2_1,0,0,0,0
140.0,B2,南,B1B2,B1B2_2,0,0,0,0
140.0,B2,东,C2B2,C2B2_0,1,0,0,0
140.0,B2,东,C2B2,C2B2_1,1,0,1,0
140.0,B2,东,C2B2,C2B2_2,1,0,0,0
140.0,B2,北,top1B2,top1B2_0,2,0,0,0
140.0,B2,北,top1B2,top1B2_1,2,0,0,0
140.0,B2,北,top1B2,top1B2_2,2,0,2,2
140.0,C0,西,B0C0,B0C0_0,1,0,0,0
140.0,C0,西,B0C0,B0C0_1,1,0,1,1
140.0,C0,西,B0C0,B0C0_2,1,0,0,0
140.0,C0,北,C1C0,C1C0_0,2,0,0,0
140.0,C0,北,C1C0,C1C0_1,2,0,0,0
140.0,C0,北,C1C0,C1C0_2,2,0,2,1
140.0,C0,南,bottom2C0,bottom2C0_0,1,0,0,0
140.0,C0,南,bottom2C0,bottom2C0_1,1,0,0,0
140.0,C0,南,bottom2C0,bottom2C0_2,1,0,1,1
140.0,C0,东,right0C0,right0C0_0,2,0,0,0
140.0,C0,东,right0C0,right0C0_1,2,0,1,0
140.0,C0,东,right0C0,right0C0_2,2,0,1,0
140.0,C1,西,B1C1,B1C1_0,3,0,0,0
140.0,C1,西,B1C1,B1C1_1,3,0,0,0
140.0,C1,西,B1C1,B1C1_2,3,0,3,2
140.0,C1,南,C0C1,C0C1_0,1,0,0,0
140.0,C1,南,C0C1,C0C1_1,1,0,0,0
140.0,C1,南,C0C1,C0C1_2,1,0,1,1
140.0,C1,北,C2C1,C2C1_0,0,0,0,0
140.0,C1,北,C2C1,C2C1_1,0,0,0,0
140.0,C1,北,C2C1,C2C1_2,0,0,0,0
140.0,C1,东,right1C1,right1C1_0,0,0,0,0
140.0,C1,东,right1C1,right1C1_1,0,0,0,0
140.0,C1,东,right1C1,right1C1_2,0,0,0,0
140.0,C2,西,B2C2,B2C2_0,1,0,0,0
140.0,C2,西,B2C2,B2C2_1,1,0,0,0
140.0,C2,西,B2C2,B2C2_2,1,0,1,1
140.0,C2,南,C1C2,C1C2_0,1,0,0,0
140.0,C2,南,C1C2,C1C2_1,1,0,0,0
140.0,C2,南,C1C2,C1C2_2,1,0,1,1
140.0,C2,东,right2C2,right2C2_0,1,0,1,0
140.0,C2,东,right2C2,right2C2_1,1,0,0,0
140.0,C2,东,right2C2,right2C2_2,1,0,0,0
140.0,C2,北,top2C2,top2C2_0,2,0,1,0
140.0,C2,北,top2C2,top2C2_1,2,0,0,0
140.0,C2,北,top2C2,top2C2_2,2,0,1,0
145.0,A0,北,A1A0,A1A0_0,0,0,0,0
145.0,A0,北,A1A0,A1A0_1,0,0,0,0
145.0,A0,北,A1A0,A1A0_2,0,0,0,0
145.0,A0,东,B0A0,B0A0_0,0,0,0,0
145.0,A0,东,B0A0,B0A0_1,0,0,0,0
145.0,A0,东,B0A0,B0A0_2,0,0,0,0
145.0,A0,南,bottom0A0,bottom0A0_0,1,0,0,0
145.0,A0,南,bottom0A0,bottom0A0_1,1,0,1,0
145.0,A0,南,bottom0A0,bottom0A0_2,1,0,0,0
145.0,A0,西,left0A0,left0A0_0,7,0,0,0
145.0,A0,西,left0A0,left0A0_1,7,0,4,3
145.0,A0,西,left0A0,left0A0_2,7,0,3,3
145.0,A1,南,A0A1,A0A1_0,1,0,0,0
145.0,A1,南,A0A1,A0A1_1,1,0,1,0
145.0,A1,南,A0A1,A0A1_2,1,0,0,0
145.0,A1,北,A2A1,A2A1_0,4,0,1,0
145.0,A1,北,A2A1,A2A1_1,4,0,2,0
145.0,A1,北,A2A1,A2A1_2,4,0,1,0
145.0,A1,东,B1A1,B1A1_0,0,0,0,0
145.0,A1,东,B1A1,B1A1_1,0,0,0,0
145.0,A1,东,B1A1,B1A1_2,0,0,0,0
145.0,A1,西,left1A1,left1A1_0,1,1,0,0
145.0,A1,西,left1A1,left1A1_1,1,1,1,0
145.0,A1,西,left1A1,left1A1_2,1,1,0,0
145.0,A2,南,A1A2,A1A2_0,5,0,5,0
145.0,A2,南,A1A2,A1A2_1,5,0,0,0
145.0,A2,南,A1A2,A1A2_2,5,0,0,0
145.0,A2,东,B2A2,B2A2_0,1,0,1,0
145.0,A2,东,B2A2,B2A2_1,1,0,0,0
145.0,A2,东,B2A2,B2A2_2,1,0,0,0
145.0,A2,西,left2A2,left2A2_0,0,0,0,0
145.0,A2,西,left2A2,left2A2_1,0,0,0,0
145.0,A2,西,left2A2,left2A2_2,0,0,0,0
145.0,A2,北,top0A2,top0A2_0,1,0,0,0
145.0,A2,北,top0A2,top0A2_1,1,0,0,0
145.0,A2,北,top0A2,top0A2_2,1,0,1,0
145.0,B0,西,A0B0,A0B0_0,3,0,0,0
145.0,B0,西,A0B0,A0B0_1,3,0,0,0
145.0,B0,西,A0B0,A0B0_2,3,0,3,3
145.0,B0,北,B1B0,B1B0_0,0,0,0,0
145.0,B0,北,B1B0,B1B0_1,0,0,0,0
145.0,B0,北,B1B0,B1B0_2,0,0,0,0
145.0,B0,东,C0B0,C0B0_0,1,0,0,0
145.0,B0,东,C0B0,C0B0_1,1,0,1,1
145.0,B0,东,C0B0,C0B0_2,1,0,0,0
145.0,B0,南,bottom1B0,bottom1B0_0,0,0,0,0
145.0,B0,南,bottom1B0,bottom1B0_1,0,0,0,0
145.0,B0,南,bottom1B0,bottom1B0_2,0,0,0,0
145.0,B1,西,A1B1,A1B1_0,0,0,0,0
145.0,B1,西,A1B1,A1B1_1,0,0,0,0
145.0,B1,西,A1B1,A1B1_2,0,0,0,0
145.0,B1,南,B0B1,B0B1_0,0,0,0,0
145.0,B1,南,B0B1,B0B1_1,0,0,0,0
145.0,B1,南,B0B1,B0B1_2,0,0,0,0
145.0,B1,北,B2B1,B2B1_0,1,0,0,0
145.0,B1,北,B2B1,B2B1_1,1,0,1,0
145.0,B1,北,B2B1,B2B1_2,1,0,0,0
145.0,B1,东,C1B1,C1B1_0,1,0,0,0
145.0,B1,东,C1B1,C1B1_1,1,0,0,0
145.0,B1,东,C1B1,C1B1_2,1,0,1,1
145.0,B2,西,A2B2,A2B2_0,1,0,0,0
145.0,B2,西,A2B2,A2B2_1,1,0,0,0
145.0,B2,西,A2B2,A2B2_2,1,0,1,1
145.0,B2,南,B1B2,B1B2_0,0,0,0,0
145.0,B2,南,B1B2,B1B2_1,0,0,0,0
145.0,B2,南,B1B2,B1B2_2,0,0,0,0
145.0,B2,东,C2B2,C2B2_0,1,0,0,0
145.0,B2,东,C2B2,C2B2_1,1,0,1,1
145.0,B2,东,C2B2,C2B2_2,1,0,0,0
145.0,B2,北,top1B2,top1B2_0,1,0,0,0
145.0,B2,北,top1B2,top1B2_1,1,0,0,0
145.0,B2,北,top1B2,top1B2_2,1,0,1,0
145.0,C0,西,B0C0,B0C0_0,1,0,0,0
145.0,C0,西,B0C0,B0C0_1,1,0,1,1
145.0,C0,西,B0C0,B0C0_2,1,0,0,0
145.0,C0,北,C1C0,C1C0_0,1,0,0,0
145.0,C0,北,C1C0,C1C0_1,1,0,0,0
145.0,C0,北,C1C0,C1C0_2,1,0,1,0
145.0,C0,南,bottom2C0,bottom2C0_0,0,0,0,0
145.0,C0,南,bottom2C0,bottom2C0_1,0,0,0,0
145.0,C0,南,bottom2C0,bottom2C0_2,0,0,0,0
145.0,C0,东,right0C0,right0C0_0,2,0,0,0
145.0,C0,东,right0C0,right0C0_1,2,0,1,0
145.0,C0,东,right0C0,right0C0_2,2,0,1,0
145.0,C1,西,B1C1,B1C1_0,3,0,0,0
145.0,C1,西,B1C1,B1C1_1,3,0,0,0
145.0,C1,西,B1C1,B1C1_2,3,0,3,2
145.0,C1,南,C0C1,C0C1_0,0,0,0,0
145.0,C1,南,C0C1,C0C1_1,0,0,0,0
145.0,C1,南,C0C1,C0C1_2,0,0,0,0
145.0,C1,北,C2C1,C2C1_0,0,0,0,0
145.0,C1,北,C2C1,C2C1_1,0,0,0,0
145.0,C1,北,C2C1,C2C1_2,0,0,0,0
145.0,C1,东,right1C1,right1C1_0,0,0,0,0
145.0,C1,东,right1C1,right1C1_1,0,0,0,0
145.0,C1,东,right1C1,right1C1_2,0,0,0,0
145.0,C2,西,B2C2,B2C2_0,1,0,0,0
145.0,C2,西,B2C2,B2C2_1,1,0,0,0
145.0,C2,西,B2C2,B2C2_2,1,0,1,1
145.0,C2,南,C1C2,C1C2_0,0,0,0,0
145.0,C2,南,C1C2,C1C2_1,0,0,0,0
145.0,C2,南,C1C2,C1C2_2,0,0,0,0
145.0,C2,东,right2C2,right2C2_0,2,1,1,0
145.0,C2,东,right2C2,right2C2_1,2,1,1,0
145.0,C2,东,right2C2,right2C2_2,2,1,0,0
145.0,C2,北,top2C2,top2C2_0,2,0,1,0
145.0,C2,北,top2C2,top2C2_1,2,0,0,0
145.0,C2,北,top2C2,top2C2_2,2,0,1,0
150.0,A0,北,A1A0,A1A0_0,0,0,0,0
150.0,A0,北,A1A0,A1A0_1,0,0,0,0
150.0,A0,北,A1A0,A1A0_2,0,0,0,0
150.0,A0,东,B0A0,B0A0_0,0,0,0,0
150.0,A0,东,B0A0,B0A0_1,0,0,0,0
150.0,A0,东,B0A0,B0A0_2,0,0,0,0
150.0,A0,南,bottom0A0,bottom0A0_0,1,0,0,0
150.0,A0,南,bottom0A0,bottom0A0_1,1,0,1,0
150.0,A0,南,bottom0A0,bottom0A0_2,1,0,0,0
150.0,A0,西,left0A0,left0A0_0,7,0,0,0
150.0,A0,西,left0A0,left0A0_1,7,0,4,4
150.0,A0,西,left0A0,left0A0_2,7,0,3,3
150.0,A1,南,A0A1,A0A1_0,1,0,0,0
150.0,A1,南,A0A1,A0A1_1,1,0,1,0
150.0,A1,南,A0A1,A0A1_2,1,0,0,0
150.0,A1,北,A2A1,A2A1_0,3,0,1,0
150.0,A1,北,A2A1,A2A1_1,3,0,2,0
150.0,A1,北,A2A1,A2A1_2,3,0,0,0
150.0,A1,东,B1A1,B1A1_0,0,0,0,0
150.0,A1,东,B1A1,B1A1_1,0,0,0,0
150.0,A1,东,B1A1,B1A1_2,0,0,0,0
150.0,A1,西,left1A1,left1A1_0,1,0,0,0
150.0,A1,西,left1A1,left1A1_1,1,0,1,0
150.0,A1,西,left1A1,left1A1_2,1,0,0,0
150.0,A2,南,A1A2,A1A2_0,5,0,5,0
150.0,A2,南,A1A2,A1A2_1,5,0,0,0
150.0,A2,南,A1A2,A1A2_2,5,0,0,0
150.0,A2,东,B2A2,B2A2_0,1,0,1,0
150.0,A2,东,B2A2,B2A2_1,1,0,0,0
150.0,A2,东,B2A2,B2A2_2,1,0,0,0
150.0,A2,西,left2A2,left2A2_0,0,0,0,0
150.0,A2,西,left2A2,left2A2_1,0,0,0,0
150.0,A2,西,left2A2,left2A2_2,0,0,0,0
150.0,A2,北,top0A2,top0A2_0,0,0,0,0
150.0,A2,北,top0A2,top0A2_1,0,0,0,0
150.0,A2,北,top0A2,top0A2_2,0,0,0,0
150.0,B0,西,A0B0,A0B0_0,3,0,0,0
150.0,B0,西,A0B0,A0B0_1,3,0,0,0
150.0,B0,西,A0B0,A0B0_2,3,0,3,3
150.0,B0,北,B1B0,B1B0_0,0,0,0,0
150.0,B0,北,B1B0,B1B0_1,0,0,0,0
150.0,B0,北,B1B0,B1B0_2,0,0,0,0
150.0,B0,东,C0B0,C0B0_0,2,1,0,0
150.0,B0,东,C0B0,C0B0_1,2,1,2,1
150.0,B0,东,C0B0,C0B0_2,2,1,0,0
150.0,B0,南,bottom1B0,bottom1B0_0,0,0,0,0
150.0,B0,南,bottom1B0,bottom1B0_1,0,0,0,0
150.0,B0,南,bottom1B0,bottom1B0_2,0,0,0,0
150.0,B1,西,A1B1,A1B1_0,1,1,1,0
150.0,B1,西,A1B1,A1B1_1,1,1,0,0
150.0,B1,西,A1B1,A1B1_2,1,1,0,0
150.0,B1,南,B0B1,B0B1_0,0,0,0,0
150.0,B1,南,B0B1,B0B1_1,0,0,0,0
150.0,B1,南,B0B1,B0B1_2,0,0,0,0
150.0,B1,北,B2B1,B2B1_0,1,0,0,0
150.0,B1,北,B2B1,B2B1_1,1,0,1,0
150.0,B1,北,B2B1,B2B1_2,1,0,0,0
150.0,B1,东,C1B1,C1B1_0,2,1,1,0
150.0,B1,东,C1B1,C1B1_1,2,1,0,0
150.0,B1,东,C1B1,C1B1_2,2,1,1,1
150.0,B2,西,A2B2,A2B2_0,2,1,1,0
150.0,B2,西,A2B2,A2B2_1,2,1,0,0
150.0,B2,西,A2B2,A2B2_2,2,1,1,1
150.0,B2,南,B1B2,B1B2_0,0,0,0,0
150.0,B2,南,B1B2,B1B2_1,0,0,0,0
150.0,B2,南,B1B2,B1B2_2,0,0,0,0
150.0,B2,东,C2B2,C2B2_0,2,1,0,0
150.0,B2,东,C2B2,C2B2_1,2,1,2,1
150.0,B2,东,C2B2,C2B2_2,2,1,0,0
150.0,B2,北,top1B2,top1B2_0,0,0,0,0
150.0,B2,北,top1B2,top1B2_1,0,0,0,0
150.0,B2,北,top1B2,top1B2_2,0,0,0,0
150.0,C0,西,B0C0,B0C0_0,1,0,0,0
150.0,C0,西,B0C0,B0C0_1,1,0,1,1
150.0,C0,西,B0C0,B0C0_2,1,0,0,0
150.0,C0,北,C1C0,C1C0_0,0,0,0,0
150.0,C0,北,C1C0,C1C0_1,0,0,0,0
150.0,C0,北,C1C0,C1C0_2,0,0,0,0
150.0,C0,南,bottom2C0,bottom2C0_0,0,0,0,0
150.0,C0,南,bottom2C0,bottom2C0_1,0,0,0,0
150.0,C0,南,bottom2C0,bottom2C0_2,0,0,0,0
150.0,C0,东,right0C0,right0C0_0,2,0,0,0
150.0,C0,东,right0C0,right0C0_1,2,0,1,1
150.0,C0,东,right0C0,right0C0_2,2,0,1,1
150.0,C1,西,B1C1,B1C1_0,4,1,1,0
150.0,C1,西,B1C1,B1C1_1,4,1,0,0
150.0,C1,西,B1C1,B1C1_2,4,1,3,2
150.0,C1,南,C0C1,C0C1_0,0,0,0,0
150.0,C1,南,C0C1,C0C1_1,0,0,0,0
150.0,C1,南,C0C1,C0C1_2,0,0,0,0
150.0,C1,北,C2C1,C2C1_0,0,0,0,0
150.0,C1,北,C2C1,C2C1_1,0,0,0,0
150.0,C1,北,C2C1,C2C1_2,0,0,0,0
150.0,C1,东,right1C1,right1C1_0,0,0,0,0
150.0,C1,东,right1C1,right1C1_1,0,0,0,0
150.0,C1,东,right1C1,right1C1_2,0,0,0,0
150.0,C2,西,B2C2,B2C2_0,3,2,0,0
150.0,C2,西,B2C2,B2C2_1,3,2,0,0
150.0,C2,西,B2C2,B2C2_2,3,2,3,1
150.0,C2,南,C1C2,C1C2_0,0,0,0,0
150.0,C2,南,C1C2,C1C2_1,0,0,0,0
150.0,C2,南,C1C2,C1C2_2,0,0,0,0
150.0,C2,东,right2C2,right2C2_0,2,0,1,0
150.0,C2,东,right2C2,right2C2_1,2,0,1,0
150.0,C2,东,right2C2,right2C2_2,2,0,0,0
150.0,C2,北,top2C2,top2C2_0,2,0,1,0
150.0,C2,北,top2C2,top2C2_1,2,0,0,0
150.0,C2,北,top2C2,top2C2_2,2,0,1,0
155.0,A0,北,A1A0,A1A0_0,0,0,0,0
155.0,A0,北,A1A0,A1A0_1,0,0,0,0
155.0,A0,北,A1A0,A1A0_2,0,0,0,0
155.0,A0,东,B0A0,B0A0_0,0,0,0,0
155.0,A0,东,B0A0,B0A0_1,0,0,0,0
155.0,A0,东,B0A0,B0A0_2,0,0,0,0
155.0,A0,南,bottom0A0,bottom0A0_0,1,0,0,0
155.0,A0,南,bottom0A0,bottom0A0_1,1,0,1,0
155.0,A0,南,bottom0A0,bottom0A0_2,1,0,0,0
155.0,A0,西,left0A0,left0A0_0,8,1,0,0
155.0,A0,西,left0A0,left0A0_1,8,1,5,4
155.0,A0,西,left0A0,left0A0_2,8,1,3,3
155.0,A1,南,A0A1,A0A1_0,1,0,0,0
155.0,A1,南,A0A1,A0A1_1,1,0,1,0
155.0,A1,南,A0A1,A0A1_2,1,0,0,0
155.0,A1,北,A2A1,A2A1_0,2,0,1,0
155.0,A1,北,A2A1,A2A1_1,2,0,1,0
155.0,A1,北,A2A1,A2A1_2,2,0,0,0
155.0,A1,东,B1A1,B1A1_0,0,0,0,0
155.0,A1,东,B1A1,B1A1_1,0,0,0,0
155.0,A1,东,B1A1,B1A1_2,0,0,0,0
155.0,A1,西,left1A1,left1A1_0,2,1,0,0
155.0,A1,西,left1A1,left1A1_1,2,1,2,0
155.0,A1,西,left1A1,left1A1_2,2,1,0,0
155.0,A2,南,A1A2,A1A2_0,4,0,4,0
155.0,A2,南,A1A2,A1A2_1,4,0,0,0
155.0,A2,南,A1A2,A1A2_2,4,0,0,0
155.0,A2,东,B2A2,B2A2_0,1,0,1,0
155.0,A2,东,B2A2,B2A2_1,1,0,0,0
155.0,A2,东,B2A2,B2A2_2,1,0,0,0
155.0,A2,西,left2A2,left2A2_0,0,0,0,0
155.0,A2,西,left2A2,left2A2_1,0,0,0,0
155.0,A2,西,left2A2,left2A2_2,0,0,0,0
155.0,A2,北,top0A2,top0A2_0,0,0,0,0
155.0,A2,北,top0A2,top0A2_1,0,0,0,0
155.0,A2,北,top0A2,top0A2_2,0,0,0,0
155.0,B0,西,A0B0,A0B0_0,3,0,0,0
155.0,B0,西,A0B0,A0B0_1,3,0,0,0
155.0,B0,西,A0B0,A0B0_2,3,0,3,3
155.0,B0,北,B1B0,B1B0_0,0,0,0,0
155.0,B0,北,B1B0,B1B0_1,0,0,0,0
155.0,B0,北,B1B0,B1B0_2,0,0,0,0
155.0,B0,东,C0B0,C0B0_0,2,0,0,0
155.0,B0,东,C0B0,C0B0_1,2,0,2,1
155.0,B0,东,C0B0,C0B0_2,2,0,0,0
155.0,B0,南,bottom1B0,bottom1B0_0,1,1,1,0
155.0,B0,南,bottom1B0,bottom1B0_1,1,1,0,0
155.0,B0,南,bottom1B0,bottom1B0_2,1,1,0,0
155.0,B1,西,A1B1,A1B1_0,1,0,1,0
155.0,B1,西,A1B1,A1B1_1,1,0,0,0
155.0,B1,西,A1B1,A1B1_2,1,0,0,0
155.0,B1,南,B0B1,B0B1_0,0,0,0,0
155.0,B1,南,B0B1,B0B1_1,0,0,0,0
155.0,B1,南,B0B1,B0B1_2,0,0,0,0
155.0,B1,北,B2B1,B2B1_0,0,0,0,0
155.0,B1,北,B2B1,B2B1_1,0,0,0,0
155.0,B1,北,B2B1,B2B1_2,0,0,0,0
155.0,B1,东,C1B1,C1B1_0,2,0,1,0
155.0,B1,东,C1B1,C1B1_1,2,0,0,0
155.0,B1,东,C1B1,C1B1_2,2,0,1,1
155.0,B2,西,A2B2,A2B2_0,4,2,1,0
155.0,B2,西,A2B2,A2B2_1,4,2,1,0
155.0,B2,西,A2B2,A2B2_2,4,2,2,1
155.0,B2,南,B1B2,B1B2_0,0,0,0,0
155.0,B2,南,B1B2,B1B2_1,0,0,0,0
155.0,B2,南,B1B2,B1B2_2,0,0,0,0
155.0,B2,东,C2B2,C2B2_0,3,1,0,0
155.0,B2,东,C2B2,C2B2_1,3,1,3,1
155.0,B2,东,C2B2,C2B2_2,3,1,0,0
155.0,B2,北,top1B2,top1B2_0,1,1,0,0
155.0,B2,北,top1B2,top1B2_1,1,1,1,0
155.0,B2,北,top1B2,top1B2_2,1,1,0,0
155.0,C0,西,B0C0,B0C0_0,1,0,0,0
155.0,C0,西,B0C0,B0C0_1,1,0,1,1
155.0,C0,西,B0C0,B0C0_2,1,0,0,0
155.0,C0,北,C1C0,C1C0_0,0,0,0,0
155.0,C0,北,C1C0,C1C0_1,0,0,0,0
155.0,C0,北,C1C0,C1C0_2,0,0,0,0
155.0,C0,南,bottom2C0,bottom2C0_0,0,0,0,0
155.0,C0,南,bottom2C0,bottom2C0_1,0,0,0,0
155.0,C0,南,bottom2C0,bottom2C0_2,0,0,0,0
155.0,C0,东,right0C0,right0C0_0,2,0,0,0
155.0,C0,东,right0C0,right0C0_1,2,0,1,1
155.0,C0,东,right0C0,right0C0_2,2,0,1,1
155.0,C1,西,B1C1,B1C1_0,4,0,1,0
155.0,C1,西,B1C1,B1C1_1,4,0,0,0
155.0,C1,西,B1C1,B1C1_2,4,0,3,3
155.0,C1,南,C0C1,C0C1_0,0,0,0,0
155.0,C1,南,C0C1,C0C1_1,0,0,0,0
155.0,C1,南,C0C1,C0C1_2,0,0,0,0
155.0,C1,北,C2C1,C2C1_0,0,0,0,0
155.0,C1,北,C2C1,C2C1_1,0,0,0,0
155.0,C1,北,C2C1,C2C1_2,0,0,0,0
155.0,C1,东,right1C1,right1C1_0,0,0,0,0
155.0,C1,东,right1C1,right1C1_1,0,0,0,0
155.0,C1,东,right1C1,right1C1_2,0,0,0,0
155.0,C2,西,B2C2,B2C2_0,3,0,0,0
155.0,C2,西,B2C2,B2C2_1,3,0,0,0
155.0,C2,西,B2C2,B2C2_2,3,0,3,1
155.0,C2,南,C1C2,C1C2_0,0,0,0,0
155.0,C2,南,C1C2,C1C2_1,0,0,0,0
155.0,C2,南,C1C2,C1C2_2,0,0,0,0
155.0,C2,东,right2C2,right2C2_0,2,0,1,0
155.0,C2,东,right2C2,right2C2_1,2,0,1,0
155.0,C2,东,right2C2,right2C2_2,2,0,0,0
155.0,C2,北,top2C2,top2C2_0,1,0,0,0
155.0,C2,北,top2C2,top2C2_1,1,0,0,0
155.0,C2,北,top2C2,top2C2_2,1,0,1,0
160.0,A0,北,A1A0,A1A0_0,2,2,0,0
160.0,A0,北,A1A0,A1A0_1,2,2,1,0
160.0,A0,北,A1A0,A1A0_2,2,2,1,0
160.0,A0,东,B0A0,B0A0_0,0,0,0,0
160.0,A0,东,B0A0,B0A0_1,0,0,0,0
160.0,A0,东,B0A0,B0A0_2,0,0,0,0
160.0,A0,南,bottom0A0,bottom0A0_0,1,0,0,0
160.0,A0,南,bottom0A0,bottom0A0_1,1,0,1,0
160.0,A0,南,bottom0A0,bottom0A0_2,1,0,0,0
160.0,A0,西,left0A0,left0A0_0,8,0,0,0
160.0,A0,西,left0A0,left0A0_1,8,0,5,4
160.0,A0,西,left0A0,left0A0_2,8,0,3,3
160.0,A1,南,A0A1,A0A1_0,1,0,0,0
160.0,A1,南,A0A1,A0A1_1,1,0,1,1
160.0,A1,南,A0A1,A0A1_2,1,0,0,0
160.0,A1,北,A2A1,A2A1_0,0,0,0,0
160.0,A1,北,A2A1,A2A1_1,0,0,0,0
160.0,A1,北,A2A1,A2A1_2,0,0,0,0
160.0,A1,东,B1A1,B1A1_0,0,0,0,0
160.0,A1,东,B1A1,B1A1_1,0,0,0,0
160.0,A1,东,B1A1,B1A1_2,0,0,0,0
160.0,A1,西,left1A1,left1A1_0,3,1,1,0
160.0,A1,西,left1A1,left1A1_1,3,1,2,0
160.0,A1,西,left1A1,left1A1_2,3,1,0,0
160.0,A2,南,A1A2,A1A2_0,3,0,3,0
160.0,A2,南,A1A2,A1A2_1,3,0,0,0
160.0,A2,南,A1A2,A1A2_2,3,0,0,0
160.0,A2,东,B2A2,B2A2_0,0,0,0,0
160.0,A2,东,B2A2,B2A2_1,0,0,0,0
160.0,A2,东,B2A2,B2A2_2,0,0,0,0
160.0,A2,西,left2A2,left2A2_0,0,0,0,0
160.0,A2,西,left2A2,left2A2_1,0,0,0,0
160.0,A2,西,left2A2,left2A2_2,0,0,0,0
160.0,A2,北,top0A2,top0A2_0,0,0,0,0
160.0,A2,北,top0A2,top0A2_1,0,0,0,0
160.0,A2,北,top0A2,top0A2_2,0,0,0,0
160.0,B0,西,A0B0,A0B0_0,3,0,0,0
160.0,B0,西,A0B0,A0B0_1,3,0,0,0
160.0,B0,西,A0B0,A0B0_2,3,0,3,3
160.0,B0,北,B1B0,B1B0_0,1,1,0,0
160.0,B0,北,B1B0,B1B0_1,1,1,0,0
160.0,B0,北,B1B0,B1B0_2,1,1,1,0
160.0,B0,东,C0B0,C0B0_0,2,0,0,0
160.0,B0,东,C0B0,C0B0_1,2,0,2,1
160.0,B0,东,C0B0,C0B0_2,2,0,0,0
160.0,B0,南,bottom1B0,bottom1B0_0,1,0,0,0
160.0,B0,南,bottom1B0,bottom1B0_1,1,0,1,0
160.0,B0,南,bottom1B0,bottom1B0_2,1,0,0,0
160.0,B1,西,A1B1,A1B1_0,1,0,1,0
160.0,B1,西,A1B1,A1B1_1,1,0,0,0
160.0,B1,西,A1B1,A1B1_2,1,0,0,0
160.0,B1,南,B0B1,B0B1_0,0,0,0,0
160.0,B1,南,B0B1,B0B1_1,0,0,0,0
160.0,B1,南,B0B1,B0B1_2,0,0,0,0
160.0,B1,北,B2B1,B2B1_0,0,0,0,0
160.0,B1,北,B2B1,B2B1_1,0,0,0,0
160.0,B1,北,B2B1,B2B1_2,0,0,0,0
160.0,B1,东,C1B1,C1B1_0,2,0,1,0
160.0,B1,东,C1B1,C1B1_1,2,0,0,0
160.0,B1,东,C1B1,C1B1_2,2,0,1,1
160.0,B2,西,A2B2,A2B2_0,5,1,1,0
160.0,B2,西,A2B2,A2B2_1,5,1,2,0
160.0,B2,西,A2B2,A2B2_2,5,1,2,1
160.0,B2,南,B1B2,B1B2_0,0,0,0,0
160.0,B2,南,B1B2,B1B2_1,0,0,0,0
160.0,B2,南,B1B2,B1B2_2,0,0,0,0
160.0,B2,东,C2B2,C2B2_0,3,0,0,0
160.0,B2,东,C2B2,C2B2_1,3,0,3,1
160.0,B2,东,C2B2,C2B2_2,3,0,0,0
160.0,B2,北,top1B2,top1B2_0,1,0,0,0
160.0,B2,北,top1B2,top1B2_1,1,0,1,0
160.0,B2,北,top1B2,top1B2_2,1,0,0,0
160.0,C0,西,B0C0,B0C0_0,1,0,0,0
160.0,C0,西,B0C0,B0C0_1,1,0,1,1
160.0,C0,西,B0C0,B0C0_2,1,0,0,0
160.0,C0,北,C1C0,C1C0_0,0,0,0,0
160.0,C0,北,C1C0,C1C0_1,0,0,0,0
160.0,C0,北,C1C0,C1C0_2,0,0,0,0
160.0,C0,南,bottom2C0,bottom2C0_0,0,0,0,0
160.0,C0,南,bottom2C0,bottom2C0_1,0,0,0,0
160.0,C0,南,bottom2C0,bottom2C0_2,0,0,0,0
160.0,C0,东,right0C0,right0C0_0,2,0,0,0
160.0,C0,东,right0C0,right0C0_1,2,0,1,1
160.0,C0,东,right0C0,right0C0_2,2,0,1,1
160.0,C1,西,B1C1,B1C1_0,4,0,1,0
160.0,C1,西,B1C1,B1C1_1,4,0,0,0
160.0,C1,西,B1C1,B1C1_2,4,0,3,3
160.0,C1,南,C0C1,C0C1_0,0,0,0,0
160.0,C1,南,C0C1,C0C1_1,0,0,0,0
160.0,C1,南,C0C1,C0C1_2,0,0,0,0
160.0,C1,北,C2C1,C2C1_0,0,0,0,0
160.0,C1,北,C2C1,C2C1_1,0,0,0,0
160.0,C1,北,C2C1,C2C1_2,0,0,0,0
160.0,C1,东,right1C1,right1C1_0,0,0,0,0
160.0,C1,东,right1C1,right1C1_1,0,0,0,0
160.0,C1,东,right1C1,right1C1_2,0,0,0,0
160.0,C2,西,B2C2,B2C2_0,3,0,0,0
160.0,C2,西,B2C2,B2C2_1,3,0,0,0
160.0,C2,西,B2C2,B2C2_2,3,0,3,1
160.0,C2,南,C1C2,C1C2_0,0,0,0,0
160.0,C2,南,C1C2,C1C2_1,0,0,0,0
160.0,C2,南,C1C2,C1C2_2,0,0,0,0
160.0,C2,东,right2C2,right2C2_0,1,0,0,0
160.0,C2,东,right2C2,right2C2_1,1,0,1,0
160.0,C2,东,right2C2,right2C2_2,1,0,0,0
160.0,C2,北,top2C2,top2C2_0,0,0,0,0
160.0,C2,北,top2C2,top2C2_1,0,0,0,0
160.0,C2,北,top2C2,top2C2_2,0,0,0,0
165.0,A0,北,A1A0,A1A0_0,2,0,0,0
165.0,A0,北,A1A0,A1A0_1,2,0,1,0
165.0,A0,北,A1A0,A1A0_2,2,0,1,0
165.0,A0,东,B0A0,B0A0_0,0,0,0,0
165.0,A0,东,B0A0,B0A0_1,0,0,0,0
165.0,A0,东,B0A0,B0A0_2,0,0,0,0
165.0,A0,南,bottom0A0,bottom0A0_0,1,0,0,0
165.0,A0,南,bottom0A0,bottom0A0_1,1,0,1,1
165.0,A0,南,bottom0A0,bottom0A0_2,1,0,0,0
165.0,A0,西,left0A0,left0A0_0,8,0,0,0
165.0,A0,西,left0A0,left0A0_1,8,0,5,4
165.0,A0,西,left0A0,left0A0_2,8,0,3,3
165.0,A1,南,A0A1,A0A1_0,1,0,0,0
165.0,A1,南,A0A1,A0A1_1,1,0,1,1
165.0,A1,南,A0A1,A0A1_2,1,0,0,0
165.0,A1,北,A2A1,A2A1_0,0,0,0,0
165.0,A1,北,A2A1,A2A1_1,0,0,0,0
165.0,A1,北,A2A1,A2A1_2,0,0,0,0
165.0,A1,东,B1A1,B1A1_0,0,0,0,0
165.0,A1,东,B1A1,B1A1_1,0,0,0,0
165.0,A1,东,B1A1,B1A1_2,0,0,0,0
165.0,A1,西,left1A1,left1A1_0,3,0,0,0
165.0,A1,西,left1A1,left1A1_1,3,0,3,0
165.0,A1,西,left1A1,left1A1_2,3,0,0,0
165.0,A2,南,A1A2,A1A2_0,2,0,2,1
165.0,A2,南,A1A2,A1A2_1,2,0,0,0
165.0,A2,南,A1A2,A1A2_2,2,0,0,0
165.0,A2,东,B2A2,B2A2_0,0,0,0,0
165.0,A2,东,B2A2,B2A2_1,0,0,0,0
165.0,A2,东,B2A2,B2A2_2,0,0,0,0
165.0,A2,西,left2A2,left2A2_0,0,0,0,0
165.0,A2,西,left2A2,left2A2_1,0,0,0,0
165.0,A2,西,left2A2,left2A2_2,0,0,0,0
165.0,A2,北,top0A2,top0A2_0,0,0,0,0
165.0,A2,北,top0A2,top0A2_1,0,0,0,0
165.0,A2,北,top0A2,top0A2_2,0,0,0,0
165.0,B0,西,A0B0,A0B0_0,3,0,0,0
165.0,B0,西,A0B0,A0B0_1,3,0,0,0
165.0,B0,西,A0B0,A0B0_2,3,0,3,3
165.0,B0,北,B1B0,B1B0_0,1,0,0,0
165.0,B0,北,B1B0,B1B0_1,1,0,0,0
165.0,B0,北,B1B0,B1B0_2,1,0,1,0
165.0,B0,东,C0B0,C0B0_0,2,0,0,0
165.0,B0,东,C0B0,C0B0_1,2,0,2,1
165.0,B0,东,C0B0,C0B0_2,2,0,0,0
165.0,B0,南,bottom1B0,bottom1B0_0,1,0,0,0
165.0,B0,南,bottom1B0,bottom1B0_1,1,0,1,0
165.0,B0,南,bottom1B0,bottom1B0_2,1,0,0,0
165.0,B1,西,A1B1,A1B1_0,1,0,1,0
165.0,B1,西,A1B1,A1B1_1,1,0,0,0
165.0,B1,西,A1B1,A1B1_2,1,0,0,0
165.0,B1,南,B0B1,B0B1_0,0,0,0,0
165.0,B1,南,B0B1,B0B1_1,0,0,0,0
165.0,B1,南,B0B1,B0B1_2,0,0,0,0
165.0,B1,北,B2B1,B2B1_0,0,0,0,0
165.0,B1,北,B2B1,B2B1_1,0,0,0,0
165.0,B1,北,B2B1,B2B1_2,0,0,0,0
165.0,B1,东,C1B1,C1B1_0,2,0,1,0
165.0,B1,东,C1B1,C1B1_1,2,0,0,0
165.0,B1,东,C1B1,C1B1_2,2,0,1,1
165.0,B2,西,A2B2,A2B2_0,5,0,1,0
165.0,B2,西,A2B2,A2B2_1,5,0,2,0
165.0,B2,西,A2B2,A2B2_2,5,0,2,1
165.0,B2,南,B1B2,B1B2_0,0,0,0,0
165.0,B2,南,B1B2,B1B2_1,0,0,0,0
165.0,B2,南,B1B2,B1B2_2,0,0,0,0
165.0,B2,东,C2B2,C2B2_0,3,0,0,0
165.0,B2,东,C2B2,C2B2_1,3,0,3,1
165.0,B2,东,C2B2,C2B2_2,3,0,0,0
165.0,B2,北,top1B2,top1B2_0,1,0,0,0
165.0,B2,北,top1B2,top1B2_1,1,0,1,0
165.0,B2,北,top1B2,top1B2_2,1,0,0,0
165.0,C0,西,B0C0,B0C0_0,1,0,0,0
165.0,C0,西,B0C0,B0C0_1,1,0,1,1
165.0,C0,西,B0C0,B0C0_2,1,0,0,0
165.0,C0,北,C1C0,C1C0_0,0,0,0,0
165.0,C0,北,C1C0,C1C0_1,0,0,0,0
165.0,C0,北,C1C0,C1C0_2,0,0,0,0
165.0,C0,南,bottom2C0,bottom2C0_0,0,0,0,0
165.0,C0,南,bottom2C0,bottom2C0_1,0,0,0,0
165.0,C0,南,bottom2C0,bottom2C0_2,0,0,0,0
165.0,C0,东,right0C0,right0C0_0,2,0,0,0
165.0,C0,东,right0C0,right0C0_1,2,0,1,1
165.0,C0,东,right0C0,right0C0_2,2,0,1,1
165.0,C1,西,B1C1,B1C1_0,4,0,1,0
165.0,C1,西,B1C1,B1C1_1,4,0,0,0
165.0,C1,西,B1C1,B1C1_2,4,0,3,3
165.0,C1,南,C0C1,C0C1_0,0,0,0,0
165.0,C1,南,C0C1,C0C1_1,0,0,0,0
165.0,C1,南,C0C1,C0C1_2,0,0,0,0
165.0,C1,北,C2C1,C2C1_0,0,0,0,0
165.0,C1,北,C2C1,C2C1_1,0,0,0,0
165.0,C1,北,C2C1,C2C1_2,0,0,0,0
165.0,C1,东,right1C1,right1C1_0,0,0,0,0
165.0,C1,东,right1C1,right1C1_1,0,0,0,0
165.0,C1,东,right1C1,right1C1_2,0,0,0,0
165.0,C2,西,B2C2,B2C2_0,3,0,0,0
165.0,C2,西,B2C2,B2C2_1,3,0,0,0
165.0,C2,西,B2C2,B2C2_2,3,0,3,1
165.0,C2,南,C1C2,C1C2_0,0,0,0,0
165.0,C2,南,C1C2,C1C2_1,0,0,0,0
165.0,C2,南,C1C2,C1C2_2,0,0,0,0
165.0,C2,东,right2C2,right2C2_0,1,0,0,0
165.0,C2,东,right2C2,right2C2_1,1,0,1,1
165.0,C2,东,right2C2,right2C2_2,1,0,0,0
165.0,C2,北,top2C2,top2C2_0,0,0,0,0
165.0,C2,北,top2C2,top2C2_1,0,0,0,0
165.0,C2,北,top2C2,top2C2_2,0,0,0,0
170.0,A0,北,A1A0,A1A0_0,2,0,0,0
170.0,A0,北,A1A0,A1A0_1,2,0,1,0
170.0,A0,北,A1A0,A1A0_2,2,0,1,0
170.0,A0,东,B0A0,B0A0_0,0,0,0,0
170.0,A0,东,B0A0,B0A0_1,0,0,0,0
170.0,A0,东,B0A0,B0A0_2,0,0,0,0
170.0,A0,南,bottom0A0,bottom0A0_0,1,0,0,0
170.0,A0,南,bottom0A0,bottom0A0_1,1,0,1,1
170.0,A0,南,bottom0A0,bottom0A0_2,1,0,0,0
170.0,A0,西,left0A0,left0A0_0,8,0,0,0
170.0,A0,西,left0A0,left0A0_1,8,0,5,4
170.0,A0,西,left0A0,left0A0_2,8,0,3,3
170.0,A1,南,A0A1,A0A1_0,1,0,0,0
170.0,A1,南,A0A1,A0A1_1,1,0,1,1
170.0,A1,南,A0A1,A0A1_2,1,0,0,0
170.0,A1,北,A2A1,A2A1_0,0,0,0,0
170.0,A1,北,A2A1,A2A1_1,0,0,0,0
170.0,A1,北,A2A1,A2A1_2,0,0,0,0
170.0,A1,东,B1A1,B1A1_0,0,0,0,0
170.0,A1,东,B1A1,B1A1_1,0,0,0,0
170.0,A1,东,B1A1,B1A1_2,0,0,0,0
170.0,A1,西,left1A1,left1A1_0,3,0,0,0
170.0,A1,西,left1A1,left1A1_1,3,0,3,1
170.0,A1,西,left1A1,left1A1_2,3,0,0,0
170.0,A2,南,A1A2,A1A2_0,2,0,2,0
170.0,A2,南,A1A2,A1A2_1,2,0,0,0
170.0,A2,南,A1A2,A1A2_2,2,0,0,0
170.0,A2,东,B2A2,B2A2_0,0,0,0,0
170.0,A2,东,B2A2,B2A2_1,0,0,0,0
170.0,A2,东,B2A2,B2A2_2,0,0,0,0
170.0,A2,西,left2A2,left2A2_0,0,0,0,0
170.0,A2,西,left2A2,left2A2_1,0,0,0,0
170.0,A2,西,left2A2,left2A2_2,0,0,0,0
170.0,A2,北,top0A2,top0A2_0,0,0,0,0
170.0,A2,北,top0A2,top0A2_1,0,0,0,0
170.0,A2,北,top0A2,top0A2_2,0,0,0,0
170.0,B0,西,A0B0,A0B0_0,3,0,0,0
170.0,B0,西,A0B0,A0B0_1,3,0,0,0
170.0,B0,西,A0B0,A0B0_2,3,0,3,3
170.0,B0,北,B1B0,B1B0_0,1,0,0,0
170.0,B0,北,B1B0,B1B0_1,1,0,0,0
170.0,B0,北,B1B0,B1B0_2,1,0,1,0
170.0,B0,东,C0B0,C0B0_0,2,0,0,0
170.0,B0,东,C0B0,C0B0_1,2,0,2,1
170.0,B0,东,C0B0,C0B0_2,2,0,0,0
170.0,B0,南,bottom1B0,bottom1B0_0,1,0,0,0
170.0,B0,南,bottom1B0,bottom1B0_1,1,0,1,0
170.0,B0,南,bottom1B0,bottom1B0_2,1,0,0,0
170.0,B1,西,A1B1,A1B1_0,0,0,0,0
170.0,B1,西,A1B1,A1B1_1,0,0,0,0
170.0,B1,西,A1B1,A1B1_2,0,0,0,0
170.0,B1,南,B0B1,B0B1_0,0,0,0,0
170.0,B1,南,B0B1,B0B1_1,0,0,0,0
170.0,B1,南,B0B1,B0B1_2,0,0,0,0
170.0,B1,北,B2B1,B2B1_0,0,0,0,0
170.0,B1,北,B2B1,B2B1_1,0,0,0,0
170.0,B1,北,B2B1,B2B1_2,0,0,0,0
170.0,B1,东,C1B1,C1B1_0,2,0,1,0
170.0,B1,东,C1B1,C1B1_1,2,0,0,0
170.0,B1,东,C1B1,C1B1_2,2,0,1,1
170.0,B2,西,A2B2,A2B2_0,6,1,1,0
170.0,B2,西,A2B2,A2B2_1,6,1,3,0
170.0,B2,西,A2B2,A2B2_2,6,1,2,1
170.0,B2,南,B1B2,B1B2_0,0,0,0,0
170.0,B2,南,B1B2,B1B2_1,0,0,0,0
170.0,B2,南,B1B2,B1B2_2,0,0,0,0
170.0,B2,东,C2B2,C2B2_0,3,0,0,0
170.0,B2,东,C2B2,C2B2_1,3,0,3,1
170.0,B2,东,C2B2,C2B2_2,3,0,0,0
170.0,B2,北,top1B2,top1B2_0,1,0,0,0
170.0,B2,北,top1B2,top1B2_1,1,0,1,0
170.0,B2,北,top1B2,top1B2_2,1,0,0,0
170.0,C0,西,B0C0,B0C0_0,1,0,0,0
170.0,C0,西,B0C0,B0C0_1,1,0,1,1
170.0,C0,西,B0C0,B0C0_2,1,0,0,0
170.0,C0,北,C1C0,C1C0_0,0,0,0,0
170.0,C0,北,C1C0,C1C0_1,0,0,0,0
170.0,C0,北,C1C0,C1C0_2,0,0,0,0
170.0,C0,南,bottom2C0,bottom2C0_0,0,0,0,0
170.0,C0,南,bottom2C0,bottom2C0_1,0,0,0,0
170.0,C0,南,bottom2C0,bottom2C0_2,0,0,0,0
170.0,C0,东,right0C0,right0C0_0,2,0,0,0
170.0,C0,东,right0C0,right0C0_1,2,0,1,1
170.0,C0,东,right0C0,right0C0_2,2,0,1,1
170.0,C1,西,B1C1,B1C1_0,4,0,1,0
170.0,C1,西,B1C1,B1C1_1,4,0,0,0
170.0,C1,西,B1C1,B1C1_2,4,0,3,3
170.0,C1,南,C0C1,C0C1_0,0,0,0,0
170.0,C1,南,C0C1,C0C1_1,0,0,0,0
170.0,C1,南,C0C1,C0C1_2,0,0,0,0
170.0,C1,北,C2C1,C2C1_0,0,0,0,0
170.0,C1,北,C2C1,C2C1_1,0,0,0,0
170.0,C1,北,C2C1,C2C1_2,0,0,0,0
170.0,C1,东,right1C1,right1C1_0,0,0,0,0
170.0,C1,东,right1C1,right1C1_1,0,0,0,0
170.0,C1,东,right1C1,right1C1_2,0,0,0,0
170.0,C2,西,B2C2,B2C2_0,3,0,0,0
170.0,C2,西,B2C2,B2C2_1,3,0,0,0
170.0,C2,西,B2C2,B2C2_2,3,0,3,1
170.0,C2,南,C1C2,C1C2_0,0,0,0,0
170.0,C2,南,C1C2,C1C2_1,0,0,0,0
170.0,C2,南,C1C2,C1C2_2,0,0,0,0
170.0,C2,东,right2C2,right2C2_0,1,0,0,0
170.0,C2,东,right2C2,right2C2_1,1,0,1,1
170.0,C2,东,right2C2,right2C2_2,1,0,0,0
170.0,C2,北,top2C2,top2C2_0,0,0,0,0
170.0,C2,北,top2C2,top2C2_1,0,0,0,0
170.0,C2,北,top2C2,top2C2_2,0,0,0,0
175.0,A0,北,A1A0,A1A0_0,2,0,0,0
175.0,A0,北,A1A0,A1A0_1,2,0,1,0
175.0,A0,北,A1A0,A1A0_2,2,0,1,0
175.0,A0,东,B0A0,B0A0_0,0,0,0,0
175.0,A0,东,B0A0,B0A0_1,0,0,0,0
175.0,A0,东,B0A0,B0A0_2,0,0,0,0
175.0,A0,南,bottom0A0,bottom0A0_0,0,0,0,0
175.0,A0,南,bottom0A0,bottom0A0_1,0,0,0,0
175.0,A0,南,bottom0A0,bottom0A0_2,0,0,0,0
175.0,A0,西,left0A0,left0A0_0,8,0,0,0
175.0,A0,西,left0A0,left0A0_1,8,0,5,5
175.0,A0,西,left0A0,left0A0_2,8,0,3,3
175.0,A1,南,A0A1,A0A1_0,0,0,0,0
175.0,A1,南,A0A1,A0A1_1,0,0,0,0
175.0,A1,南,A0A1,A0A1_2,0,0,0,0
175.0,A1,北,A2A1,A2A1_0,0,0,0,0
175.0,A1,北,A2A1,A2A1_1,0,0,0,0
175.0,A1,北,A2A1,A2A1_2,0,0,0,0
175.0,A1,东,B1A1,B1A1_0,0,0,0,0
175.0,A1,东,B1A1,B1A1_1,0,0,0,0
175.0,A1,东,B1A1,B1A1_2,0,0,0,0
175.0,A1,西,left1A1,left1A1_0,3,0,0,0
175.0,A1,西,left1A1,left1A1_1,3,0,3,1
175.0,A1,西,left1A1,left1A1_2,3,0,0,0
175.0,A2,南,A1A2,A1A2_0,0,0,0,0
175.0,A2,南,A1A2,A1A2_1,0,0,0,0
175.0,A2,南,A1A2,A1A2_2,0,0,0,0
175.0,A2,东,B2A2,B2A2_0,0,0,0,0
175.0,A2,东,B2A2,B2A2_1,0,0,0,0
175.0,A2,东,B2A2,B2A2_2,0,0,0,0
175.0,A2,西,left2A2,left2A2_0,0,0,0,0
175.0,A2,西,left2A2,left2A2_1,0,0,0,0
175.0,A2,西,left2A2,left2A2_2,0,0,0,0
175.0,A2,北,top0A2,top0A2_0,0,0,0,0
175.0,A2,北,top0A2,top0A2_1,0,0,0,0
175.0,A2,北,top0A2,top0A2_2,0,0,0,0
175.0,B0,西,A0B0,A0B0_0,3,0,0,0
175.0,B0,西,A0B0,A0B0_1,3,0,0,0
175.0,B0,西,A0B0,A0B0_2,3,0,3,3
175.0,B0,北,B1B0,B1B0_0,2,1,0,0
175.0,B0,北,B1B0,B1B0_1,2,1,0,0
175.0,B0,北,B1B0,B1B0_2,2,1,2,0
175.0,B0,东,C0B0,C0B0_0,2,0,0,0
175.0,B0,东,C0B0,C0B0_1,2,0,2,2
175.0,B0,东,C0B0,C0B0_2,2,0,0,0
175.0,B0,南,bottom1B0,bottom1B0_0,1,0,0,0
175.0,B0,南,bottom1B0,bottom1B0_1,1,0,1,0
175.0,B0,南,bottom1B0,bottom1B0_2,1,0,0,0
175.0,B1,西,A1B1,A1B1_0,0,0,0,0
175.0,B1,西,A1B1,A1B1_1,0,0,0,0
175.0,B1,西,A1B1,A1B1_2,0,0,0,0
175.0,B1,南,B0B1,B0B1_0,0,0,0,0
175.0,B1,南,B0B1,B0B1_1,0,0,0,0
175.0,B1,南,B0B1,B0B1_2,0,0,0,0
175.0,B1,北,B2B1,B2B1_0,1,1,0,0
175.0,B1,北,B2B1,B2B1_1,1,1,0,0
175.0,B1,北,B2B1,B2B1_2,1,1,1,0
175.0,B1,东,C1B1,C1B1_0,1,0,0,0
175.0,B1,东,C1B1,C1B1_1,1,0,0,0
175.0,B1,东,C1B1,C1B1_2,1,0,1,1
175.0,B2,西,A2B2,A2B2_0,6,1,0,0
175.0,B2,西,A2B2,A2B2_1,6,1,4,0
175.0,B2,西,A2B2,A2B2_2,6,1,2,2
175.0,B2,南,B1B2,B1B2_0,1,1,0,0
175.0,B2,南,B1B2,B1B2_1,1,1,1,0
175.0,B2,南,B1B2,B1B2_2,1,1,0,0
175.0,B2,东,C2B2,C2B2_0,3,0,0,0
175.0,B2,东,C2B2,C2B2_1,3,0,3,2
175.0,B2,东,C2B2,C2B2_2,3,0,0,0
175.0,B2,北,top1B2,top1B2_0,1,0,0,0
175.0,B2,北,top1B2,top1B2_1,1,0,1,0
175.0,B2,北,top1B2,top1B2_2,1,0,0,0
175.0,C0,西,B0C0,B0C0_0,1,0,0,0
175.0,C0,西,B0C0,B0C0_1,1,0,1,1
175.0,C0,西,B0C0,B0C0_2,1,0,0,0
175.0,C0,北,C1C0,C1C0_0,1,1,0,0
175.0,C0,北,C1C0,C1C0_1,1,1,1,0
175.0,C0,北,C1C0,C1C0_2,1,1,0,0
175.0,C0,南,bottom2C0,bottom2C0_0,0,0,0,0
175.0,C0,南,bottom2C0,bottom2C0_1,0,0,0,0
175.0,C0,南,bottom2C0,bottom2C0_2,0,0,0,0
175.0,C0,东,right0C0,right0C0_0,3,1,1,0
175.0,C0,东,right0C0,right0C0_1,3,1,1,1
175.0,C0,东,right0C0,right0C0_2,3,1,1,1
175.0,C1,西,B1C1,B1C1_0,3,0,0,0
175.0,C1,西,B1C1,B1C1_1,3,0,0,0
175.0,C1,西,B1C1,B1C1_2,3,0,3,3
175.0,C1,南,C0C1,C0C1_0,0,0,0,0
175.0,C1,南,C0C1,C0C1_1,0,0,0,0
175.0,C1,南,C0C1,C0C1_2,0,0,0,0
175.0,C1,北,C2C1,C2C1_0,0,0,0,0
175.0,C1,北,C2C1,C2C1_1,0,0,0,0
175.0,C1,北,C2C1,C2C1_2,0,0,0,0
175.0,C1,东,right1C1,right1C1_0,0,0,0,0
175.0,C1,东,right1C1,right1C1_1,0,0,0,0
175.0,C1,东,right1C1,right1C1_2,0,0,0,0
175.0,C2,西,B2C2,B2C2_0,3,0,0,0
175.0,C2,西,B2C2,B2C2_1,3,0,0,0
175.0,C2,西,B2C2,B2C2_2,3,0,3,1
175.0,C2,南,C1C2,C1C2_0,0,0,0,0
175.0,C2,南,C1C2,C1C2_1,0,0,0,0
175.0,C2,南,C1C2,C1C2_2,0,0,0,0
175.0,C2,东,right2C2,right2C2_0,1,0,0,0
175.0,C2,东,right2C2,right2C2_1,1,0,1,1
175.0,C2,东,right2C2,right2C2_2,1,0,0,0
175.0,C2,北,top2C2,top2C2_0,0,0,0,0
175.0,C2,北,top2C2,top2C2_1,0,0,0,0
175.0,C2,北,top2C2,top2C2_2,0,0,0,0
180.0,A0,北,A1A0,A1A0_0,2,0,0,0
180.0,A0,北,A1A0,A1A0_1,2,0,1,0
180.0,A0,北,A1A0,A1A0_2,2,0,1,0
180.0,A0,东,B0A0,B0A0_0,0,0,0,0
180.0,A0,东,B0A0,B0A0_1,0,0,0,0
180.0,A0,东,B0A0,B0A0_2,0,0,0,0
180.0,A0,南,bottom0A0,bottom0A0_0,0,0,0,0
180.0,A0,南,bottom0A0,bottom0A0_1,0,0,0,0
180.0,A0,南,bottom0A0,bottom0A0_2,0,0,0,0
180.0,A0,西,left0A0,left0A0_0,8,0,0,0
180.0,A0,西,left0A0,left0A0_1,8,0,5,5
180.0,A0,西,left0A0,left0A0_2,8,0,3,3
180.0,A1,南,A0A1,A0A1_0,1,1,0,0
180.0,A1,南,A0A1,A0A1_1,1,1,1,0
180.0,A1,南,A0A1,A0A1_2,1,1,0,0
180.0,A1,北,A2A1,A2A1_0,0,0,0,0
180.0,A1,北,A2A1,A2A1_1,0,0,0,0
180.0,A1,北,A2A1,A2A1_2,0,0,0,0
180.0,A1,东,B1A1,B1A1_0,0,0,0,0
180.0,A1,东,B1A1,B1A1_1,0,0,0,0
180.0,A1,东,B1A1,B1A1_2,0,0,0,0
180.0,A1,西,left1A1,left1A1_0,3,0,0,0
180.0,A1,西,left1A1,left1A1_1,3,0,3,2
180.0,A1,西,left1A1,left1A1_2,3,0,0,0
180.0,A2,南,A1A2,A1A2_0,1,1,0,0
180.0,A2,南,A1A2,A1A2_1,1,1,1,0
180.0,A2,南,A1A2,A1A2_2,1,1,0,0
180.0,A2,东,B2A2,B2A2_0,0,0,0,0
180.0,A2,东,B2A2,B2A2_1,0,0,0,0
180.0,A2,东,B2A2,B2A2_2,0,0,0,0
180.0,A2,西,left2A2,left2A2_0,0,0,0,0
180.0,A2,西,left2A2,left2A2_1,0,0,0,0
180.0,A2,西,left2A2,left2A2_2,0,0,0,0
180.0,A2,北,top0A2,top0A2_0,0,0,0,0
180.0,A2,北,top0A2,top0A2_1,0,0,0,0
180.0,A2,北,top0A2,top0A2_2,0,0,0,0
180.0,B0,西,A0B0,A0B0_0,3,0,0,0
180.0,B0,西,A0B0,A0B0_1,3,0,0,0
180.0,B0,西,A0B0,A0B0_2,3,0,3,3
180.0,B0,北,B1B0,B1B0_0,2,0,0,0
180.0,B0,北,B1B0,B1B0_1,2,0,0,0
180.0,B0,北,B1B0,B1B0_2,2,0,2,0
180.0,B0,东,C0B0,C0B0_0,2,0,0,0
180.0,B0,东,C0B0,C0B0_1,2,0,2,2
180.0,B0,东,C0B0,C0B0_2,2,0,0,0
180.0,B0,南,bottom1B0,bottom1B0_0,0,0,0,0
180.0,B0,南,bottom1B0,bottom1B0_1,0,0,0,0
180.0,B0,南,bottom1B0,bottom1B0_2,0,0,0,0
180.0,B1,西,A1B1,A1B1_0,0,0,0,0
180.0,B1,西,A1B1,A1B1_1,0,0,0,0
180.0,B1,西,A1B1,A1B1_2,0,0,0,0
180.0,B1,南,B0B1,B0B1_0,1,1,0,0
180.0,B1,南,B0B1,B0B1_1,1,1,1,0
180.0,B1,南,B0B1,B0B1_2,1,1,0,0
180.0,B1,北,B2B1,B2B1_0,1,0,0,0
180.0,B1,北,B2B1,B2B1_1,1,0,0,0
180.0,B1,北,B2B1,B2B1_2,1,0,1,0
180.0,B1,东,C1B1,C1B1_0,1,0,0,0
180.0,B1,东,C1B1,C1B1_1,1,0,0,0
180.0,B1,东,C1B1,C1B1_2,1,0,1,1
180.0,B2,西,A2B2,A2B2_0,7,1,0,0
180.0,B2,西,A2B2,A2B2_1,7,1,5,1
180.0,B2,西,A2B2,A2B2_2,7,1,2,2
180.0,B2,南,B1B2,B1B2_0,1,0,0,0
180.0,B2,南,B1B2,B1B2_1,1,0,1,0
180.0,B2,南,B1B2,B1B2_2,1,0,0,0
180.0,B2,东,C2B2,C2B2_0,3,0,0,0
180.0,B2,东,C2B2,C2B2_1,3,0,3,3
180.0,B2,东,C2B2,C2B2_2,3,0,0,0
180.0,B2,北,top1B2,top1B2_0,1,0,0,0
180.0,B2,北,top1B2,top1B2_1,1,0,1,1
180.0,B2,北,top1B2,top1B2_2,1,0,0,0
180.0,C0,西,B0C0,B0C0_0,1,0,0,0
180.0,C0,西,B0C0,B0C0_1,1,0,1,1
180.0,C0,西,B0C0,B0C0_2,1,0,0,0
180.0,C0,北,C1C0,C1C0_0,1,0,0,0
180.0,C0,北,C1C0,C1C0_1,1,0,1,0
180.0,C0,北,C1C0,C1C0_2,1,0,0,0
180.0,C0,南,bottom2C0,bottom2C0_0,0,0,0,0
180.0,C0,南,bottom2C0,bottom2C0_1,0,0,0,0
180.0,C0,南,bottom2C0,bottom2C0_2,0,0,0,0
180.0,C0,东,right0C0,right0C0_0,3,0,0,0
180.0,C0,东,right0C0,right0C0_1,3,0,2,1
180.0,C0,东,right0C0,right0C0_2,3,0,1,1
180.0,C1,西,B1C1,B1C1_0,3,0,0,0
180.0,C1,西,B1C1,B1C1_1,3,0,0,0
180.0,C1,西,B1C1,B1C1_2,3,0,3,3
180.0,C1,南,C0C1,C0C1_0,0,0,0,0
180.0,C1,南,C0C1,C0C1_1,0,0,0,0
180.0,C1,南,C0C1,C0C1_2,0,0,0,0
180.0,C1,北,C2C1,C2C1_0,0,0,0,0
180.0,C1,北,C2C1,C2C1_1,0,0,0,0
180.0,C1,北,C2C1,C2C1_2,0,0,0,0
180.0,C1,东,right1C1,right1C1_0,0,0,0,0
180.0,C1,东,right1C1,right1C1_1,0,0,0,0
180.0,C1,东,right1C1,right1C1_2,0,0,0,0
180.0,C2,西,B2C2,B2C2_0,3,0,0,0
180.0,C2,西,B2C2,B2C2_1,3,0,0,0
180.0,C2,西,B2C2,B2C2_2,3,0,3,3
180.0,C2,南,C1C2,C1C2_0,0,0,0,0
180.0,C2,南,C1C2,C1C2_1,0,0,0,0
180.0,C2,南,C1C2,C1C2_2,0,0,0,0
180.0,C2,东,right2C2,right2C2_0,2,1,0,0
180.0,C2,东,right2C2,right2C2_1,2,1,1,1
180.0,C2,东,right2C2,right2C2_2,2,1,1,0
180.0,C2,北,top2C2,top2C2_0,0,0,0,0
180.0,C2,北,top2C2,top2C2_1,0,0,0,0
180.0,C2,北,top2C2,top2C2_2,0,0,0,0
185.0,A0,北,A1A0,A1A0_0,2,0,0,0
185.0,A0,北,A1A0,A1A0_1,2,0,1,1
185.0,A0,北,A1A0,A1A0_2,2,0,1,1
185.0,A0,东,B0A0,B0A0_0,0,0,0,0
185.0,A0,东,B0A0,B0A0_1,0,0,0,0
185.0,A0,东,B0A0,B0A0_2,0,0,0,0
185.0,A0,南,bottom0A0,bottom0A0_0,0,0,0,0
185.0,A0,南,bottom0A0,bottom0A0_1,0,0,0,0
185.0,A0,南,bottom0A0,bottom0A0_2,0,0,0,0
185.0,A0,西,left0A0,left0A0_0,7,0,0,0
185.0,A0,西,left0A0,left0A0_1,7,0,4,3
185.0,A0,西,left0A0,left0A0_2,7,0,3,3
185.0,A1,南,A0A1,A0A1_0,1,0,0,0
185.0,A1,南,A0A1,A0A1_1,1,0,1,0
185.0,A1,南,A0A1,A0A1_2,1,0,0,0
185.0,A1,北,A2A1,A2A1_0,0,0,0,0
185.0,A1,北,A2A1,A2A1_1,0,0,0,0
185.0,A1,北,A2A1,A2A1_2,0,0,0,0
185.0,A1,东,B1A1,B1A1_0,0,0,0,0
185.0,A1,东,B1A1,B1A1_1,0,0,0,0
185.0,A1,东,B1A1,B1A1_2,0,0,0,0
185.0,A1,西,left1A1,left1A1_0,2,0,0,0
185.0,A1,西,left1A1,left1A1_1,2,0,2,0
185.0,A1,西,left1A1,left1A1_2,2,0,0,0
185.0,A2,南,A1A2,A1A2_0,1,0,0,0
185.0,A2,南,A1A2,A1A2_1,1,0,1,0
185.0,A2,南,A1A2,A1A2_2,1,0,0,0
185.0,A2,东,B2A2,B2A2_0,0,0,0,0
185.0,A2,东,B2A2,B2A2_1,0,0,0,0
185.0,A2,东,B2A2,B2A2_2,0,0,0,0
185.0,A2,西,left2A2,left2A2_0,0,0,0,0
185.0,A2,西,left2A2,left2A2_1,0,0,0,0
185.0,A2,西,left2A2,left2A2_2,0,0,0,0
185.0,A2,北,top0A2,top0A2_0,0,0,0,0
185.0,A2,北,top0A2,top0A2_1,0,0,0,0
185.0,A2,北,top0A2,top0A2_2,0,0,0,0
185.0,B0,西,A0B0,A0B0_0,3,0,0,0
185.0,B0,西,A0B0,A0B0_1,3,0,0,0
185.0,B0,西,A0B0,A0B0_2,3,0,3,3
185.0,B0,北,B1B0,B1B0_0,2,0,0,0
185.0,B0,北,B1B0,B1B0_1,2,0,0,0
185.0,B0,北,B1B0,B1B0_2,2,0,2,1
185.0,B0,东,C0B0,C0B0_0,1,0,0,0
185.0,B0,东,C0B0,C0B0_1,1,0,1,0
185.0,B0,东,C0B0,C0B0_2,1,0,0,0
185.0,B0,南,bottom1B0,bottom1B0_0,0,0,0,0
185.0,B0,南,bottom1B0,bottom1B0_1,0,0,0,0
185.0,B0,南,bottom1B0,bottom1B0_2,0,0,0,0
185.0,B1,西,A1B1,A1B1_0,0,0,0,0
185.0,B1,西,A1B1,A1B1_1,0,0,0,0
185.0,B1,西,A1B1,A1B1_2,0,0,0,0
185.0,B1,南,B0B1,B0B1_0,1,0,0,0
185.0,B1,南,B0B1,B0B1_1,1,0,1,0
185.0,B1,南,B0B1,B0B1_2,1,0,0,0
185.0,B1,北,B2B1,B2B1_0,1,0,0,0
185.0,B1,北,B2B1,B2B1_1,1,0,0,0
185.0,B1,北,B2B1,B2B1_2,1,0,1,0
185.0,B1,东,C1B1,C1B1_0,1,0,0,0
185.0,B1,东,C1B1,C1B1_1,1,0,0,0
185.0,B1,东,C1B1,C1B1_2,1,0,1,1
185.0,B2,西,A2B2,A2B2_0,6,0,0,0
185.0,B2,西,A2B2,A2B2_1,6,0,4,0
185.0,B2,西,A2B2,A2B2_2,6,0,2,2
185.0,B2,南,B1B2,B1B2_0,1,0,0,0
185.0,B2,南,B1B2,B1B2_1,1,0,1,0
185.0,B2,南,B1B2,B1B2_2,1,0,0,0
185.0,B2,东,C2B2,C2B2_0,2,0,0,0
185.0,B2,东,C2B2,C2B2_1,2,0,2,1
185.0,B2,东,C2B2,C2B2_2,2,0,0,0
185.0,B2,北,top1B2,top1B2_0,1,0,0,0
185.0,B2,北,top1B2,top1B2_1,1,0,1,1
185.0,B2,北,top1B2,top1B2_2,1,0,0,0
185.0,C0,西,B0C0,B0C0_0,0,0,0,0
185.0,C0,西,B0C0,B0C0_1,0,0,0,0
185.0,C0,西,B0C0,B0C0_2,0,0,0,0
185.0,C0,北,C1C0,C1C0_0,1,0,0,0
185.0,C0,北,C1C0,C1C0_1,1,0,1,0
185.0,C0,北,C1C0,C1C0_2,1,0,0,0
185.0,C0,南,bottom2C0,bottom2C0_0,0,0,0,0
185.0,C0,南,bottom2C0,bottom2C0_1,0,0,0,0
185.0,C0,南,bottom2C0,bottom2C0_2,0,0,0,0
185.0,C0,东,right0C0,right0C0_0,2,0,0,0
185.0,C0,东,right0C0,right0C0_1,2,0,1,0
185.0,C0,东,right0C0,right0C0_2,2,0,1,1
185.0,C1,西,B1C1,B1C1_0,3,0,0,0
185.0,C1,西,B1C1,B1C1_1,3,0,0,0
185.0,C1,西,B1C1,B1C1_2,3,0,3,3
185.0,C1,南,C0C1,C0C1_0,0,0,0,0
185.0,C1,南,C0C1,C0C1_1,0,0,0,0
185.0,C1,南,C0C1,C0C1_2,0,0,0,0
185.0,C1,北,C2C1,C2C1_0,0,0,0,0
185.0,C1,北,C2C1,C2C1_1,0,0,0,0
185.0,C1,北,C2C1,C2C1_2,0,0,0,0
185.0,C1,东,right1C1,right1C1_0,0,0,0,0
185.0,C1,东,right1C1,right1C1_1,0,0,0,0
185.0,C1,东,right1C1,right1C1_2,0,0,0,0
185.0,C2,西,B2C2,B2C2_0,3,0,0,0
185.0,C2,西,B2C2,B2C2_1,3,0,0,0
185.0,C2,西,B2C2,B2C2_2,3,0,3,3
185.0,C2,南,C1C2,C1C2_0,0,0,0,0
185.0,C2,南,C1C2,C1C2_1,0,0,0,0
185.0,C2,南,C1C2,C1C2_2,0,0,0,0
185.0,C2,东,right2C2,right2C2_0,1,0,0,0
185.0,C2,东,right2C2,right2C2_1,1,0,0,0
185.0,C2,东,right2C2,right2C2_2,1,0,1,0
185.0,C2,北,top2C2,top2C2_0,0,0,0,0
185.0,C2,北,top2C2,top2C2_1,0,0,0,0
185.0,C2,北,top2C2,top2C2_2,0,0,0,0
190.0,A0,北,A1A0,A1A0_0,2,0,0,0
190.0,A0,北,A1A0,A1A0_1,2,0,1,1
190.0,A0,北,A1A0,A1A0_2,2,0,1,1
190.0,A0,东,B0A0,B0A0_0,1,1,0,0
190.0,A0,东,B0A0,B0A0_1,1,1,0,0
190.0,A0,东,B0A0,B0A0_2,1,1,1,0
190.0,A0,南,bottom0A0,bottom0A0_0,0,0,0,0
190.0,A0,南,bottom0A0,bottom0A0_1,0,0,0,0
190.0,A0,南,bottom0A0,bottom0A0_2,0,0,0,0
190.0,A0,西,left0A0,left0A0_0,5,0,0,0
190.0,A0,西,left0A0,left0A0_1,5,0,2,0
190.0,A0,西,left0A0,left0A0_2,5,0,3,3
190.0,A1,南,A0A1,A0A1_0,1,0,0,0
190.0,A1,南,A0A1,A0A1_1,1,0,1,0
190.0,A1,南,A0A1,A0A1_2,1,0,0,0
190.0,A1,北,A2A1,A2A1_0,0,0,0,0
190.0,A1,北,A2A1,A2A1_1,0,0,0,0
190.0,A1,北,A2A1,A2A1_2,0,0,0,0
190.0,A1,东,B1A1,B1A1_0,0,0,0,0
190.0,A1,东,B1A1,B1A1_1,0,0,0,0
190.0,A1,东,B1A1,B1A1_2,0,0,0,0
190.0,A1,西,left1A1,left1A1_0,0,0,0,0
190.0,A1,西,left1A1,left1A1_1,0,0,0,0
190.0,A1,西,left1A1,left1A1_2,0,0,0,0
190.0,A2,南,A1A2,A1A2_0,1,0,0,0
190.0,A2,南,A1A2,A1A2_1,1,0,1,0
190.0,A2,南,A1A2,A1A2_2,1,0,0,0
190.0,A2,东,B2A2,B2A2_0,2,2,1,0
190.0,A2,东,B2A2,B2A2_1,2,2,0,0
190.0,A2,东,B2A2,B2A2_2,2,2,1,0
190.0,A2,西,left2A2,left2A2_0,1,1,1,0
190.0,A2,西,left2A2,left2A2_1,1,1,0,0
190.0,A2,西,left2A2,left2A2_2,1,1,0,0
190.0,A2,北,top0A2,top0A2_0,0,0,0,0
190.0,A2,北,top0A2,top0A2_1,0,0,0,0
190.0,A2,北,top0A2,top0A2_2,0,0,0,0
190.0,B0,西,A0B0,A0B0_0,4,1,0,0
190.0,B0,西,A0B0,A0B0_1,4,1,0,0
190.0,B0,西,A0B0,A0B0_2,4,1,4,3
190.0,B0,北,B1B0,B1B0_0,2,0,0,0
190.0,B0,北,B1B0,B1B0_1,2,0,0,0
190.0,B0,北,B1B0,B1B0_2,2,0,2,1
190.0,B0,东,C0B0,C0B0_0,1,1,0,0
190.0,B0,东,C0B0,C0B0_1,1,1,1,0
190.0,B0,东,C0B0,C0B0_2,1,1,0,0
190.0,B0,南,bottom1B0,bottom1B0_0,0,0,0,0
190.0,B0,南,bottom1B0,bottom1B0_1,0,0,0,0
190.0,B0,南,bottom1B0,bottom1B0_2,0,0,0,0
190.0,B1,西,A1B1,A1B1_0,2,2,1,0
190.0,B1,西,A1B1,A1B1_1,2,2,0,0
190.0,B1,西,A1B1,A1B1_2,2,2,1,0
190.0,B1,南,B0B1,B0B1_0,1,0,0,0
190.0,B1,南,B0B1,B0B1_1,1,0,1,0
190.0,B1,南,B0B1,B0B1_2,1,0,0,0
190.0,B1,北,B2B1,B2B1_0,1,0,0,0
190.0,B1,北,B2B1,B2B1_1,1,0,0,0
190.0,B1,北,B2B1,B2B1_2,1,0,1,0
190.0,B1,东,C1B1,C1B1_0,1,0,0,0
190.0,B1,东,C1B1,C1B1_1,1,0,0,0
190.0,B1,东,C1B1,C1B1_2,1,0,1,1
190.0,B2,西,A2B2,A2B2_0,4,0,0,0
190.0,B2,西,A2B2,A2B2_1,4,0,2,0
190.0,B2,西,A2B2,A2B2_2,4,0,2,2
190.0,B2,南,B1B2,B1B2_0,1,0,0,0
190.0,B2,南,B1B2,B1B2_1,1,0,1,0
190.0,B2,南,B1B2,B1B2_2,1,0,0,0
190.0,B2,东,C2B2,C2B2_0,1,1,0,0
190.0,B2,东,C2B2,C2B2_1,1,1,1,0
190.0,B2,东,C2B2,C2B2_2,1,1,0,0
190.0,B2,北,top1B2,top1B2_0,1,0,0,0
190.0,B2,北,top1B2,top1B2_1,1,0,1,1
190.0,B2,北,top1B2,top1B2_2,1,0,0,0
190.0,C0,西,B0C0,B0C0_0,0,0,0,0
190.0,C0,西,B0C0,B0C0_1,0,0,0,0
190.0,C0,西,B0C0,B0C0_2,0,0,0,0
190.0,C0,北,C1C0,C1C0_0,1,0,0,0
190.0,C0,北,C1C0,C1C0_1,1,0,1,0
190.0,C0,北,C1C0,C1C0_2,1,0,0,0
190.0,C0,南,bottom2C0,bottom2C0_0,0,0,0,0
190.0,C0,南,bottom2C0,bottom2C0_1,0,0,0,0
190.0,C0,南,bottom2C0,bottom2C0_2,0,0,0,0
190.0,C0,东,right0C0,right0C0_0,2,0,0,0
190.0,C0,东,right0C0,right0C0_1,2,0,1,0
190.0,C0,东,right0C0,right0C0_2,2,0,1,1
190.0,C1,西,B1C1,B1C1_0,3,0,0,0
190.0,C1,西,B1C1,B1C1_1,3,0,0,0
190.0,C1,西,B1C1,B1C1_2,3,0,3,3
190.0,C1,南,C0C1,C0C1_0,0,0,0,0
190.0,C1,南,C0C1,C0C1_1,0,0,0,0
190.0,C1,南,C0C1,C0C1_2,0,0,0,0
190.0,C1,北,C2C1,C2C1_0,0,0,0,0
190.0,C1,北,C2C1,C2C1_1,0,0,0,0
190.0,C1,北,C2C1,C2C1_2,0,0,0,0
190.0,C1,东,right1C1,right1C1_0,0,0,0,0
190.0,C1,东,right1C1,right1C1_1,0,0,0,0
190.0,C1,东,right1C1,right1C1_2,0,0,0,0
190.0,C2,西,B2C2,B2C2_0,5,2,0,0
190.0,C2,西,B2C2,B2C2_1,5,2,0,0
190.0,C2,西,B2C2,B2C2_2,5,2,5,3
190.0,C2,南,C1C2,C1C2_0,0,0,0,0
190.0,C2,南,C1C2,C1C2_1,0,0,0,0
190.0,C2,南,C1C2,C1C2_2,0,0,0,0
190.0,C2,东,right2C2,right2C2_0,1,0,0,0
190.0,C2,东,right2C2,right2C2_1,1,0,0,0
190.0,C2,东,right2C2,right2C2_2,1,0,1,0
190.0,C2,北,top2C2,top2C2_0,0,0,0,0
190.0,C2,北,top2C2,top2C2_1,0,0,0,0
190.0,C2,北,top2C2,top2C2_2,0,0,0,0
195.0,A0,北,A1A0,A1A0_0,2,0,0,0
195.0,A0,北,A1A0,A1A0_1,2,0,1,1
195.0,A0,北,A1A0,A1A0_2,2,0,1,1
195.0,A0,东,B0A0,B0A0_0,2,1,0,0
195.0,A0,东,B0A0,B0A0_1,2,1,1,0
195.0,A0,东,B0A0,B0A0_2,2,1,1,0
195.0,A0,南,bottom0A0,bottom0A0_0,0,0,0,0
195.0,A0,南,bottom0A0,bottom0A0_1,0,0,0,0
195.0,A0,南,bottom0A0,bottom0A0_2,0,0,0,0
195.0,A0,西,left0A0,left0A0_0,3,0,0,0
195.0,A0,西,left0A0,left0A0_1,3,0,0,0
195.0,A0,西,left0A0,left0A0_2,3,0,3,3
195.0,A1,南,A0A1,A0A1_0,1,0,0,0
195.0,A1,南,A0A1,A0A1_1,1,0,1,0
195.0,A1,南,A0A1,A0A1_2,1,0,0,0
195.0,A1,北,A2A1,A2A1_0,0,0,0,0
195.0,A1,北,A2A1,A2A1_1,0,0,0,0
195.0,A1,北,A2A1,A2A1_2,0,0,0,0
195.0,A1,东,B1A1,B1A1_0,0,0,0,0
195.0,A1,东,B1A1,B1A1_1,0,0,0,0
195.0,A1,东,B1A1,B1A1_2,0,0,0,0
195.0,A1,西,left1A1,left1A1_0,0,0,0,0
195.0,A1,西,left1A1,left1A1_1,0,0,0,0
195.0,A1,西,left1A1,left1A1_2,0,0,0,0
195.0,A2,南,A1A2,A1A2_0,1,0,0,0
195.0,A2,南,A1A2,A1A2_1,1,0,1,0
195.0,A2,南,A1A2,A1A2_2,1,0,0,0
195.0,A2,东,B2A2,B2A2_0,3,1,2,0
195.0,A2,东,B2A2,B2A2_1,3,1,0,0
195.0,A2,东,B2A2,B2A2_2,3,1,1,0
195.0,A2,西,left2A2,left2A2_0,1,0,0,0
195.0,A2,西,left2A2,left2A2_1,1,0,1,0
195.0,A2,西,left2A2,left2A2_2,1,0,0,0
195.0,A2,北,top0A2,top0A2_0,1,1,0,0
195.0,A2,北,top0A2,top0A2_1,1,1,1,0
195.0,A2,北,top0A2,top0A2_2,1,1,0,0
195.0,B0,西,A0B0,A0B0_0,7,3,0,0
195.0,B0,西,A0B0,A0B0_1,7,3,0,0
195.0,B0,西,A0B0,A0B0_2,7,3,7,3
195.0,B0,北,B1B0,B1B0_0,2,0,0,0
195.0,B0,北,B1B0,B1B0_1,2,0,0,0
195.0,B0,北,B1B0,B1B0_2,2,0,2,2
195.0,B0,东,C0B0,C0B0_0,1,0,0,0
195.0,B0,东,C0B0,C0B0_1,1,0,1,0
195.0,B0,东,C0B0,C0B0_2,1,0,0,0
195.0,B0,南,bottom1B0,bottom1B0_0,0,0,0,0
195.0,B0,南,bottom1B0,bottom1B0_1,0,0,0,0
195.0,B0,南,bottom1B0,bottom1B0_2,0,0,0,0
195.0,B1,西,A1B1,A1B1_0,3,1,1,0
195.0,B1,西,A1B1,A1B1_1,3,1,1,0
195.0,B1,西,A1B1,A1B1_2,3,1,1,0
195.0,B1,南,B0B1,B0B1_0,1,0,0,0
195.0,B1,南,B0B1,B0B1_1,1,0,1,0
195.0,B1,南,B0B1,B0B1_2,1,0,0,0
195.0,B1,北,B2B1,B2B1_0,1,0,0,0
195.0,B1,北,B2B1,B2B1_1,1,0,0,0
195.0,B1,北,B2B1,B2B1_2,1,0,1,0
195.0,B1,东,C1B1,C1B1_0,1,0,0,0
195.0,B1,东,C1B1,C1B1_1,1,0,0,0
195.0,B1,东,C1B1,C1B1_2,1,0,1,1
195.0,B2,西,A2B2,A2B2_0,4,0,0,0
195.0,B2,西,A2B2,A2B2_1,4,0,2,0
195.0,B2,西,A2B2,A2B2_2,4,0,2,2
195.0,B2,南,B1B2,B1B2_0,1,0,0,0
195.0,B2,南,B1B2,B1B2_1,1,0,1,0
195.0,B2,南,B1B2,B1B2_2,1,0,0,0
195.0,B2,东,C2B2,C2B2_0,1,0,0,0
195.0,B2,东,C2B2,C2B2_1,1,0,1,0
195.0,B2,东,C2B2,C2B2_2,1,0,0,0
195.0,B2,北,top1B2,top1B2_0,1,0,0,0
195.0,B2,北,top1B2,top1B2_1,1,0,1,1
195.0,B2,北,top1B2,top1B2_2,1,0,0,0
195.0,C0,西,B0C0,B0C0_0,0,0,0,0
195.0,C0,西,B0C0,B0C0_1,0,0,0,0
195.0,C0,西,B0C0,B0C0_2,0,0,0,0
195.0,C0,北,C1C0,C1C0_0,1,0,0,0
195.0,C0,北,C1C0,C1C0_1,1,0,1,0
195.0,C0,北,C1C0,C1C0_2,1,0,0,0
195.0,C0,南,bottom2C0,bottom2C0_0,0,0,0,0
195.0,C0,南,bottom2C0,bottom2C0_1,0,0,0,0
195.0,C0,南,bottom2C0,bottom2C0_2,0,0,0,0
195.0,C0,东,right0C0,right0C0_0,3,1,1,0
195.0,C0,东,right0C0,right0C0_1,3,1,1,0
195.0,C0,东,right0C0,right0C0_2,3,1,1,1
195.0,C1,西,B1C1,B1C1_0,3,0,0,0
195.0,C1,西,B1C1,B1C1_1,3,0,0,0
195.0,C1,西,B1C1,B1C1_2,3,0,3,3
195.0,C1,南,C0C1,C0C1_0,0,0,0,0
195.0,C1,南,C0C1,C0C1_1,0,0,0,0
195.0,C1,南,C0C1,C0C1_2,0,0,0,0
195.0,C1,北,C2C1,C2C1_0,0,0,0,0
195.0,C1,北,C2C1,C2C1_1,0,0,0,0
195.0,C1,北,C2C1,C2C1_2,0,0,0,0
195.0,C1,东,right1C1,right1C1_0,0,0,0,0
195.0,C1,东,right1C1,right1C1_1,0,0,0,0
195.0,C1,东,right1C1,right1C1_2,0,0,0,0
195.0,C2,西,B2C2,B2C2_0,6,1,0,0
195.0,C2,西,B2C2,B2C2_1,6,1,0,0
195.0,C2,西,B2C2,B2C2_2,6,1,6,3
195.0,C2,南,C1C2,C1C2_0,0,0,0,0
195.0,C2,南,C1C2,C1C2_1,0,0,0,0
195.0,C2,南,C1C2,C1C2_2,0,0,0,0
195.0,C2,东,right2C2,right2C2_0,1,0,0,0
195.0,C2,东,right2C2,right2C2_1,1,0,0,0
195.0,C2,东,right2C2,right2C2_2,1,0,1,0
195.0,C2,北,top2C2,top2C2_0,0,0,0,0
195.0,C2,北,top2C2,top2C2_1,0,0,0,0
195.0,C2,北,top2C2,top2C2_2,0,0,0,0
200.0,A0,北,A1A0,A1A0_0,2,0,0,0
200.0,A0,北,A1A0,A1A0_1,2,0,1,1
200.0,A0,北,A1A0,A1A0_2,2,0,1,1
200.0,A0,东,B0A0,B0A0_0,2,0,0,0
200.0,A0,东,B0A0,B0A0_1,2,0,1,0
200.0,A0,东,B0A0,B0A0_2,2,0,1,0
200.0,A0,南,bottom0A0,bottom0A0_0,0,0,0,0
200.0,A0,南,bottom0A0,bottom0A0_1,0,0,0,0
200.0,A0,南,bottom0A0,bottom0A0_2,0,0,0,0
200.0,A0,西,left0A0,left0A0_0,4,1,0,0
200.0,A0,西,left0A0,left0A0_1,4,1,1,0
200.0,A0,西,left0A0,left0A0_2,4,1,3,3
200.0,A1,南,A0A1,A0A1_0,1,0,0,0
200.0,A1,南,A0A1,A0A1_1,1,0,1,0
200.0,A1,南,A0A1,A0A1_2,1,0,0,0
200.0,A1,北,A2A1,A2A1_0,0,0,0,0
200.0,A1,北,A2A1,A2A1_1,0,0,0,0
200.0,A1,北,A2A1,A2A1_2,0,0,0,0
200.0,A1,东,B1A1,B1A1_0,0,0,0,0
200.0,A1,东,B1A1,B1A1_1,0,0,0,0
200.0,A1,东,B1A1,B1A1_2,0,0,0,0
200.0,A1,西,left1A1,left1A1_0,0,0,0,0
200.0,A1,西,left1A1,left1A1_1,0,0,0,0
200.0,A1,西,left1A1,left1A1_2,0,0,0,0
200.0,A2,南,A1A2,A1A2_0,1,0,0,0
200.0,A2,南,A1A2,A1A2_1,1,0,1,0
200.0,A2,南,A1A2,A1A2_2,1,0,0,0
200.0,A2,东,B2A2,B2A2_0,3,0,2,0
200.0,A2,东,B2A2,B2A2_1,3,0,0,0
200.0,A2,东,B2A2,B2A2_2,3,0,1,0
200.0,A2,西,left2A2,left2A2_0,3,2,0,0
200.0,A2,西,left2A2,left2A2_1,3,2,2,0
200.0,A2,西,left2A2,left2A2_2,3,2,1,0
200.0,A2,北,top0A2,top0A2_0,1,0,0,0
200.0,A2,北,top0A2,top0A2_1,1,0,1,0
200.0,A2,北,top0A2,top0A2_2,1,0,0,0
200.0,B0,西,A0B0,A0B0_0,8,1,0,0
200.0,B0,西,A0B0,A0B0_1,8,1,0,0
200.0,B0,西,A0B0,A0B0_2,8,1,8,3
200.0,B0,北,B1B0,B1B0_0,2,0,0,0
200.0,B0,北,B1B0,B1B0_1,2,0,0,0
200.0,B0,北,B1B0,B1B0_2,2,0,2,2
200.0,B0,东,C0B0,C0B0_0,2,1,1,0
200.0,B0,东,C0B0,C0B0_1,2,1,1,0
200.0,B0,东,C0B0,C0B0_2,2,1,0,0
200.0,B0,南,bottom1B0,bottom1B0_0,0,0,0,0
200.0,B0,南,bottom1B0,bottom1B0_1,0,0,0,0
200.0,B0,南,bottom1B0,bottom1B0_2,0,0,0,0
200.0,B1,西,A1B1,A1B1_0,3,0,1,0
200.0,B1,西,A1B1,A1B1_1,3,0,1,0
200.0,B1,西,A1B1,A1B1_2,3,0,1,0
200.0,B1,南,B0B1,B0B1_0,1,0,0,0
200.0,B1,南,B0B1,B0B1_1,1,0,1,0
200.0,B1,南,B0B1,B0B1_2,1,0,0,0
200.0,B1,北,B2B1,B2B1_0,1,0,0,0
200.0,B1,北,B2B1,B2B1_1,1,0,0,0
200.0,B1,北,B2B1,B2B1_2,1,0,1,1
200.0,B1,东,C1B1,C1B1_0,1,0,0,0
200.0,B1,东,C1B1,C1B1_1,1,0,0,0
200.0,B1,东,C1B1,C1B1_2,1,0,1,1
200.0,B2,西,A2B2,A2B2_0,2,0,0,0
200.0,B2,西,A2B2,A2B2_1,2,0,0,0
200.0,B2,西,A2B2,A2B2_2,2,0,2,2
200.0,B2,南,B1B2,B1B2_0,1,0,0,0
200.0,B2,南,B1B2,B1B2_1,1,0,1,1
200.0,B2,南,B1B2,B1B2_2,1,0,0,0
200.0,B2,东,C2B2,C2B2_0,1,0,0,0
200.0,B2,东,C2B2,C2B2_1,1,0,1,0
200.0,B2,东,C2B2,C2B2_2,1,0,0,0
200.0,B2,北,top1B2,top1B2_0,1,0,0,0
200.0,B2,北,top1B2,top1B2_1,1,0,1,1
200.0,B2,北,top1B2,top1B2_2,1,0,0,0
200.0,C0,西,B0C0,B0C0_0,0,0,0,0
200.0,C0,西,B0C0,B0C0_1,0,0,0,0
200.0,C0,西,B0C0,B0C0_2,0,0,0,0
200.0,C0,北,C1C0,C1C0_0,1,0,0,0
200.0,C0,北,C1C0,C1C0_1,1,0,1,1
200.0,C0,北,C1C0,C1C0_2,1,0,0,0
200.0,C0,南,bottom2C0,bottom2C0_0,0,0,0,0
200.0,C0,南,bottom2C0,bottom2C0_1,0,0,0,0
200.0,C0,南,bottom2C0,bottom2C0_2,0,0,0,0
200.0,C0,东,right0C0,right0C0_0,2,0,1,0
200.0,C0,东,right0C0,right0C0_1,2,0,0,0
200.0,C0,东,right0C0,right0C0_2,2,0,1,1
200.0,C1,西,B1C1,B1C1_0,3,0,0,0
200.0,C1,西,B1C1,B1C1_1,3,0,0,0
200.0,C1,西,B1C1,B1C1_2,3,0,3,3
200.0,C1,南,C0C1,C0C1_0,0,0,0,0
200.0,C1,南,C0C1,C0C1_1,0,0,0,0
200.0,C1,南,C0C1,C0C1_2,0,0,0,0
200.0,C1,北,C2C1,C2C1_0,0,0,0,0
200.0,C1,北,C2C1,C2C1_1,0,0,0,0
200.0,C1,北,C2C1,C2C1_2,0,0,0,0
200.0,C1,东,right1C1,right1C1_0,0,0,0,0
200.0,C1,东,right1C1,right1C1_1,0,0,0,0
200.0,C1,东,right1C1,right1C1_2,0,0,0,0
200.0,C2,西,B2C2,B2C2_0,7,1,0,0
200.0,C2,西,B2C2,B2C2_1,7,1,0,0
200.0,C2,西,B2C2,B2C2_2,7,1,7,3
200.0,C2,南,C1C2,C1C2_0,0,0,0,0
200.0,C2,南,C1C2,C1C2_1,0,0,0,0
200.0,C2,南,C1C2,C1C2_2,0,0,0,0
200.0,C2,东,right2C2,right2C2_0,1,0,0,0
200.0,C2,东,right2C2,right2C2_1,1,0,0,0
200.0,C2,东,right2C2,right2C2_2,1,0,1,0
200.0,C2,北,top2C2,top2C2_0,0,0,0,0
200.0,C2,北,top2C2,top2C2_1,0,0,0,0
200.0,C2,北,top2C2,top2C2_2,0,0,0,0
205.0,A0,北,A1A0,A1A0_0,2,0,0,0
205.0,A0,北,A1A0,A1A0_1,2,0,1,1
205.0,A0,北,A1A0,A1A0_2,2,0,1,1
205.0,A0,东,B0A0,B0A0_0,2,0,0,0
205.0,A0,东,B0A0,B0A0_1,2,0,1,0
205.0,A0,东,B0A0,B0A0_2,2,0,1,0
205.0,A0,南,bottom0A0,bottom0A0_0,0,0,0,0
205.0,A0,南,bottom0A0,bottom0A0_1,0,0,0,0
205.0,A0,南,bottom0A0,bottom0A0_2,0,0,0,0
205.0,A0,西,left0A0,left0A0_0,3,0,0,0
205.0,A0,西,left0A0,left0A0_1,3,0,1,0
205.0,A0,西,left0A0,left0A0_2,3,0,2,1
205.0,A1,南,A0A1,A0A1_0,1,0,0,0
205.0,A1,南,A0A1,A0A1_1,1,0,1,0
205.0,A1,南,A0A1,A0A1_2,1,0,0,0
205.0,A1,北,A2A1,A2A1_0,0,0,0,0
205.0,A1,北,A2A1,A2A1_1,0,0,0,0
205.0,A1,北,A2A1,A2A1_2,0,0,0,0
205.0,A1,东,B1A1,B1A1_0,0,0,0,0
205.0,A1,东,B1A1,B1A1_1,0,0,0,0
205.0,A1,东,B1A1,B1A1_2,0,0,0,0
205.0,A1,西,left1A1,left1A1_0,0,0,0,0
205.0,A1,西,left1A1,left1A1_1,0,0,0,0
205.0,A1,西,left1A1,left1A1_2,0,0,0,0
205.0,A2,南,A1A2,A1A2_0,1,0,0,0
205.0,A2,南,A1A2,A1A2_1,1,0,1,1
205.0,A2,南,A1A2,A1A2_2,1,0,0,0
205.0,A2,东,B2A2,B2A2_0,3,0,2,0
205.0,A2,东,B2A2,B2A2_1,3,0,0,0
205.0,A2,东,B2A2,B2A2_2,3,0,1,0
205.0,A2,西,left2A2,left2A2_0,3,0,0,0
205.0,A2,西,left2A2,left2A2_1,3,0,2,0
205.0,A2,西,left2A2,left2A2_2,3,0,1,0
205.0,A2,北,top0A2,top0A2_0,1,0,0,0
205.0,A2,北,top0A2,top0A2_1,1,0,1,0
205.0,A2,北,top0A2,top0A2_2,1,0,0,0
205.0,B0,西,A0B0,A0B0_0,7,0,0,0
205.0,B0,西,A0B0,A0B0_1,7,0,0,0
205.0,B0,西,A0B0,A0B0_2,7,0,7,1
205.0,B0,北,B1B0,B1B0_0,2,0,0,0
205.0,B0,北,B1B0,B1B0_1,2,0,0,0
205.0,B0,北,B1B0,B1B0_2,2,0,2,2
205.0,B0,东,C0B0,C0B0_0,2,0,1,0
205.0,B0,东,C0B0,C0B0_1,2,0,1,0
205.0,B0,东,C0B0,C0B0_2,2,0,0,0
205.0,B0,南,bottom1B0,bottom1B0_0,0,0,0,0
205.0,B0,南,bottom1B0,bottom1B0_1,0,0,0,0
205.0,B0,南,bottom1B0,bottom1B0_2,0,0,0,0
205.0,B1,西,A1B1,A1B1_0,3,0,1,0
205.0,B1,西,A1B1,A1B1_1,3,0,1,0
205.0,B1,西,A1B1,A1B1_2,3,0,1,0
205.0,B1,南,B0B1,B0B1_0,1,0,0,0
205.0,B1,南,B0B1,B0B1_1,1,0,1,1
205.0,B1,南,B0B1,B0B1_2,1,0,0,0
205.0,B1,北,B2B1,B2B1_0,1,0,0,0
205.0,B1,北,B2B1,B2B1_1,1,0,0,0
205.0,B1,北,B2B1,B2B1_2,1,0,1,1
205.0,B1,东,C1B1,C1B1_0,0,0,0,0
205.0,B1,东,C1B1,C1B1_1,0,0,0,0
205.0,B1,东,C1B1,C1B1_2,0,0,0,0
205.0,B2,西,A2B2,A2B2_0,1,0,0,0
205.0,B2,西,A2B2,A2B2_1,1,0,0,0
205.0,B2,西,A2B2,A2B2_2,1,0,1,0
205.0,B2,南,B1B2,B1B2_0,1,0,0,0
205.0,B2,南,B1B2,B1B2_1,1,0,1,1
205.0,B2,南,B1B2,B1B2_2,1,0,0,0
205.0,B2,东,C2B2,C2B2_0,1,0,0,0
205.0,B2,东,C2B2,C2B2_1,1,0,1,0
205.0,B2,东,C2B2,C2B2_2,1,0,0,0
205.0,B2,北,top1B2,top1B2_0,2,1,0,0
205.0,B2,北,top1B2,top1B2_1,2,1,2,1
205.0,B2,北,top1B2,top1B2_2,2,1,0,0
205.0,C0,西,B0C0,B0C0_0,0,0,0,0
205.0,C0,西,B0C0,B0C0_1,0,0,0,0
205.0,C0,西,B0C0,B0C0_2,0,0,0,0
205.0,C0,北,C1C0,C1C0_0,1,0,0,0
205.0,C0,北,C1C0,C1C0_1,1,0,1,1
205.0,C0,北,C1C0,C1C0_2,1,0,0,0
205.0,C0,南,bottom2C0,bottom2C0_0,1,1,0,0
205.0,C0,南,bottom2C0,bottom2C0_1,1,1,1,0
205.0,C0,南,bottom2C0,bottom2C0_2,1,1,0,0
205.0,C0,东,right0C0,right0C0_0,1,0,1,0
205.0,C0,东,right0C0,right0C0_1,1,0,0,0
205.0,C0,东,right0C0,right0C0_2,1,0,0,0
205.0,C1,西,B1C1,B1C1_0,2,0,0,0
205.0,C1,西,B1C1,B1C1_1,2,0,0,0
205.0,C1,西,B1C1,B1C1_2,2,0,2,1
205.0,C1,南,C0C1,C0C1_0,0,0,0,0
205.0,C1,南,C0C1,C0C1_1,0,0,0,0
205.0,C1,南,C0C1,C0C1_2,0,0,0,0
205.0,C1,北,C2C1,C2C1_0,0,0,0,0
205.0,C1,北,C2C1,C2C1_1,0,0,0,0
205.0,C1,北,C2C1,C2C1_2,0,0,0,0
205.0,C1,东,right1C1,right1C1_0,0,0,0,0
205.0,C1,东,right1C1,right1C1_1,0,0,0,0
205.0,C1,东,right1C1,right1C1_2,0,0,0,0
205.0,C2,西,B2C2,B2C2_0,7,1,0,0
205.0,C2,西,B2C2,B2C2_1,7,1,0,0
205.0,C2,西,B2C2,B2C2_2,7,1,7,1
205.0,C2,南,C1C2,C1C2_0,0,0,0,0
205.0,C2,南,C1C2,C1C2_1,0,0,0,0
205.0,C2,南,C1C2,C1C2_2,0,0,0,0
205.0,C2,东,right2C2,right2C2_0,0,0,0,0
205.0,C2,东,right2C2,right2C2_1,0,0,0,0
205.0,C2,东,right2C2,right2C2_2,0,0,0,0
205.0,C2,北,top2C2,top2C2_0,1,1,1,0
205.0,C2,北,top2C2,top2C2_1,1,1,0,0
205.0,C2,北,top2C2,top2C2_2,1,1,0,0
210.0,A0,北,A1A0,A1A0_0,2,0,0,0
210.0,A0,北,A1A0,A1A0_1,2,0,1,1
210.0,A0,北,A1A0,A1A0_2,2,0,1,1
210.0,A0,东,B0A0,B0A0_0,2,0,0,0
210.0,A0,东,B0A0,B0A0_1,2,0,1,0
210.0,A0,东,B0A0,B0A0_2,2,0,1,0
210.0,A0,南,bottom0A0,bottom0A0_0,0,0,0,0
210.0,A0,南,bottom0A0,bottom0A0_1,0,0,0,0
210.0,A0,南,bottom0A0,bottom0A0_2,0,0,0,0
210.0,A0,西,left0A0,left0A0_0,1,0,0,0
210.0,A0,西,left0A0,left0A0_1,1,0,1,0
210.0,A0,西,left0A0,left0A0_2,1,0,0,0
210.0,A1,南,A0A1,A0A1_0,3,2,0,0
210.0,A1,南,A0A1,A0A1_1,3,2,3,0
210.0,A1,南,A0A1,A0A1_2,3,2,0,0
210.0,A1,北,A2A1,A2A1_0,0,0,0,0
210.0,A1,北,A2A1,A2A1_1,0,0,0,0
210.0,A1,北,A2A1,A2A1_2,0,0,0,0
210.0,A1,东,B1A1,B1A1_0,0,0,0,0
210.0,A1,东,B1A1,B1A1_1,0,0,0,0
210.0,A1,东,B1A1,B1A1_2,0,0,0,0
210.0,A1,西,left1A1,left1A1_0,1,1,0,0
210.0,A1,西,left1A1,left1A1_1,1,1,1,0
210.0,A1,西,left1A1,left1A1_2,1,1,0,0
210.0,A2,南,A1A2,A1A2_0,1,0,0,0
210.0,A2,南,A1A2,A1A2_1,1,0,1,1
210.0,A2,南,A1A2,A1A2_2,1,0,0,0
210.0,A2,东,B2A2,B2A2_0,2,0,2,0
210.0,A2,东,B2A2,B2A2_1,2,0,0,0
210.0,A2,东,B2A2,B2A2_2,2,0,0,0
210.0,A2,西,left2A2,left2A2_0,3,0,0,0
210.0,A2,西,left2A2,left2A2_1,3,0,3,0
210.0,A2,西,left2A2,left2A2_2,3,0,0,0
210.0,A2,北,top0A2,top0A2_0,2,1,0,0
210.0,A2,北,top0A2,top0A2_1,2,1,2,0
210.0,A2,北,top0A2,top0A2_2,2,1,0,0
210.0,B0,西,A0B0,A0B0_0,5,0,0,0
210.0,B0,西,A0B0,A0B0_1,5,0,0,0
210.0,B0,西,A0B0,A0B0_2,5,0,5,0
210.0,B0,北,B1B0,B1B0_0,3,1,1,0
210.0,B0,北,B1B0,B1B0_1,3,1,0,0
210.0,B0,北,B1B0,B1B0_2,3,1,2,2
210.0,B0,东,C0B0,C0B0_0,2,0,1,0
210.0,B0,东,C0B0,C0B0_1,2,0,1,0
210.0,B0,东,C0B0,C0B0_2,2,0,0,0
210.0,B0,南,bottom1B0,bottom1B0_0,0,0,0,0
210.0,B0,南,bottom1B0,bottom1B0_1,0,0,0,0
210.0,B0,南,bottom1B0,bottom1B0_2,0,0,0,0
210.0,B1,西,A1B1,A1B1_0,3,0,1,0
210.0,B1,西,A1B1,A1B1_1,3,0,1,0
210.0,B1,西,A1B1,A1B1_2,3,0,1,0
210.0,B1,南,B0B1,B0B1_0,2,1,0,0
210.0,B1,南,B0B1,B0B1_1,2,1,2,1
210.0,B1,南,B0B1,B0B1_2,2,1,0,0
210.0,B1,北,B2B1,B2B1_0,1,0,0,0
210.0,B1,北,B2B1,B2B1_1,1,0,0,0
210.0,B1,北,B2B1,B2B1_2,1,0,1,1
210.0,B1,东,C1B1,C1B1_0,0,0,0,0
210.0,B1,东,C1B1,C1B1_1,0,0,0,0
210.0,B1,东,C1B1,C1B1_2,0,0,0,0
210.0,B2,西,A2B2,A2B2_0,0,0,0,0
210.0,B2,西,A2B2,A2B2_1,0,0,0,0
210.0,B2,西,A2B2,A2B2_2,0,0,0,0
210.0,B2,南,B1B2,B1B2_0,1,0,0,0
210.0,B2,南,B1B2,B1B2_1,1,0,1,1
210.0,B2,南,B1B2,B1B2_2,1,0,0,0
210.0,B2,东,C2B2,C2B2_0,1,0,0,0
210.0,B2,东,C2B2,C2B2_1,1,0,1,0
210.0,B2,东,C2B2,C2B2_2,1,0,0,0
210.0,B2,北,top1B2,top1B2_0,2,0,0,0
210.0,B2,北,top1B2,top1B2_1,2,0,2,1
210.0,B2,北,top1B2,top1B2_2,2,0,0,0
210.0,C0,西,B0C0,B0C0_0,0,0,0,0
210.0,C0,西,B0C0,B0C0_1,0,0,0,0
210.0,C0,西,B0C0,B0C0_2,0,0,0,0
210.0,C0,北,C1C0,C1C0_0,1,0,0,0
210.0,C0,北,C1C0,C1C0_1,1,0,1,1
210.0,C0,北,C1C0,C1C0_2,1,0,0,0
210.0,C0,南,bottom2C0,bottom2C0_0,1,0,0,0
210.0,C0,南,bottom2C0,bottom2C0_1,1,0,0,0
210.0,C0,南,bottom2C0,bottom2C0_2,1,0,1,0
210.0,C0,东,right0C0,right0C0_0,1,0,1,0
210.0,C0,东,right0C0,right0C0_1,1,0,0,0
210.0,C0,东,right0C0,right0C0_2,1,0,0,0
210.0,C1,西,B1C1,B1C1_0,0,0,0,0
210.0,C1,西,B1C1,B1C1_1,0,0,0,0
210.0,C1,西,B1C1,B1C1_2,0,0,0,0
210.0,C1,南,C0C1,C0C1_0,0,0,0,0
210.0,C1,南,C0C1,C0C1_1,0,0,0,0
210.0,C1,南,C0C1,C0C1_2,0,0,0,0
210.0,C1,北,C2C1,C2C1_0,1,1,1,0
210.0,C1,北,C2C1,C2C1_1,1,1,0,0
210.0,C1,北,C2C1,C2C1_2,1,1,0,0
210.0,C1,东,right1C1,right1C1_0,0,0,0,0
210.0,C1,东,right1C1,right1C1_1,0,0,0,0
210.0,C1,东,right1C1,right1C1_2,0,0,0,0
210.0,C2,西,B2C2,B2C2_0,5,0,0,0
210.0,C2,西,B2C2,B2C2_1,5,0,0,0
210.0,C2,西,B2C2,B2C2_2,5,0,5,0
210.0,C2,南,C1C2,C1C2_0,2,2,1,0
210.0,C2,南,C1C2,C1C2_1,2,2,1,0
210.0,C2,南,C1C2,C1C2_2,2,2,0,0
210.0,C2,东,right2C2,right2C2_0,0,0,0,0
210.0,C2,东,right2C2,right2C2_1,0,0,0,0
210.0,C2,东,right2C2,right2C2_2,0,0,0,0
210.0,C2,北,top2C2,top2C2_0,1,0,0,0
210.0,C2,北,top2C2,top2C2_1,1,0,1,0
210.0,C2,北,top2C2,top2C2_2,1,0,0,0
215.0,A0,北,A1A0,A1A0_0,2,0,0,0
215.0,A0,北,A1A0,A1A0_1,2,0,1,1
215.0,A0,北,A1A0,A1A0_2,2,0,1,1
215.0,A0,东,B0A0,B0A0_0,1,0,0,0
215.0,A0,东,B0A0,B0A0_1,1,0,1,1
215.0,A0,东,B0A0,B0A0_2,1,0,0,0
215.0,A0,南,bottom0A0,bottom0A0_0,0,0,0,0
215.0,A0,南,bottom0A0,bottom0A0_1,0,0,0,0
215.0,A0,南,bottom0A0,bottom0A0_2,0,0,0,0
215.0,A0,西,left0A0,left0A0_0,1,0,0,0
215.0,A0,西,left0A0,left0A0_1,1,0,1,0
215.0,A0,西,left0A0,left0A0_2,1,0,0,0
215.0,A1,南,A0A1,A0A1_0,4,1,0,0
215.0,A1,南,A0A1,A0A1_1,4,1,4,1
215.0,A1,南,A0A1,A0A1_2,4,1,0,0
215.0,A1,北,A2A1,A2A1_0,1,1,1,0
215.0,A1,北,A2A1,A2A1_1,1,1,0,0
215.0,A1,北,A2A1,A2A1_2,1,1,0,0
215.0,A1,东,B1A1,B1A1_0,0,0,0,0
215.0,A1,东,B1A1,B1A1_1,0,0,0,0
215.0,A1,东,B1A1,B1A1_2,0,0,0,0
215.0,A1,西,left1A1,left1A1_0,1,0,0,0
215.0,A1,西,left1A1,left1A1_1,1,0,1,0
215.0,A1,西,left1A1,left1A1_2,1,0,0,0
215.0,A2,南,A1A2,A1A2_0,1,0,0,0
215.0,A2,南,A1A2,A1A2_1,1,0,1,1
215.0,A2,南,A1A2,A1A2_2,1,0,0,0
215.0,A2,东,B2A2,B2A2_0,1,0,1,0
215.0,A2,东,B2A2,B2A2_1,1,0,0,0
215.0,A2,东,B2A2,B2A2_2,1,0,0,0
215.0,A2,西,left2A2,left2A2_0,2,0,0,0
215.0,A2,西,left2A2,left2A2_1,2,0,2,0
215.0,A2,西,left2A2,left2A2_2,2,0,0,0
215.0,A2,北,top0A2,top0A2_0,2,0,0,0
215.0,A2,北,top0A2,top0A2_1,2,0,2,0
215.0,A2,北,top0A2,top0A2_2,2,0,0,0
215.0,B0,西,A0B0,A0B0_0,3,0,0,0
215.0,B0,西,A0B0,A0B0_1,3,0,0,0
215.0,B0,西,A0B0,A0B0_2,3,0,3,0
215.0,B0,北,B1B0,B1B0_0,3,0,1,0
215.0,B0,北,B1B0,B1B0_1,3,0,0,0
215.0,B0,北,B1B0,B1B0_2,3,0,2,2
215.0,B0,东,C0B0,C0B0_0,2,0,1,0
215.0,B0,东,C0B0,C0B0_1,2,0,1,1
215.0,B0,东,C0B0,C0B0_2,2,0,0,0
215.0,B0,南,bottom1B0,bottom1B0_0,0,0,0,0
215.0,B0,南,bottom1B0,bottom1B0_1,0,0,0,0
215.0,B0,南,bottom1B0,bottom1B0_2,0,0,0,0
215.0,B1,西,A1B1,A1B1_0,1,0,0,0
215.0,B1,西,A1B1,A1B1_1,1,0,1,0
215.0,B1,西,A1B1,A1B1_2,1,0,0,0
215.0,B1,南,B0B1,B0B1_0,5,3,3,0
215.0,B1,南,B0B1,B0B1_1,5,3,2,1
215.0,B1,南,B0B1,B0B1_2,5,3,0,0
215.0,B1,北,B2B1,B2B1_0,1,0,0,0
215.0,B1,北,B2B1,B2B1_1,1,0,0,0
215.0,B1,北,B2B1,B2B1_2,1,0,1,1
215.0,B1,东,C1B1,C1B1_0,0,0,0,0
215.0,B1,东,C1B1,C1B1_1,0,0,0,0
215.0,B1,东,C1B1,C1B1_2,0,0,0,0
215.0,B2,西,A2B2,A2B2_0,0,0,0,0
215.0,B2,西,A2B2,A2B2_1,0,0,0,0
215.0,B2,西,A2B2,A2B2_2,0,0,0,0
215.0,B2,南,B1B2,B1B2_0,2,1,1,0
215.0,B2,南,B1B2,B1B2_1,2,1,1,1
215.0,B2,南,B1B2,B1B2_2,2,1,0,0
215.0,B2,东,C2B2,C2B2_0,1,0,0,0
215.0,B2,东,C2B2,C2B2_1,1,0,1,1
215.0,B2,东,C2B2,C2B2_2,1,0,0,0
215.0,B2,北,top1B2,top1B2_0,2,0,0,0
215.0,B2,北,top1B2,top1B2_1,2,0,2,1
215.0,B2,北,top1B2,top1B2_2,2,0,0,0
215.0,C0,西,B0C0,B0C0_0,0,0,0,0
215.0,C0,西,B0C0,B0C0_1,0,0,0,0
215.0,C0,西,B0C0,B0C0_2,0,0,0,0
215.0,C0,北,C1C0,C1C0_0,1,0,0,0
215.0,C0,北,C1C0,C1C0_1,1,0,1,1
215.0,C0,北,C1C0,C1C0_2,1,0,0,0
215.0,C0,南,bottom2C0,bottom2C0_0,1,0,0,0
215.0,C0,南,bottom2C0,bottom2C0_1,1,0,0,0
215.0,C0,南,bottom2C0,bottom2C0_2,1,0,1,0
215.0,C0,东,right0C0,right0C0_0,0,0,0,0
215.0,C0,东,right0C0,right0C0_1,0,0,0,0
215.0,C0,东,right0C0,right0C0_2,0,0,0,0
215.0,C1,西,B1C1,B1C1_0,0,0,0,0
215.0,C1,西,B1C1,B1C1_1,0,0,0,0
215.0,C1,西,B1C1,B1C1_2,0,0,0,0
215.0,C1,南,C0C1,C0C1_0,0,0,0,0
215.0,C1,南,C0C1,C0C1_1,0,0,0,0
215.0,C1,南,C0C1,C0C1_2,0,0,0,0
215.0,C1,北,C2C1,C2C1_0,1,0,1,0
215.0,C1,北,C2C1,C2C1_1,1,0,0,0
215.0,C1,北,C2C1,C2C1_2,1,0,0,0
215.0,C1,东,right1C1,right1C1_0,0,0,0,0
215.0,C1,东,right1C1,right1C1_1,0,0,0,0
215.0,C1,东,right1C1,right1C1_2,0,0,0,0
215.0,C2,西,B2C2,B2C2_0,3,0,0,0
215.0,C2,西,B2C2,B2C2_1,3,0,0,0
215.0,C2,西,B2C2,B2C2_2,3,0,3,0
215.0,C2,南,C1C2,C1C2_0,3,1,1,0
215.0,C2,南,C1C2,C1C2_1,3,1,2,0
215.0,C2,南,C1C2,C1C2_2,3,1,0,0
215.0,C2,东,right2C2,right2C2_0,0,0,0,0
215.0,C2,东,right2C2,right2C2_1,0,0,0,0
215.0,C2,东,right2C2,right2C2_2,0,0,0,0
215.0,C2,北,top2C2,top2C2_0,1,0,0,0
215.0,C2,北,top2C2,top2C2_1,1,0,1,0
215.0,C2,北,top2C2,top2C2_2,1,0,0,0
220.0,A0,北,A1A0,A1A0_0,2,0,0,0
220.0,A0,北,A1A0,A1A0_1,2,0,1,1
220.0,A0,北,A1A0,A1A0_2,2,0,1,1
220.0,A0,东,B0A0,B0A0_0,1,0,0,0
220.0,A0,东,B0A0,B0A0_1,1,0,1,1
220.0,A0,东,B0A0,B0A0_2,1,0,0,0
220.0,A0,南,bottom0A0,bottom0A0_0,0,0,0,0
220.0,A0,南,bottom0A0,bottom0A0_1,0,0,0,0
220.0,A0,南,bottom0A0,bottom0A0_2,0,0,0,0
220.0,A0,西,left0A0,left0A0_0,0,0,0,0
220.0,A0,西,left0A0,left0A0_1,0,0,0,0
220.0,A0,西,left0A0,left0A0_2,0,0,0,0
220.0,A1,南,A0A1,A0A1_0,4,0,0,0
220.0,A1,南,A0A1,A0A1_1,4,0,4,1
220.0,A1,南,A0A1,A0A1_2,4,0,0,0
220.0,A1,北,A2A1,A2A1_0,1,0,1,0
220.0,A1,北,A2A1,A2A1_1,1,0,0,0
220.0,A1,北,A2A1,A2A1_2,1,0,0,0
220.0,A1,东,B1A1,B1A1_0,0,0,0,0
220.0,A1,东,B1A1,B1A1_1,0,0,0,0
220.0,A1,东,B1A1,B1A1_2,0,0,0,0
220.0,A1,西,left1A1,left1A1_0,2,1,1,0
220.0,A1,西,left1A1,left1A1_1,2,1,1,0
220.0,A1,西,left1A1,left1A1_2,2,1,0,0
220.0,A2,南,A1A2,A1A2_0,1,0,0,0
220.0,A2,南,A1A2,A1A2_1,1,0,1,1
220.0,A2,南,A1A2,A1A2_2,1,0,0,0
220.0,A2,东,B2A2,B2A2_0,0,0,0,0
220.0,A2,东,B2A2,B2A2_1,0,0,0,0
220.0,A2,东,B2A2,B2A2_2,0,0,0,0
220.0,A2,西,left2A2,left2A2_0,1,0,0,0
220.0,A2,西,left2A2,left2A2_1,1,0,1,0
220.0,A2,西,left2A2,left2A2_2,1,0,0,0
220.0,A2,北,top0A2,top0A2_0,2,0,0,0
220.0,A2,北,top0A2,top0A2_1,2,0,2,1
220.0,A2,北,top0A2,top0A2_2,2,0,0,0
220.0,B0,西,A0B0,A0B0_0,0,0,0,0
220.0,B0,西,A0B0,A0B0_1,0,0,0,0
220.0,B0,西,A0B0,A0B0_2,0,0,0,0
220.0,B0,北,B1B0,B1B0_0,4,1,1,0
220.0,B0,北,B1B0,B1B0_1,4,1,1,0
220.0,B0,北,B1B0,B1B0_2,4,1,2,2
220.0,B0,东,C0B0,C0B0_0,2,0,1,0
220.0,B0,东,C0B0,C0B0_1,2,0,1,1
220.0,B0,东,C0B0,C0B0_2,2,0,0,0
220.0,B0,南,bottom1B0,bottom1B0_0,0,0,0,0
220.0,B0,南,bottom1B0,bottom1B0_1,0,0,0,0
220.0,B0,南,bottom1B0,bottom1B0_2,0,0,0,0
220.0,B1,西,A1B1,A1B1_0,0,0,0,0
220.0,B1,西,A1B1,A1B1_1,0,0,0,0
220.0,B1,西,A1B1,A1B1_2,0,0,0,0
220.0,B1,南,B0B1,B0B1_0,7,2,5,0
220.0,B1,南,B0B1,B0B1_1,7,2,2,1
220.0,B1,南,B0B1,B0B1_2,7,2,0,0
220.0,B1,北,B2B1,B2B1_0,1,0,0,0
220.0,B1,北,B2B1,B2B1_1,1,0,0,0
220.0,B1,北,B2B1,B2B1_2,1,0,1,1
220.0,B1,东,C1B1,C1B1_0,0,0,0,0
220.0,B1,东,C1B1,C1B1_1,0,0,0,0
220.0,B1,东,C1B1,C1B1_2,0,0,0,0
220.0,B2,西,A2B2,A2B2_0,1,1,0,0
220.0,B2,西,A2B2,A2B2_1,1,1,1,0
220.0,B2,西,A2B2,A2B2_2,1,1,0,0
220.0,B2,南,B1B2,B1B2_0,2,0,1,0
220.0,B2,南,B1B2,B1B2_1,2,0,1,1
220.0,B2,南,B1B2,B1B2_2,2,0,0,0
220.0,B2,东,C2B2,C2B2_0,1,0,0,0
220.0,B2,东,C2B2,C2B2_1,1,0,1,1
220.0,B2,东,C2B2,C2B2_2,1,0,0,0
220.0,B2,北,top1B2,top1B2_0,2,0,0,0
220.0,B2,北,top1B2,top1B2_1,2,0,2,1
220.0,B2,北,top1B2,top1B2_2,2,0,0,0
220.0,C0,西,B0C0,B0C0_0,0,0,0,0
220.0,C0,西,B0C0,B0C0_1,0,0,0,0
220.0,C0,西,B0C0,B0C0_2,0,0,0,0
220.0,C0,北,C1C0,C1C0_0,1,0,0,0
220.0,C0,北,C1C0,C1C0_1,1,0,1,1
220.0,C0,北,C1C0,C1C0_2,1,0,0,0
220.0,C0,南,bottom2C0,bottom2C0_0,1,0,0,0
220.0,C0,南,bottom2C0,bottom2C0_1,1,0,0,0
220.0,C0,南,bottom2C0,bottom2C0_2,1,0,1,0
220.0,C0,东,right0C0,right0C0_0,0,0,0,0
220.0,C0,东,right0C0,right0C0_1,0,0,0,0
220.0,C0,东,right0C0,right0C0_2,0,0,0,0
220.0,C1,西,B1C1,B1C1_0,1,1,0,0
220.0,C1,西,B1C1,B1C1_1,1,1,1,0
220.0,C1,西,B1C1,B1C1_2,1,1,0,0
220.0,C1,南,C0C1,C0C1_0,1,1,0,0
220.0,C1,南,C0C1,C0C1_1,1,1,1,0
220.0,C1,南,C0C1,C0C1_2,1,1,0,0
220.0,C1,北,C2C1,C2C1_0,1,0,1,0
220.0,C1,北,C2C1,C2C1_1,1,0,0,0
220.0,C1,北,C2C1,C2C1_2,1,0,0,0
220.0,C1,东,right1C1,right1C1_0,0,0,0,0
220.0,C1,东,right1C1,right1C1_1,0,0,0,0
220.0,C1,东,right1C1,right1C1_2,0,0,0,0
220.0,C2,西,B2C2,B2C2_0,2,0,0,0
220.0,C2,西,B2C2,B2C2_1,2,0,0,0
220.0,C2,西,B2C2,B2C2_2,2,0,2,0
220.0,C2,南,C1C2,C1C2_0,3,0,1,0
220.0,C2,南,C1C2,C1C2_1,3,0,2,0
220.0,C2,南,C1C2,C1C2_2,3,0,0,0
220.0,C2,东,right2C2,right2C2_0,0,0,0,0
220.0,C2,东,right2C2,right2C2_1,0,0,0,0
220.0,C2,东,right2C2,right2C2_2,0,0,0,0
220.0,C2,北,top2C2,top2C2_0,1,0,0,0
220.0,C2,北,top2C2,top2C2_1,1,0,1,0
220.0,C2,北,top2C2,top2C2_2,1,0,0,0
225.0,A0,北,A1A0,A1A0_0,2,0,0,0
225.0,A0,北,A1A0,A1A0_1,2,0,1,1
225.0,A0,北,A1A0,A1A0_2,2,0,1,1
225.0,A0,东,B0A0,B0A0_0,1,0,0,0
225.0,A0,东,B0A0,B0A0_1,1,0,1,1
225.0,A0,东,B0A0,B0A0_2,1,0,0,0
225.0,A0,南,bottom0A0,bottom0A0_0,0,0,0,0
225.0,A0,南,bottom0A0,bottom0A0_1,0,0,0,0
225.0,A0,南,bottom0A0,bottom0A0_2,0,0,0,0
225.0,A0,西,left0A0,left0A0_0,0,0,0,0
225.0,A0,西,left0A0,left0A0_1,0,0,0,0
225.0,A0,西,left0A0,left0A0_2,0,0,0,0
225.0,A1,南,A0A1,A0A1_0,4,0,0,0
225.0,A1,南,A0A1,A0A1_1,4,0,4,1
225.0,A1,南,A0A1,A0A1_2,4,0,0,0
225.0,A1,北,A2A1,A2A1_0,1,0,1,0
225.0,A1,北,A2A1,A2A1_1,1,0,0,0
225.0,A1,北,A2A1,A2A1_2,1,0,0,0
225.0,A1,东,B1A1,B1A1_0,0,0,0,0
225.0,A1,东,B1A1,B1A1_1,0,0,0,0
225.0,A1,东,B1A1,B1A1_2,0,0,0,0
225.0,A1,西,left1A1,left1A1_0,2,0,1,0
225.0,A1,西,left1A1,left1A1_1,2,0,1,0
225.0,A1,西,left1A1,left1A1_2,2,0,0,0
225.0,A2,南,A1A2,A1A2_0,1,0,0,0
225.0,A2,南,A1A2,A1A2_1,1,0,1,1
225.0,A2,南,A1A2,A1A2_2,1,0,0,0
225.0,A2,东,B2A2,B2A2_0,0,0,0,0
225.0,A2,东,B2A2,B2A2_1,0,0,0,0
225.0,A2,东,B2A2,B2A2_2,0,0,0,0
225.0,A2,西,left2A2,left2A2_0,0,0,0,0
225.0,A2,西,left2A2,left2A2_1,0,0,0,0
225.0,A2,西,left2A2,left2A2_2,0,0,0,0
225.0,A2,北,top0A2,top0A2_0,2,0,0,0
225.0,A2,北,top0A2,top0A2_1,2,0,2,1
225.0,A2,北,top0A2,top0A2_2,2,0,0,0
225.0,B0,西,A0B0,A0B0_0,1,1,0,0
225.0,B0,西,A0B0,A0B0_1,1,1,0,0
225.0,B0,西,A0B0,A0B0_2,1,1,1,0
225.0,B0,北,B1B0,B1B0_0,4,0,1,0
225.0,B0,北,B1B0,B1B0_1,4,0,1,0
225.0,B0,北,B1B0,B1B0_2,4,0,2,2
225.0,B0,东,C0B0,C0B0_0,2,0,1,0
225.0,B0,东,C0B0,C0B0_1,2,0,1,1
225.0,B0,东,C0B0,C0B0_2,2,0,0,0
225.0,B0,南,bottom1B0,bottom1B0_0,0,0,0,0
225.0,B0,南,bottom1B0,bottom1B0_1,0,0,0,0
225.0,B0,南,bottom1B0,bottom1B0_2,0,0,0,0
225.0,B1,西,A1B1,A1B1_0,0,0,0,0
225.0,B1,西,A1B1,A1B1_1,0,0,0,0
225.0,B1,西,A1B1,A1B1_2,0,0,0,0
225.0,B1,南,B0B1,B0B1_0,9,2,7,0
225.0,B1,南,B0B1,B0B1_1,9,2,2,1
225.0,B1,南,B0B1,B0B1_2,9,2,0,0
225.0,B1,北,B2B1,B2B1_0,1,0,0,0
225.0,B1,北,B2B1,B2B1_1,1,0,0,0
225.0,B1,北,B2B1,B2B1_2,1,0,1,1
225.0,B1,东,C1B1,C1B1_0,0,0,0,0
225.0,B1,东,C1B1,C1B1_1,0,0,0,0
225.0,B1,东,C1B1,C1B1_2,0,0,0,0
225.0,B2,西,A2B2,A2B2_0,3,2,1,0
225.0,B2,西,A2B2,A2B2_1,3,2,2,0
225.0,B2,西,A2B2,A2B2_2,3,2,0,0
225.0,B2,南,B1B2,B1B2_0,2,0,1,0
225.0,B2,南,B1B2,B1B2_1,2,0,1,1
225.0,B2,南,B1B2,B1B2_2,2,0,0,0
225.0,B2,东,C2B2,C2B2_0,1,0,0,0
225.0,B2,东,C2B2,C2B2_1,1,0,1,1
225.0,B2,东,C2B2,C2B2_2,1,0,0,0
225.0,B2,北,top1B2,top1B2_0,2,0,0,0
225.0,B2,北,top1B2,top1B2_1,2,0,2,2
225.0,B2,北,top1B2,top1B2_2,2,0,0,0
225.0,C0,西,B0C0,B0C0_0,0,0,0,0
225.0,C0,西,B0C0,B0C0_1,0,0,0,0
225.0,C0,西,B0C0,B0C0_2,0,0,0,0
225.0,C0,北,C1C0,C1C0_0,1,0,0,0
225.0,C0,北,C1C0,C1C0_1,1,0,1,1
225.0,C0,北,C1C0,C1C0_2,1,0,0,0
225.0,C0,南,bottom2C0,bottom2C0_0,1,0,0,0
225.0,C0,南,bottom2C0,bottom2C0_1,1,0,0,0
225.0,C0,南,bottom2C0,bottom2C0_2,1,0,1,0
225.0,C0,东,right0C0,right0C0_0,0,0,0,0
225.0,C0,东,right0C0,right0C0_1,0,0,0,0
225.0,C0,东,right0C0,right0C0_2,0,0,0,0
225.0,C1,西,B1C1,B1C1_0,1,0,0,0
225.0,C1,西,B1C1,B1C1_1,1,0,1,0
225.0,C1,西,B1C1,B1C1_2,1,0,0,0
225.0,C1,南,C0C1,C0C1_0,1,0,0,0
225.0,C1,南,C0C1,C0C1_1,1,0,1,0
225.0,C1,南,C0C1,C0C1_2,1,0,0,0
225.0,C1,北,C2C1,C2C1_0,1,0,1,0
225.0,C1,北,C2C1,C2C1_1,1,0,0,0
225.0,C1,北,C2C1,C2C1_2,1,0,0,0
225.0,C1,东,right1C1,right1C1_0,0,0,0,0
225.0,C1,东,right1C1,right1C1_1,0,0,0,0
225.0,C1,东,right1C1,right1C1_2,0,0,0,0
225.0,C2,西,B2C2,B2C2_0,0,0,0,0
225.0,C2,西,B2C2,B2C2_1,0,0,0,0
225.0,C2,西,B2C2,B2C2_2,0,0,0,0
225.0,C2,南,C1C2,C1C2_0,3,0,1,0
225.0,C2,南,C1C2,C1C2_1,3,0,2,0
225.0,C2,南,C1C2,C1C2_2,3,0,0,0
225.0,C2,东,right2C2,right2C2_0,0,0,0,0
225.0,C2,东,right2C2,right2C2_1,0,0,0,0
225.0,C2,东,right2C2,right2C2_2,0,0,0,0
225.0,C2,北,top2C2,top2C2_0,2,1,0,0
225.0,C2,北,top2C2,top2C2_1,2,1,1,0
225.0,C2,北,top2C2,top2C2_2,2,1,1,0
230.0,A0,北,A1A0,A1A0_0,2,0,0,0
230.0,A0,北,A1A0,A1A0_1,2,0,1,1
230.0,A0,北,A1A0,A1A0_2,2,0,1,1
230.0,A0,东,B0A0,B0A0_0,1,0,0,0
230.0,A0,东,B0A0,B0A0_1,1,0,1,1
230.0,A0,东,B0A0,B0A0_2,1,0,0,0
230.0,A0,南,bottom0A0,bottom0A0_0,0,0,0,0
230.0,A0,南,bottom0A0,bottom0A0_1,0,0,0,0
230.0,A0,南,bottom0A0,bottom0A0_2,0,0,0,0
230.0,A0,西,left0A0,left0A0_0,0,0,0,0
230.0,A0,西,left0A0,left0A0_1,0,0,0,0
230.0,A0,西,left0A0,left0A0_2,0,0,0,0
230.0,A1,南,A0A1,A0A1_0,4,0,0,0
230.0,A1,南,A0A1,A0A1_1,4,0,4,1
230.0,A1,南,A0A1,A0A1_2,4,0,0,0
230.0,A1,北,A2A1,A2A1_0,1,0,1,0
230.0,A1,北,A2A1,A2A1_1,1,0,0,0
230.0,A1,北,A2A1,A2A1_2,1,0,0,0
230.0,A1,东,B1A1,B1A1_0,0,0,0,0
230.0,A1,东,B1A1,B1A1_1,0,0,0,0
230.0,A1,东,B1A1,B1A1_2,0,0,0,0
230.0,A1,西,left1A1,left1A1_0,2,0,1,0
230.0,A1,西,left1A1,left1A1_1,2,0,1,0
230.0,A1,西,left1A1,left1A1_2,2,0,0,0
230.0,A2,南,A1A2,A1A2_0,1,0,0,0
230.0,A2,南,A1A2,A1A2_1,1,0,1,1
230.0,A2,南,A1A2,A1A2_2,1,0,0,0
230.0,A2,东,B2A2,B2A2_0,0,0,0,0
230.0,A2,东,B2A2,B2A2_1,0,0,0,0
230.0,A2,东,B2A2,B2A2_2,0,0,0,0
230.0,A2,西,left2A2,left2A2_0,0,0,0,0
230.0,A2,西,left2A2,left2A2_1,0,0,0,0
230.0,A2,西,left2A2,left2A2_2,0,0,0,0
230.0,A2,北,top0A2,top0A2_0,2,0,0,0
230.0,A2,北,top0A2,top0A2_1,2,0,2,2
230.0,A2,北,top0A2,top0A2_2,2,0,0,0
230.0,B0,西,A0B0,A0B0_0,1,0,0,0
230.0,B0,西,A0B0,A0B0_1,1,0,0,0
230.0,B0,西,A0B0,A0B0_2,1,0,1,0
230.0,B0,北,B1B0,B1B0_0,4,0,1,0
230.0,B0,北,B1B0,B1B0_1,4,0,1,0
230.0,B0,北,B1B0,B1B0_2,4,0,2,2
230.0,B0,东,C0B0,C0B0_0,1,0,0,0
230.0,B0,东,C0B0,C0B0_1,1,0,1,1
230.0,B0,东,C0B0,C0B0_2,1,0,0,0
230.0,B0,南,bottom1B0,bottom1B0_0,0,0,0,0
230.0,B0,南,bottom1B0,bottom1B0_1,0,0,0,0
230.0,B0,南,bottom1B0,bottom1B0_2,0,0,0,0
230.0,B1,西,A1B1,A1B1_0,0,0,0,0
230.0,B1,西,A1B1,A1B1_1,0,0,0,0
230.0,B1,西,A1B1,A1B1_2,0,0,0,0
230.0,B1,南,B0B1,B0B1_0,9,0,7,0
230.0,B1,南,B0B1,B0B1_1,9,0,2,1
230.0,B1,南,B0B1,B0B1_2,9,0,0,0
230.0,B1,北,B2B1,B2B1_0,1,0,0,0
230.0,B1,北,B2B1,B2B1_1,1,0,0,0
230.0,B1,北,B2B1,B2B1_2,1,0,1,1
230.0,B1,东,C1B1,C1B1_0,0,0,0,0
230.0,B1,东,C1B1,C1B1_1,0,0,0,0
230.0,B1,东,C1B1,C1B1_2,0,0,0,0
230.0,B2,西,A2B2,A2B2_0,3,0,1,0
230.0,B2,西,A2B2,A2B2_1,3,0,2,0
230.0,B2,西,A2B2,A2B2_2,3,0,0,0
230.0,B2,南,B1B2,B1B2_0,2,0,1,0
230.0,B2,南,B1B2,B1B2_1,2,0,1,1
230.0,B2,南,B1B2,B1B2_2,2,0,0,0
230.0,B2,东,C2B2,C2B2_0,1,0,0,0
230.0,B2,东,C2B2,C2B2_1,1,0,1,1
230.0,B2,东,C2B2,C2B2_2,1,0,0,0
230.0,B2,北,top1B2,top1B2_0,2,0,0,0
230.0,B2,北,top1B2,top1B2_1,2,0,2,2
230.0,B2,北,top1B2,top1B2_2,2,0,0,0
230.0,C0,西,B0C0,B0C0_0,0,0,0,0
230.0,C0,西,B0C0,B0C0_1,0,0,0,0
230.0,C0,西,B0C0,B0C0_2,0,0,0,0
230.0,C0,北,C1C0,C1C0_0,1,0,0,0
230.0,C0,北,C1C0,C1C0_1,1,0,1,1
230.0,C0,北,C1C0,C1C0_2,1,0,0,0
230.0,C0,南,bottom2C0,bottom2C0_0,1,0,0,0
230.0,C0,南,bottom2C0,bottom2C0_1,1,0,0,0
230.0,C0,南,bottom2C0,bottom2C0_2,1,0,1,1
230.0,C0,东,right0C0,right0C0_0,0,0,0,0
230.0,C0,东,right0C0,right0C0_1,0,0,0,0
230.0,C0,东,right0C0,right0C0_2,0,0,0,0
230.0,C1,西,B1C1,B1C1_0,1,0,0,0
230.0,C1,西,B1C1,B1C1_1,1,0,1,0
230.0,C1,西,B1C1,B1C1_2,1,0,0,0
230.0,C1,南,C0C1,C0C1_0,1,0,0,0
230.0,C1,南,C0C1,C0C1_1,1,0,1,0
230.0,C1,南,C0C1,C0C1_2,1,0,0,0
230.0,C1,北,C2C1,C2C1_0,1,0,1,0
230.0,C1,北,C2C1,C2C1_1,1,0,0,0
230.0,C1,北,C2C1,C2C1_2,1,0,0,0
230.0,C1,东,right1C1,right1C1_0,0,0,0,0
230.0,C1,东,right1C1,right1C1_1,0,0,0,0
230.0,C1,东,right1C1,right1C1_2,0,0,0,0
230.0,C2,西,B2C2,B2C2_0,0,0,0,0
230.0,C2,西,B2C2,B2C2_1,0,0,0,0
230.0,C2,西,B2C2,B2C2_2,0,0,0,0
230.0,C2,南,C1C2,C1C2_0,3,0,1,0
230.0,C2,南,C1C2,C1C2_1,3,0,2,0
230.0,C2,南,C1C2,C1C2_2,3,0,0,0
230.0,C2,东,right2C2,right2C2_0,0,0,0,0
230.0,C2,东,right2C2,right2C2_1,0,0,0,0
230.0,C2,东,right2C2,right2C2_2,0,0,0,0
230.0,C2,北,top2C2,top2C2_0,2,0,0,0
230.0,C2,北,top2C2,top2C2_1,2,0,1,1
230.0,C2,北,top2C2,top2C2_2,2,0,1,0
235.0,A0,北,A1A0,A1A0_0,2,0,0,0
235.0,A0,北,A1A0,A1A0_1,2,0,1,1
235.0,A0,北,A1A0,A1A0_2,2,0,1,1
235.0,A0,东,B0A0,B0A0_0,0,0,0,0
235.0,A0,东,B0A0,B0A0_1,0,0,0,0
235.0,A0,东,B0A0,B0A0_2,0,0,0,0
235.0,A0,南,bottom0A0,bottom0A0_0,0,0,0,0
235.0,A0,南,bottom0A0,bottom0A0_1,0,0,0,0
235.0,A0,南,bottom0A0,bottom0A0_2,0,0,0,0
235.0,A0,西,left0A0,left0A0_0,0,0,0,0
235.0,A0,西,left0A0,left0A0_1,0,0,0,0
235.0,A0,西,left0A0,left0A0_2,0,0,0,0
235.0,A1,南,A0A1,A0A1_0,4,0,0,0
235.0,A1,南,A0A1,A0A1_1,4,0,4,3
235.0,A1,南,A0A1,A0A1_2,4,0,0,0
235.0,A1,北,A2A1,A2A1_0,1,0,1,1
235.0,A1,北,A2A1,A2A1_1,1,0,0,0
235.0,A1,北,A2A1,A2A1_2,1,0,0,0
235.0,A1,东,B1A1,B1A1_0,0,0,0,0
235.0,A1,东,B1A1,B1A1_1,0,0,0,0
235.0,A1,东,B1A1,B1A1_2,0,0,0,0
235.0,A1,西,left1A1,left1A1_0,2,0,1,0
235.0,A1,西,left1A1,left1A1_1,2,0,1,0
235.0,A1,西,left1A1,left1A1_2,2,0,0,0
235.0,A2,南,A1A2,A1A2_0,1,0,0,0
235.0,A2,南,A1A2,A1A2_1,1,0,1,1
235.0,A2,南,A1A2,A1A2_2,1,0,0,0
235.0,A2,东,B2A2,B2A2_0,0,0,0,0
235.0,A2,东,B2A2,B2A2_1,0,0,0,0
235.0,A2,东,B2A2,B2A2_2,0,0,0,0
235.0,A2,西,left2A2,left2A2_0,0,0,0,0
235.0,A2,西,left2A2,left2A2_1,0,0,0,0
235.0,A2,西,left2A2,left2A2_2,0,0,0,0
235.0,A2,北,top0A2,top0A2_0,3,1,0,0
235.0,A2,北,top0A2,top0A2_1,3,1,2,2
235.0,A2,北,top0A2,top0A2_2,3,1,1,0
235.0,B0,西,A0B0,A0B0_0,1,0,0,0
235.0,B0,西,A0B0,A0B0_1,1,0,0,0
235.0,B0,西,A0B0,A0B0_2,1,0,1,0
235.0,B0,北,B1B0,B1B0_0,4,0,1,1
235.0,B0,北,B1B0,B1B0_1,4,0,1,0
235.0,B0,北,B1B0,B1B0_2,4,0,2,2
235.0,B0,东,C0B0,C0B0_0,0,0,0,0
235.0,B0,东,C0B0,C0B0_1,0,0,0,0
235.0,B0,东,C0B0,C0B0_2,0,0,0,0
235.0,B0,南,bottom1B0,bottom1B0_0,0,0,0,0
235.0,B0,南,bottom1B0,bottom1B0_1,0,0,0,0
235.0,B0,南,bottom1B0,bottom1B0_2,0,0,0,0
235.0,B1,西,A1B1,A1B1_0,0,0,0,0
235.0,B1,西,A1B1,A1B1_1,0,0,0,0
235.0,B1,西,A1B1,A1B1_2,0,0,0,0
235.0,B1,南,B0B1,B0B1_0,10,1,7,0
235.0,B1,南,B0B1,B0B1_1,10,1,2,1
235.0,B1,南,B0B1,B0B1_2,10,1,1,0
235.0,B1,北,B2B1,B2B1_0,1,0,0,0
235.0,B1,北,B2B1,B2B1_1,1,0,0,0
235.0,B1,北,B2B1,B2B1_2,1,0,1,1
235.0,B1,东,C1B1,C1B1_0,0,0,0,0
235.0,B1,东,C1B1,C1B1_1,0,0,0,0
235.0,B1,东,C1B1,C1B1_2,0,0,0,0
235.0,B2,西,A2B2,A2B2_0,3,0,1,0
235.0,B2,西,A2B2,A2B2_1,3,0,2,0
235.0,B2,西,A2B2,A2B2_2,3,0,0,0
235.0,B2,南,B1B2,B1B2_0,2,0,1,0
235.0,B2,南,B1B2,B1B2_1,2,0,1,1
235.0,B2,南,B1B2,B1B2_2,2,0,0,0
235.0,B2,东,C2B2,C2B2_0,0,0,0,0
235.0,B2,东,C2B2,C2B2_1,0,0,0,0
235.0,B2,东,C2B2,C2B2_2,0,0,0,0
235.0,B2,北,top1B2,top1B2_0,2,0,0,0
235.0,B2,北,top1B2,top1B2_1,2,0,2,2
235.0,B2,北,top1B2,top1B2_2,2,0,0,0
235.0,C0,西,B0C0,B0C0_0,0,0,0,0
235.0,C0,西,B0C0,B0C0_1,0,0,0,0
235.0,C0,西,B0C0,B0C0_2,0,0,0,0
235.0,C0,北,C1C0,C1C0_0,1,0,0,0
235.0,C0,北,C1C0,C1C0_1,1,0,1,1
235.0,C0,北,C1C0,C1C0_2,1,0,0,0
235.0,C0,南,bottom2C0,bottom2C0_0,1,0,0,0
235.0,C0,南,bottom2C0,bottom2C0_1,1,0,0,0
235.0,C0,南,bottom2C0,bottom2C0_2,1,0,1,1
235.0,C0,东,right0C0,right0C0_0,1,1,1,0
235.0,C0,东,right0C0,right0C0_1,1,1,0,0
235.0,C0,东,right0C0,right0C0_2,1,1,0,0
235.0,C1,西,B1C1,B1C1_0,1,0,0,0
235.0,C1,西,B1C1,B1C1_1,1,0,1,0
235.0,C1,西,B1C1,B1C1_2,1,0,0,0
235.0,C1,南,C0C1,C0C1_0,1,0,0,0
235.0,C1,南,C0C1,C0C1_1,1,0,1,0
235.0,C1,南,C0C1,C0C1_2,1,0,0,0
235.0,C1,北,C2C1,C2C1_0,0,0,0,0
235.0,C1,北,C2C1,C2C1_1,0,0,0,0
235.0,C1,北,C2C1,C2C1_2,0,0,0,0
235.0,C1,东,right1C1,right1C1_0,0,0,0,0
235.0,C1,东,right1C1,right1C1_1,0,0,0,0
235.0,C1,东,right1C1,right1C1_2,0,0,0,0
235.0,C2,西,B2C2,B2C2_0,0,0,0,0
235.0,C2,西,B2C2,B2C2_1,0,0,0,0
235.0,C2,西,B2C2,B2C2_2,0,0,0,0
235.0,C2,南,C1C2,C1C2_0,2,0,0,0
235.0,C2,南,C1C2,C1C2_1,2,0,2,2
235.0,C2,南,C1C2,C1C2_2,2,0,0,0
235.0,C2,东,right2C2,right2C2_0,0,0,0,0
235.0,C2,东,right2C2,right2C2_1,0,0,0,0
235.0,C2,东,right2C2,right2C2_2,0,0,0,0
235.0,C2,北,top2C2,top2C2_0,2,0,0,0
235.0,C2,北,top2C2,top2C2_1,2,0,1,1
235.0,C2,北,top2C2,top2C2_2,2,0,1,0
240.0,A0,北,A1A0,A1A0_0,2,0,0,0
240.0,A0,北,A1A0,A1A0_1,2,0,1,1
240.0,A0,北,A1A0,A1A0_2,2,0,1,1
240.0,A0,东,B0A0,B0A0_0,1,1,0,0
240.0,A0,东,B0A0,B0A0_1,1,1,1,0
240.0,A0,东,B0A0,B0A0_2,1,1,0,0
240.0,A0,南,bottom0A0,bottom0A0_0,0,0,0,0
240.0,A0,南,bottom0A0,bottom0A0_1,0,0,0,0
240.0,A0,南,bottom0A0,bottom0A0_2,0,0,0,0
240.0,A0,西,left0A0,left0A0_0,0,0,0,0
240.0,A0,西,left0A0,left0A0_1,0,0,0,0
240.0,A0,西,left0A0,left0A0_2,0,0,0,0
240.0,A1,南,A0A1,A0A1_0,4,0,0,0
240.0,A1,南,A0A1,A0A1_1,4,0,4,4
240.0,A1,南,A0A1,A0A1_2,4,0,0,0
240.0,A1,北,A2A1,A2A1_0,0,0,0,0
240.0,A1,北,A2A1,A2A1_1,0,0,0,0
240.0,A1,北,A2A1,A2A1_2,0,0,0,0
240.0,A1,东,B1A1,B1A1_0,0,0,0,0
240.0,A1,东,B1A1,B1A1_1,0,0,0,0
240.0,A1,东,B1A1,B1A1_2,0,0,0,0
240.0,A1,西,left1A1,left1A1_0,3,1,1,0
240.0,A1,西,left1A1,left1A1_1,3,1,1,1
240.0,A1,西,left1A1,left1A1_2,3,1,1,0
240.0,A2,南,A1A2,A1A2_0,1,0,0,0
240.0,A2,南,A1A2,A1A2_1,1,0,1,1
240.0,A2,南,A1A2,A1A2_2,1,0,0,0
240.0,A2,东,B2A2,B2A2_0,1,1,1,0
240.0,A2,东,B2A2,B2A2_1,1,1,0,0
240.0,A2,东,B2A2,B2A2_2,1,1,0,0
240.0,A2,西,left2A2,left2A2_0,0,0,0,0
240.0,A2,西,left2A2,left2A2_1,0,0,0,0
240.0,A2,西,left2A2,left2A2_2,0,0,0,0
240.0,A2,北,top0A2,top0A2_0,3,0,0,0
240.0,A2,北,top0A2,top0A2_1,3,0,2,2
240.0,A2,北,top0A2,top0A2_2,3,0,1,0
240.0,B0,西,A0B0,A0B0_0,1,0,0,0
240.0,B0,西,A0B0,A0B0_1,1,0,0,0
240.0,B0,西,A0B0,A0B0_2,1,0,1,0
240.0,B0,北,B1B0,B1B0_0,3,0,0,0
240.0,B0,北,B1B0,B1B0_1,3,0,1,0
240.0,B0,北,B1B0,B1B0_2,3,0,2,2
240.0,B0,东,C0B0,C0B0_0,0,0,0,0
240.0,B0,东,C0B0,C0B0_1,0,0,0,0
240.0,B0,东,C0B0,C0B0_2,0,0,0,0
240.0,B0,南,bottom1B0,bottom1B0_0,0,0,0,0
240.0,B0,南,bottom1B0,bottom1B0_1,0,0,0,0
240.0,B0,南,bottom1B0,bottom1B0_2,0,0,0,0
240.0,B1,西,A1B1,A1B1_0,0,0,0,0
240.0,B1,西,A1B1,A1B1_1,0,0,0,0
240.0,B1,西,A1B1,A1B1_2,0,0,0,0
240.0,B1,南,B0B1,B0B1_0,9,0,6,0
240.0,B1,南,B0B1,B0B1_1,9,0,2,2
240.0,B1,南,B0B1,B0B1_2,9,0,1,0
240.0,B1,北,B2B1,B2B1_0,1,0,0,0
240.0,B1,北,B2B1,B2B1_1,1,0,0,0
240.0,B1,北,B2B1,B2B1_2,1,0,1,1
240.0,B1,东,C1B1,C1B1_0,1,1,0,0
240.0,B1,东,C1B1,C1B1_1,1,1,1,0
240.0,B1,东,C1B1,C1B1_2,1,1,0,0
240.0,B2,西,A2B2,A2B2_0,3,0,1,0
240.0,B2,西,A2B2,A2B2_1,3,0,2,0
240.0,B2,西,A2B2,A2B2_2,3,0,0,0
240.0,B2,南,B1B2,B1B2_0,1,0,0,0
240.0,B2,南,B1B2,B1B2_1,1,0,1,1
240.0,B2,南,B1B2,B1B2_2,1,0,0,0
240.0,B2,东,C2B2,C2B2_0,0,0,0,0
240.0,B2,东,C2B2,C2B2_1,0,0,0,0
240.0,B2,东,C2B2,C2B2_2,0,0,0,0
240.0,B2,北,top1B2,top1B2_0,3,1,1,0
240.0,B2,北,top1B2,top1B2_1,3,1,2,2
240.0,B2,北,top1B2,top1B2_2,3,1,0,0
240.0,C0,西,B0C0,B0C0_0,0,0,0,0
240.0,C0,西,B0C0,B0C0_1,0,0,0,0
240.0,C0,西,B0C0,B0C0_2,0,0,0,0
240.0,C0,北,C1C0,C1C0_0,1,0,0,0
240.0,C0,北,C1C0,C1C0_1,1,0,1,1
240.0,C0,北,C1C0,C1C0_2,1,0,0,0
240.0,C0,南,bottom2C0,bottom2C0_0,1,0,0,0
240.0,C0,南,bottom2C0,bottom2C0_1,1,0,0,0
240.0,C0,南,bottom2C0,bottom2C0_2,1,0,1,1
240.0,C0,东,right0C0,right0C0_0,1,0,1,0
240.0,C0,东,right0C0,right0C0_1,1,0,0,0
240.0,C0,东,right0C0,right0C0_2,1,0,0,0
240.0,C1,西,B1C1,B1C1_0,2,1,0,0
240.0,C1,西,B1C1,B1C1_1,2,1,1,0
240.0,C1,西,B1C1,B1C1_2,2,1,1,0
240.0,C1,南,C0C1,C0C1_0,1,0,0,0
240.0,C1,南,C0C1,C0C1_1,1,0,1,1
240.0,C1,南,C0C1,C0C1_2,1,0,0,0
240.0,C1,北,C2C1,C2C1_0,0,0,0,0
240.0,C1,北,C2C1,C2C1_1,0,0,0,0
240.0,C1,北,C2C1,C2C1_2,0,0,0,0
240.0,C1,东,right1C1,right1C1_0,1,1,1,0
240.0,C1,东,right1C1,right1C1_1,1,1,0,0
240.0,C1,东,right1C1,right1C1_2,1,1,0,0
240.0,C2,西,B2C2,B2C2_0,0,0,0,0
240.0,C2,西,B2C2,B2C2_1,0,0,0,0
240.0,C2,西,B2C2,B2C2_2,0,0,0,0
240.0,C2,南,C1C2,C1C2_0,2,0,0,0
240.0,C2,南,C1C2,C1C2_1,2,0,2,2
240.0,C2,南,C1C2,C1C2_2,2,0,0,0
240.0,C2,东,right2C2,right2C2_0,1,1,1,0
240.0,C2,东,right2C2,right2C2_1,1,1,0,0
240.0,C2,东,right2C2,right2C2_2,1,1,0,0
240.0,C2,北,top2C2,top2C2_0,2,0,0,0
240.0,C2,北,top2C2,top2C2_1,2,0,1,1
240.0,C2,北,top2C2,top2C2_2,2,0,1,0
245.0,A0,北,A1A0,A1A0_0,2,1,0,0
245.0,A0,北,A1A0,A1A0_1,2,1,0,0
245.0,A0,北,A1A0,A1A0_2,2,1,2,1
245.0,A0,东,B0A0,B0A0_0,2,1,0,0
245.0,A0,东,B0A0,B0A0_1,2,1,2,0
245.0,A0,东,B0A0,B0A0_2,2,1,0,0
245.0,A0,南,bottom0A0,bottom0A0_0,0,0,0,0
245.0,A0,南,bottom0A0,bottom0A0_1,0,0,0,0
245.0,A0,南,bottom0A0,bottom0A0_2,0,0,0,0
245.0,A0,西,left0A0,left0A0_0,1,1,1,0
245.0,A0,西,left0A0,left0A0_1,1,1,0,0
245.0,A0,西,left0A0,left0A0_2,1,1,0,0
245.0,A1,南,A0A1,A0A1_0,3,0,0,0
245.0,A1,南,A0A1,A0A1_1,3,0,3,2
245.0,A1,南,A0A1,A0A1_2,3,0,0,0
245.0,A1,北,A2A1,A2A1_0,0,0,0,0
245.0,A1,北,A2A1,A2A1_1,0,0,0,0
245.0,A1,北,A2A1,A2A1_2,0,0,0,0
245.0,A1,东,B1A1,B1A1_0,0,0,0,0
245.0,A1,东,B1A1,B1A1_1,0,0,0,0
245.0,A1,东,B1A1,B1A1_2,0,0,0,0
245.0,A1,西,left1A1,left1A1_0,2,0,0,0
245.0,A1,西,left1A1,left1A1_1,2,0,1,1
245.0,A1,西,left1A1,left1A1_2,2,0,1,0
245.0,A2,南,A1A2,A1A2_0,0,0,0,0
245.0,A2,南,A1A2,A1A2_1,0,0,0,0
245.0,A2,南,A1A2,A1A2_2,0,0,0,0
245.0,A2,东,B2A2,B2A2_0,1,0,1,0
245.0,A2,东,B2A2,B2A2_1,1,0,0,0
245.0,A2,东,B2A2,B2A2_2,1,0,0,0
245.0,A2,西,left2A2,left2A2_0,0,0,0,0
245.0,A2,西,left2A2,left2A2_1,0,0,0,0
245.0,A2,西,left2A2,left2A2_2,0,0,0,0
245.0,A2,北,top0A2,top0A2_0,2,0,0,0
245.0,A2,北,top0A2,top0A2_1,2,0,1,0
245.0,A2,北,top0A2,top0A2_2,2,0,1,0
245.0,B0,西,A0B0,A0B0_0,1,0,0,0
245.0,B0,西,A0B0,A0B0_1,1,0,0,0
245.0,B0,西,A0B0,A0B0_2,1,0,1,1
245.0,B0,北,B1B0,B1B0_0,2,0,0,0
245.0,B0,北,B1B0,B1B0_1,2,0,0,0
245.0,B0,北,B1B0,B1B0_2,2,0,2,2
245.0,B0,东,C0B0,C0B0_0,0,0,0,0
245.0,B0,东,C0B0,C0B0_1,0,0,0,0
245.0,B0,东,C0B0,C0B0_2,0,0,0,0
245.0,B0,南,bottom1B0,bottom1B0_0,0,0,0,0
245.0,B0,南,bottom1B0,bottom1B0_1,0,0,0,0
245.0,B0,南,bottom1B0,bottom1B0_2,0,0,0,0
245.0,B1,西,A1B1,A1B1_0,0,0,0,0
245.0,B1,西,A1B1,A1B1_1,0,0,0,0
245.0,B1,西,A1B1,A1B1_2,0,0,0,0
245.0,B1,南,B0B1,B0B1_0,7,0,5,0
245.0,B1,南,B0B1,B0B1_1,7,0,1,0
245.0,B1,南,B0B1,B0B1_2,7,0,1,0
245.0,B1,北,B2B1,B2B1_0,1,0,0,0
245.0,B1,北,B2B1,B2B1_1,1,0,0,0
245.0,B1,北,B2B1,B2B1_2,1,0,1,1
245.0,B1,东,C1B1,C1B1_0,1,0,0,0
245.0,B1,东,C1B1,C1B1_1,1,0,1,0
245.0,B1,东,C1B1,C1B1_2,1,0,0,0
245.0,B2,西,A2B2,A2B2_0,3,0,1,0
245.0,B2,西,A2B2,A2B2_1,3,0,2,2
245.0,B2,西,A2B2,A2B2_2,3,0,0,0
245.0,B2,南,B1B2,B1B2_0,0,0,0,0
245.0,B2,南,B1B2,B1B2_1,0,0,0,0
245.0,B2,南,B1B2,B1B2_2,0,0,0,0
245.0,B2,东,C2B2,C2B2_0,0,0,0,0
245.0,B2,东,C2B2,C2B2_1,0,0,0,0
245.0,B2,东,C2B2,C2B2_2,0,0,0,0
245.0,B2,北,top1B2,top1B2_0,2,0,1,0
245.0,B2,北,top1B2,top1B2_1,2,0,1,0
245.0,B2,北,top1B2,top1B2_2,2,0,0,0
245.0,C0,西,B0C0,B0C0_0,0,0,0,0
245.0,C0,西,B0C0,B0C0_1,0,0,0,0
245.0,C0,西,B0C0,B0C0_2,0,0,0,0
245.0,C0,北,C1C0,C1C0_0,0,0,0,0
245.0,C0,北,C1C0,C1C0_1,0,0,0,0
245.0,C0,北,C1C0,C1C0_2,0,0,0,0
245.0,C0,南,bottom2C0,bottom2C0_0,2,1,1,0
245.0,C0,南,bottom2C0,bottom2C0_1,2,1,0,0
245.0,C0,南,bottom2C0,bottom2C0_2,2,1,1,1
245.0,C0,东,right0C0,right0C0_0,1,0,1,0
245.0,C0,东,right0C0,right0C0_1,1,0,0,0
245.0,C0,东,right0C0,right0C0_2,1,0,0,0
245.0,C1,西,B1C1,B1C1_0,2,0,0,0
245.0,C1,西,B1C1,B1C1_1,2,0,1,0
245.0,C1,西,B1C1,B1C1_2,2,0,1,0
245.0,C1,南,C0C1,C0C1_0,0,0,0,0
245.0,C1,南,C0C1,C0C1_1,0,0,0,0
245.0,C1,南,C0C1,C0C1_2,0,0,0,0
245.0,C1,北,C2C1,C2C1_0,0,0,0,0
245.0,C1,北,C2C1,C2C1_1,0,0,0,0
245.0,C1,北,C2C1,C2C1_2,0,0,0,0
245.0,C1,东,right1C1,right1C1_0,2,1,1,0
245.0,C1,东,right1C1,right1C1_1,2,1,1,0
245.0,C1,东,right1C1,right1C1_2,2,1,0,0
245.0,C2,西,B2C2,B2C2_0,1,1,0,0
245.0,C2,西,B2C2,B2C2_1,1,1,1,0
245.0,C2,西,B2C2,B2C2_2,1,1,0,0
245.0,C2,南,C1C2,C1C2_0,1,0,0,0
245.0,C2,南,C1C2,C1C2_1,1,0,1,0
245.0,C2,南,C1C2,C1C2_2,1,0,0,0
245.0,C2,东,right2C2,right2C2_0,1,0,0,0
245.0,C2,东,right2C2,right2C2_1,1,0,0,0
245.0,C2,东,right2C2,right2C2_2,1,0,1,0
245.0,C2,北,top2C2,top2C2_0,1,0,0,0
245.0,C2,北,top2C2,top2C2_1,1,0,0,0
245.0,C2,北,top2C2,top2C2_2,1,0,1,1
250.0,A0,北,A1A0,A1A0_0,2,0,0,0
250.0,A0,北,A1A0,A1A0_1,2,0,0,0
250.0,A0,北,A1A0,A1A0_2,2,0,2,1
250.0,A0,东,B0A0,B0A0_0,2,0,0,0
250.0,A0,东,B0A0,B0A0_1,2,0,2,0
250.0,A0,东,B0A0,B0A0_2,2,0,0,0
250.0,A0,南,bottom0A0,bottom0A0_0,0,0,0,0
250.0,A0,南,bottom0A0,bottom0A0_1,0,0,0,0
250.0,A0,南,bottom0A0,bottom0A0_2,0,0,0,0
250.0,A0,西,left0A0,left0A0_0,1,0,0,0
250.0,A0,西,left0A0,left0A0_1,1,0,0,0
250.0,A0,西,left0A0,left0A0_2,1,0,1,0
250.0,A1,南,A0A1,A0A1_0,1,0,0,0
250.0,A1,南,A0A1,A0A1_1,1,0,1,0
250.0,A1,南,A0A1,A0A1_2,1,0,0,0
250.0,A1,北,A2A1,A2A1_0,2,2,0,0
250.0,A1,北,A2A1,A2A1_1,2,2,2,0
250.0,A1,北,A2A1,A2A1_2,2,2,0,0
250.0,A1,东,B1A1,B1A1_0,0,0,0,0
250.0,A1,东,B1A1,B1A1_1,0,0,0,0
250.0,A1,东,B1A1,B1A1_2,0,0,0,0
250.0,A1,西,left1A1,left1A1_0,2,0,0,0
250.0,A1,西,left1A1,left1A1_1,2,0,2,1
250.0,A1,西,left1A1,left1A1_2,2,0,0,0
250.0,A2,南,A1A2,A1A2_0,1,1,0,0
250.0,A2,南,A1A2,A1A2_1,1,1,0,0
250.0,A2,南,A1A2,A1A2_2,1,1,1,0
250.0,A2,东,B2A2,B2A2_0,1,0,1,0
250.0,A2,东,B2A2,B2A2_1,1,0,0,0
250.0,A2,东,B2A2,B2A2_2,1,0,0,0
250.0,A2,西,left2A2,left2A2_0,0,0,0,0
250.0,A2,西,left2A2,left2A2_1,0,0,0,0
250.0,A2,西,left2A2,left2A2_2,0,0,0,0
250.0,A2,北,top0A2,top0A2_0,1,0,0,0
250.0,A2,北,top0A2,top0A2_1,1,0,0,0
250.0,A2,北,top0A2,top0A2_2,1,0,1,0
250.0,B0,西,A0B0,A0B0_0,1,0,0,0
250.0,B0,西,A0B0,A0B0_1,1,0,0,0
250.0,B0,西,A0B0,A0B0_2,1,0,1,1
250.0,B0,北,B1B0,B1B0_0,2,0,0,0
250.0,B0,北,B1B0,B1B0_1,2,0,0,0
250.0,B0,北,B1B0,B1B0_2,2,0,2,2
250.0,B0,东,C0B0,C0B0_0,0,0,0,0
250.0,B0,东,C0B0,C0B0_1,0,0,0,0
250.0,B0,东,C0B0,C0B0_2,0,0,0,0
250.0,B0,南,bottom1B0,bottom1B0_0,0,0,0,0
250.0,B0,南,bottom1B0,bottom1B0_1,0,0,0,0
250.0,B0,南,bottom1B0,bottom1B0_2,0,0,0,0
250.0,B1,西,A1B1,A1B1_0,0,0,0,0
250.0,B1,西,A1B1,A1B1_1,0,0,0,0
250.0,B1,西,A1B1,A1B1_2,0,0,0,0
250.0,B1,南,B0B1,B0B1_0,4,0,3,0
250.0,B1,南,B0B1,B0B1_1,4,0,0,0
250.0,B1,南,B0B1,B0B1_2,4,0,1,0
250.0,B1,北,B2B1,B2B1_0,2,1,0,0
250.0,B1,北,B2B1,B2B1_1,2,1,1,0
250.0,B1,北,B2B1,B2B1_2,2,1,1,1
250.0,B1,东,C1B1,C1B1_0,1,0,0,0
250.0,B1,东,C1B1,C1B1_1,1,0,1,0
250.0,B1,东,C1B1,C1B1_2,1,0,0,0
250.0,B2,西,A2B2,A2B2_0,3,0,1,0
250.0,B2,西,A2B2,A2B2_1,3,0,2,2
250.0,B2,西,A2B2,A2B2_2,3,0,0,0
250.0,B2,南,B1B2,B1B2_0,2,2,1,0
250.0,B2,南,B1B2,B1B2_1,2,2,1,0
250.0,B2,南,B1B2,B1B2_2,2,2,0,0
250.0,B2,东,C2B2,C2B2_0,0,0,0,0
250.0,B2,东,C2B2,C2B2_1,0,0,0,0
250.0,B2,东,C2B2,C2B2_2,0,0,0,0
250.0,B2,北,top1B2,top1B2_0,2,1,1,0
250.0,B2,北,top1B2,top1B2_1,2,1,0,0
250.0,B2,北,top1B2,top1B2_2,2,1,1,0
250.0,C0,西,B0C0,B0C0_0,0,0,0,0
250.0,C0,西,B0C0,B0C0_1,0,0,0,0
250.0,C0,西,B0C0,B0C0_2,0,0,0,0
250.0,C0,北,C1C0,C1C0_0,0,0,0,0
250.0,C0,北,C1C0,C1C0_1,0,0,0,0
250.0,C0,北,C1C0,C1C0_2,0,0,0,0
250.0,C0,南,bottom2C0,bottom2C0_0,2,0,1,0
250.0,C0,南,bottom2C0,bottom2C0_1,2,0,0,0
250.0,C0,南,bottom2C0,bottom2C0_2,2,0,1,1
250.0,C0,东,right0C0,right0C0_0,1,0,1,0
250.0,C0,东,right0C0,right0C0_1,1,0,0,0
250.0,C0,东,right0C0,right0C0_2,1,0,0,0
250.0,C1,西,B1C1,B1C1_0,4,2,0,0
250.0,C1,西,B1C1,B1C1_1,4,2,1,1
250.0,C1,西,B1C1,B1C1_2,4,2,3,0
250.0,C1,南,C0C1,C0C1_0,0,0,0,0
250.0,C1,南,C0C1,C0C1_1,0,0,0,0
250.0,C1,南,C0C1,C0C1_2,0,0,0,0
250.0,C1,北,C2C1,C2C1_0,1,1,1,0
250.0,C1,北,C2C1,C2C1_1,1,1,0,0
250.0,C1,北,C2C1,C2C1_2,1,1,0,0
250.0,C1,东,right1C1,right1C1_0,2,0,1,0
250.0,C1,东,right1C1,right1C1_1,2,0,1,0
250.0,C1,东,right1C1,right1C1_2,2,0,0,0
250.0,C2,西,B2C2,B2C2_0,1,0,0,0
250.0,C2,西,B2C2,B2C2_1,1,0,1,0
250.0,C2,西,B2C2,B2C2_2,1,0,0,0
250.0,C2,南,C1C2,C1C2_0,1,1,0,0
250.0,C2,南,C1C2,C1C2_1,1,1,1,0
250.0,C2,南,C1C2,C1C2_2,1,1,0,0
250.0,C2,东,right2C2,right2C2_0,1,0,0,0
250.0,C2,东,right2C2,right2C2_1,1,0,0,0
250.0,C2,东,right2C2,right2C2_2,1,0,1,0
250.0,C2,北,top2C2,top2C2_0,1,0,0,0
250.0,C2,北,top2C2,top2C2_1,1,0,0,0
250.0,C2,北,top2C2,top2C2_2,1,0,1,1
255.0,A0,北,A1A0,A1A0_0,2,0,0,0
255.0,A0,北,A1A0,A1A0_1,2,0,0,0
255.0,A0,北,A1A0,A1A0_2,2,0,2,1
255.0,A0,东,B0A0,B0A0_0,2,0,0,0
255.0,A0,东,B0A0,B0A0_1,2,0,2,0
255.0,A0,东,B0A0,B0A0_2,2,0,0,0
255.0,A0,南,bottom0A0,bottom0A0_0,0,0,0,0
255.0,A0,南,bottom0A0,bottom0A0_1,0,0,0,0
255.0,A0,南,bottom0A0,bottom0A0_2,0,0,0,0
255.0,A0,西,left0A0,left0A0_0,1,0,0,0
255.0,A0,西,left0A0,left0A0_1,1,0,0,0
255.0,A0,西,left0A0,left0A0_2,1,0,1,0
255.0,A1,南,A0A1,A0A1_0,0,0,0,0
255.0,A1,南,A0A1,A0A1_1,0,0,0,0
255.0,A1,南,A0A1,A0A1_2,0,0,0,0
255.0,A1,北,A2A1,A2A1_0,2,0,0,0
255.0,A1,北,A2A1,A2A1_1,2,0,2,0
255.0,A1,北,A2A1,A2A1_2,2,0,0,0
255.0,A1,东,B1A1,B1A1_0,0,0,0,0
255.0,A1,东,B1A1,B1A1_1,0,0,0,0
255.0,A1,东,B1A1,B1A1_2,0,0,0,0
255.0,A1,西,left1A1,left1A1_0,3,1,1,0
255.0,A1,西,left1A1,left1A1_1,3,1,2,1
255.0,A1,西,left1A1,left1A1_2,3,1,0,0
255.0,A2,南,A1A2,A1A2_0,4,3,3,0
255.0,A2,南,A1A2,A1A2_1,4,3,1,0
255.0,A2,南,A1A2,A1A2_2,4,3,0,0
255.0,A2,东,B2A2,B2A2_0,1,0,1,0
255.0,A2,东,B2A2,B2A2_1,1,0,0,0
255.0,A2,东,B2A2,B2A2_2,1,0,0,0
255.0,A2,西,left2A2,left2A2_0,0,0,0,0
255.0,A2,西,left2A2,left2A2_1,0,0,0,0
255.0,A2,西,left2A2,left2A2_2,0,0,0,0
255.0,A2,北,top0A2,top0A2_0,1,0,0,0
255.0,A2,北,top0A2,top0A2_1,1,0,0,0
255.0,A2,北,top0A2,top0A2_2,1,0,1,0
255.0,B0,西,A0B0,A0B0_0,1,0,0,0
255.0,B0,西,A0B0,A0B0_1,1,0,0,0
255.0,B0,西,A0B0,A0B0_2,1,0,1,1
255.0,B0,北,B1B0,B1B0_0,2,0,0,0
255.0,B0,北,B1B0,B1B0_1,2,0,0,0
255.0,B0,北,B1B0,B1B0_2,2,0,2,2
255.0,B0,东,C0B0,C0B0_0,0,0,0,0
255.0,B0,东,C0B0,C0B0_1,0,0,0,0
255.0,B0,东,C0B0,C0B0_2,0,0,0,0
255.0,B0,南,bottom1B0,bottom1B0_0,0,0,0,0
255.0,B0,南,bottom1B0,bottom1B0_1,0,0,0,0
255.0,B0,南,bottom1B0,bottom1B0_2,0,0,0,0
255.0,B1,西,A1B1,A1B1_0,0,0,0,0
255.0,B1,西,A1B1,A1B1_1,0,0,0,0
255.0,B1,西,A1B1,A1B1_2,0,0,0,0
255.0,B1,南,B0B1,B0B1_0,2,0,1,0
255.0,B1,南,B0B1,B0B1_1,2,0,0,0
255.0,B1,南,B0B1,B0B1_2,2,0,1,0
255.0,B1,北,B2B1,B2B1_0,4,2,0,0
255.0,B1,北,B2B1,B2B1_1,4,2,3,0
255.0,B1,北,B2B1,B2B1_2,4,2,1,1
255.0,B1,东,C1B1,C1B1_0,1,0,0,0
255.0,B1,东,C1B1,C1B1_1,1,0,1,0
255.0,B1,东,C1B1,C1B1_2,1,0,0,0
255.0,B2,西,A2B2,A2B2_0,2,0,0,0
255.0,B2,西,A2B2,A2B2_1,2,0,2,2
255.0,B2,西,A2B2,A2B2_2,2,0,0,0
255.0,B2,南,B1B2,B1B2_0,2,0,1,0
255.0,B2,南,B1B2,B1B2_1,2,0,1,0
255.0,B2,南,B1B2,B1B2_2,2,0,0,0
255.0,B2,东,C2B2,C2B2_0,0,0,0,0
255.0,B2,东,C2B2,C2B2_1,0,0,0,0
255.0,B2,东,C2B2,C2B2_2,0,0,0,0
255.0,B2,北,top1B2,top1B2_0,2,0,1,0
255.0,B2,北,top1B2,top1B2_1,2,0,0,0
255.0,B2,北,top1B2,top1B2_2,2,0,1,0
255.0,C0,西,B0C0,B0C0_0,0,0,0,0
255.0,C0,西,B0C0,B0C0_1,0,0,0,0
255.0,C0,西,B0C0,B0C0_2,0,0,0,0
255.0,C0,北,C1C0,C1C0_0,0,0,0,0
255.0,C0,北,C1C0,C1C0_1,0,0,0,0
255.0,C0,北,C1C0,C1C0_2,0,0,0,0
255.0,C0,南,bottom2C0,bottom2C0_0,2,0,1,0
255.0,C0,南,bottom2C0,bottom2C0_1,2,0,0,0
255.0,C0,南,bottom2C0,bottom2C0_2,2,0,1,1
255.0,C0,东,right0C0,right0C0_0,1,0,1,0
255.0,C0,东,right0C0,right0C0_1,1,0,0,0
255.0,C0,东,right0C0,right0C0_2,1,0,0,0
255.0,C1,西,B1C1,B1C1_0,6,2,0,0
255.0,C1,西,B1C1,B1C1_1,6,2,1,1
255.0,C1,西,B1C1,B1C1_2,6,2,5,0
255.0,C1,南,C0C1,C0C1_0,0,0,0,0
255.0,C1,南,C0C1,C0C1_1,0,0,0,0
255.0,C1,南,C0C1,C0C1_2,0,0,0,0
255.0,C1,北,C2C1,C2C1_0,1,0,1,0
255.0,C1,北,C2C1,C2C1_1,1,0,0,0
255.0,C1,北,C2C1,C2C1_2,1,0,0,0
255.0,C1,东,right1C1,right1C1_0,2,0,1,0
255.0,C1,东,right1C1,right1C1_1,2,0,1,0
255.0,C1,东,right1C1,right1C1_2,2,0,0,0
255.0,C2,西,B2C2,B2C2_0,1,0,0,0
255.0,C2,西,B2C2,B2C2_1,1,0,1,0
255.0,C2,西,B2C2,B2C2_2,1,0,0,0
255.0,C2,南,C1C2,C1C2_0,1,0,0,0
255.0,C2,南,C1C2,C1C2_1,1,0,1,0
255.0,C2,南,C1C2,C1C2_2,1,0,0,0
255.0,C2,东,right2C2,right2C2_0,1,0,0,0
255.0,C2,东,right2C2,right2C2_1,1,0,0,0
255.0,C2,东,right2C2,right2C2_2,1,0,1,0
255.0,C2,北,top2C2,top2C2_0,2,1,1,0
255.0,C2,北,top2C2,top2C2_1,2,1,0,0
255.0,C2,北,top2C2,top2C2_2,2,1,1,1
260.0,A0,北,A1A0,A1A0_0,2,0,0,0
260.0,A0,北,A1A0,A1A0_1,2,0,0,0
260.0,A0,北,A1A0,A1A0_2,2,0,2,1
260.0,A0,东,B0A0,B0A0_0,2,0,0,0
260.0,A0,东,B0A0,B0A0_1,2,0,2,0
260.0,A0,东,B0A0,B0A0_2,2,0,0,0
260.0,A0,南,bottom0A0,bottom0A0_0,0,0,0,0
260.0,A0,南,bottom0A0,bottom0A0_1,0,0,0,0
260.0,A0,南,bottom0A0,bottom0A0_2,0,0,0,0
260.0,A0,西,left0A0,left0A0_0,1,0,0,0
260.0,A0,西,left0A0,left0A0_1,1,0,0,0
260.0,A0,西,left0A0,left0A0_2,1,0,1,0
260.0,A1,南,A0A1,A0A1_0,0,0,0,0
260.0,A1,南,A0A1,A0A1_1,0,0,0,0
260.0,A1,南,A0A1,A0A1_2,0,0,0,0
260.0,A1,北,A2A1,A2A1_0,2,0,0,0
260.0,A1,北,A2A1,A2A1_1,2,0,2,0
260.0,A1,北,A2A1,A2A1_2,2,0,0,0
260.0,A1,东,B1A1,B1A1_0,0,0,0,0
260.0,A1,东,B1A1,B1A1_1,0,0,0,0
260.0,A1,东,B1A1,B1A1_2,0,0,0,0
260.0,A1,西,left1A1,left1A1_0,3,0,1,0
260.0,A1,西,left1A1,left1A1_1,3,0,2,1
260.0,A1,西,left1A1,left1A1_2,3,0,0,0
260.0,A2,南,A1A2,A1A2_0,4,0,3,0
260.0,A2,南,A1A2,A1A2_1,4,0,0,0
260.0,A2,南,A1A2,A1A2_2,4,0,1,0
260.0,A2,东,B2A2,B2A2_0,1,0,1,0
260.0,A2,东,B2A2,B2A2_1,1,0,0,0
260.0,A2,东,B2A2,B2A2_2,1,0,0,0
260.0,A2,西,left2A2,left2A2_0,0,0,0,0
260.0,A2,西,left2A2,left2A2_1,0,0,0,0
260.0,A2,西,left2A2,left2A2_2,0,0,0,0
260.0,A2,北,top0A2,top0A2_0,1,0,0,0
260.0,A2,北,top0A2,top0A2_1,1,0,0,0
260.0,A2,北,top0A2,top0A2_2,1,0,1,1
260.0,B0,西,A0B0,A0B0_0,1,0,0,0
260.0,B0,西,A0B0,A0B0_1,1,0,0,0
260.0,B0,西,A0B0,A0B0_2,1,0,1,1
260.0,B0,北,B1B0,B1B0_0,2,0,0,0
260.0,B0,北,B1B0,B1B0_1,2,0,0,0
260.0,B0,北,B1B0,B1B0_2,2,0,2,2
260.0,B0,东,C0B0,C0B0_0,0,0,0,0
260.0,B0,东,C0B0,C0B0_1,0,0,0,0
260.0,B0,东,C0B0,C0B0_2,0,0,0,0
260.0,B0,南,bottom1B0,bottom1B0_0,1,1,1,0
260.0,B0,南,bottom1B0,bottom1B0_1,1,1,0,0
260.0,B0,南,bottom1B0,bottom1B0_2,1,1,0,0
260.0,B1,西,A1B1,A1B1_0,0,0,0,0
260.0,B1,西,A1B1,A1B1_1,0,0,0,0
260.0,B1,西,A1B1,A1B1_2,0,0,0,0
260.0,B1,南,B0B1,B0B1_0,1,0,0,0
260.0,B1,南,B0B1,B0B1_1,1,0,0,0
260.0,B1,南,B0B1,B0B1_2,1,0,1,0
260.0,B1,北,B2B1,B2B1_0,4,0,0,0
260.0,B1,北,B2B1,B2B1_1,4,0,3,0
260.0,B1,北,B2B1,B2B1_2,4,0,1,1
260.0,B1,东,C1B1,C1B1_0,1,0,0,0
260.0,B1,东,C1B1,C1B1_1,1,0,1,0
260.0,B1,东,C1B1,C1B1_2,1,0,0,0
260.0,B2,西,A2B2,A2B2_0,2,0,0,0
260.0,B2,西,A2B2,A2B2_1,2,0,2,2
260.0,B2,西,A2B2,A2B2_2,2,0,0,0
260.0,B2,南,B1B2,B1B2_0,2,0,1,0
260.0,B2,南,B1B2,B1B2_1,2,0,1,0
260.0,B2,南,B1B2,B1B2_2,2,0,0,0
260.0,B2,东,C2B2,C2B2_0,0,0,0,0
260.0,B2,东,C2B2,C2B2_1,0,0,0,0
260.0,B2,东,C2B2,C2B2_2,0,0,0,0
260.0,B2,北,top1B2,top1B2_0,2,1,0,0
260.0,B2,北,top1B2,top1B2_1,2,1,0,0
260.0,B2,北,top1B2,top1B2_2,2,1,2,0
260.0,C0,西,B0C0,B0C0_0,0,0,0,0
260.0,C0,西,B0C0,B0C0_1,0,0,0,0
260.0,C0,西,B0C0,B0C0_2,0,0,0,0
260.0,C0,北,C1C0,C1C0_0,0,0,0,0
260.0,C0,北,C1C0,C1C0_1,0,0,0,0
260.0,C0,北,C1C0,C1C0_2,0,0,0,0
260.0,C0,南,bottom2C0,bottom2C0_0,2,0,1,0
260.0,C0,南,bottom2C0,bottom2C0_1,2,0,0,0
260.0,C0,南,bottom2C0,bottom2C0_2,2,0,1,1
260.0,C0,东,right0C0,right0C0_0,0,0,0,0
260.0,C0,东,right0C0,right0C0_1,0,0,0,0
260.0,C0,东,right0C0,right0C0_2,0,0,0,0
260.0,C1,西,B1C1,B1C1_0,8,2,0,0
260.0,C1,西,B1C1,B1C1_1,8,2,1,1
260.0,C1,西,B1C1,B1C1_2,8,2,7,0
260.0,C1,南,C0C1,C0C1_0,0,0,0,0
260.0,C1,南,C0C1,C0C1_1,0,0,0,0
260.0,C1,南,C0C1,C0C1_2,0,0,0,0
260.0,C1,北,C2C1,C2C1_0,1,0,1,0
260.0,C1,北,C2C1,C2C1_1,1,0,0,0
260.0,C1,北,C2C1,C2C1_2,1,0,0,0
260.0,C1,东,right1C1,right1C1_0,2,0,1,1
260.0,C1,东,right1C1,right1C1_1,2,0,1,0
260.0,C1,东,right1C1,right1C1_2,2,0,0,0
260.0,C2,西,B2C2,B2C2_0,1,0,0,0
260.0,C2,西,B2C2,B2C2_1,1,0,1,0
260.0,C2,西,B2C2,B2C2_2,1,0,0,0
260.0,C2,南,C1C2,C1C2_0,1,0,0,0
260.0,C2,南,C1C2,C1C2_1,1,0,1,0
260.0,C2,南,C1C2,C1C2_2,1,0,0,0
260.0,C2,东,right2C2,right2C2_0,1,0,0,0
260.0,C2,东,right2C2,right2C2_1,1,0,0,0
260.0,C2,东,right2C2,right2C2_2,1,0,1,0
260.0,C2,北,top2C2,top2C2_0,2,0,0,0
260.0,C2,北,top2C2,top2C2_1,2,0,1,0
260.0,C2,北,top2C2,top2C2_2,2,0,1,1
265.0,A0,北,A1A0,A1A0_0,1,0,0,0
265.0,A0,北,A1A0,A1A0_1,1,0,0,0
265.0,A0,北,A1A0,A1A0_2,1,0,1,0
265.0,A0,东,B0A0,B0A0_0,2,0,0,0
265.0,A0,东,B0A0,B0A0_1,2,0,2,1
265.0,A0,东,B0A0,B0A0_2,2,0,0,0
265.0,A0,南,bottom0A0,bottom0A0_0,0,0,0,0
265.0,A0,南,bottom0A0,bottom0A0_1,0,0,0,0
265.0,A0,南,bottom0A0,bottom0A0_2,0,0,0,0
265.0,A0,西,left0A0,left0A0_0,1,0,0,0
265.0,A0,西,left0A0,left0A0_1,1,0,0,0
265.0,A0,西,left0A0,left0A0_2,1,0,1,0
265.0,A1,南,A0A1,A0A1_0,0,0,0,0
265.0,A1,南,A0A1,A0A1_1,0,0,0,0
265.0,A1,南,A0A1,A0A1_2,0,0,0,0
265.0,A1,北,A2A1,A2A1_0,2,0,0,0
265.0,A1,北,A2A1,A2A1_1,2,0,2,0
265.0,A1,北,A2A1,A2A1_2,2,0,0,0
265.0,A1,东,B1A1,B1A1_0,0,0,0,0
265.0,A1,东,B1A1,B1A1_1,0,0,0,0
265.0,A1,东,B1A1,B1A1_2,0,0,0,0
265.0,A1,西,left1A1,left1A1_0,4,1,1,0
265.0,A1,西,left1A1,left1A1_1,4,1,3,2
265.0,A1,西,left1A1,left1A1_2,4,1,0,0
265.0,A2,南,A1A2,A1A2_0,4,0,3,0
265.0,A2,南,A1A2,A1A2_1,4,0,0,0
265.0,A2,南,A1A2,A1A2_2,4,0,1,0
265.0,A2,东,B2A2,B2A2_0,1,1,0,0
265.0,A2,东,B2A2,B2A2_1,1,1,1,0
265.0,A2,东,B2A2,B2A2_2,1,1,0,0
265.0,A2,西,left2A2,left2A2_0,0,0,0,0
265.0,A2,西,left2A2,left2A2_1,0,0,0,0
265.0,A2,西,left2A2,left2A2_2,0,0,0,0
265.0,A2,北,top0A2,top0A2_0,0,0,0,0
265.0,A2,北,top0A2,top0A2_1,0,0,0,0
265.0,A2,北,top0A2,top0A2_2,0,0,0,0
265.0,B0,西,A0B0,A0B0_0,1,0,0,0
265.0,B0,西,A0B0,A0B0_1,1,0,0,0
265.0,B0,西,A0B0,A0B0_2,1,0,1,1
265.0,B0,北,B1B0,B1B0_0,1,0,0,0
265.0,B0,北,B1B0,B1B0_1,1,0,0,0
265.0,B0,北,B1B0,B1B0_2,1,0,1,0
265.0,B0,东,C0B0,C0B0_0,0,0,0,0
265.0,B0,东,C0B0,C0B0_1,0,0,0,0
265.0,B0,东,C0B0,C0B0_2,0,0,0,0
265.0,B0,南,bottom1B0,bottom1B0_0,1,0,0,0
265.0,B0,南,bottom1B0,bottom1B0_1,1,0,0,0
265.0,B0,南,bottom1B0,bottom1B0_2,1,0,1,0
265.0,B1,西,A1B1,A1B1_0,0,0,0,0
265.0,B1,西,A1B1,A1B1_1,0,0,0,0
265.0,B1,西,A1B1,A1B1_2,0,0,0,0
265.0,B1,南,B0B1,B0B1_0,0,0,0,0
265.0,B1,南,B0B1,B0B1_1,0,0,0,0
265.0,B1,南,B0B1,B0B1_2,0,0,0,0
265.0,B1,北,B2B1,B2B1_0,3,0,0,0
265.0,B1,北,B2B1,B2B1_1,3,0,3,0
265.0,B1,北,B2B1,B2B1_2,3,0,0,0
265.0,B1,东,C1B1,C1B1_0,1,0,0,0
265.0,B1,东,C1B1,C1B1_1,1,0,1,1
265.0,B1,东,C1B1,C1B1_2,1,0,0,0
265.0,B2,西,A2B2,A2B2_0,2,0,0,0
265.0,B2,西,A2B2,A2B2_1,2,0,2,2
265.0,B2,西,A2B2,A2B2_2,2,0,0,0
265.0,B2,南,B1B2,B1B2_0,2,0,1,0
265.0,B2,南,B1B2,B1B2_1,2,0,1,0
265.0,B2,南,B1B2,B1B2_2,2,0,0,0
265.0,B2,东,C2B2,C2B2_0,0,0,0,0
265.0,B2,东,C2B2,C2B2_1,0,0,0,0
265.0,B2,东,C2B2,C2B2_2,0,0,0,0
265.0,B2,北,top1B2,top1B2_0,2,0,0,0
265.0,B2,北,top1B2,top1B2_1,2,0,0,0
265.0,B2,北,top1B2,top1B2_2,2,0,2,0
265.0,C0,西,B0C0,B0C0_0,0,0,0,0
265.0,C0,西,B0C0,B0C0_1,0,0,0,0
265.0,C0,西,B0C0,B0C0_2,0,0,0,0
265.0,C0,北,C1C0,C1C0_0,0,0,0,0
265.0,C0,北,C1C0,C1C0_1,0,0,0,0
265.0,C0,北,C1C0,C1C0_2,0,0,0,0
265.0,C0,南,bottom2C0,bottom2C0_0,2,1,1,1
265.0,C0,南,bottom2C0,bottom2C0_1,2,1,1,0
265.0,C0,南,bottom2C0,bottom2C0_2,2,1,0,0
265.0,C0,东,right0C0,right0C0_0,1,1,1,0
265.0,C0,东,right0C0,right0C0_1,1,1,0,0
265.0,C0,东,right0C0,right0C0_2,1,1,0,0
265.0,C1,西,B1C1,B1C1_0,8,0,0,0
265.0,C1,西,B1C1,B1C1_1,8,0,1,1
265.0,C1,西,B1C1,B1C1_2,8,0,7,1
265.0,C1,南,C0C1,C0C1_0,1,1,0,0
265.0,C1,南,C0C1,C0C1_1,1,1,1,0
265.0,C1,南,C0C1,C0C1_2,1,1,0,0
265.0,C1,北,C2C1,C2C1_0,1,0,1,0
265.0,C1,北,C2C1,C2C1_1,1,0,0,0
265.0,C1,北,C2C1,C2C1_2,1,0,0,0
265.0,C1,东,right1C1,right1C1_0,1,0,0,0
265.0,C1,东,right1C1,right1C1_1,1,0,1,0
265.0,C1,东,right1C1,right1C1_2,1,0,0,0
265.0,C2,西,B2C2,B2C2_0,1,0,0,0
265.0,C2,西,B2C2,B2C2_1,1,0,1,0
265.0,C2,西,B2C2,B2C2_2,1,0,0,0
265.0,C2,南,C1C2,C1C2_0,2,1,0,0
265.0,C2,南,C1C2,C1C2_1,2,1,1,0
265.0,C2,南,C1C2,C1C2_2,2,1,1,0
265.0,C2,东,right2C2,right2C2_0,1,0,0,0
265.0,C2,东,right2C2,right2C2_1,1,0,0,0
265.0,C2,东,right2C2,right2C2_2,1,0,1,1
265.0,C2,北,top2C2,top2C2_0,1,0,0,0
265.0,C2,北,top2C2,top2C2_1,1,0,1,0
265.0,C2,北,top2C2,top2C2_2,1,0,0,0
270.0,A0,北,A1A0,A1A0_0,0,0,0,0
270.0,A0,北,A1A0,A1A0_1,0,0,0,0
270.0,A0,北,A1A0,A1A0_2,0,0,0,0
270.0,A0,东,B0A0,B0A0_0,2,0,0,0
270.0,A0,东,B0A0,B0A0_1,2,0,2,2
270.0,A0,东,B0A0,B0A0_2,2,0,0,0
270.0,A0,南,bottom0A0,bottom0A0_0,0,0,0,0
270.0,A0,南,bottom0A0,bottom0A0_1,0,0,0,0
270.0,A0,南,bottom0A0,bottom0A0_2,0,0,0,0
270.0,A0,西,left0A0,left0A0_0,1,0,0,0
270.0,A0,西,left0A0,left0A0_1,1,0,0,0
270.0,A0,西,left0A0,left0A0_2,1,0,1,0
270.0,A1,南,A0A1,A0A1_0,0,0,0,0
270.0,A1,南,A0A1,A0A1_1,0,0,0,0
270.0,A1,南,A0A1,A0A1_2,0,0,0,0
270.0,A1,北,A2A1,A2A1_0,2,0,0,0
270.0,A1,北,A2A1,A2A1_1,2,0,2,0
270.0,A1,北,A2A1,A2A1_2,2,0,0,0
270.0,A1,东,B1A1,B1A1_0,1,1,1,0
270.0,A1,东,B1A1,B1A1_1,1,1,0,0
270.0,A1,东,B1A1,B1A1_2,1,1,0,0
270.0,A1,西,left1A1,left1A1_0,4,0,1,0
270.0,A1,西,left1A1,left1A1_1,4,0,3,2
270.0,A1,西,left1A1,left1A1_2,4,0,0,0
270.0,A2,南,A1A2,A1A2_0,4,0,3,0
270.0,A2,南,A1A2,A1A2_1,4,0,0,0
270.0,A2,南,A1A2,A1A2_2,4,0,1,0
270.0,A2,东,B2A2,B2A2_0,1,0,0,0
270.0,A2,东,B2A2,B2A2_1,1,0,1,0
270.0,A2,东,B2A2,B2A2_2,1,0,0,0
270.0,A2,西,left2A2,left2A2_0,0,0,0,0
270.0,A2,西,left2A2,left2A2_1,0,0,0,0
270.0,A2,西,left2A2,left2A2_2,0,0,0,0
270.0,A2,北,top0A2,top0A2_0,0,0,0,0
270.0,A2,北,top0A2,top0A2_1,0,0,0,0
270.0,A2,北,top0A2,top0A2_2,0,0,0,0
270.0,B0,西,A0B0,A0B0_0,3,2,0,0
270.0,B0,西,A0B0,A0B0_1,3,2,2,0
270.0,B0,西,A0B0,A0B0_2,3,2,1,1
270.0,B0,北,B1B0,B1B0_0,0,0,0,0
270.0,B0,北,B1B0,B1B0_1,0,0,0,0
270.0,B0,北,B1B0,B1B0_2,0,0,0,0
270.0,B0,东,C0B0,C0B0_0,1,1,1,0
270.0,B0,东,C0B0,C0B0_1,1,1,0,0
270.0,B0,东,C0B0,C0B0_2,1,1,0,0
270.0,B0,南,bottom1B0,bottom1B0_0,1,0,0,0
270.0,B0,南,bottom1B0,bottom1B0_1,1,0,0,0
270.0,B0,南,bottom1B0,bottom1B0_2,1,0,1,0
270.0,B1,西,A1B1,A1B1_0,0,0,0,0
270.0,B1,西,A1B1,A1B1_1,0,0,0,0
270.0,B1,西,A1B1,A1B1_2,0,0,0,0
270.0,B1,南,B0B1,B0B1_0,0,0,0,0
270.0,B1,南,B0B1,B0B1_1,0,0,0,0
270.0,B1,南,B0B1,B0B1_2,0,0,0,0
270.0,B1,北,B2B1,B2B1_0,3,0,0,0
270.0,B1,北,B2B1,B2B1_1,3,0,3,0
270.0,B1,北,B2B1,B2B1_2,3,0,0,0
270.0,B1,东,C1B1,C1B1_0,1,0,0,0
270.0,B1,东,C1B1,C1B1_1,1,0,1,1
270.0,B1,东,C1B1,C1B1_2,1,0,0,0
270.0,B2,西,A2B2,A2B2_0,3,1,0,0
270.0,B2,西,A2B2,A2B2_1,3,1,3,2
270.0,B2,西,A2B2,A2B2_2,3,1,0,0
270.0,B2,南,B1B2,B1B2_0,2,0,1,0
270.0,B2,南,B1B2,B1B2_1,2,0,1,0
270.0,B2,南,B1B2,B1B2_2,2,0,0,0
270.0,B2,东,C2B2,C2B2_0,0,0,0,0
270.0,B2,东,C2B2,C2B2_1,0,0,0,0
270.0,B2,东,C2B2,C2B2_2,0,0,0,0
270.0,B2,北,top1B2,top1B2_0,2,0,0,0
270.0,B2,北,top1B2,top1B2_1,2,0,0,0
270.0,B2,北,top1B2,top1B2_2,2,0,2,0
270.0,C0,西,B0C0,B0C0_0,2,2,1,0
270.0,C0,西,B0C0,B0C0_1,2,2,1,0
270.0,C0,西,B0C0,B0C0_2,2,2,0,0
270.0,C0,北,C1C0,C1C0_0,0,0,0,0
270.0,C0,北,C1C0,C1C0_1,0,0,0,0
270.0,C0,北,C1C0,C1C0_2,0,0,0,0
270.0,C0,南,bottom2C0,bottom2C0_0,1,0,0,0
270.0,C0,南,bottom2C0,bottom2C0_1,1,0,1,0
270.0,C0,南,bottom2C0,bottom2C0_2,1,0,0,0
270.0,C0,东,right0C0,right0C0_0,1,0,1,0
270.0,C0,东,right0C0,right0C0_1,1,0,0,0
270.0,C0,东,right0C0,right0C0_2,1,0,0,0
270.0,C1,西,B1C1,B1C1_0,9,1,1,0
270.0,C1,西,B1C1,B1C1_1,9,1,1,1
270.0,C1,西,B1C1,B1C1_2,9,1,7,1
270.0,C1,南,C0C1,C0C1_0,1,0,0,0
270.0,C1,南,C0C1,C0C1_1,1,0,1,0
270.0,C1,南,C0C1,C0C1_2,1,0,0,0
270.0,C1,北,C2C1,C2C1_0,1,0,1,0
270.0,C1,北,C2C1,C2C1_1,1,0,0,0
270.0,C1,北,C2C1,C2C1_2,1,0,0,0
270.0,C1,东,right1C1,right1C1_0,1,0,0,0
270.0,C1,东,right1C1,right1C1_1,1,0,1,0
270.0,C1,东,right1C1,right1C1_2,1,0,0,0
270.0,C2,西,B2C2,B2C2_0,1,0,0,0
270.0,C2,西,B2C2,B2C2_1,1,0,1,1
270.0,C2,西,B2C2,B2C2_2,1,0,0,0
270.0,C2,南,C1C2,C1C2_0,2,0,0,0
270.0,C2,南,C1C2,C1C2_1,2,0,1,1
270.0,C2,南,C1C2,C1C2_2,2,0,1,0
270.0,C2,东,right2C2,right2C2_0,2,1,0,0
270.0,C2,东,right2C2,right2C2_1,2,1,1,0
270.0,C2,东,right2C2,right2C2_2,2,1,1,1
270.0,C2,北,top2C2,top2C2_0,1,0,0,0
270.0,C2,北,top2C2,top2C2_1,1,0,1,0
270.0,C2,北,top2C2,top2C2_2,1,0,0,0
275.0,A0,北,A1A0,A1A0_0,0,0,0,0
275.0,A0,北,A1A0,A1A0_1,0,0,0,0
275.0,A0,北,A1A0,A1A0_2,0,0,0,0
275.0,A0,东,B0A0,B0A0_0,2,0,0,0
275.0,A0,东,B0A0,B0A0_1,2,0,2,2
275.0,A0,东,B0A0,B0A0_2,2,0,0,0
275.0,A0,南,bottom0A0,bottom0A0_0,0,0,0,0
275.0,A0,南,bottom0A0,bottom0A0_1,0,0,0,0
275.0,A0,南,bottom0A0,bottom0A0_2,0,0,0,0
275.0,A0,西,left0A0,left0A0_0,1,0,0,0
275.0,A0,西,left0A0,left0A0_1,1,0,0,0
275.0,A0,西,left0A0,left0A0_2,1,0,1,1
275.0,A1,南,A0A1,A0A1_0,0,0,0,0
275.0,A1,南,A0A1,A0A1_1,0,0,0,0
275.0,A1,南,A0A1,A0A1_2,0,0,0,0
275.0,A1,北,A2A1,A2A1_0,1,0,0,0
275.0,A1,北,A2A1,A2A1_1,1,0,1,0
275.0,A1,北,A2A1,A2A1_2,1,0,0,0
275.0,A1,东,B1A1,B1A1_0,1,0,1,0
275.0,A1,东,B1A1,B1A1_1,1,0,0,0
275.0,A1,东,B1A1,B1A1_2,1,0,0,0
275.0,A1,西,left1A1,left1A1_0,4,0,2,0
275.0,A1,西,left1A1,left1A1_1,4,0,2,2
275.0,A1,西,left1A1,left1A1_2,4,0,0,0
275.0,A2,南,A1A2,A1A2_0,4,0,3,0
275.0,A2,南,A1A2,A1A2_1,4,0,0,0
275.0,A2,南,A1A2,A1A2_2,4,0,1,0
275.0,A2,东,B2A2,B2A2_0,1,0,0,0
275.0,A2,东,B2A2,B2A2_1,1,0,1,0
275.0,A2,东,B2A2,B2A2_2,1,0,0,0
275.0,A2,西,left2A2,left2A2_0,0,0,0,0
275.0,A2,西,left2A2,left2A2_1,0,0,0,0
275.0,A2,西,left2A2,left2A2_2,0,0,0,0
275.0,A2,北,top0A2,top0A2_0,0,0,0,0
275.0,A2,北,top0A2,top0A2_1,0,0,0,0
275.0,A2,北,top0A2,top0A2_2,0,0,0,0
275.0,B0,西,A0B0,A0B0_0,3,0,0,0
275.0,B0,西,A0B0,A0B0_1,3,0,2,0
275.0,B0,西,A0B0,A0B0_2,3,0,1,1
275.0,B0,北,B1B0,B1B0_0,0,0,0,0
275.0,B0,北,B1B0,B1B0_1,0,0,0,0
275.0,B0,北,B1B0,B1B0_2,0,0,0,0
275.0,B0,东,C0B0,C0B0_0,1,0,1,0
275.0,B0,东,C0B0,C0B0_1,1,0,0,0
275.0,B0,东,C0B0,C0B0_2,1,0,0,0
275.0,B0,南,bottom1B0,bottom1B0_0,1,0,0,0
275.0,B0,南,bottom1B0,bottom1B0_1,1,0,0,0
275.0,B0,南,bottom1B0,bottom1B0_2,1,0,1,0
275.0,B1,西,A1B1,A1B1_0,0,0,0,0
275.0,B1,西,A1B1,A1B1_1,0,0,0,0
275.0,B1,西,A1B1,A1B1_2,0,0,0,0
275.0,B1,南,B0B1,B0B1_0,0,0,0,0
275.0,B1,南,B0B1,B0B1_1,0,0,0,0
275.0,B1,南,B0B1,B0B1_2,0,0,0,0
275.0,B1,北,B2B1,B2B1_0,2,0,0,0
275.0,B1,北,B2B1,B2B1_1,2,0,2,0
275.0,B1,北,B2B1,B2B1_2,2,0,0,0
275.0,B1,东,C1B1,C1B1_0,2,1,0,0
275.0,B1,东,C1B1,C1B1_1,2,1,1,1
275.0,B1,东,C1B1,C1B1_2,2,1,1,0
275.0,B2,西,A2B2,A2B2_0,3,0,0,0
275.0,B2,西,A2B2,A2B2_1,3,0,3,2
275.0,B2,西,A2B2,A2B2_2,3,0,0,0
275.0,B2,南,B1B2,B1B2_0,2,0,1,1
275.0,B2,南,B1B2,B1B2_1,2,0,1,0
275.0,B2,南,B1B2,B1B2_2,2,0,0,0
275.0,B2,东,C2B2,C2B2_0,0,0,0,0
275.0,B2,东,C2B2,C2B2_1,0,0,0,0
275.0,B2,东,C2B2,C2B2_2,0,0,0,0
275.0,B2,北,top1B2,top1B2_0,1,0,0,0
275.0,B2,北,top1B2,top1B2_1,1,0,0,0
275.0,B2,北,top1B2,top1B2_2,1,0,1,0
275.0,C0,西,B0C0,B0C0_0,2,0,1,0
275.0,C0,西,B0C0,B0C0_1,2,0,1,0
275.0,C0,西,B0C0,B0C0_2,2,0,0,0
275.0,C0,北,C1C0,C1C0_0,0,0,0,0
275.0,C0,北,C1C0,C1C0_1,0,0,0,0
275.0,C0,北,C1C0,C1C0_2,0,0,0,0
275.0,C0,南,bottom2C0,bottom2C0_0,1,0,0,0
275.0,C0,南,bottom2C0,bottom2C0_1,1,0,1,0
275.0,C0,南,bottom2C0,bottom2C0_2,1,0,0,0
275.0,C0,东,right0C0,right0C0_0,1,0,1,0
275.0,C0,东,right0C0,right0C0_1,1,0,0,0
275.0,C0,东,right0C0,right0C0_2,1,0,0,0
275.0,C1,西,B1C1,B1C1_0,9,0,1,0
275.0,C1,西,B1C1,B1C1_1,9,0,1,1
275.0,C1,西,B1C1,B1C1_2,9,0,7,3
275.0,C1,南,C0C1,C0C1_0,1,0,0,0
275.0,C1,南,C0C1,C0C1_1,1,0,1,0
275.0,C1,南,C0C1,C0C1_2,1,0,0,0
275.0,C1,北,C2C1,C2C1_0,0,0,0,0
275.0,C1,北,C2C1,C2C1_1,0,0,0,0
275.0,C1,北,C2C1,C2C1_2,0,0,0,0
275.0,C1,东,right1C1,right1C1_0,1,0,0,0
275.0,C1,东,right1C1,right1C1_1,1,0,1,1
275.0,C1,东,right1C1,right1C1_2,1,0,0,0
275.0,C2,西,B2C2,B2C2_0,2,1,1,0
275.0,C2,西,B2C2,B2C2_1,2,1,1,1
275.0,C2,西,B2C2,B2C2_2,2,1,0,0
275.0,C2,南,C1C2,C1C2_0,2,0,0,0
275.0,C2,南,C1C2,C1C2_1,2,0,1,1
275.0,C2,南,C1C2,C1C2_2,2,0,1,0
275.0,C2,东,right2C2,right2C2_0,2,0,0,0
275.0,C2,东,right2C2,right2C2_1,2,0,1,0
275.0,C2,东,right2C2,right2C2_2,2,0,1,1
275.0,C2,北,top2C2,top2C2_0,1,0,0,0
275.0,C2,北,top2C2,top2C2_1,1,0,1,0
275.0,C2,北,top2C2,top2C2_2,1,0,0,0
280.0,A0,北,A1A0,A1A0_0,3,3,1,0
280.0,A0,北,A1A0,A1A0_1,3,3,2,0
280.0,A0,北,A1A0,A1A0_2,3,3,0,0
280.0,A0,东,B0A0,B0A0_0,2,0,0,0
280.0,A0,东,B0A0,B0A0_1,2,0,2,2
280.0,A0,东,B0A0,B0A0_2,2,0,0,0
280.0,A0,南,bottom0A0,bottom0A0_0,1,1,0,0
280.0,A0,南,bottom0A0,bottom0A0_1,1,1,1,0
280.0,A0,南,bottom0A0,bottom0A0_2,1,1,0,0
280.0,A0,西,left0A0,left0A0_0,1,0,0,0
280.0,A0,西,left0A0,left0A0_1,1,0,0,0
280.0,A0,西,left0A0,left0A0_2,1,0,1,1
280.0,A1,南,A0A1,A0A1_0,0,0,0,0
280.0,A1,南,A0A1,A0A1_1,0,0,0,0
280.0,A1,南,A0A1,A0A1_2,0,0,0,0
280.0,A1,北,A2A1,A2A1_0,0,0,0,0
280.0,A1,北,A2A1,A2A1_1,0,0,0,0
280.0,A1,北,A2A1,A2A1_2,0,0,0,0
280.0,A1,东,B1A1,B1A1_0,1,0,1,0
280.0,A1,东,B1A1,B1A1_1,1,0,0,0
280.0,A1,东,B1A1,B1A1_2,1,0,0,0
280.0,A1,西,left1A1,left1A1_0,4,1,1,0
280.0,A1,西,left1A1,left1A1_1,4,1,2,2
280.0,A1,西,left1A1,left1A1_2,4,1,1,0
280.0,A2,南,A1A2,A1A2_0,3,0,2,0
280.0,A2,南,A1A2,A1A2_1,3,0,0,0
280.0,A2,南,A1A2,A1A2_2,3,0,1,0
280.0,A2,东,B2A2,B2A2_0,1,0,0,0
280.0,A2,东,B2A2,B2A2_1,1,0,1,0
280.0,A2,东,B2A2,B2A2_2,1,0,0,0
280.0,A2,西,left2A2,left2A2_0,1,1,1,0
280.0,A2,西,left2A2,left2A2_1,1,1,0,0
280.0,A2,西,left2A2,left2A2_2,1,1,0,0
280.0,A2,北,top0A2,top0A2_0,0,0,0,0
280.0,A2,北,top0A2,top0A2_1,0,0,0,0
280.0,A2,北,top0A2,top0A2_2,0,0,0,0
280.0,B0,西,A0B0,A0B0_0,3,0,0,0
280.0,B0,西,A0B0,A0B0_1,3,0,2,0
280.0,B0,西,A0B0,A0B0_2,3,0,1,1
280.0,B0,北,B1B0,B1B0_0,1,1,1,0
280.0,B0,北,B1B0,B1B0_1,1,1,0,0
280.0,B0,北,B1B0,B1B0_2,1,1,0,0
280.0,B0,东,C0B0,C0B0_0,1,0,1,0
280.0,B0,东,C0B0,C0B0_1,1,0,0,0
280.0,B0,东,C0B0,C0B0_2,1,0,0,0
280.0,B0,南,bottom1B0,bottom1B0_0,1,0,0,0
280.0,B0,南,bottom1B0,bottom1B0_1,1,0,0,0
280.0,B0,南,bottom1B0,bottom1B0_2,1,0,1,0
280.0,B1,西,A1B1,A1B1_0,0,0,0,0
280.0,B1,西,A1B1,A1B1_1,0,0,0,0
280.0,B1,西,A1B1,A1B1_2,0,0,0,0
280.0,B1,南,B0B1,B0B1_0,0,0,0,0
280.0,B1,南,B0B1,B0B1_1,0,0,0,0
280.0,B1,南,B0B1,B0B1_2,0,0,0,0
280.0,B1,北,B2B1,B2B1_0,0,0,0,0
280.0,B1,北,B2B1,B2B1_1,0,0,0,0
280.0,B1,北,B2B1,B2B1_2,0,0,0,0
280.0,B1,东,C1B1,C1B1_0,2,0,0,0
280.0,B1,东,C1B1,C1B1_1,2,0,1,1
280.0,B1,东,C1B1,C1B1_2,2,0,1,0
280.0,B2,西,A2B2,A2B2_0,4,1,0,0
280.0,B2,西,A2B2,A2B2_1,4,1,4,2
280.0,B2,西,A2B2,A2B2_2,4,1,0,0
280.0,B2,南,B1B2,B1B2_0,2,0,1,1
280.0,B2,南,B1B2,B1B2_1,2,0,1,1
280.0,B2,南,B1B2,B1B2_2,2,0,0,0
280.0,B2,东,C2B2,C2B2_0,0,0,0,0
280.0,B2,东,C2B2,C2B2_1,0,0,0,0
280.0,B2,东,C2B2,C2B2_2,0,0,0,0
280.0,B2,北,top1B2,top1B2_0,1,0,0,0
280.0,B2,北,top1B2,top1B2_1,1,0,0,0
280.0,B2,北,top1B2,top1B2_2,1,0,1,0
280.0,C0,西,B0C0,B0C0_0,2,0,1,0
280.0,C0,西,B0C0,B0C0_1,2,0,1,0
280.0,C0,西,B0C0,B0C0_2,2,0,0,0
280.0,C0,北,C1C0,C1C0_0,0,0,0,0
280.0,C0,北,C1C0,C1C0_1,0,0,0,0
280.0,C0,北,C1C0,C1C0_2,0,0,0,0
280.0,C0,南,bottom2C0,bottom2C0_0,1,0,0,0
280.0,C0,南,bottom2C0,bottom2C0_1,1,0,1,0
280.0,C0,南,bottom2C0,bottom2C0_2,1,0,0,0
280.0,C0,东,right0C0,right0C0_0,2,1,1,0
280.0,C0,东,right0C0,right0C0_1,2,1,1,0
280.0,C0,东,right0C0,right0C0_2,2,1,0,0
280.0,C1,西,B1C1,B1C1_0,9,0,1,0
280.0,C1,西,B1C1,B1C1_1,9,0,1,1
280.0,C1,西,B1C1,B1C1_2,9,0,7,5
280.0,C1,南,C0C1,C0C1_0,1,0,0,0
280.0,C1,南,C0C1,C0C1_1,1,0,1,0
280.0,C1,南,C0C1,C0C1_2,1,0,0,0
280.0,C1,北,C2C1,C2C1_0,0,0,0,0
280.0,C1,北,C2C1,C2C1_1,0,0,0,0
280.0,C1,北,C2C1,C2C1_2,0,0,0,0
280.0,C1,东,right1C1,right1C1_0,1,0,0,0
280.0,C1,东,right1C1,right1C1_1,1,0,1,1
280.0,C1,东,right1C1,right1C1_2,1,0,0,0
280.0,C2,西,B2C2,B2C2_0,2,0,1,0
280.0,C2,西,B2C2,B2C2_1,2,0,1,1
280.0,C2,西,B2C2,B2C2_2,2,0,0,0
280.0,C2,南,C1C2,C1C2_0,2,0,0,0
280.0,C2,南,C1C2,C1C2_1,2,0,1,1
280.0,C2,南,C1C2,C1C2_2,2,0,1,0
280.0,C2,东,right2C2,right2C2_0,2,0,0,0
280.0,C2,东,right2C2,right2C2_1,2,0,1,0
280.0,C2,东,right2C2,right2C2_2,2,0,1,1
280.0,C2,北,top2C2,top2C2_0,0,0,0,0
280.0,C2,北,top2C2,top2C2_1,0,0,0,0
280.0,C2,北,top2C2,top2C2_2,0,0,0,0
285.0,A0,北,A1A0,A1A0_0,3,0,1,0
285.0,A0,北,A1A0,A1A0_1,3,0,2,0
285.0,A0,北,A1A0,A1A0_2,3,0,0,0
285.0,A0,东,B0A0,B0A0_0,2,0,0,0
285.0,A0,东,B0A0,B0A0_1,2,0,2,2
285.0,A0,东,B0A0,B0A0_2,2,0,0,0
285.0,A0,南,bottom0A0,bottom0A0_0,1,0,0,0
285.0,A0,南,bottom0A0,bottom0A0_1,1,0,0,0
285.0,A0,南,bottom0A0,bottom0A0_2,1,0,1,0
285.0,A0,西,left0A0,left0A0_0,1,0,0,0
285.0,A0,西,left0A0,left0A0_1,1,0,0,0
285.0,A0,西,left0A0,left0A0_2,1,0,1,1
285.0,A1,南,A0A1,A0A1_0,0,0,0,0
285.0,A1,南,A0A1,A0A1_1,0,0,0,0
285.0,A1,南,A0A1,A0A1_2,0,0,0,0
285.0,A1,北,A2A1,A2A1_0,0,0,0,0
285.0,A1,北,A2A1,A2A1_1,0,0,0,0
285.0,A1,北,A2A1,A2A1_2,0,0,0,0
285.0,A1,东,B1A1,B1A1_0,1,0,1,0
285.0,A1,东,B1A1,B1A1_1,1,0,0,0
285.0,A1,东,B1A1,B1A1_2,1,0,0,0
285.0,A1,西,left1A1,left1A1_0,4,0,1,0
285.0,A1,西,left1A1,left1A1_1,4,0,2,2
285.0,A1,西,left1A1,left1A1_2,4,0,1,0
285.0,A2,南,A1A2,A1A2_0,2,0,1,0
285.0,A2,南,A1A2,A1A2_1,2,0,0,0
285.0,A2,南,A1A2,A1A2_2,2,0,1,1
285.0,A2,东,B2A2,B2A2_0,1,0,0,0
285.0,A2,东,B2A2,B2A2_1,1,0,1,1
285.0,A2,东,B2A2,B2A2_2,1,0,0,0
285.0,A2,西,left2A2,left2A2_0,1,0,1,0
285.0,A2,西,left2A2,left2A2_1,1,0,0,0
285.0,A2,西,left2A2,left2A2_2,1,0,0,0
285.0,A2,北,top0A2,top0A2_0,0,0,0,0
285.0,A2,北,top0A2,top0A2_1,0,0,0,0
285.0,A2,北,top0A2,top0A2_2,0,0,0,0
285.0,B0,西,A0B0,A0B0_0,3,0,0,0
285.0,B0,西,A0B0,A0B0_1,3,0,2,0
285.0,B0,西,A0B0,A0B0_2,3,0,1,1
285.0,B0,北,B1B0,B1B0_0,3,2,1,0
285.0,B0,北,B1B0,B1B0_1,3,2,2,0
285.0,B0,北,B1B0,B1B0_2,3,2,0,0
285.0,B0,东,C0B0,C0B0_0,1,0,1,0
285.0,B0,东,C0B0,C0B0_1,1,0,0,0
285.0,B0,东,C0B0,C0B0_2,1,0,0,0
285.0,B0,南,bottom1B0,bottom1B0_0,1,0,0,0
285.0,B0,南,bottom1B0,bottom1B0_1,1,0,0,0
285.0,B0,南,bottom1B0,bottom1B0_2,1,0,1,1
285.0,B1,西,A1B1,A1B1_0,0,0,0,0
285.0,B1,西,A1B1,A1B1_1,0,0,0,0
285.0,B1,西,A1B1,A1B1_2,0,0,0,0
285.0,B1,南,B0B1,B0B1_0,0,0,0,0
285.0,B1,南,B0B1,B0B1_1,0,0,0,0
285.0,B1,南,B0B1,B0B1_2,0,0,0,0
285.0,B1,北,B2B1,B2B1_0,0,0,0,0
285.0,B1,北,B2B1,B2B1_1,0,0,0,0
285.0,B1,北,B2B1,B2B1_2,0,0,0,0
285.0,B1,东,C1B1,C1B1_0,2,0,0,0
285.0,B1,东,C1B1,C1B1_1,2,0,1,1
285.0,B1,东,C1B1,C1B1_2,2,0,1,0
285.0,B2,西,A2B2,A2B2_0,4,0,0,0
285.0,B2,西,A2B2,A2B2_1,4,0,4,2
285.0,B2,西,A2B2,A2B2_2,4,0,0,0
285.0,B2,南,B1B2,B1B2_0,1,0,0,0
285.0,B2,南,B1B2,B1B2_1,1,0,1,1
285.0,B2,南,B1B2,B1B2_2,1,0,0,0
285.0,B2,东,C2B2,C2B2_0,0,0,0,0
285.0,B2,东,C2B2,C2B2_1,0,0,0,0
285.0,B2,东,C2B2,C2B2_2,0,0,0,0
285.0,B2,北,top1B2,top1B2_0,0,0,0,0
285.0,B2,北,top1B2,top1B2_1,0,0,0,0
285.0,B2,北,top1B2,top1B2_2,0,0,0,0
285.0,C0,西,B0C0,B0C0_0,2,0,1,0
285.0,C0,西,B0C0,B0C0_1,2,0,1,0
285.0,C0,西,B0C0,B0C0_2,2,0,0,0
285.0,C0,北,C1C0,C1C0_0,0,0,0,0
285.0,C0,北,C1C0,C1C0_1,0,0,0,0
285.0,C0,北,C1C0,C1C0_2,0,0,0,0
285.0,C0,南,bottom2C0,bottom2C0_0,2,1,1,0
285.0,C0,南,bottom2C0,bottom2C0_1,2,1,1,0
285.0,C0,南,bottom2C0,bottom2C0_2,2,1,0,0
285.0,C0,东,right0C0,right0C0_0,2,0,2,0
285.0,C0,东,right0C0,right0C0_1,2,0,0,0
285.0,C0,东,right0C0,right0C0_2,2,0,0,0
285.0,C1,西,B1C1,B1C1_0,9,0,1,0
285.0,C1,西,B1C1,B1C1_1,9,0,1,1
285.0,C1,西,B1C1,B1C1_2,9,0,7,7
285.0,C1,南,C0C1,C0C1_0,1,0,0,0
285.0,C1,南,C0C1,C0C1_1,1,0,1,0
285.0,C1,南,C0C1,C0C1_2,1,0,0,0
285.0,C1,北,C2C1,C2C1_0,1,1,1,0
285.0,C1,北,C2C1,C2C1_1,1,1,0,0
285.0,C1,北,C2C1,C2C1_2,1,1,0,0
285.0,C1,东,right1C1,right1C1_0,1,0,0,0
285.0,C1,东,right1C1,right1C1_1,1,0,1,1
285.0,C1,东,right1C1,right1C1_2,1,0,0,0
285.0,C2,西,B2C2,B2C2_0,3,1,1,0
285.0,C2,西,B2C2,B2C2_1,3,1,1,1
285.0,C2,西,B2C2,B2C2_2,3,1,1,0
285.0,C2,南,C1C2,C1C2_0,2,0,0,0
285.0,C2,南,C1C2,C1C2_1,2,0,1,1
285.0,C2,南,C1C2,C1C2_2,2,0,1,0
285.0,C2,东,right2C2,right2C2_0,2,0,0,0
285.0,C2,东,right2C2,right2C2_1,2,0,1,0
285.0,C2,东,right2C2,right2C2_2,2,0,1,1
285.0,C2,北,top2C2,top2C2_0,0,0,0,0
285.0,C2,北,top2C2,top2C2_1,0,0,0,0
285.0,C2,北,top2C2,top2C2_2,0,0,0,0
290.0,A0,北,A1A0,A1A0_0,3,0,1,0
290.0,A0,北,A1A0,A1A0_1,3,0,2,0
290.0,A0,北,A1A0,A1A0_2,3,0,0,0
290.0,A0,东,B0A0,B0A0_0,2,0,0,0
290.0,A0,东,B0A0,B0A0_1,2,0,2,2
290.0,A0,东,B0A0,B0A0_2,2,0,0,0
290.0,A0,南,bottom0A0,bottom0A0_0,1,0,0,0
290.0,A0,南,bottom0A0,bottom0A0_1,1,0,0,0
290.0,A0,南,bottom0A0,bottom0A0_2,1,0,1,0
290.0,A0,西,left0A0,left0A0_0,1,0,0,0
290.0,A0,西,left0A0,left0A0_1,1,0,0,0
290.0,A0,西,left0A0,left0A0_2,1,0,1,1
290.0,A1,南,A0A1,A0A1_0,0,0,0,0
290.0,A1,南,A0A1,A0A1_1,0,0,0,0
290.0,A1,南,A0A1,A0A1_2,0,0,0,0
290.0,A1,北,A2A1,A2A1_0,0,0,0,0
290.0,A1,北,A2A1,A2A1_1,0,0,0,0
290.0,A1,北,A2A1,A2A1_2,0,0,0,0
290.0,A1,东,B1A1,B1A1_0,1,0,1,0
290.0,A1,东,B1A1,B1A1_1,1,0,0,0
290.0,A1,东,B1A1,B1A1_2,1,0,0,0
290.0,A1,西,left1A1,left1A1_0,3,0,0,0
290.0,A1,西,left1A1,left1A1_1,3,0,2,2
290.0,A1,西,left1A1,left1A1_2,3,0,1,0
290.0,A2,南,A1A2,A1A2_0,1,0,0,0
290.0,A2,南,A1A2,A1A2_1,1,0,0,0
290.0,A2,南,A1A2,A1A2_2,1,0,1,1
290.0,A2,东,B2A2,B2A2_0,1,0,0,0
290.0,A2,东,B2A2,B2A2_1,1,0,1,1
290.0,A2,东,B2A2,B2A2_2,1,0,0,0
290.0,A2,西,left2A2,left2A2_0,2,1,1,0
290.0,A2,西,left2A2,left2A2_1,2,1,1,0
290.0,A2,西,left2A2,left2A2_2,2,1,0,0
290.0,A2,北,top0A2,top0A2_0,0,0,0,0
290.0,A2,北,top0A2,top0A2_1,0,0,0,0
290.0,A2,北,top0A2,top0A2_2,0,0,0,0
290.0,B0,西,A0B0,A0B0_0,3,0,0,0
290.0,B0,西,A0B0,A0B0_1,3,0,2,0
290.0,B0,西,A0B0,A0B0_2,3,0,1,1
290.0,B0,北,B1B0,B1B0_0,3,0,1,0
290.0,B0,北,B1B0,B1B0_1,3,0,2,0
290.0,B0,北,B1B0,B1B0_2,3,0,0,0
290.0,B0,东,C0B0,C0B0_0,1,0,1,0
290.0,B0,东,C0B0,C0B0_1,1,0,0,0
290.0,B0,东,C0B0,C0B0_2,1,0,0,0
290.0,B0,南,bottom1B0,bottom1B0_0,1,0,0,0
290.0,B0,南,bottom1B0,bottom1B0_1,1,0,0,0
290.0,B0,南,bottom1B0,bottom1B0_2,1,0,1,1
290.0,B1,西,A1B1,A1B1_0,0,0,0,0
290.0,B1,西,A1B1,A1B1_1,0,0,0,0
290.0,B1,西,A1B1,A1B1_2,0,0,0,0
290.0,B1,南,B0B1,B0B1_0,0,0,0,0
290.0,B1,南,B0B1,B0B1_1,0,0,0,0
290.0,B1,南,B0B1,B0B1_2,0,0,0,0
290.0,B1,北,B2B1,B2B1_0,0,0,0,0
290.0,B1,北,B2B1,B2B1_1,0,0,0,0
290.0,B1,北,B2B1,B2B1_2,0,0,0,0
290.0,B1,东,C1B1,C1B1_0,2,0,0,0
290.0,B1,东,C1B1,C1B1_1,2,0,1,1
290.0,B1,东,C1B1,C1B1_2,2,0,1,0
290.0,B2,西,A2B2,A2B2_0,5,1,0,0
290.0,B2,西,A2B2,A2B2_1,5,1,5,2
290.0,B2,西,A2B2,A2B2_2,5,1,0,0
290.0,B2,南,B1B2,B1B2_0,1,0,0,0
290.0,B2,南,B1B2,B1B2_1,1,0,1,1
290.0,B2,南,B1B2,B1B2_2,1,0,0,0
290.0,B2,东,C2B2,C2B2_0,0,0,0,0
290.0,B2,东,C2B2,C2B2_1,0,0,0,0
290.0,B2,东,C2B2,C2B2_2,0,0,0,0
290.0,B2,北,top1B2,top1B2_0,0,0,0,0
290.0,B2,北,top1B2,top1B2_1,0,0,0,0
290.0,B2,北,top1B2,top1B2_2,0,0,0,0
290.0,C0,西,B0C0,B0C0_0,2,0,1,0
290.0,C0,西,B0C0,B0C0_1,2,0,1,1
290.0,C0,西,B0C0,B0C0_2,2,0,0,0
290.0,C0,北,C1C0,C1C0_0,0,0,0,0
290.0,C0,北,C1C0,C1C0_1,0,0,0,0
290.0,C0,北,C1C0,C1C0_2,0,0,0,0
290.0,C0,南,bottom2C0,bottom2C0_0,2,0,0,0
290.0,C0,南,bottom2C0,bottom2C0_1,2,0,2,0
290.0,C0,南,bottom2C0,bottom2C0_2,2,0,0,0
290.0,C0,东,right0C0,right0C0_0,1,0,1,0
290.0,C0,东,right0C0,right0C0_1,1,0,0,0
290.0,C0,东,right0C0,right0C0_2,1,0,0,0
290.0,C1,西,B1C1,B1C1_0,9,0,1,0
290.0,C1,西,B1C1,B1C1_1,9,0,1,1
290.0,C1,西,B1C1,B1C1_2,9,0,7,7
290.0,C1,南,C0C1,C0C1_0,1,0,0,0
290.0,C1,南,C0C1,C0C1_1,1,0,1,1
290.0,C1,南,C0C1,C0C1_2,1,0,0,0
290.0,C1,北,C2C1,C2C1_0,1,0,1,0
290.0,C1,北,C2C1,C2C1_1,1,0,0,0
290.0,C1,北,C2C1,C2C1_2,1,0,0,0
290.0,C1,东,right1C1,right1C1_0,1,0,0,0
290.0,C1,东,right1C1,right1C1_1,1,0,1,1
290.0,C1,东,right1C1,right1C1_2,1,0,0,0
290.0,C2,西,B2C2,B2C2_0,4,1,1,0
290.0,C2,西,B2C2,B2C2_1,4,1,1,1
290.0,C2,西,B2C2,B2C2_2,4,1,2,0
290.0,C2,南,C1C2,C1C2_0,2,0,0,0
290.0,C2,南,C1C2,C1C2_1,2,0,1,1
290.0,C2,南,C1C2,C1C2_2,2,0,1,1
290.0,C2,东,right2C2,right2C2_0,2,0,0,0
290.0,C2,东,right2C2,right2C2_1,2,0,1,1
290.0,C2,东,right2C2,right2C2_2,2,0,1,1
290.0,C2,北,top2C2,top2C2_0,0,0,0,0
290.0,C2,北,top2C2,top2C2_1,0,0,0,0
290.0,C2,北,top2C2,top2C2_2,0,0,0,0
295.0,A0,北,A1A0,A1A0_0,4,1,1,0
295.0,A0,北,A1A0,A1A0_1,4,1,3,0
295.0,A0,北,A1A0,A1A0_2,4,1,0,0
295.0,A0,东,B0A0,B0A0_0,2,0,0,0
295.0,A0,东,B0A0,B0A0_1,2,0,2,2
295.0,A0,东,B0A0,B0A0_2,2,0,0,0
295.0,A0,南,bottom0A0,bottom0A0_0,1,0,0,0
295.0,A0,南,bottom0A0,bottom0A0_1,1,0,0,0
295.0,A0,南,bottom0A0,bottom0A0_2,1,0,1,0
295.0,A0,西,left0A0,left0A0_0,2,1,0,0
295.0,A0,西,left0A0,left0A0_1,2,1,0,0
295.0,A0,西,left0A0,left0A0_2,2,1,2,1
295.0,A1,南,A0A1,A0A1_0,0,0,0,0
295.0,A1,南,A0A1,A0A1_1,0,0,0,0
295.0,A1,南,A0A1,A0A1_2,0,0,0,0
295.0,A1,北,A2A1,A2A1_0,0,0,0,0
295.0,A1,北,A2A1,A2A1_1,0,0,0,0
295.0,A1,北,A2A1,A2A1_2,0,0,0,0
295.0,A1,东,B1A1,B1A1_0,1,0,1,0
295.0,A1,东,B1A1,B1A1_1,1,0,0,0
295.0,A1,东,B1A1,B1A1_2,1,0,0,0
295.0,A1,西,left1A1,left1A1_0,3,0,0,0
295.0,A1,西,left1A1,left1A1_1,3,0,2,2
295.0,A1,西,left1A1,left1A1_2,3,0,1,0
295.0,A2,南,A1A2,A1A2_0,0,0,0,0
295.0,A2,南,A1A2,A1A2_1,0,0,0,0
295.0,A2,南,A1A2,A1A2_2,0,0,0,0
295.0,A2,东,B2A2,B2A2_0,1,0,0,0
295.0,A2,东,B2A2,B2A2_1,1,0,1,1
295.0,A2,东,B2A2,B2A2_2,1,0,0,0
295.0,A2,西,left2A2,left2A2_0,2,0,1,0
295.0,A2,西,left2A2,left2A2_1,2,0,1,0
295.0,A2,西,left2A2,left2A2_2,2,0,0,0
295.0,A2,北,top0A2,top0A2_0,0,0,0,0
295.0,A2,北,top0A2,top0A2_1,0,0,0,0
295.0,A2,北,top0A2,top0A2_2,0,0,0,0
295.0,B0,西,A0B0,A0B0_0,3,0,0,0
295.0,B0,西,A0B0,A0B0_1,3,0,2,2
295.0,B0,西,A0B0,A0B0_2,3,0,1,1
295.0,B0,北,B1B0,B1B0_0,3,0,1,0
295.0,B0,北,B1B0,B1B0_1,3,0,2,0
295.0,B0,北,B1B0,B1B0_2,3,0,0,0
295.0,B0,东,C0B0,C0B0_0,0,0,0,0
295.0,B0,东,C0B0,C0B0_1,0,0,0,0
295.0,B0,东,C0B0,C0B0_2,0,0,0,0
295.0,B0,南,bottom1B0,bottom1B0_0,0,0,0,0
295.0,B0,南,bottom1B0,bottom1B0_1,0,0,0,0
295.0,B0,南,bottom1B0,bottom1B0_2,0,0,0,0
295.0,B1,西,A1B1,A1B1_0,0,0,0,0
295.0,B1,西,A1B1,A1B1_1,0,0,0,0
295.0,B1,西,A1B1,A1B1_2,0,0,0,0
295.0,B1,南,B0B1,B0B1_0,0,0,0,0
295.0,B1,南,B0B1,B0B1_1,0,0,0,0
295.0,B1,南,B0B1,B0B1_2,0,0,0,0
295.0,B1,北,B2B1,B2B1_0,0,0,0,0
295.0,B1,北,B2B1,B2B1_1,0,0,0,0
295.0,B1,北,B2B1,B2B1_2,0,0,0,0
295.0,B1,东,C1B1,C1B1_0,2,0,0,0
295.0,B1,东,C1B1,C1B1_1,2,0,1,1
295.0,B1,东,C1B1,C1B1_2,2,0,1,0
295.0,B2,西,A2B2,A2B2_0,6,1,0,0
295.0,B2,西,A2B2,A2B2_1,6,1,6,3
295.0,B2,西,A2B2,A2B2_2,6,1,0,0
295.0,B2,南,B1B2,B1B2_0,0,0,0,0
295.0,B2,南,B1B2,B1B2_1,0,0,0,0
295.0,B2,南,B1B2,B1B2_2,0,0,0,0
295.0,B2,东,C2B2,C2B2_0,0,0,0,0
295.0,B2,东,C2B2,C2B2_1,0,0,0,0
295.0,B2,东,C2B2,C2B2_2,0,0,0,0
295.0,B2,北,top1B2,top1B2_0,0,0,0,0
295.0,B2,北,top1B2,top1B2_1,0,0,0,0
295.0,B2,北,top1B2,top1B2_2,0,0,0,0
295.0,C0,西,B0C0,B0C0_0,1,0,0,0
295.0,C0,西,B0C0,B0C0_1,1,0,1,1
295.0,C0,西,B0C0,B0C0_2,1,0,0,0
295.0,C0,北,C1C0,C1C0_0,0,0,0,0
295.0,C0,北,C1C0,C1C0_1,0,0,0,0
295.0,C0,北,C1C0,C1C0_2,0,0,0,0
295.0,C0,南,bottom2C0,bottom2C0_0,1,0,0,0
295.0,C0,南,bottom2C0,bottom2C0_1,1,0,1,0
295.0,C0,南,bottom2C0,bottom2C0_2,1,0,0,0
295.0,C0,东,right0C0,right0C0_0,1,0,1,0
295.0,C0,东,right0C0,right0C0_1,1,0,0,0
295.0,C0,东,right0C0,right0C0_2,1,0,0,0
295.0,C1,西,B1C1,B1C1_0,8,0,0,0
295.0,C1,西,B1C1,B1C1_1,8,0,1,1
295.0,C1,西,B1C1,B1C1_2,8,0,7,7
295.0,C1,南,C0C1,C0C1_0,1,1,0,0
295.0,C1,南,C0C1,C0C1_1,1,1,1,0
295.0,C1,南,C0C1,C0C1_2,1,1,0,0
295.0,C1,北,C2C1,C2C1_0,1,0,1,0
295.0,C1,北,C2C1,C2C1_1,1,0,0,0
295.0,C1,北,C2C1,C2C1_2,1,0,0,0
295.0,C1,东,right1C1,right1C1_0,2,1,1,0
295.0,C1,东,right1C1,right1C1_1,2,1,1,1
295.0,C1,东,right1C1,right1C1_2,2,1,0,0
295.0,C2,西,B2C2,B2C2_0,4,0,1,0
295.0,C2,西,B2C2,B2C2_1,4,0,1,1
295.0,C2,西,B2C2,B2C2_2,4,0,2,0
295.0,C2,南,C1C2,C1C2_0,0,0,0,0
295.0,C2,南,C1C2,C1C2_1,0,0,0,0
295.0,C2,南,C1C2,C1C2_2,0,0,0,0
295.0,C2,东,right2C2,right2C2_0,2,0,0,0
295.0,C2,东,right2C2,right2C2_1,2,0,1,1
295.0,C2,东,right2C2,right2C2_2,2,0,1,1
295.0,C2,北,top2C2,top2C2_0,0,0,0,0
295.0,C2,北,top2C2,top2C2_1,0,0,0,0
295.0,C2,北,top2C2,top2C2_2,0,0,0,0
300.0,A0,北,A1A0,A1A0_0,4,0,1,0
300.0,A0,北,A1A0,A1A0_1,4,0,3,0
300.0,A0,北,A1A0,A1A0_2,4,0,0,0
300.0,A0,东,B0A0,B0A0_0,3,1,0,0
300.0,A0,东,B0A0,B0A0_1,3,1,2,2
300.0,A0,东,B0A0,B0A0_2,3,1,1,0
300.0,A0,南,bottom0A0,bottom0A0_0,1,0,0,0
300.0,A0,南,bottom0A0,bottom0A0_1,1,0,0,0
300.0,A0,南,bottom0A0,bottom0A0_2,1,0,1,0
300.0,A0,西,left0A0,left0A0_0,3,1,0,0
300.0,A0,西,left0A0,left0A0_1,3,1,0,0
300.0,A0,西,left0A0,left0A0_2,3,1,3,1
300.0,A1,南,A0A1,A0A1_0,0,0,0,0
300.0,A1,南,A0A1,A0A1_1,0,0,0,0
300.0,A1,南,A0A1,A0A1_2,0,0,0,0
300.0,A1,北,A2A1,A2A1_0,0,0,0,0
300.0,A1,北,A2A1,A2A1_1,0,0,0,0
300.0,A1,北,A2A1,A2A1_2,0,0,0,0
300.0,A1,东,B1A1,B1A1_0,0,0,0,0
300.0,A1,东,B1A1,B1A1_1,0,0,0,0
300.0,A1,东,B1A1,B1A1_2,0,0,0,0
300.0,A1,西,left1A1,left1A1_0,3,0,0,0
300.0,A1,西,left1A1,left1A1_1,3,0,2,2
300.0,A1,西,left1A1,left1A1_2,3,0,1,0
300.0,A2,南,A1A2,A1A2_0,0,0,0,0
300.0,A2,南,A1A2,A1A2_1,0,0,0,0
300.0,A2,南,A1A2,A1A2_2,0,0,0,0
300.0,A2,东,B2A2,B2A2_0,1,0,0,0
300.0,A2,东,B2A2,B2A2_1,1,0,1,1
300.0,A2,东,B2A2,B2A2_2,1,0,0,0
300.0,A2,西,left2A2,left2A2_0,3,1,1,0
300.0,A2,西,left2A2,left2A2_1,3,1,1,0
300.0,A2,西,left2A2,left2A2_2,3,1,1,0
300.0,A2,北,top0A2,top0A2_0,0,0,0,0
300.0,A2,北,top0A2,top0A2_1,0,0,0,0
300.0,A2,北,top0A2,top0A2_2,0,0,0,0
300.0,B0,西,A0B0,A0B0_0,3,0,0,0
300.0,B0,西,A0B0,A0B0_1,3,0,2,2
300.0,B0,西,A0B0,A0B0_2,3,0,1,1
300.0,B0,北,B1B0,B1B0_0,3,0,1,0
300.0,B0,北,B1B0,B1B0_1,3,0,2,0
300.0,B0,北,B1B0,B1B0_2,3,0,0,0
300.0,B0,东,C0B0,C0B0_0,0,0,0,0
300.0,B0,东,C0B0,C0B0_1,0,0,0,0
300.0,B0,东,C0B0,C0B0_2,0,0,0,0
300.0,B0,南,bottom1B0,bottom1B0_0,0,0,0,0
300.0,B0,南,bottom1B0,bottom1B0_1,0,0,0,0
300.0,B0,南,bottom1B0,bottom1B0_2,0,0,0,0
300.0,B1,西,A1B1,A1B1_0,0,0,0,0
300.0,B1,西,A1B1,A1B1_1,0,0,0,0
300.0,B1,西,A1B1,A1B1_2,0,0,0,0
300.0,B1,南,B0B1,B0B1_0,1,1,0,0
300.0,B1,南,B0B1,B0B1_1,1,1,1,0
300.0,B1,南,B0B1,B0B1_2,1,1,0,0
300.0,B1,北,B2B1,B2B1_0,0,0,0,0
300.0,B1,北,B2B1,B2B1_1,0,0,0,0
300.0,B1,北,B2B1,B2B1_2,0,0,0,0
300.0,B1,东,C1B1,C1B1_0,2,0,0,0
300.0,B1,东,C1B1,C1B1_1,2,0,1,1
300.0,B1,东,C1B1,C1B1_2,2,0,1,1
300.0,B2,西,A2B2,A2B2_0,6,0,0,0
300.0,B2,西,A2B2,A2B2_1,6,0,6,3
300.0,B2,西,A2B2,A2B2_2,6,0,0,0
300.0,B2,南,B1B2,B1B2_0,0,0,0,0
300.0,B2,南,B1B2,B1B2_1,0,0,0,0
300.0,B2,南,B1B2,B1B2_2,0,0,0,0
300.0,B2,东,C2B2,C2B2_0,1,1,0,0
300.0,B2,东,C2B2,C2B2_1,1,1,1,0
300.0,B2,东,C2B2,C2B2_2,1,1,0,0
300.0,B2,北,top1B2,top1B2_0,0,0,0,0
300.0,B2,北,top1B2,top1B2_1,0,0,0,0
300.0,B2,北,top1B2,top1B2_2,0,0,0,0
300.0,C0,西,B0C0,B0C0_0,1,0,0,0
300.0,C0,西,B0C0,B0C0_1,1,0,1,1
300.0,C0,西,B0C0,B0C0_2,1,0,0,0
300.0,C0,北,C1C0,C1C0_0,1,1,0,0
300.0,C0,北,C1C0,C1C0_1,1,1,0,0
300.0,C0,北,C1C0,C1C0_2,1,1,1,0
300.0,C0,南,bottom2C0,bottom2C0_0,1,0,0,0
300.0,C0,南,bottom2C0,bottom2C0_1,1,0,1,0
300.0,C0,南,bottom2C0,bottom2C0_2,1,0,0,0
300.0,C0,东,right0C0,right0C0_0,1,0,1,1
300.0,C0,东,right0C0,right0C0_1,1,0,0,0
300.0,C0,东,right0C0,right0C0_2,1,0,0,0
300.0,C1,西,B1C1,B1C1_0,8,0,0,0
300.0,C1,西,B1C1,B1C1_1,8,0,1,1
300.0,C1,西,B1C1,B1C1_2,8,0,7,7
300.0,C1,南,C0C1,C0C1_0,2,1,0,0
300.0,C1,南,C0C1,C0C1_1,2,1,1,0
300.0,C1,南,C0C1,C0C1_2,2,1,1,0
300.0,C1,北,C2C1,C2C1_0,1,0,1,0
300.0,C1,北,C2C1,C2C1_1,1,0,0,0
300.0,C1,北,C2C1,C2C1_2,1,0,0,0
300.0,C1,东,right1C1,right1C1_0,2,0,1,0
300.0,C1,东,right1C1,right1C1_1,2,0,1,1
300.0,C1,东,right1C1,right1C1_2,2,0,0,0
300.0,C2,西,B2C2,B2C2_0,4,0,1,1
300.0,C2,西,B2C2,B2C2_1,4,0,1,1
300.0,C2,西,B2C2,B2C2_2,4,0,2,0
300.0,C2,南,C1C2,C1C2_0,1,1,0,0
300.0,C2,南,C1C2,C1C2_1,1,1,0,0
300.0,C2,南,C1C2,C1C2_2,1,1,1,0
300.0,C2,东,right2C2,right2C2_0,2,0,0,0
300.0,C2,东,right2C2,right2C2_1,2,0,1,1
300.0,C2,东,right2C2,right2C2_2,2,0,1,1
300.0,C2,北,top2C2,top2C2_0,0,0,0,0
300.0,C2,北,top2C2,top2C2_1,0,0,0,0
300.0,C2,北,top2C2,top2C2_2,0,0,0,0
305.0,A0,北,A1A0,A1A0_0,4,0,1,1
305.0,A0,北,A1A0,A1A0_1,4,0,3,2
305.0,A0,北,A1A0,A1A0_2,4,0,0,0
305.0,A0,东,B0A0,B0A0_0,2,0,0,0
305.0,A0,东,B0A0,B0A0_1,2,0,1,0
305.0,A0,东,B0A0,B0A0_2,2,0,1,0
305.0,A0,南,bottom0A0,bottom0A0_0,0,0,0,0
305.0,A0,南,bottom0A0,bottom0A0_1,0,0,0,0
305.0,A0,南,bottom0A0,bottom0A0_2,0,0,0,0
305.0,A0,西,left0A0,left0A0_0,3,0,0,0
305.0,A0,西,left0A0,left0A0_1,3,0,0,0
305.0,A0,西,left0A0,left0A0_2,3,0,3,1
305.0,A1,南,A0A1,A0A1_0,0,0,0,0
305.0,A1,南,A0A1,A0A1_1,0,0,0,0
305.0,A1,南,A0A1,A0A1_2,0,0,0,0
305.0,A1,北,A2A1,A2A1_0,1,1,0,0
305.0,A1,北,A2A1,A2A1_1,1,1,0,0
305.0,A1,北,A2A1,A2A1_2,1,1,1,0
305.0,A1,东,B1A1,B1A1_0,0,0,0,0
305.0,A1,东,B1A1,B1A1_1,0,0,0,0
305.0,A1,东,B1A1,B1A1_2,0,0,0,0
305.0,A1,西,left1A1,left1A1_0,2,0,0,0
305.0,A1,西,left1A1,left1A1_1,2,0,1,0
305.0,A1,西,left1A1,left1A1_2,2,0,1,1
305.0,A2,南,A1A2,A1A2_0,1,1,0,0
305.0,A2,南,A1A2,A1A2_1,1,1,0,0
305.0,A2,南,A1A2,A1A2_2,1,1,1,0
305.0,A2,东,B2A2,B2A2_0,0,0,0,0
305.0,A2,东,B2A2,B2A2_1,0,0,0,0
305.0,A2,东,B2A2,B2A2_2,0,0,0,0
305.0,A2,西,left2A2,left2A2_0,2,0,0,0
305.0,A2,西,left2A2,left2A2_1,2,0,2,0
305.0,A2,西,left2A2,left2A2_2,2,0,0,0
305.0,A2,北,top0A2,top0A2_0,0,0,0,0
305.0,A2,北,top0A2,top0A2_1,0,0,0,0
305.0,A2,北,top0A2,top0A2_2,0,0,0,0
305.0,B0,西,A0B0,A0B0_0,2,0,0,0
305.0,B0,西,A0B0,A0B0_1,2,0,1,0
305.0,B0,西,A0B0,A0B0_2,2,0,1,1
305.0,B0,北,B1B0,B1B0_0,2,0,0,0
305.0,B0,北,B1B0,B1B0_1,2,0,2,1
305.0,B0,北,B1B0,B1B0_2,2,0,0,0
305.0,B0,东,C0B0,C0B0_0,0,0,0,0
305.0,B0,东,C0B0,C0B0_1,0,0,0,0
305.0,B0,东,C0B0,C0B0_2,0,0,0,0
305.0,B0,南,bottom1B0,bottom1B0_0,0,0,0,0
305.0,B0,南,bottom1B0,bottom1B0_1,0,0,0,0
305.0,B0,南,bottom1B0,bottom1B0_2,0,0,0,0
305.0,B1,西,A1B1,A1B1_0,0,0,0,0
305.0,B1,西,A1B1,A1B1_1,0,0,0,0
305.0,B1,西,A1B1,A1B1_2,0,0,0,0
305.0,B1,南,B0B1,B0B1_0,1,0,0,0
305.0,B1,南,B0B1,B0B1_1,1,0,1,0
305.0,B1,南,B0B1,B0B1_2,1,0,0,0
305.0,B1,北,B2B1,B2B1_0,0,0,0,0
305.0,B1,北,B2B1,B2B1_1,0,0,0,0
305.0,B1,北,B2B1,B2B1_2,0,0,0,0
305.0,B1,东,C1B1,C1B1_0,1,0,0,0
305.0,B1,东,C1B1,C1B1_1,1,0,0,0
305.0,B1,东,C1B1,C1B1_2,1,0,1,1
305.0,B2,西,A2B2,A2B2_0,5,0,0,0
305.0,B2,西,A2B2,A2B2_1,5,0,5,1
305.0,B2,西,A2B2,A2B2_2,5,0,0,0
305.0,B2,南,B1B2,B1B2_0,0,0,0,0
305.0,B2,南,B1B2,B1B2_1,0,0,0,0
305.0,B2,南,B1B2,B1B2_2,0,0,0,0
305.0,B2,东,C2B2,C2B2_0,1,0,0,0
305.0,B2,东,C2B2,C2B2_1,1,0,1,0
305.0,B2,东,C2B2,C2B2_2,1,0,0,0
305.0,B2,北,top1B2,top1B2_0,0,0,0,0
305.0,B2,北,top1B2,top1B2_1,0,0,0,0
305.0,B2,北,top1B2,top1B2_2,0,0,0,0
305.0,C0,西,B0C0,B0C0_0,0,0,0,0
305.0,C0,西,B0C0,B0C0_1,0,0,0,0
305.0,C0,西,B0C0,B0C0_2,0,0,0,0
305.0,C0,北,C1C0,C1C0_0,1,0,0,0
305.0,C0,北,C1C0,C1C0_1,1,0,0,0
305.0,C0,北,C1C0,C1C0_2,1,0,1,0
305.0,C0,南,bottom2C0,bottom2C0_0,1,0,0,0
305.0,C0,南,bottom2C0,bottom2C0_1,1,0,1,0
305.0,C0,南,bottom2C0,bottom2C0_2,1,0,0,0
305.0,C0,东,right0C0,right0C0_0,0,0,0,0
305.0,C0,东,right0C0,right0C0_1,0,0,0,0
305.0,C0,东,right0C0,right0C0_2,0,0,0,0
305.0,C1,西,B1C1,B1C1_0,7,0,0,0
305.0,C1,西,B1C1,B1C1_1,7,0,0,0
305.0,C1,西,B1C1,B1C1_2,7,0,7,7
305.0,C1,南,C0C1,C0C1_0,3,1,0,0
305.0,C1,南,C0C1,C0C1_1,3,1,1,0
305.0,C1,南,C0C1,C0C1_2,3,1,2,0
305.0,C1,北,C2C1,C2C1_0,2,1,1,0
305.0,C1,北,C2C1,C2C1_1,2,1,0,0
305.0,C1,北,C2C1,C2C1_2,2,1,1,0
305.0,C1,东,right1C1,right1C1_0,1,0,1,0
305.0,C1,东,right1C1,right1C1_1,1,0,0,0
305.0,C1,东,right1C1,right1C1_2,1,0,0,0
305.0,C2,西,B2C2,B2C2_0,2,0,0,0
305.0,C2,西,B2C2,B2C2_1,2,0,0,0
305.0,C2,西,B2C2,B2C2_2,2,0,2,0
305.0,C2,南,C1C2,C1C2_0,1,0,0,0
305.0,C2,南,C1C2,C1C2_1,1,0,0,0
305.0,C2,南,C1C2,C1C2_2,1,0,1,0
305.0,C2,东,right2C2,right2C2_0,1,0,0,0
305.0,C2,东,right2C2,right2C2_1,1,0,0,0
305.0,C2,东,right2C2,right2C2_2,1,0,1,1
305.0,C2,北,top2C2,top2C2_0,0,0,0,0
305.0,C2,北,top2C2,top2C2_1,0,0,0,0
305.0,C2,北,top2C2,top2C2_2,0,0,0,0
310.0,A0,北,A1A0,A1A0_0,4,0,1,1
310.0,A0,北,A1A0,A1A0_1,4,0,3,2
310.0,A0,北,A1A0,A1A0_2,4,0,0,0
310.0,A0,东,B0A0,B0A0_0,2,1,0,0
310.0,A0,东,B0A0,B0A0_1,2,1,0,0
310.0,A0,东,B0A0,B0A0_2,2,1,2,0
310.0,A0,南,bottom0A0,bottom0A0_0,0,0,0,0
310.0,A0,南,bottom0A0,bottom0A0_1,0,0,0,0
310.0,A0,南,bottom0A0,bottom0A0_2,0,0,0,0
310.0,A0,西,left0A0,left0A0_0,3,0,0,0
310.0,A0,西,left0A0,left0A0_1,3,0,0,0
310.0,A0,西,left0A0,left0A0_2,3,0,3,1
310.0,A1,南,A0A1,A0A1_0,0,0,0,0
310.0,A1,南,A0A1,A0A1_1,0,0,0,0
310.0,A1,南,A0A1,A0A1_2,0,0,0,0
310.0,A1,北,A2A1,A2A1_0,1,0,0,0
310.0,A1,北,A2A1,A2A1_1,1,0,0,0
310.0,A1,北,A2A1,A2A1_2,1,0,1,0
310.0,A1,东,B1A1,B1A1_0,1,1,0,0
310.0,A1,东,B1A1,B1A1_1,1,1,1,0
310.0,A1,东,B1A1,B1A1_2,1,1,0,0
310.0,A1,西,left1A1,left1A1_0,1,0,0,0
310.0,A1,西,left1A1,left1A1_1,1,0,0,0
310.0,A1,西,left1A1,left1A1_2,1,0,1,1
310.0,A2,南,A1A2,A1A2_0,1,0,0,0
310.0,A2,南,A1A2,A1A2_1,1,0,0,0
310.0,A2,南,A1A2,A1A2_2,1,0,1,0
310.0,A2,东,B2A2,B2A2_0,0,0,0,0
310.0,A2,东,B2A2,B2A2_1,0,0,0,0
310.0,A2,东,B2A2,B2A2_2,0,0,0,0
310.0,A2,西,left2A2,left2A2_0,2,0,0,0
310.0,A2,西,left2A2,left2A2_1,2,0,2,0
310.0,A2,西,left2A2,left2A2_2,2,0,0,0
310.0,A2,北,top0A2,top0A2_0,0,0,0,0
310.0,A2,北,top0A2,top0A2_1,0,0,0,0
310.0,A2,北,top0A2,top0A2_2,0,0,0,0
310.0,B0,西,A0B0,A0B0_0,1,0,0,0
310.0,B0,西,A0B0,A0B0_1,1,0,0,0
310.0,B0,西,A0B0,A0B0_2,1,0,1,1
310.0,B0,北,B1B0,B1B0_0,2,0,0,0
310.0,B0,北,B1B0,B1B0_1,2,0,2,2
310.0,B0,北,B1B0,B1B0_2,2,0,0,0
310.0,B0,东,C0B0,C0B0_0,0,0,0,0
310.0,B0,东,C0B0,C0B0_1,0,0,0,0
310.0,B0,东,C0B0,C0B0_2,0,0,0,0
310.0,B0,南,bottom1B0,bottom1B0_0,0,0,0,0
310.0,B0,南,bottom1B0,bottom1B0_1,0,0,0,0
310.0,B0,南,bottom1B0,bottom1B0_2,0,0,0,0
310.0,B1,西,A1B1,A1B1_0,1,1,0,0
310.0,B1,西,A1B1,A1B1_1,1,1,0,0
310.0,B1,西,A1B1,A1B1_2,1,1,1,0
310.0,B1,南,B0B1,B0B1_0,1,0,0,0
310.0,B1,南,B0B1,B0B1_1,1,0,1,0
310.0,B1,南,B0B1,B0B1_2,1,0,0,0
310.0,B1,北,B2B1,B2B1_0,0,0,0,0
310.0,B1,北,B2B1,B2B1_1,0,0,0,0
310.0,B1,北,B2B1,B2B1_2,0,0,0,0
310.0,B1,东,C1B1,C1B1_0,2,1,1,0
310.0,B1,东,C1B1,C1B1_1,2,1,0,0
310.0,B1,东,C1B1,C1B1_2,2,1,1,1
310.0,B2,西,A2B2,A2B2_0,3,0,0,0
310.0,B2,西,A2B2,A2B2_1,3,0,3,0
310.0,B2,西,A2B2,A2B2_2,3,0,0,0
310.0,B2,南,B1B2,B1B2_0,0,0,0,0
310.0,B2,南,B1B2,B1B2_1,0,0,0,0
310.0,B2,南,B1B2,B1B2_2,0,0,0,0
310.0,B2,东,C2B2,C2B2_0,2,1,1,0
310.0,B2,东,C2B2,C2B2_1,2,1,1,0
310.0,B2,东,C2B2,C2B2_2,2,1,0,0
310.0,B2,北,top1B2,top1B2_0,0,0,0,0
310.0,B2,北,top1B2,top1B2_1,0,0,0,0
310.0,B2,北,top1B2,top1B2_2,0,0,0,0
310.0,C0,西,B0C0,B0C0_0,2,2,1,0
310.0,C0,西,B0C0,B0C0_1,2,2,1,0
310.0,C0,西,B0C0,B0C0_2,2,2,0,0
310.0,C0,北,C1C0,C1C0_0,1,0,0,0
310.0,C0,北,C1C0,C1C0_1,1,0,0,0
310.0,C0,北,C1C0,C1C0_2,1,0,1,0
310.0,C0,南,bottom2C0,bottom2C0_0,2,1,1,0
310.0,C0,南,bottom2C0,bottom2C0_1,2,1,1,1
310.0,C0,南,bottom2C0,bottom2C0_2,2,1,0,0
310.0,C0,东,right0C0,right0C0_0,0,0,0,0
310.0,C0,东,right0C0,right0C0_1,0,0,0,0
310.0,C0,东,right0C0,right0C0_2,0,0,0,0
310.0,C1,西,B1C1,B1C1_0,7,0,0,0
310.0,C1,西,B1C1,B1C1_1,7,0,0,0
310.0,C1,西,B1C1,B1C1_2,7,0,7,7
310.0,C1,南,C0C1,C0C1_0,3,0,0,0
310.0,C1,南,C0C1,C0C1_1,3,0,1,0
310.0,C1,南,C0C1,C0C1_2,3,0,2,0
310.0,C1,北,C2C1,C2C1_0,1,0,0,0
310.0,C1,北,C2C1,C2C1_1,1,0,0,0
310.0,C1,北,C2C1,C2C1_2,1,0,1,0
310.0,C1,东,right1C1,right1C1_0,1,0,1,0
310.0,C1,东,right1C1,right1C1_1,1,0,0,0
310.0,C1,东,right1C1,right1C1_2,1,0,0,0
310.0,C2,西,B2C2,B2C2_0,3,1,0,0
310.0,C2,西,B2C2,B2C2_1,3,1,1,0
310.0,C2,西,B2C2,B2C2_2,3,1,2,0
310.0,C2,南,C1C2,C1C2_0,1,0,0,0
310.0,C2,南,C1C2,C1C2_1,1,0,0,0
310.0,C2,南,C1C2,C1C2_2,1,0,1,0
310.0,C2,东,right2C2,right2C2_0,1,0,0,0
310.0,C2,东,right2C2,right2C2_1,1,0,0,0
310.0,C2,东,right2C2,right2C2_2,1,0,1,1
310.0,C2,北,top2C2,top2C2_0,0,0,0,0
310.0,C2,北,top2C2,top2C2_1,0,0,0,0
310.0,C2,北,top2C2,top2C2_2,0,0,0,0
315.0,A0,北,A1A0,A1A0_0,3,0,0,0
315.0,A0,北,A1A0,A1A0_1,3,0,3,3
315.0,A0,北,A1A0,A1A0_2,3,0,0,0
315.0,A0,东,B0A0,B0A0_0,2,0,0,0
315.0,A0,东,B0A0,B0A0_1,2,0,0,0
315.0,A0,东,B0A0,B0A0_2,2,0,2,0
315.0,A0,南,bottom0A0,bottom0A0_0,0,0,0,0
315.0,A0,南,bottom0A0,bottom0A0_1,0,0,0,0
315.0,A0,南,bottom0A0,bottom0A0_2,0,0,0,0
315.0,A0,西,left0A0,left0A0_0,3,0,0,0
315.0,A0,西,left0A0,left0A0_1,3,0,0,0
315.0,A0,西,left0A0,left0A0_2,3,0,3,1
315.0,A1,南,A0A1,A0A1_0,0,0,0,0
315.0,A1,南,A0A1,A0A1_1,0,0,0,0
315.0,A1,南,A0A1,A0A1_2,0,0,0,0
315.0,A1,北,A2A1,A2A1_0,1,0,0,0
315.0,A1,北,A2A1,A2A1_1,1,0,0,0
315.0,A1,北,A2A1,A2A1_2,1,0,1,0
315.0,A1,东,B1A1,B1A1_0,1,0,0,0
315.0,A1,东,B1A1,B1A1_1,1,0,1,0
315.0,A1,东,B1A1,B1A1_2,1,0,0,0
315.0,A1,西,left1A1,left1A1_0,1,0,0,0
315.0,A1,西,left1A1,left1A1_1,1,0,0,0
315.0,A1,西,left1A1,left1A1_2,1,0,1,1
315.0,A2,南,A1A2,A1A2_0,1,0,0,0
315.0,A2,南,A1A2,A1A2_1,1,0,0,0
315.0,A2,南,A1A2,A1A2_2,1,0,1,0
315.0,A2,东,B2A2,B2A2_0,0,0,0,0
315.0,A2,东,B2A2,B2A2_1,0,0,0,0
315.0,A2,东,B2A2,B2A2_2,0,0,0,0
315.0,A2,西,left2A2,left2A2_0,1,0,0,0
315.0,A2,西,left2A2,left2A2_1,1,0,1,0
315.0,A2,西,left2A2,left2A2_2,1,0,0,0
315.0,A2,北,top0A2,top0A2_0,0,0,0,0
315.0,A2,北,top0A2,top0A2_1,0,0,0,0
315.0,A2,北,top0A2,top0A2_2,0,0,0,0
315.0,B0,西,A0B0,A0B0_0,1,0,0,0
315.0,B0,西,A0B0,A0B0_1,1,0,0,0
315.0,B0,西,A0B0,A0B0_2,1,0,1,1
315.0,B0,北,B1B0,B1B0_0,2,0,0,0
315.0,B0,北,B1B0,B1B0_1,2,0,2,2
315.0,B0,北,B1B0,B1B0_2,2,0,0,0
315.0,B0,东,C0B0,C0B0_0,0,0,0,0
315.0,B0,东,C0B0,C0B0_1,0,0,0,0
315.0,B0,东,C0B0,C0B0_2,0,0,0,0
315.0,B0,南,bottom1B0,bottom1B0_0,0,0,0,0
315.0,B0,南,bottom1B0,bottom1B0_1,0,0,0,0
315.0,B0,南,bottom1B0,bottom1B0_2,0,0,0,0
315.0,B1,西,A1B1,A1B1_0,2,1,0,0
315.0,B1,西,A1B1,A1B1_1,2,1,1,0
315.0,B1,西,A1B1,A1B1_2,2,1,1,0
315.0,B1,南,B0B1,B0B1_0,1,0,0,0
315.0,B1,南,B0B1,B0B1_1,1,0,1,0
315.0,B1,南,B0B1,B0B1_2,1,0,0,0
315.0,B1,北,B2B1,B2B1_0,0,0,0,0
315.0,B1,北,B2B1,B2B1_1,0,0,0,0
315.0,B1,北,B2B1,B2B1_2,0,0,0,0
315.0,B1,东,C1B1,C1B1_0,3,1,1,0
315.0,B1,东,C1B1,C1B1_1,3,1,1,0
315.0,B1,东,C1B1,C1B1_2,3,1,1,1
315.0,B2,西,A2B2,A2B2_0,2,1,0,0
315.0,B2,西,A2B2,A2B2_1,2,1,2,0
315.0,B2,西,A2B2,A2B2_2,2,1,0,0
315.0,B2,南,B1B2,B1B2_0,0,0,0,0
315.0,B2,南,B1B2,B1B2_1,0,0,0,0
315.0,B2,南,B1B2,B1B2_2,0,0,0,0
315.0,B2,东,C2B2,C2B2_0,2,0,1,0
315.0,B2,东,C2B2,C2B2_1,2,0,1,0
315.0,B2,东,C2B2,C2B2_2,2,0,0,0
315.0,B2,北,top1B2,top1B2_0,0,0,0,0
315.0,B2,北,top1B2,top1B2_1,0,0,0,0
315.0,B2,北,top1B2,top1B2_2,0,0,0,0
315.0,C0,西,B0C0,B0C0_0,2,0,1,0
315.0,C0,西,B0C0,B0C0_1,2,0,1,0
315.0,C0,西,B0C0,B0C0_2,2,0,0,0
315.0,C0,北,C1C0,C1C0_0,1,0,0,0
315.0,C0,北,C1C0,C1C0_1,1,0,0,0
315.0,C0,北,C1C0,C1C0_2,1,0,1,0
315.0,C0,南,bottom2C0,bottom2C0_0,2,0,0,0
315.0,C0,南,bottom2C0,bottom2C0_1,2,0,1,1
315.0,C0,南,bottom2C0,bottom2C0_2,2,0,1,0
315.0,C0,东,right0C0,right0C0_0,0,0,0,0
315.0,C0,东,right0C0,right0C0_1,0,0,0,0
315.0,C0,东,right0C0,right0C0_2,0,0,0,0
315.0,C1,西,B1C1,B1C1_0,7,0,0,0
315.0,C1,西,B1C1,B1C1_1,7,0,0,0
315.0,C1,西,B1C1,B1C1_2,7,0,7,7
315.0,C1,南,C0C1,C0C1_0,3,0,0,0
315.0,C1,南,C0C1,C0C1_1,3,0,1,0
315.0,C1,南,C0C1,C0C1_2,3,0,2,0
315.0,C1,北,C2C1,C2C1_0,1,0,0,0
315.0,C1,北,C2C1,C2C1_1,1,0,0,0
315.0,C1,北,C2C1,C2C1_2,1,0,1,0
315.0,C1,东,right1C1,right1C1_0,0,0,0,0
315.0,C1,东,right1C1,right1C1_1,0,0,0,0
315.0,C1,东,right1C1,right1C1_2,0,0,0,0
315.0,C2,西,B2C2,B2C2_0,6,3,1,0
315.0,C2,西,B2C2,B2C2_1,6,3,1,0
315.0,C2,西,B2C2,B2C2_2,6,3,4,2
315.0,C2,南,C1C2,C1C2_0,1,0,0,0
315.0,C2,南,C1C2,C1C2_1,1,0,0,0
315.0,C2,南,C1C2,C1C2_2,1,0,1,0
315.0,C2,东,right2C2,right2C2_0,1,0,0,0
315.0,C2,东,right2C2,right2C2_1,1,0,0,0
315.0,C2,东,right2C2,right2C2_2,1,0,1,1
315.0,C2,北,top2C2,top2C2_0,0,0,0,0
315.0,C2,北,top2C2,top2C2_1,0,0,0,0
315.0,C2,北,top2C2,top2C2_2,0,0,0,0
320.0,A0,北,A1A0,A1A0_0,3,0,0,0
320.0,A0,北,A1A0,A1A0_1,3,0,3,3
320.0,A0,北,A1A0,A1A0_2,3,0,0,0
320.0,A0,东,B0A0,B0A0_0,2,0,0,0
320.0,A0,东,B0A0,B0A0_1,2,0,0,0
320.0,A0,东,B0A0,B0A0_2,2,0,2,0
320.0,A0,南,bottom0A0,bottom0A0_0,0,0,0,0
320.0,A0,南,bottom0A0,bottom0A0_1,0,0,0,0
320.0,A0,南,bottom0A0,bottom0A0_2,0,0,0,0
320.0,A0,西,left0A0,left0A0_0,3,0,0,0
320.0,A0,西,left0A0,left0A0_1,3,0,0,0
320.0,A0,西,left0A0,left0A0_2,3,0,3,2
320.0,A1,南,A0A1,A0A1_0,0,0,0,0
320.0,A1,南,A0A1,A0A1_1,0,0,0,0
320.0,A1,南,A0A1,A0A1_2,0,0,0,0
320.0,A1,北,A2A1,A2A1_0,1,0,0,0
320.0,A1,北,A2A1,A2A1_1,1,0,0,0
320.0,A1,北,A2A1,A2A1_2,1,0,1,0
320.0,A1,东,B1A1,B1A1_0,1,0,0,0
320.0,A1,东,B1A1,B1A1_1,1,0,1,0
320.0,A1,东,B1A1,B1A1_2,1,0,0,0
320.0,A1,西,left1A1,left1A1_0,1,0,0,0
320.0,A1,西,left1A1,left1A1_1,1,0,0,0
320.0,A1,西,left1A1,left1A1_2,1,0,1,1
320.0,A2,南,A1A2,A1A2_0,1,0,0,0
320.0,A2,南,A1A2,A1A2_1,1,0,0,0
320.0,A2,南,A1A2,A1A2_2,1,0,1,0
320.0,A2,东,B2A2,B2A2_0,1,1,1,0
320.0,A2,东,B2A2,B2A2_1,1,1,0,0
320.0,A2,东,B2A2,B2A2_2,1,1,0,0
320.0,A2,西,left2A2,left2A2_0,0,0,0,0
320.0,A2,西,left2A2,left2A2_1,0,0,0,0
320.0,A2,西,left2A2,left2A2_2,0,0,0,0
320.0,A2,北,top0A2,top0A2_0,0,0,0,0
320.0,A2,北,top0A2,top0A2_1,0,0,0,0
320.0,A2,北,top0A2,top0A2_2,0,0,0,0
320.0,B0,西,A0B0,A0B0_0,1,0,0,0
320.0,B0,西,A0B0,A0B0_1,1,0,0,0
320.0,B0,西,A0B0,A0B0_2,1,0,1,1
320.0,B0,北,B1B0,B1B0_0,2,0,0,0
320.0,B0,北,B1B0,B1B0_1,2,0,2,2
320.0,B0,北,B1B0,B1B0_2,2,0,0,0
320.0,B0,东,C0B0,C0B0_0,0,0,0,0
320.0,B0,东,C0B0,C0B0_1,0,0,0,0
320.0,B0,东,C0B0,C0B0_2,0,0,0,0
320.0,B0,南,bottom1B0,bottom1B0_0,0,0,0,0
320.0,B0,南,bottom1B0,bottom1B0_1,0,0,0,0
320.0,B0,南,bottom1B0,bottom1B0_2,0,0,0,0
320.0,B1,西,A1B1,A1B1_0,2,0,0,0
320.0,B1,西,A1B1,A1B1_1,2,0,1,0
320.0,B1,西,A1B1,A1B1_2,2,0,1,0
320.0,B1,南,B0B1,B0B1_0,1,0,0,0
320.0,B1,南,B0B1,B0B1_1,1,0,1,0
320.0,B1,南,B0B1,B0B1_2,1,0,0,0
320.0,B1,北,B2B1,B2B1_0,0,0,0,0
320.0,B1,北,B2B1,B2B1_1,0,0,0,0
320.0,B1,北,B2B1,B2B1_2,0,0,0,0
320.0,B1,东,C1B1,C1B1_0,3,0,1,0
320.0,B1,东,C1B1,C1B1_1,3,0,1,0
320.0,B1,东,C1B1,C1B1_2,3,0,1,1
320.0,B2,西,A2B2,A2B2_0,1,0,0,0
320.0,B2,西,A2B2,A2B2_1,1,0,1,0
320.0,B2,西,A2B2,A2B2_2,1,0,0,0
320.0,B2,南,B1B2,B1B2_0,0,0,0,0
320.0,B2,南,B1B2,B1B2_1,0,0,0,0
320.0,B2,南,B1B2,B1B2_2,0,0,0,0
320.0,B2,东,C2B2,C2B2_0,1,0,1,0
320.0,B2,东,C2B2,C2B2_1,1,0,0,0
320.0,B2,东,C2B2,C2B2_2,1,0,0,0
320.0,B2,北,top1B2,top1B2_0,0,0,0,0
320.0,B2,北,top1B2,top1B2_1,0,0,0,0
320.0,B2,北,top1B2,top1B2_2,0,0,0,0
320.0,C0,西,B0C0,B0C0_0,2,0,1,0
320.0,C0,西,B0C0,B0C0_1,2,0,1,0
320.0,C0,西,B0C0,B0C0_2,2,0,0,0
320.0,C0,北,C1C0,C1C0_0,1,0,0,0
320.0,C0,北,C1C0,C1C0_1,1,0,0,0
320.0,C0,北,C1C0,C1C0_2,1,0,1,1
320.0,C0,南,bottom2C0,bottom2C0_0,2,0,0,0
320.0,C0,南,bottom2C0,bottom2C0_1,2,0,1,1
320.0,C0,南,bottom2C0,bottom2C0_2,2,0,1,0
320.0,C0,东,right0C0,right0C0_0,0,0,0,0
320.0,C0,东,right0C0,right0C0_1,0,0,0,0
320.0,C0,东,right0C0,right0C0_2,0,0,0,0
320.0,C1,西,B1C1,B1C1_0,7,0,0,0
320.0,C1,西,B1C1,B1C1_1,7,0,0,0
320.0,C1,西,B1C1,B1C1_2,7,0,7,7
320.0,C1,南,C0C1,C0C1_0,3,0,0,0
320.0,C1,南,C0C1,C0C1_1,3,0,1,1
320.0,C1,南,C0C1,C0C1_2,3,0,2,0
320.0,C1,北,C2C1,C2C1_0,1,0,0,0
320.0,C1,北,C2C1,C2C1_1,1,0,0,0
320.0,C1,北,C2C1,C2C1_2,1,0,1,0
320.0,C1,东,right1C1,right1C1_0,0,0,0,0
320.0,C1,东,right1C1,right1C1_1,0,0,0,0
320.0,C1,东,right1C1,right1C1_2,0,0,0,0
320.0,C2,西,B2C2,B2C2_0,8,2,1,0
320.0,C2,西,B2C2,B2C2_1,8,2,1,0
320.0,C2,西,B2C2,B2C2_2,8,2,6,2
320.0,C2,南,C1C2,C1C2_0,2,1,0,0
320.0,C2,南,C1C2,C1C2_1,2,1,1,0
320.0,C2,南,C1C2,C1C2_2,2,1,1,0
320.0,C2,东,right2C2,right2C2_0,1,0,0,0
320.0,C2,东,right2C2,right2C2_1,1,0,0,0
320.0,C2,东,right2C2,right2C2_2,1,0,1,1
320.0,C2,北,top2C2,top2C2_0,1,1,1,0
320.0,C2,北,top2C2,top2C2_1,1,1,0,0
320.0,C2,北,top2C2,top2C2_2,1,1,0,0
325.0,A0,北,A1A0,A1A0_0,3,0,0,0
325.0,A0,北,A1A0,A1A0_1,3,0,3,3
325.0,A0,北,A1A0,A1A0_2,3,0,0,0
325.0,A0,东,B0A0,B0A0_0,1,0,0,0
325.0,A0,东,B0A0,B0A0_1,1,0,0,0
325.0,A0,东,B0A0,B0A0_2,1,0,1,0
325.0,A0,南,bottom0A0,bottom0A0_0,0,0,0,0
325.0,A0,南,bottom0A0,bottom0A0_1,0,0,0,0
325.0,A0,南,bottom0A0,bottom0A0_2,0,0,0,0
325.0,A0,西,left0A0,left0A0_0,2,0,0,0
325.0,A0,西,left0A0,left0A0_1,2,0,0,0
325.0,A0,西,left0A0,left0A0_2,2,0,2,1
325.0,A1,南,A0A1,A0A1_0,0,0,0,0
325.0,A1,南,A0A1,A0A1_1,0,0,0,0
325.0,A1,南,A0A1,A0A1_2,0,0,0,0
325.0,A1,北,A2A1,A2A1_0,1,0,0,0
325.0,A1,北,A2A1,A2A1_1,1,0,0,0
325.0,A1,北,A2A1,A2A1_2,1,0,1,0
325.0,A1,东,B1A1,B1A1_0,1,0,0,0
325.0,A1,东,B1A1,B1A1_1,1,0,1,0
325.0,A1,东,B1A1,B1A1_2,1,0,0,0
325.0,A1,西,left1A1,left1A1_0,0,0,0,0
325.0,A1,西,left1A1,left1A1_1,0,0,0,0
325.0,A1,西,left1A1,left1A1_2,0,0,0,0
325.0,A2,南,A1A2,A1A2_0,1,0,0,0
325.0,A2,南,A1A2,A1A2_1,1,0,0,0
325.0,A2,南,A1A2,A1A2_2,1,0,1,0
325.0,A2,东,B2A2,B2A2_0,1,0,1,0
325.0,A2,东,B2A2,B2A2_1,1,0,0,0
325.0,A2,东,B2A2,B2A2_2,1,0,0,0
325.0,A2,西,left2A2,left2A2_0,0,0,0,0
325.0,A2,西,left2A2,left2A2_1,0,0,0,0
325.0,A2,西,left2A2,left2A2_2,0,0,0,0
325.0,A2,北,top0A2,top0A2_0,0,0,0,0
325.0,A2,北,top0A2,top0A2_1,0,0,0,0
325.0,A2,北,top0A2,top0A2_2,0,0,0,0
325.0,B0,西,A0B0,A0B0_0,0,0,0,0
325.0,B0,西,A0B0,A0B0_1,0,0,0,0
325.0,B0,西,A0B0,A0B0_2,0,0,0,0
325.0,B0,北,B1B0,B1B0_0,2,0,0,0
325.0,B0,北,B1B0,B1B0_1,2,0,2,2
325.0,B0,北,B1B0,B1B0_2,2,0,0,0
325.0,B0,东,C0B0,C0B0_0,0,0,0,0
325.0,B0,东,C0B0,C0B0_1,0,0,0,0
325.0,B0,东,C0B0,C0B0_2,0,0,0,0
325.0,B0,南,bottom1B0,bottom1B0_0,0,0,0,0
325.0,B0,南,bottom1B0,bottom1B0_1,0,0,0,0
325.0,B0,南,bottom1B0,bottom1B0_2,0,0,0,0
325.0,B1,西,A1B1,A1B1_0,2,0,0,0
325.0,B1,西,A1B1,A1B1_1,2,0,1,0
325.0,B1,西,A1B1,A1B1_2,2,0,1,0
325.0,B1,南,B0B1,B0B1_0,1,0,0,0
325.0,B1,南,B0B1,B0B1_1,1,0,1,1
325.0,B1,南,B0B1,B0B1_2,1,0,0,0
325.0,B1,北,B2B1,B2B1_0,0,0,0,0
325.0,B1,北,B2B1,B2B1_1,0,0,0,0
325.0,B1,北,B2B1,B2B1_2,0,0,0,0
325.0,B1,东,C1B1,C1B1_0,2,0,1,0
325.0,B1,东,C1B1,C1B1_1,2,0,1,0
325.0,B1,东,C1B1,C1B1_2,2,0,0,0
325.0,B2,西,A2B2,A2B2_0,2,1,1,0
325.0,B2,西,A2B2,A2B2_1,2,1,1,0
325.0,B2,西,A2B2,A2B2_2,2,1,0,0
325.0,B2,南,B1B2,B1B2_0,0,0,0,0
325.0,B2,南,B1B2,B1B2_1,0,0,0,0
325.0,B2,南,B1B2,B1B2_2,0,0,0,0
325.0,B2,东,C2B2,C2B2_0,1,0,1,0
325.0,B2,东,C2B2,C2B2_1,1,0,0,0
325.0,B2,东,C2B2,C2B2_2,1,0,0,0
325.0,B2,北,top1B2,top1B2_0,0,0,0,0
325.0,B2,北,top1B2,top1B2_1,0,0,0,0
325.0,B2,北,top1B2,top1B2_2,0,0,0,0
325.0,C0,西,B0C0,B0C0_0,2,0,1,0
325.0,C0,西,B0C0,B0C0_1,2,0,1,0
325.0,C0,西,B0C0,B0C0_2,2,0,0,0
325.0,C0,北,C1C0,C1C0_0,1,0,0,0
325.0,C0,北,C1C0,C1C0_1,1,0,0,0
325.0,C0,北,C1C0,C1C0_2,1,0,1,1
325.0,C0,南,bottom2C0,bottom2C0_0,2,0,0,0
325.0,C0,南,bottom2C0,bottom2C0_1,2,0,1,1
325.0,C0,南,bottom2C0,bottom2C0_2,2,0,1,0
325.0,C0,东,right0C0,right0C0_0,1,1,1,0
325.0,C0,东,right0C0,right0C0_1,1,1,0,0
325.0,C0,东,right0C0,right0C0_2,1,1,0,0
325.0,C1,西,B1C1,B1C1_0,6,0,0,0
325.0,C1,西,B1C1,B1C1_1,6,0,0,0
325.0,C1,西,B1C1,B1C1_2,6,0,6,5
325.0,C1,南,C0C1,C0C1_0,3,0,0,0
325.0,C1,南,C0C1,C0C1_1,3,0,1,1
325.0,C1,南,C0C1,C0C1_2,3,0,2,0
325.0,C1,北,C2C1,C2C1_0,1,0,0,0
325.0,C1,北,C2C1,C2C1_1,1,0,0,0
325.0,C1,北,C2C1,C2C1_2,1,0,1,0
325.0,C1,东,right1C1,right1C1_0,0,0,0,0
325.0,C1,东,right1C1,right1C1_1,0,0,0,0
325.0,C1,东,right1C1,right1C1_2,0,0,0,0
325.0,C2,西,B2C2,B2C2_0,7,0,1,0
325.0,C2,西,B2C2,B2C2_1,7,0,1,0
325.0,C2,西,B2C2,B2C2_2,7,0,5,0
325.0,C2,南,C1C2,C1C2_0,2,0,0,0
325.0,C2,南,C1C2,C1C2_1,2,0,1,0
325.0,C2,南,C1C2,C1C2_2,2,0,1,1
325.0,C2,东,right2C2,right2C2_0,0,0,0,0
325.0,C2,东,right2C2,right2C2_1,0,0,0,0
325.0,C2,东,right2C2,right2C2_2,0,0,0,0
325.0,C2,北,top2C2,top2C2_0,2,1,1,0
325.0,C2,北,top2C2,top2C2_1,2,1,1,0
325.0,C2,北,top2C2,top2C2_2,2,1,0,0
330.0,A0,北,A1A0,A1A0_0,3,0,0,0
330.0,A0,北,A1A0,A1A0_1,3,0,3,3
330.0,A0,北,A1A0,A1A0_2,3,0,0,0
330.0,A0,东,B0A0,B0A0_0,0,0,0,0
330.0,A0,东,B0A0,B0A0_1,0,0,0,0
330.0,A0,东,B0A0,B0A0_2,0,0,0,0
330.0,A0,南,bottom0A0,bottom0A0_0,0,0,0,0
330.0,A0,南,bottom0A0,bottom0A0_1,0,0,0,0
330.0,A0,南,bottom0A0,bottom0A0_2,0,0,0,0
330.0,A0,西,left0A0,left0A0_0,1,1,1,0
330.0,A0,西,left0A0,left0A0_1,1,1,0,0
330.0,A0,西,left0A0,left0A0_2,1,1,0,0
330.0,A1,南,A0A1,A0A1_0,1,1,0,0
330.0,A1,南,A0A1,A0A1_1,1,1,1,0
330.0,A1,南,A0A1,A0A1_2,1,1,0,0
330.0,A1,北,A2A1,A2A1_0,1,0,0,0
330.0,A1,北,A2A1,A2A1_1,1,0,0,0
330.0,A1,北,A2A1,A2A1_2,1,0,1,1
330.0,A1,东,B1A1,B1A1_0,1,0,0,0
330.0,A1,东,B1A1,B1A1_1,1,0,1,0
330.0,A1,东,B1A1,B1A1_2,1,0,0,0
330.0,A1,西,left1A1,left1A1_0,0,0,0,0
330.0,A1,西,left1A1,left1A1_1,0,0,0,0
330.0,A1,西,left1A1,left1A1_2,0,0,0,0
330.0,A2,南,A1A2,A1A2_0,2,1,1,0
330.0,A2,南,A1A2,A1A2_1,2,1,0,0
330.0,A2,南,A1A2,A1A2_2,2,1,1,1
330.0,A2,东,B2A2,B2A2_0,1,0,1,0
330.0,A2,东,B2A2,B2A2_1,1,0,0,0
330.0,A2,东,B2A2,B2A2_2,1,0,0,0
330.0,A2,西,left2A2,left2A2_0,0,0,0,0
330.0,A2,西,left2A2,left2A2_1,0,0,0,0
330.0,A2,西,left2A2,left2A2_2,0,0,0,0
330.0,A2,北,top0A2,top0A2_0,0,0,0,0
330.0,A2,北,top0A2,top0A2_1,0,0,0,0
330.0,A2,北,top0A2,top0A2_2,0,0,0,0
330.0,B0,西,A0B0,A0B0_0,0,0,0,0
330.0,B0,西,A0B0,A0B0_1,0,0,0,0
330.0,B0,西,A0B0,A0B0_2,0,0,0,0
330.0,B0,北,B1B0,B1B0_0,3,1,0,0
330.0,B0,北,B1B0,B1B0_1,3,1,3,2
330.0,B0,北,B1B0,B1B0_2,3,1,0,0
330.0,B0,东,C0B0,C0B0_0,0,0,0,0
330.0,B0,东,C0B0,C0B0_1,0,0,0,0
330.0,B0,东,C0B0,C0B0_2,0,0,0,0
330.0,B0,南,bottom1B0,bottom1B0_0,0,0,0,0
330.0,B0,南,bottom1B0,bottom1B0_1,0,0,0,0
330.0,B0,南,bottom1B0,bottom1B0_2,0,0,0,0
330.0,B1,西,A1B1,A1B1_0,2,0,0,0
330.0,B1,西,A1B1,A1B1_1,2,0,1,0
330.0,B1,西,A1B1,A1B1_2,2,0,1,0
330.0,B1,南,B0B1,B0B1_0,2,1,1,0
330.0,B1,南,B0B1,B0B1_1,2,1,1,1
330.0,B1,南,B0B1,B0B1_2,2,1,0,0
330.0,B1,北,B2B1,B2B1_0,0,0,0,0
330.0,B1,北,B2B1,B2B1_1,0,0,0,0
330.0,B1,北,B2B1,B2B1_2,0,0,0,0
330.0,B1,东,C1B1,C1B1_0,2,0,1,0
330.0,B1,东,C1B1,C1B1_1,2,0,1,0
330.0,B1,东,C1B1,C1B1_2,2,0,0,0
330.0,B2,西,A2B2,A2B2_0,2,0,1,0
330.0,B2,西,A2B2,A2B2_1,2,0,1,0
330.0,B2,西,A2B2,A2B2_2,2,0,0,0
330.0,B2,南,B1B2,B1B2_0,0,0,0,0
330.0,B2,南,B1B2,B1B2_1,0,0,0,0
330.0,B2,南,B1B2,B1B2_2,0,0,0,0
330.0,B2,东,C2B2,C2B2_0,1,0,1,0
330.0,B2,东,C2B2,C2B2_1,1,0,0,0
330.0,B2,东,C2B2,C2B2_2,1,0,0,0
330.0,B2,北,top1B2,top1B2_0,0,0,0,0
330.0,B2,北,top1B2,top1B2_1,0,0,0,0
330.0,B2,北,top1B2,top1B2_2,0,0,0,0
330.0,C0,西,B0C0,B0C0_0,2,0,1,0
330.0,C0,西,B0C0,B0C0_1,2,0,1,0
330.0,C0,西,B0C0,B0C0_2,2,0,0,0
330.0,C0,北,C1C0,C1C0_0,1,0,0,0
330.0,C0,北,C1C0,C1C0_1,1,0,0,0
330.0,C0,北,C1C0,C1C0_2,1,0,1,1
330.0,C0,南,bottom2C0,bottom2C0_0,2,0,0,0
330.0,C0,南,bottom2C0,bottom2C0_1,2,0,1,1
330.0,C0,南,bottom2C0,bottom2C0_2,2,0,1,0
330.0,C0,东,right0C0,right0C0_0,1,0,1,0
330.0,C0,东,right0C0,right0C0_1,1,0,0,0
330.0,C0,东,right0C0,right0C0_2,1,0,0,0
330.0,C1,西,B1C1,B1C1_0,4,0,0,0
330.0,C1,西,B1C1,B1C1_1,4,0,0,0
330.0,C1,西,B1C1,B1C1_2,4,0,4,0
330.0,C1,南,C0C1,C0C1_0,3,0,0,0
330.0,C1,南,C0C1,C0C1_1,3,0,1,1
330.0,C1,南,C0C1,C0C1_2,3,0,2,2
330.0,C1,北,C2C1,C2C1_0,2,1,0,0
330.0,C1,北,C2C1,C2C1_1,2,1,1,0
330.0,C1,北,C2C1,C2C1_2,2,1,1,1
330.0,C1,东,right1C1,right1C1_0,0,0,0,0
330.0,C1,东,right1C1,right1C1_1,0,0,0,0
330.0,C1,东,right1C1,right1C1_2,0,0,0,0
330.0,C2,西,B2C2,B2C2_0,6,0,1,0
330.0,C2,西,B2C2,B2C2_1,6,0,1,0
330.0,C2,西,B2C2,B2C2_2,6,0,4,0
330.0,C2,南,C1C2,C1C2_0,4,2,0,0
330.0,C2,南,C1C2,C1C2_1,4,2,3,0
330.0,C2,南,C1C2,C1C2_2,4,2,1,1
330.0,C2,东,right2C2,right2C2_0,0,0,0,0
330.0,C2,东,right2C2,right2C2_1,0,0,0,0
330.0,C2,东,right2C2,right2C2_2,0,0,0,0
330.0,C2,北,top2C2,top2C2_0,2,0,1,0
330.0,C2,北,top2C2,top2C2_1,2,0,1,0
330.0,C2,北,top2C2,top2C2_2,2,0,0,0
335.0,A0,北,A1A0,A1A0_0,3,0,0,0
335.0,A0,北,A1A0,A1A0_1,3,0,3,3
335.0,A0,北,A1A0,A1A0_2,3,0,0,0
335.0,A0,东,B0A0,B0A0_0,0,0,0,0
335.0,A0,东,B0A0,B0A0_1,0,0,0,0
335.0,A0,东,B0A0,B0A0_2,0,0,0,0
335.0,A0,南,bottom0A0,bottom0A0_0,0,0,0,0
335.0,A0,南,bottom0A0,bottom0A0_1,0,0,0,0
335.0,A0,南,bottom0A0,bottom0A0_2,0,0,0,0
335.0,A0,西,left0A0,left0A0_0,1,0,0,0
335.0,A0,西,left0A0,left0A0_1,1,0,1,0
335.0,A0,西,left0A0,left0A0_2,1,0,0,0
335.0,A1,南,A0A1,A0A1_0,3,2,0,0
335.0,A1,南,A0A1,A0A1_1,3,2,3,0
335.0,A1,南,A0A1,A0A1_2,3,2,0,0
335.0,A1,北,A2A1,A2A1_0,1,0,0,0
335.0,A1,北,A2A1,A2A1_1,1,0,0,0
335.0,A1,北,A2A1,A2A1_2,1,0,1,1
335.0,A1,东,B1A1,B1A1_0,1,0,0,0
335.0,A1,东,B1A1,B1A1_1,1,0,1,1
335.0,A1,东,B1A1,B1A1_2,1,0,0,0
335.0,A1,西,left1A1,left1A1_0,1,1,1,0
335.0,A1,西,left1A1,left1A1_1,1,1,0,0
335.0,A1,西,left1A1,left1A1_2,1,1,0,0
335.0,A2,南,A1A2,A1A2_0,2,0,1,0
335.0,A2,南,A1A2,A1A2_1,2,0,0,0
335.0,A2,南,A1A2,A1A2_2,2,0,1,1
335.0,A2,东,B2A2,B2A2_0,1,0,1,0
335.0,A2,东,B2A2,B2A2_1,1,0,0,0
335.0,A2,东,B2A2,B2A2_2,1,0,0,0
335.0,A2,西,left2A2,left2A2_0,0,0,0,0
335.0,A2,西,left2A2,left2A2_1,0,0,0,0
335.0,A2,西,left2A2,left2A2_2,0,0,0,0
335.0,A2,北,top0A2,top0A2_0,0,0,0,0
335.0,A2,北,top0A2,top0A2_1,0,0,0,0
335.0,A2,北,top0A2,top0A2_2,0,0,0,0
335.0,B0,西,A0B0,A0B0_0,0,0,0,0
335.0,B0,西,A0B0,A0B0_1,0,0,0,0
335.0,B0,西,A0B0,A0B0_2,0,0,0,0
335.0,B0,北,B1B0,B1B0_0,3,0,0,0
335.0,B0,北,B1B0,B1B0_1,3,0,3,2
335.0,B0,北,B1B0,B1B0_2,3,0,0,0
335.0,B0,东,C0B0,C0B0_0,0,0,0,0
335.0,B0,东,C0B0,C0B0_1,0,0,0,0
335.0,B0,东,C0B0,C0B0_2,0,0,0,0
335.0,B0,南,bottom1B0,bottom1B0_0,0,0,0,0
335.0,B0,南,bottom1B0,bottom1B0_1,0,0,0,0
335.0,B0,南,bottom1B0,bottom1B0_2,0,0,0,0
335.0,B1,西,A1B1,A1B1_0,0,0,0,0
335.0,B1,西,A1B1,A1B1_1,0,0,0,0
335.0,B1,西,A1B1,A1B1_2,0,0,0,0
335.0,B1,南,B0B1,B0B1_0,2,0,1,0
335.0,B1,南,B0B1,B0B1_1,2,0,1,1
335.0,B1,南,B0B1,B0B1_2,2,0,0,0
335.0,B1,北,B2B1,B2B1_0,0,0,0,0
335.0,B1,北,B2B1,B2B1_1,0,0,0,0
335.0,B1,北,B2B1,B2B1_2,0,0,0,0
335.0,B1,东,C1B1,C1B1_0,2,0,1,1
335.0,B1,东,C1B1,C1B1_1,2,0,1,0
335.0,B1,东,C1B1,C1B1_2,2,0,0,0
335.0,B2,西,A2B2,A2B2_0,1,0,1,0
335.0,B2,西,A2B2,A2B2_1,1,0,0,0
335.0,B2,西,A2B2,A2B2_2,1,0,0,0
335.0,B2,南,B1B2,B1B2_0,0,0,0,0
335.0,B2,南,B1B2,B1B2_1,0,0,0,0
335.0,B2,南,B1B2,B1B2_2,0,0,0,0
335.0,B2,东,C2B2,C2B2_0,0,0,0,0
335.0,B2,东,C2B2,C2B2_1,0,0,0,0
335.0,B2,东,C2B2,C2B2_2,0,0,0,0
335.0,B2,北,top1B2,top1B2_0,0,0,0,0
335.0,B2,北,top1B2,top1B2_1,0,0,0,0
335.0,B2,北,top1B2,top1B2_2,0,0,0,0
335.0,C0,西,B0C0,B0C0_0,0,0,0,0
335.0,C0,西,B0C0,B0C0_1,0,0,0,0
335.0,C0,西,B0C0,B0C0_2,0,0,0,0
335.0,C0,北,C1C0,C1C0_0,1,0,0,0
335.0,C0,北,C1C0,C1C0_1,1,0,0,0
335.0,C0,北,C1C0,C1C0_2,1,0,1,1
335.0,C0,南,bottom2C0,bottom2C0_0,2,0,0,0
335.0,C0,南,bottom2C0,bottom2C0_1,2,0,1,1
335.0,C0,南,bottom2C0,bottom2C0_2,2,0,1,1
335.0,C0,东,right0C0,right0C0_0,1,0,1,0
335.0,C0,东,right0C0,right0C0_1,1,0,0,0
335.0,C0,东,right0C0,right0C0_2,1,0,0,0
335.0,C1,西,B1C1,B1C1_0,2,0,0,0
335.0,C1,西,B1C1,B1C1_1,2,0,0,0
335.0,C1,西,B1C1,B1C1_2,2,0,2,0
335.0,C1,南,C0C1,C0C1_0,3,0,0,0
335.0,C1,南,C0C1,C0C1_1,3,0,1,1
335.0,C1,南,C0C1,C0C1_2,3,0,2,2
335.0,C1,北,C2C1,C2C1_0,2,0,0,0
335.0,C1,北,C2C1,C2C1_1,2,0,1,0
335.0,C1,北,C2C1,C2C1_2,2,0,1,1
335.0,C1,东,right1C1,right1C1_0,0,0,0,0
335.0,C1,东,right1C1,right1C1_1,0,0,0,0
335.0,C1,东,right1C1,right1C1_2,0,0,0,0
335.0,C2,西,B2C2,B2C2_0,3,0,0,0
335.0,C2,西,B2C2,B2C2_1,3,0,0,0
335.0,C2,西,B2C2,B2C2_2,3,0,3,0
335.0,C2,南,C1C2,C1C2_0,6,2,0,0
335.0,C2,南,C1C2,C1C2_1,6,2,5,0
335.0,C2,南,C1C2,C1C2_2,6,2,1,1
335.0,C2,东,right2C2,right2C2_0,1,1,0,0
335.0,C2,东,right2C2,right2C2_1,1,1,0,0
335.0,C2,东,right2C2,right2C2_2,1,1,1,0
335.0,C2,北,top2C2,top2C2_0,2,0,1,0
335.0,C2,北,top2C2,top2C2_1,2,0,1,0
335.0,C2,北,top2C2,top2C2_2,2,0,0,0
340.0,A0,北,A1A0,A1A0_0,3,0,0,0
340.0,A0,北,A1A0,A1A0_1,3,0,3,3
340.0,A0,北,A1A0,A1A0_2,3,0,0,0
340.0,A0,东,B0A0,B0A0_0,0,0,0,0
340.0,A0,东,B0A0,B0A0_1,0,0,0,0
340.0,A0,东,B0A0,B0A0_2,0,0,0,0
340.0,A0,南,bottom0A0,bottom0A0_0,0,0,0,0
340.0,A0,南,bottom0A0,bottom0A0_1,0,0,0,0
340.0,A0,南,bottom0A0,bottom0A0_2,0,0,0,0
340.0,A0,西,left0A0,left0A0_0,1,0,0,0
340.0,A0,西,left0A0,left0A0_1,1,0,1,0
340.0,A0,西,left0A0,left0A0_2,1,0,0,0
340.0,A1,南,A0A1,A0A1_0,3,0,0,0
340.0,A1,南,A0A1,A0A1_1,3,0,3,0
340.0,A1,南,A0A1,A0A1_2,3,0,0,0
340.0,A1,北,A2A1,A2A1_0,1,0,0,0
340.0,A1,北,A2A1,A2A1_1,1,0,0,0
340.0,A1,北,A2A1,A2A1_2,1,0,1,1
340.0,A1,东,B1A1,B1A1_0,1,0,0,0
340.0,A1,东,B1A1,B1A1_1,1,0,1,1
340.0,A1,东,B1A1,B1A1_2,1,0,0,0
340.0,A1,西,left1A1,left1A1_0,1,0,0,0
340.0,A1,西,left1A1,left1A1_1,1,0,1,0
340.0,A1,西,left1A1,left1A1_2,1,0,0,0
340.0,A2,南,A1A2,A1A2_0,2,0,1,0
340.0,A2,南,A1A2,A1A2_1,2,0,0,0
340.0,A2,南,A1A2,A1A2_2,2,0,1,1
340.0,A2,东,B2A2,B2A2_0,1,0,1,0
340.0,A2,东,B2A2,B2A2_1,1,0,0,0
340.0,A2,东,B2A2,B2A2_2,1,0,0,0
340.0,A2,西,left2A2,left2A2_0,0,0,0,0
340.0,A2,西,left2A2,left2A2_1,0,0,0,0
340.0,A2,西,left2A2,left2A2_2,0,0,0,0
340.0,A2,北,top0A2,top0A2_0,0,0,0,0
340.0,A2,北,top0A2,top0A2_1,0,0,0,0
340.0,A2,北,top0A2,top0A2_2,0,0,0,0
340.0,B0,西,A0B0,A0B0_0,0,0,0,0
340.0,B0,西,A0B0,A0B0_1,0,0,0,0
340.0,B0,西,A0B0,A0B0_2,0,0,0,0
340.0,B0,北,B1B0,B1B0_0,3,0,0,0
340.0,B0,北,B1B0,B1B0_1,3,0,3,2
340.0,B0,北,B1B0,B1B0_2,3,0,0,0
340.0,B0,东,C0B0,C0B0_0,0,0,0,0
340.0,B0,东,C0B0,C0B0_1,0,0,0,0
340.0,B0,东,C0B0,C0B0_2,0,0,0,0
340.0,B0,南,bottom1B0,bottom1B0_0,0,0,0,0
340.0,B0,南,bottom1B0,bottom1B0_1,0,0,0,0
340.0,B0,南,bottom1B0,bottom1B0_2,0,0,0,0
340.0,B1,西,A1B1,A1B1_0,0,0,0,0
340.0,B1,西,A1B1,A1B1_1,0,0,0,0
340.0,B1,西,A1B1,A1B1_2,0,0,0,0
340.0,B1,南,B0B1,B0B1_0,2,0,1,0
340.0,B1,南,B0B1,B0B1_1,2,0,1,1
340.0,B1,南,B0B1,B0B1_2,2,0,0,0
340.0,B1,北,B2B1,B2B1_0,0,0,0,0
340.0,B1,北,B2B1,B2B1_1,0,0,0,0
340.0,B1,北,B2B1,B2B1_2,0,0,0,0
340.0,B1,东,C1B1,C1B1_0,1,0,0,0
340.0,B1,东,C1B1,C1B1_1,1,0,1,1
340.0,B1,东,C1B1,C1B1_2,1,0,0,0
340.0,B2,西,A2B2,A2B2_0,1,0,1,0
340.0,B2,西,A2B2,A2B2_1,1,0,0,0
340.0,B2,西,A2B2,A2B2_2,1,0,0,0
340.0,B2,南,B1B2,B1B2_0,1,1,0,0
340.0,B2,南,B1B2,B1B2_1,1,1,1,0
340.0,B2,南,B1B2,B1B2_2,1,1,0,0
340.0,B2,东,C2B2,C2B2_0,0,0,0,0
340.0,B2,东,C2B2,C2B2_1,0,0,0,0
340.0,B2,东,C2B2,C2B2_2,0,0,0,0
340.0,B2,北,top1B2,top1B2_0,0,0,0,0
340.0,B2,北,top1B2,top1B2_1,0,0,0,0
340.0,B2,北,top1B2,top1B2_2,0,0,0,0
340.0,C0,西,B0C0,B0C0_0,0,0,0,0
340.0,C0,西,B0C0,B0C0_1,0,0,0,0
340.0,C0,西,B0C0,B0C0_2,0,0,0,0
340.0,C0,北,C1C0,C1C0_0,1,0,0,0
340.0,C0,北,C1C0,C1C0_1,1,0,0,0
340.0,C0,北,C1C0,C1C0_2,1,0,1,1
340.0,C0,南,bottom2C0,bottom2C0_0,2,0,0,0
340.0,C0,南,bottom2C0,bottom2C0_1,2,0,1,1
340.0,C0,南,bottom2C0,bottom2C0_2,2,0,1,1
340.0,C0,东,right0C0,right0C0_0,1,0,1,0
340.0,C0,东,right0C0,right0C0_1,1,0,0,0
340.0,C0,东,right0C0,right0C0_2,1,0,0,0
340.0,C1,西,B1C1,B1C1_0,1,1,1,0
340.0,C1,西,B1C1,B1C1_1,1,1,0,0
340.0,C1,西,B1C1,B1C1_2,1,1,0,0
340.0,C1,南,C0C1,C0C1_0,3,0,0,0
340.0,C1,南,C0C1,C0C1_1,3,0,1,1
340.0,C1,南,C0C1,C0C1_2,3,0,2,2
340.0,C1,北,C2C1,C2C1_0,3,1,0,0
340.0,C1,北,C2C1,C2C1_1,3,1,2,0
340.0,C1,北,C2C1,C2C1_2,3,1,1,1
340.0,C1,东,right1C1,right1C1_0,0,0,0,0
340.0,C1,东,right1C1,right1C1_1,0,0,0,0
340.0,C1,东,right1C1,right1C1_2,0,0,0,0
340.0,C2,西,B2C2,B2C2_0,2,1,1,0
340.0,C2,西,B2C2,B2C2_1,2,1,0,0
340.0,C2,西,B2C2,B2C2_2,2,1,1,0
340.0,C2,南,C1C2,C1C2_0,8,2,0,0
340.0,C2,南,C1C2,C1C2_1,8,2,7,0
340.0,C2,南,C1C2,C1C2_2,8,2,1,1
340.0,C2,东,right2C2,right2C2_0,1,0,0,0
340.0,C2,东,right2C2,right2C2_1,1,0,0,0
340.0,C2,东,right2C2,right2C2_2,1,0,1,0
340.0,C2,北,top2C2,top2C2_0,2,0,1,0
340.0,C2,北,top2C2,top2C2_1,2,0,1,0
340.0,C2,北,top2C2,top2C2_2,2,0,0,0
345.0,A0,北,A1A0,A1A0_0,3,0,0,0
345.0,A0,北,A1A0,A1A0_1,3,0,3,3
345.0,A0,北,A1A0,A1A0_2,3,0,0,0
345.0,A0,东,B0A0,B0A0_0,0,0,0,0
345.0,A0,东,B0A0,B0A0_1,0,0,0,0
345.0,A0,东,B0A0,B0A0_2,0,0,0,0
345.0,A0,南,bottom0A0,bottom0A0_0,0,0,0,0
345.0,A0,南,bottom0A0,bottom0A0_1,0,0,0,0
345.0,A0,南,bottom0A0,bottom0A0_2,0,0,0,0
345.0,A0,西,left0A0,left0A0_0,1,0,0,0
345.0,A0,西,left0A0,left0A0_1,1,0,1,0
345.0,A0,西,left0A0,left0A0_2,1,0,0,0
345.0,A1,南,A0A1,A0A1_0,3,0,0,0
345.0,A1,南,A0A1,A0A1_1,3,0,3,0
345.0,A1,南,A0A1,A0A1_2,3,0,0,0
345.0,A1,北,A2A1,A2A1_0,1,0,0,0
345.0,A1,北,A2A1,A2A1_1,1,0,0,0
345.0,A1,北,A2A1,A2A1_2,1,0,1,1
345.0,A1,东,B1A1,B1A1_0,1,0,0,0
345.0,A1,东,B1A1,B1A1_1,1,0,1,1
345.0,A1,东,B1A1,B1A1_2,1,0,0,0
345.0,A1,西,left1A1,left1A1_0,1,0,0,0
345.0,A1,西,left1A1,left1A1_1,1,0,1,0
345.0,A1,西,left1A1,left1A1_2,1,0,0,0
345.0,A2,南,A1A2,A1A2_0,2,0,1,0
345.0,A2,南,A1A2,A1A2_1,2,0,0,0
345.0,A2,南,A1A2,A1A2_2,2,0,1,1
345.0,A2,东,B2A2,B2A2_0,0,0,0,0
345.0,A2,东,B2A2,B2A2_1,0,0,0,0
345.0,A2,东,B2A2,B2A2_2,0,0,0,0
345.0,A2,西,left2A2,left2A2_0,0,0,0,0
345.0,A2,西,left2A2,left2A2_1,0,0,0,0
345.0,A2,西,left2A2,left2A2_2,0,0,0,0
345.0,A2,北,top0A2,top0A2_0,0,0,0,0
345.0,A2,北,top0A2,top0A2_1,0,0,0,0
345.0,A2,北,top0A2,top0A2_2,0,0,0,0
345.0,B0,西,A0B0,A0B0_0,0,0,0,0
345.0,B0,西,A0B0,A0B0_1,0,0,0,0
345.0,B0,西,A0B0,A0B0_2,0,0,0,0
345.0,B0,北,B1B0,B1B0_0,3,0,0,0
345.0,B0,北,B1B0,B1B0_1,3,0,3,2
345.0,B0,北,B1B0,B1B0_2,3,0,0,0
345.0,B0,东,C0B0,C0B0_0,0,0,0,0
345.0,B0,东,C0B0,C0B0_1,0,0,0,0
345.0,B0,东,C0B0,C0B0_2,0,0,0,0
345.0,B0,南,bottom1B0,bottom1B0_0,0,0,0,0
345.0,B0,南,bottom1B0,bottom1B0_1,0,0,0,0
345.0,B0,南,bottom1B0,bottom1B0_2,0,0,0,0
345.0,B1,西,A1B1,A1B1_0,0,0,0,0
345.0,B1,西,A1B1,A1B1_1,0,0,0,0
345.0,B1,西,A1B1,A1B1_2,0,0,0,0
345.0,B1,南,B0B1,B0B1_0,2,0,1,0
345.0,B1,南,B0B1,B0B1_1,2,0,1,1
345.0,B1,南,B0B1,B0B1_2,2,0,0,0
345.0,B1,北,B2B1,B2B1_0,1,1,0,0
345.0,B1,北,B2B1,B2B1_1,1,1,0,0
345.0,B1,北,B2B1,B2B1_2,1,1,1,0
345.0,B1,东,C1B1,C1B1_0,1,0,0,0
345.0,B1,东,C1B1,C1B1_1,1,0,1,1
345.0,B1,东,C1B1,C1B1_2,1,0,0,0
345.0,B2,西,A2B2,A2B2_0,0,0,0,0
345.0,B2,西,A2B2,A2B2_1,0,0,0,0
345.0,B2,西,A2B2,A2B2_2,0,0,0,0
345.0,B2,南,B1B2,B1B2_0,2,1,0,0
345.0,B2,南,B1B2,B1B2_1,2,1,2,0
345.0,B2,南,B1B2,B1B2_2,2,1,0,0
345.0,B2,东,C2B2,C2B2_0,0,0,0,0
345.0,B2,东,C2B2,C2B2_1,0,0,0,0
345.0,B2,东,C2B2,C2B2_2,0,0,0,0
345.0,B2,北,top1B2,top1B2_0,0,0,0,0
345.0,B2,北,top1B2,top1B2_1,0,0,0,0
345.0,B2,北,top1B2,top1B2_2,0,0,0,0
345.0,C0,西,B0C0,B0C0_0,0,0,0,0
345.0,C0,西,B0C0,B0C0_1,0,0,0,0
345.0,C0,西,B0C0,B0C0_2,0,0,0,0
345.0,C0,北,C1C0,C1C0_0,1,0,0,0
345.0,C0,北,C1C0,C1C0_1,1,0,0,0
345.0,C0,北,C1C0,C1C0_2,1,0,1,1
345.0,C0,南,bottom2C0,bottom2C0_0,2,0,0,0
345.0,C0,南,bottom2C0,bottom2C0_1,2,0,1,1
345.0,C0,南,bottom2C0,bottom2C0_2,2,0,1,1
345.0,C0,东,right0C0,right0C0_0,1,0,1,0
345.0,C0,东,right0C0,right0C0_1,1,0,0,0
345.0,C0,东,right0C0,right0C0_2,1,0,0,0
345.0,C1,西,B1C1,B1C1_0,1,0,1,0
345.0,C1,西,B1C1,B1C1_1,1,0,0,0
345.0,C1,西,B1C1,B1C1_2,1,0,0,0
345.0,C1,南,C0C1,C0C1_0,3,0,0,0
345.0,C1,南,C0C1,C0C1_1,3,0,1,1
345.0,C1,南,C0C1,C0C1_2,3,0,2,2
345.0,C1,北,C2C1,C2C1_0,3,0,0,0
345.0,C1,北,C2C1,C2C1_1,3,0,2,0
345.0,C1,北,C2C1,C2C1_2,3,0,1,1
345.0,C1,东,right1C1,right1C1_0,0,0,0,0
345.0,C1,东,right1C1,right1C1_1,0,0,0,0
345.0,C1,东,right1C1,right1C1_2,0,0,0,0
345.0,C2,西,B2C2,B2C2_0,1,0,1,0
345.0,C2,西,B2C2,B2C2_1,1,0,0,0
345.0,C2,西,B2C2,B2C2_2,1,0,0,0
345.0,C2,南,C1C2,C1C2_0,9,1,0,0
345.0,C2,南,C1C2,C1C2_1,9,1,8,1
345.0,C2,南,C1C2,C1C2_2,9,1,1,1
345.0,C2,东,right2C2,right2C2_0,1,0,0,0
345.0,C2,东,right2C2,right2C2_1,1,0,0,0
345.0,C2,东,right2C2,right2C2_2,1,0,1,0
345.0,C2,北,top2C2,top2C2_0,3,1,1,0
345.0,C2,北,top2C2,top2C2_1,3,1,1,0
345.0,C2,北,top2C2,top2C2_2,3,1,1,0
350.0,A0,北,A1A0,A1A0_0,3,0,0,0
350.0,A0,北,A1A0,A1A0_1,3,0,3,3
350.0,A0,北,A1A0,A1A0_2,3,0,0,0
350.0,A0,东,B0A0,B0A0_0,0,0,0,0
350.0,A0,东,B0A0,B0A0_1,0,0,0,0
350.0,A0,东,B0A0,B0A0_2,0,0,0,0
350.0,A0,南,bottom0A0,bottom0A0_0,0,0,0,0
350.0,A0,南,bottom0A0,bottom0A0_1,0,0,0,0
350.0,A0,南,bottom0A0,bottom0A0_2,0,0,0,0
350.0,A0,西,left0A0,left0A0_0,2,1,1,0
350.0,A0,西,left0A0,left0A0_1,2,1,1,0
350.0,A0,西,left0A0,left0A0_2,2,1,0,0
350.0,A1,南,A0A1,A0A1_0,3,0,0,0
350.0,A1,南,A0A1,A0A1_1,3,0,3,0
350.0,A1,南,A0A1,A0A1_2,3,0,0,0
350.0,A1,北,A2A1,A2A1_0,1,0,0,0
350.0,A1,北,A2A1,A2A1_1,1,0,0,0
350.0,A1,北,A2A1,A2A1_2,1,0,1,1
350.0,A1,东,B1A1,B1A1_0,1,0,0,0
350.0,A1,东,B1A1,B1A1_1,1,0,1,1
350.0,A1,东,B1A1,B1A1_2,1,0,0,0
350.0,A1,西,left1A1,left1A1_0,1,0,0,0
350.0,A1,西,left1A1,left1A1_1,1,0,1,0
350.0,A1,西,left1A1,left1A1_2,1,0,0,0
350.0,A2,南,A1A2,A1A2_0,2,0,1,1
350.0,A2,南,A1A2,A1A2_1,2,0,0,0
350.0,A2,南,A1A2,A1A2_2,2,0,1,1
350.0,A2,东,B2A2,B2A2_0,0,0,0,0
350.0,A2,东,B2A2,B2A2_1,0,0,0,0
350.0,A2,东,B2A2,B2A2_2,0,0,0,0
350.0,A2,西,left2A2,left2A2_0,0,0,0,0
350.0,A2,西,left2A2,left2A2_1,0,0,0,0
350.0,A2,西,left2A2,left2A2_2,0,0,0,0
350.0,A2,北,top0A2,top0A2_0,0,0,0,0
350.0,A2,北,top0A2,top0A2_1,0,0,0,0
350.0,A2,北,top0A2,top0A2_2,0,0,0,0
350.0,B0,西,A0B0,A0B0_0,0,0,0,0
350.0,B0,西,A0B0,A0B0_1,0,0,0,0
350.0,B0,西,A0B0,A0B0_2,0,0,0,0
350.0,B0,北,B1B0,B1B0_0,3,0,0,0
350.0,B0,北,B1B0,B1B0_1,3,0,3,3
350.0,B0,北,B1B0,B1B0_2,3,0,0,0
350.0,B0,东,C0B0,C0B0_0,0,0,0,0
350.0,B0,东,C0B0,C0B0_1,0,0,0,0
350.0,B0,东,C0B0,C0B0_2,0,0,0,0
350.0,B0,南,bottom1B0,bottom1B0_0,0,0,0,0
350.0,B0,南,bottom1B0,bottom1B0_1,0,0,0,0
350.0,B0,南,bottom1B0,bottom1B0_2,0,0,0,0
350.0,B1,西,A1B1,A1B1_0,0,0,0,0
350.0,B1,西,A1B1,A1B1_1,0,0,0,0
350.0,B1,西,A1B1,A1B1_2,0,0,0,0
350.0,B1,南,B0B1,B0B1_0,2,0,1,0
350.0,B1,南,B0B1,B0B1_1,2,0,1,1
350.0,B1,南,B0B1,B0B1_2,2,0,0,0
350.0,B1,北,B2B1,B2B1_0,1,0,0,0
350.0,B1,北,B2B1,B2B1_1,1,0,0,0
350.0,B1,北,B2B1,B2B1_2,1,0,1,0
350.0,B1,东,C1B1,C1B1_0,1,0,0,0
350.0,B1,东,C1B1,C1B1_1,1,0,1,1
350.0,B1,东,C1B1,C1B1_2,1,0,0,0
350.0,B2,西,A2B2,A2B2_0,0,0,0,0
350.0,B2,西,A2B2,A2B2_1,0,0,0,0
350.0,B2,西,A2B2,A2B2_2,0,0,0,0
350.0,B2,南,B1B2,B1B2_0,2,0,0,0
350.0,B2,南,B1B2,B1B2_1,2,0,2,0
350.0,B2,南,B1B2,B1B2_2,2,0,0,0
350.0,B2,东,C2B2,C2B2_0,0,0,0,0
350.0,B2,东,C2B2,C2B2_1,0,0,0,0
350.0,B2,东,C2B2,C2B2_2,0,0,0,0
350.0,B2,北,top1B2,top1B2_0,0,0,0,0
350.0,B2,北,top1B2,top1B2_1,0,0,0,0
350.0,B2,北,top1B2,top1B2_2,0,0,0,0
350.0,C0,西,B0C0,B0C0_0,0,0,0,0
350.0,C0,西,B0C0,B0C0_1,0,0,0,0
350.0,C0,西,B0C0,B0C0_2,0,0,0,0
350.0,C0,北,C1C0,C1C0_0,1,0,0,0
350.0,C0,北,C1C0,C1C0_1,1,0,0,0
350.0,C0,北,C1C0,C1C0_2,1,0,1,1
350.0,C0,南,bottom2C0,bottom2C0_0,2,0,0,0
350.0,C0,南,bottom2C0,bottom2C0_1,2,0,1,1
350.0,C0,南,bottom2C0,bottom2C0_2,2,0,1,1
350.0,C0,东,right0C0,right0C0_0,0,0,0,0
350.0,C0,东,right0C0,right0C0_1,0,0,0,0
350.0,C0,东,right0C0,right0C0_2,0,0,0,0
350.0,C1,西,B1C1,B1C1_0,1,0,1,0
350.0,C1,西,B1C1,B1C1_1,1,0,0,0
350.0,C1,西,B1C1,B1C1_2,1,0,0,0
350.0,C1,南,C0C1,C0C1_0,4,1,0,0
350.0,C1,南,C0C1,C0C1_1,4,1,2,1
350.0,C1,南,C0C1,C0C1_2,4,1,2,2
350.0,C1,北,C2C1,C2C1_0,3,0,0,0
350.0,C1,北,C2C1,C2C1_1,3,0,2,0
350.0,C1,北,C2C1,C2C1_2,3,0,1,1
350.0,C1,东,right1C1,right1C1_0,1,1,1,0
350.0,C1,东,right1C1,right1C1_1,1,1,0,0
350.0,C1,东,right1C1,right1C1_2,1,1,0,0
350.0,C2,西,B2C2,B2C2_0,1,0,1,0
350.0,C2,西,B2C2,B2C2_1,1,0,0,0
350.0,C2,西,B2C2,B2C2_2,1,0,0,0
350.0,C2,南,C1C2,C1C2_0,9,0,0,0
350.0,C2,南,C1C2,C1C2_1,9,0,8,1
350.0,C2,南,C1C2,C1C2_2,9,0,1,1
350.0,C2,东,right2C2,right2C2_0,1,0,0,0
350.0,C2,东,right2C2,right2C2_1,1,0,0,0
350.0,C2,东,right2C2,right2C2_2,1,0,1,0
350.0,C2,北,top2C2,top2C2_0,2,0,0,0
350.0,C2,北,top2C2,top2C2_1,2,0,1,1
350.0,C2,北,top2C2,top2C2_2,2,0,1,0
355.0,A0,北,A1A0,A1A0_0,3,0,0,0
355.0,A0,北,A1A0,A1A0_1,3,0,3,3
355.0,A0,北,A1A0,A1A0_2,3,0,0,0
355.0,A0,东,B0A0,B0A0_0,0,0,0,0
355.0,A0,东,B0A0,B0A0_1,0,0,0,0
355.0,A0,东,B0A0,B0A0_2,0,0,0,0
355.0,A0,南,bottom0A0,bottom0A0_0,1,1,1,0
355.0,A0,南,bottom0A0,bottom0A0_1,1,1,0,0
355.0,A0,南,bottom0A0,bottom0A0_2,1,1,0,0
355.0,A0,西,left0A0,left0A0_0,1,0,1,0
355.0,A0,西,left0A0,left0A0_1,1,0,0,0
355.0,A0,西,left0A0,left0A0_2,1,0,0,0
355.0,A1,南,A0A1,A0A1_0,3,0,0,0
355.0,A1,南,A0A1,A0A1_1,3,0,3,2
355.0,A1,南,A0A1,A0A1_2,3,0,0,0
355.0,A1,北,A2A1,A2A1_0,1,0,0,0
355.0,A1,北,A2A1,A2A1_1,1,0,0,0
355.0,A1,北,A2A1,A2A1_2,1,0,1,1
355.0,A1,东,B1A1,B1A1_0,0,0,0,0
355.0,A1,东,B1A1,B1A1_1,0,0,0,0
355.0,A1,东,B1A1,B1A1_2,0,0,0,0
355.0,A1,西,left1A1,left1A1_0,1,0,0,0
355.0,A1,西,left1A1,left1A1_1,1,0,1,0
355.0,A1,西,left1A1,left1A1_2,1,0,0,0
355.0,A2,南,A1A2,A1A2_0,1,0,0,0
355.0,A2,南,A1A2,A1A2_1,1,0,0,0
355.0,A2,南,A1A2,A1A2_2,1,0,1,1
355.0,A2,东,B2A2,B2A2_0,0,0,0,0
355.0,A2,东,B2A2,B2A2_1,0,0,0,0
355.0,A2,东,B2A2,B2A2_2,0,0,0,0
355.0,A2,西,left2A2,left2A2_0,0,0,0,0
355.0,A2,西,left2A2,left2A2_1,0,0,0,0
355.0,A2,西,left2A2,left2A2_2,0,0,0,0
355.0,A2,北,top0A2,top0A2_0,0,0,0,0
355.0,A2,北,top0A2,top0A2_1,0,0,0,0
355.0,A2,北,top0A2,top0A2_2,0,0,0,0
355.0,B0,西,A0B0,A0B0_0,1,1,0,0
355.0,B0,西,A0B0,A0B0_1,1,1,0,0
355.0,B0,西,A0B0,A0B0_2,1,1,1,0
355.0,B0,北,B1B0,B1B0_0,3,0,0,0
355.0,B0,北,B1B0,B1B0_1,3,0,3,3
355.0,B0,北,B1B0,B1B0_2,3,0,0,0
355.0,B0,东,C0B0,C0B0_0,0,0,0,0
355.0,B0,东,C0B0,C0B0_1,0,0,0,0
355.0,B0,东,C0B0,C0B0_2,0,0,0,0
355.0,B0,南,bottom1B0,bottom1B0_0,0,0,0,0
355.0,B0,南,bottom1B0,bottom1B0_1,0,0,0,0
355.0,B0,南,bottom1B0,bottom1B0_2,0,0,0,0
355.0,B1,西,A1B1,A1B1_0,0,0,0,0
355.0,B1,西,A1B1,A1B1_1,0,0,0,0
355.0,B1,西,A1B1,A1B1_2,0,0,0,0
355.0,B1,南,B0B1,B0B1_0,1,0,0,0
355.0,B1,南,B0B1,B0B1_1,1,0,1,1
355.0,B1,南,B0B1,B0B1_2,1,0,0,0
355.0,B1,北,B2B1,B2B1_0,1,0,0,0
355.0,B1,北,B2B1,B2B1_1,1,0,0,0
355.0,B1,北,B2B1,B2B1_2,1,0,1,0
355.0,B1,东,C1B1,C1B1_0,0,0,0,0
355.0,B1,东,C1B1,C1B1_1,0,0,0,0
355.0,B1,东,C1B1,C1B1_2,0,0,0,0
355.0,B2,西,A2B2,A2B2_0,1,1,0,0
355.0,B2,西,A2B2,A2B2_1,1,1,1,0
355.0,B2,西,A2B2,A2B2_2,1,1,0,0
355.0,B2,南,B1B2,B1B2_0,2,0,0,0
355.0,B2,南,B1B2,B1B2_1,2,0,2,0
355.0,B2,南,B1B2,B1B2_2,2,0,0,0
355.0,B2,东,C2B2,C2B2_0,1,1,0,0
355.0,B2,东,C2B2,C2B2_1,1,1,0,0
355.0,B2,东,C2B2,C2B2_2,1,1,1,0
355.0,B2,北,top1B2,top1B2_0,0,0,0,0
355.0,B2,北,top1B2,top1B2_1,0,0,0,0
355.0,B2,北,top1B2,top1B2_2,0,0,0,0
355.0,C0,西,B0C0,B0C0_0,0,0,0,0
355.0,C0,西,B0C0,B0C0_1,0,0,0,0
355.0,C0,西,B0C0,B0C0_2,0,0,0,0
355.0,C0,北,C1C0,C1C0_0,1,0,0,0
355.0,C0,北,C1C0,C1C0_1,1,0,0,0
355.0,C0,北,C1C0,C1C0_2,1,0,1,1
355.0,C0,南,bottom2C0,bottom2C0_0,2,0,0,0
355.0,C0,南,bottom2C0,bottom2C0_1,2,0,1,1
355.0,C0,南,bottom2C0,bottom2C0_2,2,0,1,1
355.0,C0,东,right0C0,right0C0_0,0,0,0,0
355.0,C0,东,right0C0,right0C0_1,0,0,0,0
355.0,C0,东,right0C0,right0C0_2,0,0,0,0
355.0,C1,西,B1C1,B1C1_0,1,0,1,0
355.0,C1,西,B1C1,B1C1_1,1,0,0,0
355.0,C1,西,B1C1,B1C1_2,1,0,0,0
355.0,C1,南,C0C1,C0C1_0,4,0,0,0
355.0,C1,南,C0C1,C0C1_1,4,0,2,1
355.0,C1,南,C0C1,C0C1_2,4,0,2,2
355.0,C1,北,C2C1,C2C1_0,3,0,0,0
355.0,C1,北,C2C1,C2C1_1,3,0,2,1
355.0,C1,北,C2C1,C2C1_2,3,0,1,1
355.0,C1,东,right1C1,right1C1_0,1,0,1,0
355.0,C1,东,right1C1,right1C1_1,1,0,0,0
355.0,C1,东,right1C1,right1C1_2,1,0,0,0
355.0,C2,西,B2C2,B2C2_0,1,0,1,0
355.0,C2,西,B2C2,B2C2_1,1,0,0,0
355.0,C2,西,B2C2,B2C2_2,1,0,0,0
355.0,C2,南,C1C2,C1C2_0,9,0,0,0
355.0,C2,南,C1C2,C1C2_1,9,0,8,2
355.0,C2,南,C1C2,C1C2_2,9,0,1,1
355.0,C2,东,right2C2,right2C2_0,0,0,0,0
355.0,C2,东,right2C2,right2C2_1,0,0,0,0
355.0,C2,东,right2C2,right2C2_2,0,0,0,0
355.0,C2,北,top2C2,top2C2_0,2,0,0,0
355.0,C2,北,top2C2,top2C2_1,2,0,1,1
355.0,C2,北,top2C2,top2C2_2,2,0,1,0
360.0,A0,北,A1A0,A1A0_0,3,0,0,0
360.0,A0,北,A1A0,A1A0_1,3,0,3,3
360.0,A0,北,A1A0,A1A0_2,3,0,0,0
360.0,A0,东,B0A0,B0A0_0,0,0,0,0
360.0,A0,东,B0A0,B0A0_1,0,0,0,0
360.0,A0,东,B0A0,B0A0_2,0,0,0,0
360.0,A0,南,bottom0A0,bottom0A0_0,1,0,1,0
360.0,A0,南,bottom0A0,bottom0A0_1,1,0,0,0
360.0,A0,南,bottom0A0,bottom0A0_2,1,0,0,0
360.0,A0,西,left0A0,left0A0_0,1,0,1,0
360.0,A0,西,left0A0,left0A0_1,1,0,0,0
360.0,A0,西,left0A0,left0A0_2,1,0,0,0
360.0,A1,南,A0A1,A0A1_0,3,0,0,0
360.0,A1,南,A0A1,A0A1_1,3,0,3,3
360.0,A1,南,A0A1,A0A1_2,3,0,0,0
360.0,A1,北,A2A1,A2A1_0,1,0,0,0
360.0,A1,北,A2A1,A2A1_1,1,0,0,0
360.0,A1,北,A2A1,A2A1_2,1,0,1,1
360.0,A1,东,B1A1,B1A1_0,1,1,0,0
360.0,A1,东,B1A1,B1A1_1,1,1,1,0
360.0,A1,东,B1A1,B1A1_2,1,1,0,0
360.0,A1,西,left1A1,left1A1_0,1,0,0,0
360.0,A1,西,left1A1,left1A1_1,1,0,1,0
360.0,A1,西,left1A1,left1A1_2,1,0,0,0
360.0,A2,南,A1A2,A1A2_0,1,0,0,0
360.0,A2,南,A1A2,A1A2_1,1,0,0,0
360.0,A2,南,A1A2,A1A2_2,1,0,1,1
360.0,A2,东,B2A2,B2A2_0,0,0,0,0
360.0,A2,东,B2A2,B2A2_1,0,0,0,0
360.0,A2,东,B2A2,B2A2_2,0,0,0,0
360.0,A2,西,left2A2,left2A2_0,0,0,0,0
360.0,A2,西,left2A2,left2A2_1,0,0,0,0
360.0,A2,西,left2A2,left2A2_2,0,0,0,0
360.0,A2,北,top0A2,top0A2_0,0,0,0,0
360.0,A2,北,top0A2,top0A2_1,0,0,0,0
360.0,A2,北,top0A2,top0A2_2,0,0,0,0
360.0,B0,西,A0B0,A0B0_0,1,0,0,0
360.0,B0,西,A0B0,A0B0_1,1,0,0,0
360.0,B0,西,A0B0,A0B0_2,1,0,1,0
360.0,B0,北,B1B0,B1B0_0,3,0,0,0
360.0,B0,北,B1B0,B1B0_1,3,0,3,3
360.0,B0,北,B1B0,B1B0_2,3,0,0,0
360.0,B0,东,C0B0,C0B0_0,0,0,0,0
360.0,B0,东,C0B0,C0B0_1,0,0,0,0
360.0,B0,东,C0B0,C0B0_2,0,0,0,0
360.0,B0,南,bottom1B0,bottom1B0_0,0,0,0,0
360.0,B0,南,bottom1B0,bottom1B0_1,0,0,0,0
360.0,B0,南,bottom1B0,bottom1B0_2,0,0,0,0
360.0,B1,西,A1B1,A1B1_0,0,0,0,0
360.0,B1,西,A1B1,A1B1_1,0,0,0,0
360.0,B1,西,A1B1,A1B1_2,0,0,0,0
360.0,B1,南,B0B1,B0B1_0,1,0,0,0
360.0,B1,南,B0B1,B0B1_1,1,0,1,1
360.0,B1,南,B0B1,B0B1_2,1,0,0,0
360.0,B1,北,B2B1,B2B1_0,1,0,0,0
360.0,B1,北,B2B1,B2B1_1,1,0,0,0
360.0,B1,北,B2B1,B2B1_2,1,0,1,0
360.0,B1,东,C1B1,C1B1_0,0,0,0,0
360.0,B1,东,C1B1,C1B1_1,0,0,0,0
360.0,B1,东,C1B1,C1B1_2,0,0,0,0
360.0,B2,西,A2B2,A2B2_0,1,0,0,0
360.0,B2,西,A2B2,A2B2_1,1,0,1,0
360.0,B2,西,A2B2,A2B2_2,1,0,0,0
360.0,B2,南,B1B2,B1B2_0,2,0,0,0
360.0,B2,南,B1B2,B1B2_1,2,0,2,0
360.0,B2,南,B1B2,B1B2_2,2,0,0,0
360.0,B2,东,C2B2,C2B2_0,1,0,0,0
360.0,B2,东,C2B2,C2B2_1,1,0,0,0
360.0,B2,东,C2B2,C2B2_2,1,0,1,0
360.0,B2,北,top1B2,top1B2_0,0,0,0,0
360.0,B2,北,top1B2,top1B2_1,0,0,0,0
360.0,B2,北,top1B2,top1B2_2,0,0,0,0
360.0,C0,西,B0C0,B0C0_0,0,0,0,0
360.0,C0,西,B0C0,B0C0_1,0,0,0,0
360.0,C0,西,B0C0,B0C0_2,0,0,0,0
360.0,C0,北,C1C0,C1C0_0,1,0,0,0
360.0,C0,北,C1C0,C1C0_1,1,0,0,0
360.0,C0,北,C1C0,C1C0_2,1,0,1,1
360.0,C0,南,bottom2C0,bottom2C0_0,2,0,0,0
360.0,C0,南,bottom2C0,bottom2C0_1,2,0,1,1
360.0,C0,南,bottom2C0,bottom2C0_2,2,0,1,1
360.0,C0,东,right0C0,right0C0_0,1,1,1,0
360.0,C0,东,right0C0,right0C0_1,1,1,0,0
360.0,C0,东,right0C0,right0C0_2,1,1,0,0
360.0,C1,西,B1C1,B1C1_0,2,1,1,0
360.0,C1,西,B1C1,B1C1_1,2,1,0,0
360.0,C1,西,B1C1,B1C1_2,2,1,1,0
360.0,C1,南,C0C1,C0C1_0,4,0,0,0
360.0,C1,南,C0C1,C0C1_1,4,0,2,1
360.0,C1,南,C0C1,C0C1_2,4,0,2,2
360.0,C1,北,C2C1,C2C1_0,4,1,1,0
360.0,C1,北,C2C1,C2C1_1,4,1,2,1
360.0,C1,北,C2C1,C2C1_2,4,1,1,1
360.0,C1,东,right1C1,right1C1_0,1,0,1,0
360.0,C1,东,right1C1,right1C1_1,1,0,0,0
360.0,C1,东,right1C1,right1C1_2,1,0,0,0
360.0,C2,西,B2C2,B2C2_0,0,0,0,0
360.0,C2,西,B2C2,B2C2_1,0,0,0,0
360.0,C2,西,B2C2,B2C2_2,0,0,0,0
360.0,C2,南,C1C2,C1C2_0,9,0,0,0
360.0,C2,南,C1C2,C1C2_1,9,0,8,5
360.0,C2,南,C1C2,C1C2_2,9,0,1,1
360.0,C2,东,right2C2,right2C2_0,0,0,0,0
360.0,C2,东,right2C2,right2C2_1,0,0,0,0
360.0,C2,东,right2C2,right2C2_2,0,0,0,0
360.0,C2,北,top2C2,top2C2_0,3,1,1,0
360.0,C2,北,top2C2,top2C2_1,3,1,2,1
360.0,C2,北,top2C2,top2C2_2,3,1,0,0
365.0,A0,北,A1A0,A1A0_0,2,0,0,0
365.0,A0,北,A1A0,A1A0_1,2,0,2,1
365.0,A0,北,A1A0,A1A0_2,2,0,0,0
365.0,A0,东,B0A0,B0A0_0,0,0,0,0
365.0,A0,东,B0A0,B0A0_1,0,0,0,0
365.0,A0,东,B0A0,B0A0_2,0,0,0,0
365.0,A0,南,bottom0A0,bottom0A0_0,1,0,1,0
365.0,A0,南,bottom0A0,bottom0A0_1,1,0,0,0
365.0,A0,南,bottom0A0,bottom0A0_2,1,0,0,0
365.0,A0,西,left0A0,left0A0_0,1,0,1,0
365.0,A0,西,left0A0,left0A0_1,1,0,0,0
365.0,A0,西,left0A0,left0A0_2,1,0,0,0
365.0,A1,南,A0A1,A0A1_0,2,0,0,0
365.0,A1,南,A0A1,A0A1_1,2,0,2,1
365.0,A1,南,A0A1,A0A1_2,2,0,0,0
365.0,A1,北,A2A1,A2A1_0,1,0,0,0
365.0,A1,北,A2A1,A2A1_1,1,0,0,0
365.0,A1,北,A2A1,A2A1_2,1,0,1,1
365.0,A1,东,B1A1,B1A1_0,1,0,0,0
365.0,A1,东,B1A1,B1A1_1,1,0,1,0
365.0,A1,东,B1A1,B1A1_2,1,0,0,0
365.0,A1,西,left1A1,left1A1_0,1,0,0,0
365.0,A1,西,left1A1,left1A1_1,1,0,1,1
365.0,A1,西,left1A1,left1A1_2,1,0,0,0
365.0,A2,南,A1A2,A1A2_0,1,0,0,0
365.0,A2,南,A1A2,A1A2_1,1,0,0,0
365.0,A2,南,A1A2,A1A2_2,1,0,1,1
365.0,A2,东,B2A2,B2A2_0,0,0,0,0
365.0,A2,东,B2A2,B2A2_1,0,0,0,0
365.0,A2,东,B2A2,B2A2_2,0,0,0,0
365.0,A2,西,left2A2,left2A2_0,1,1,1,0
365.0,A2,西,left2A2,left2A2_1,1,1,0,0
365.0,A2,西,left2A2,left2A2_2,1,1,0,0
365.0,A2,北,top0A2,top0A2_0,0,0,0,0
365.0,A2,北,top0A2,top0A2_1,0,0,0,0
365.0,A2,北,top0A2,top0A2_2,0,0,0,0
365.0,B0,西,A0B0,A0B0_0,1,0,0,0
365.0,B0,西,A0B0,A0B0_1,1,0,0,0
365.0,B0,西,A0B0,A0B0_2,1,0,1,0
365.0,B0,北,B1B0,B1B0_0,2,0,0,0
365.0,B0,北,B1B0,B1B0_1,2,0,2,1
365.0,B0,北,B1B0,B1B0_2,2,0,0,0
365.0,B0,东,C0B0,C0B0_0,0,0,0,0
365.0,B0,东,C0B0,C0B0_1,0,0,0,0
365.0,B0,东,C0B0,C0B0_2,0,0,0,0
365.0,B0,南,bottom1B0,bottom1B0_0,0,0,0,0
365.0,B0,南,bottom1B0,bottom1B0_1,0,0,0,0
365.0,B0,南,bottom1B0,bottom1B0_2,0,0,0,0
365.0,B1,西,A1B1,A1B1_0,0,0,0,0
365.0,B1,西,A1B1,A1B1_1,0,0,0,0
365.0,B1,西,A1B1,A1B1_2,0,0,0,0
365.0,B1,南,B0B1,B0B1_0,0,0,0,0
365.0,B1,南,B0B1,B0B1_1,0,0,0,0
365.0,B1,南,B0B1,B0B1_2,0,0,0,0
365.0,B1,北,B2B1,B2B1_0,1,0,0,0
365.0,B1,北,B2B1,B2B1_1,1,0,0,0
365.0,B1,北,B2B1,B2B1_2,1,0,1,0
365.0,B1,东,C1B1,C1B1_0,0,0,0,0
365.0,B1,东,C1B1,C1B1_1,0,0,0,0
365.0,B1,东,C1B1,C1B1_2,0,0,0,0
365.0,B2,西,A2B2,A2B2_0,1,0,0,0
365.0,B2,西,A2B2,A2B2_1,1,0,1,0
365.0,B2,西,A2B2,A2B2_2,1,0,0,0
365.0,B2,南,B1B2,B1B2_0,1,0,0,0
365.0,B2,南,B1B2,B1B2_1,1,0,1,0
365.0,B2,南,B1B2,B1B2_2,1,0,0,0
365.0,B2,东,C2B2,C2B2_0,1,0,0,0
365.0,B2,东,C2B2,C2B2_1,1,0,0,0
365.0,B2,东,C2B2,C2B2_2,1,0,1,0
365.0,B2,北,top1B2,top1B2_0,0,0,0,0
365.0,B2,北,top1B2,top1B2_1,0,0,0,0
365.0,B2,北,top1B2,top1B2_2,0,0,0,0
365.0,C0,西,B0C0,B0C0_0,0,0,0,0
365.0,C0,西,B0C0,B0C0_1,0,0,0,0
365.0,C0,西,B0C0,B0C0_2,0,0,0,0
365.0,C0,北,C1C0,C1C0_0,2,1,0,0
365.0,C0,北,C1C0,C1C0_1,2,1,0,0
365.0,C0,北,C1C0,C1C0_2,2,1,2,1
365.0,C0,南,bottom2C0,bottom2C0_0,1,0,0,0
365.0,C0,南,bottom2C0,bottom2C0_1,1,0,0,0
365.0,C0,南,bottom2C0,bottom2C0_2,1,0,1,1
365.0,C0,东,right0C0,right0C0_0,1,0,1,0
365.0,C0,东,right0C0,right0C0_1,1,0,0,0
365.0,C0,东,right0C0,right0C0_2,1,0,0,0
365.0,C1,西,B1C1,B1C1_0,1,0,0,0
365.0,C1,西,B1C1,B1C1_1,1,0,0,0
365.0,C1,西,B1C1,B1C1_2,1,0,1,0
365.0,C1,南,C0C1,C0C1_0,3,0,0,0
365.0,C1,南,C0C1,C0C1_1,3,0,1,0
365.0,C1,南,C0C1,C0C1_2,3,0,2,2
365.0,C1,北,C2C1,C2C1_0,4,1,1,0
365.0,C1,北,C2C1,C2C1_1,4,1,2,0
365.0,C1,北,C2C1,C2C1_2,4,1,1,1
365.0,C1,东,right1C1,right1C1_0,1,0,1,0
365.0,C1,东,right1C1,right1C1_1,1,0,0,0
365.0,C1,东,right1C1,right1C1_2,1,0,0,0
365.0,C2,西,B2C2,B2C2_0,0,0,0,0
365.0,C2,西,B2C2,B2C2_1,0,0,0,0
365.0,C2,西,B2C2,B2C2_2,0,0,0,0
365.0,C2,南,C1C2,C1C2_0,8,0,0,0
365.0,C2,南,C1C2,C1C2_1,8,0,7,6
365.0,C2,南,C1C2,C1C2_2,8,0,1,1
365.0,C2,东,right2C2,right2C2_0,0,0,0,0
365.0,C2,东,right2C2,right2C2_1,0,0,0,0
365.0,C2,东,right2C2,right2C2_2,0,0,0,0
365.0,C2,北,top2C2,top2C2_0,2,0,1,0
365.0,C2,北,top2C2,top2C2_1,2,0,1,0
365.0,C2,北,top2C2,top2C2_2,2,0,0,0
370.0,A0,北,A1A0,A1A0_0,0,0,0,0
370.0,A0,北,A1A0,A1A0_1,0,0,0,0
370.0,A0,北,A1A0,A1A0_2,0,0,0,0
370.0,A0,东,B0A0,B0A0_0,0,0,0,0
370.0,A0,东,B0A0,B0A0_1,0,0,0,0
370.0,A0,东,B0A0,B0A0_2,0,0,0,0
370.0,A0,南,bottom0A0,bottom0A0_0,1,0,1,0
370.0,A0,南,bottom0A0,bottom0A0_1,1,0,0,0
370.0,A0,南,bottom0A0,bottom0A0_2,1,0,0,0
370.0,A0,西,left0A0,left0A0_0,1,0,1,0
370.0,A0,西,left0A0,left0A0_1,1,0,0,0
370.0,A0,西,left0A0,left0A0_2,1,0,0,0
370.0,A1,南,A0A1,A0A1_0,0,0,0,0
370.0,A1,南,A0A1,A0A1_1,0,0,0,0
370.0,A1,南,A0A1,A0A1_2,0,0,0,0
370.0,A1,北,A2A1,A2A1_0,1,0,0,0
370.0,A1,北,A2A1,A2A1_1,1,0,0,0
370.0,A1,北,A2A1,A2A1_2,1,0,1,1
370.0,A1,东,B1A1,B1A1_0,1,0,0,0
370.0,A1,东,B1A1,B1A1_1,1,0,1,0
370.0,A1,东,B1A1,B1A1_2,1,0,0,0
370.0,A1,西,left1A1,left1A1_0,1,0,0,0
370.0,A1,西,left1A1,left1A1_1,1,0,1,1
370.0,A1,西,left1A1,left1A1_2,1,0,0,0
370.0,A2,南,A1A2,A1A2_0,2,1,1,0
370.0,A2,南,A1A2,A1A2_1,2,1,0,0
370.0,A2,南,A1A2,A1A2_2,2,1,1,1
370.0,A2,东,B2A2,B2A2_0,0,0,0,0
370.0,A2,东,B2A2,B2A2_1,0,0,0,0
370.0,A2,东,B2A2,B2A2_2,0,0,0,0
370.0,A2,西,left2A2,left2A2_0,1,0,1,0
370.0,A2,西,left2A2,left2A2_1,1,0,0,0
370.0,A2,西,left2A2,left2A2_2,1,0,0,0
370.0,A2,北,top0A2,top0A2_0,0,0,0,0
370.0,A2,北,top0A2,top0A2_1,0,0,0,0
370.0,A2,北,top0A2,top0A2_2,0,0,0,0
370.0,B0,西,A0B0,A0B0_0,1,0,0,0
370.0,B0,西,A0B0,A0B0_1,1,0,0,0
370.0,B0,西,A0B0,A0B0_2,1,0,1,0
370.0,B0,北,B1B0,B1B0_0,0,0,0,0
370.0,B0,北,B1B0,B1B0_1,0,0,0,0
370.0,B0,北,B1B0,B1B0_2,0,0,0,0
370.0,B0,东,C0B0,C0B0_0,0,0,0,0
370.0,B0,东,C0B0,C0B0_1,0,0,0,0
370.0,B0,东,C0B0,C0B0_2,0,0,0,0
370.0,B0,南,bottom1B0,bottom1B0_0,0,0,0,0
370.0,B0,南,bottom1B0,bottom1B0_1,0,0,0,0
370.0,B0,南,bottom1B0,bottom1B0_2,0,0,0,0
370.0,B1,西,A1B1,A1B1_0,0,0,0,0
370.0,B1,西,A1B1,A1B1_1,0,0,0,0
370.0,B1,西,A1B1,A1B1_2,0,0,0,0
370.0,B1,南,B0B1,B0B1_0,0,0,0,0
370.0,B1,南,B0B1,B0B1_1,0,0,0,0
370.0,B1,南,B0B1,B0B1_2,0,0,0,0
370.0,B1,北,B2B1,B2B1_0,1,0,0,0
370.0,B1,北,B2B1,B2B1_1,1,0,0,0
370.0,B1,北,B2B1,B2B1_2,1,0,1,1
370.0,B1,东,C1B1,C1B1_0,0,0,0,0
370.0,B1,东,C1B1,C1B1_1,0,0,0,0
370.0,B1,东,C1B1,C1B1_2,0,0,0,0
370.0,B2,西,A2B2,A2B2_0,1,0,0,0
370.0,B2,西,A2B2,A2B2_1,1,0,1,0
370.0,B2,西,A2B2,A2B2_2,1,0,0,0
370.0,B2,南,B1B2,B1B2_0,1,1,0,0
370.0,B2,南,B1B2,B1B2_1,1,1,0,0
370.0,B2,南,B1B2,B1B2_2,1,1,1,0
370.0,B2,东,C2B2,C2B2_0,1,0,0,0
370.0,B2,东,C2B2,C2B2_1,1,0,0,0
370.0,B2,东,C2B2,C2B2_2,1,0,1,0
370.0,B2,北,top1B2,top1B2_0,0,0,0,0
370.0,B2,北,top1B2,top1B2_1,0,0,0,0
370.0,B2,北,top1B2,top1B2_2,0,0,0,0
370.0,C0,西,B0C0,B0C0_0,0,0,0,0
370.0,C0,西,B0C0,B0C0_1,0,0,0,0
370.0,C0,西,B0C0,B0C0_2,0,0,0,0
370.0,C0,北,C1C0,C1C0_0,3,1,0,0
370.0,C0,北,C1C0,C1C0_1,3,1,0,0
370.0,C0,北,C1C0,C1C0_2,3,1,3,1
370.0,C0,南,bottom2C0,bottom2C0_0,1,0,0,0
370.0,C0,南,bottom2C0,bottom2C0_1,1,0,0,0
370.0,C0,南,bottom2C0,bottom2C0_2,1,0,1,1
370.0,C0,东,right0C0,right0C0_0,1,0,1,0
370.0,C0,东,right0C0,right0C0_1,1,0,0,0
370.0,C0,东,right0C0,right0C0_2,1,0,0,0
370.0,C1,西,B1C1,B1C1_0,1,0,0,0
370.0,C1,西,B1C1,B1C1_1,1,0,0,0
370.0,C1,西,B1C1,B1C1_2,1,0,1,0
370.0,C1,南,C0C1,C0C1_0,3,1,1,0
370.0,C1,南,C0C1,C0C1_1,3,1,0,0
370.0,C1,南,C0C1,C0C1_2,3,1,2,2
370.0,C1,北,C2C1,C2C1_0,4,1,1,0
370.0,C1,北,C2C1,C2C1_1,4,1,2,0
370.0,C1,北,C2C1,C2C1_2,4,1,1,1
370.0,C1,东,right1C1,right1C1_0,0,0,0,0
370.0,C1,东,right1C1,right1C1_1,0,0,0,0
370.0,C1,东,right1C1,right1C1_2,0,0,0,0
370.0,C2,西,B2C2,B2C2_0,0,0,0,0
370.0,C2,西,B2C2,B2C2_1,0,0,0,0
370.0,C2,西,B2C2,B2C2_2,0,0,0,0
370.0,C2,南,C1C2,C1C2_0,7,1,1,0
370.0,C2,南,C1C2,C1C2_1,7,1,5,1
370.0,C2,南,C1C2,C1C2_2,7,1,1,1
370.0,C2,东,right2C2,right2C2_0,0,0,0,0
370.0,C2,东,right2C2,right2C2_1,0,0,0,0
370.0,C2,东,right2C2,right2C2_2,0,0,0,0
370.0,C2,北,top2C2,top2C2_0,2,0,1,0
370.0,C2,北,top2C2,top2C2_1,2,0,1,0
370.0,C2,北,top2C2,top2C2_2,2,0,0,0
375.0,A0,北,A1A0,A1A0_0,0,0,0,0
375.0,A0,北,A1A0,A1A0_1,0,0,0,0
375.0,A0,北,A1A0,A1A0_2,0,0,0,0
375.0,A0,东,B0A0,B0A0_0,0,0,0,0
375.0,A0,东,B0A0,B0A0_1,0,0,0,0
375.0,A0,东,B0A0,B0A0_2,0,0,0,0
375.0,A0,南,bottom0A0,bottom0A0_0,0,0,0,0
375.0,A0,南,bottom0A0,bottom0A0_1,0,0,0,0
375.0,A0,南,bottom0A0,bottom0A0_2,0,0,0,0
375.0,A0,西,left0A0,left0A0_0,0,0,0,0
375.0,A0,西,left0A0,left0A0_1,0,0,0,0
375.0,A0,西,left0A0,left0A0_2,0,0,0,0
375.0,A1,南,A0A1,A0A1_0,0,0,0,0
375.0,A1,南,A0A1,A0A1_1,0,0,0,0
375.0,A1,南,A0A1,A0A1_2,0,0,0,0
375.0,A1,北,A2A1,A2A1_0,1,0,0,0
375.0,A1,北,A2A1,A2A1_1,1,0,0,0
375.0,A1,北,A2A1,A2A1_2,1,0,1,1
375.0,A1,东,B1A1,B1A1_0,1,0,0,0
375.0,A1,东,B1A1,B1A1_1,1,0,1,0
375.0,A1,东,B1A1,B1A1_2,1,0,0,0
375.0,A1,西,left1A1,left1A1_0,1,0,0,0
375.0,A1,西,left1A1,left1A1_1,1,0,1,1
375.0,A1,西,left1A1,left1A1_2,1,0,0,0
375.0,A2,南,A1A2,A1A2_0,4,2,2,0
375.0,A2,南,A1A2,A1A2_1,4,2,1,0
375.0,A2,南,A1A2,A1A2_2,4,2,1,1
375.0,A2,东,B2A2,B2A2_0,0,0,0,0
375.0,A2,东,B2A2,B2A2_1,0,0,0,0
375.0,A2,东,B2A2,B2A2_2,0,0,0,0
375.0,A2,西,left2A2,left2A2_0,2,1,1,0
375.0,A2,西,left2A2,left2A2_1,2,1,1,0
375.0,A2,西,left2A2,left2A2_2,2,1,0,0
375.0,A2,北,top0A2,top0A2_0,0,0,0,0
375.0,A2,北,top0A2,top0A2_1,0,0,0,0
375.0,A2,北,top0A2,top0A2_2,0,0,0,0
375.0,B0,西,A0B0,A0B0_0,1,0,0,0
375.0,B0,西,A0B0,A0B0_1,1,0,0,0
375.0,B0,西,A0B0,A0B0_2,1,0,1,0
375.0,B0,北,B1B0,B1B0_0,0,0,0,0
375.0,B0,北,B1B0,B1B0_1,0,0,0,0
375.0,B0,北,B1B0,B1B0_2,0,0,0,0
375.0,B0,东,C0B0,C0B0_0,0,0,0,0
375.0,B0,东,C0B0,C0B0_1,0,0,0,0
375.0,B0,东,C0B0,C0B0_2,0,0,0,0
375.0,B0,南,bottom1B0,bottom1B0_0,1,1,0,0
375.0,B0,南,bottom1B0,bottom1B0_1,1,1,1,0
375.0,B0,南,bottom1B0,bottom1B0_2,1,1,0,0
375.0,B1,西,A1B1,A1B1_0,0,0,0,0
375.0,B1,西,A1B1,A1B1_1,0,0,0,0
375.0,B1,西,A1B1,A1B1_2,0,0,0,0
375.0,B1,南,B0B1,B0B1_0,0,0,0,0
375.0,B1,南,B0B1,B0B1_1,0,0,0,0
375.0,B1,南,B0B1,B0B1_2,0,0,0,0
375.0,B1,北,B2B1,B2B1_0,1,0,0,0
375.0,B1,北,B2B1,B2B1_1,1,0,0,0
375.0,B1,北,B2B1,B2B1_2,1,0,1,1
375.0,B1,东,C1B1,C1B1_0,0,0,0,0
375.0,B1,东,C1B1,C1B1_1,0,0,0,0
375.0,B1,东,C1B1,C1B1_2,0,0,0,0
375.0,B2,西,A2B2,A2B2_0,1,0,0,0
375.0,B2,西,A2B2,A2B2_1,1,0,1,0
375.0,B2,西,A2B2,A2B2_2,1,0,0,0
375.0,B2,南,B1B2,B1B2_0,1,0,0,0
375.0,B2,南,B1B2,B1B2_1,1,0,0,0
375.0,B2,南,B1B2,B1B2_2,1,0,1,0
375.0,B2,东,C2B2,C2B2_0,1,0,0,0
375.0,B2,东,C2B2,C2B2_1,1,0,0,0
375.0,B2,东,C2B2,C2B2_2,1,0,1,0
375.0,B2,北,top1B2,top1B2_0,0,0,0,0
375.0,B2,北,top1B2,top1B2_1,0,0,0,0
375.0,B2,北,top1B2,top1B2_2,0,0,0,0
375.0,C0,西,B0C0,B0C0_0,0,0,0,0
375.0,C0,西,B0C0,B0C0_1,0,0,0,0
375.0,C0,西,B0C0,B0C0_2,0,0,0,0
375.0,C0,北,C1C0,C1C0_0,4,1,0,0
375.0,C0,北,C1C0,C1C0_1,4,1,1,0
375.0,C0,北,C1C0,C1C0_2,4,1,3,1
375.0,C0,南,bottom2C0,bottom2C0_0,1,0,0,0
375.0,C0,南,bottom2C0,bottom2C0_1,1,0,0,0
375.0,C0,南,bottom2C0,bottom2C0_2,1,0,1,1
375.0,C0,东,right0C0,right0C0_0,1,0,1,0
375.0,C0,东,right0C0,right0C0_1,1,0,0,0
375.0,C0,东,right0C0,right0C0_2,1,0,0,0
375.0,C1,西,B1C1,B1C1_0,1,0,0,0
375.0,C1,西,B1C1,B1C1_1,1,0,0,0
375.0,C1,西,B1C1,B1C1_2,1,0,1,0
375.0,C1,南,C0C1,C0C1_0,3,0,1,0
375.0,C1,南,C0C1,C0C1_1,3,0,0,0
375.0,C1,南,C0C1,C0C1_2,3,0,2,2
375.0,C1,北,C2C1,C2C1_0,5,1,1,0
375.0,C1,北,C2C1,C2C1_1,5,1,3,0
375.0,C1,北,C2C1,C2C1_2,5,1,1,1
375.0,C1,东,right1C1,right1C1_0,1,1,0,0
375.0,C1,东,right1C1,right1C1_1,1,1,1,0
375.0,C1,东,right1C1,right1C1_2,1,1,0,0
375.0,C2,西,B2C2,B2C2_0,0,0,0,0
375.0,C2,西,B2C2,B2C2_1,0,0,0,0
375.0,C2,西,B2C2,B2C2_2,0,0,0,0
375.0,C2,南,C1C2,C1C2_0,7,2,2,0
375.0,C2,南,C1C2,C1C2_1,7,2,3,0
375.0,C2,南,C1C2,C1C2_2,7,2,2,1
375.0,C2,东,right2C2,right2C2_0,0,0,0,0
375.0,C2,东,right2C2,right2C2_1,0,0,0,0
375.0,C2,东,right2C2,right2C2_2,0,0,0,0
375.0,C2,北,top2C2,top2C2_0,1,0,1,0
375.0,C2,北,top2C2,top2C2_1,1,0,0,0
375.0,C2,北,top2C2,top2C2_2,1,0,0,0
380.0,A0,北,A1A0,A1A0_0,0,0,0,0
380.0,A0,北,A1A0,A1A0_1,0,0,0,0
380.0,A0,北,A1A0,A1A0_2,0,0,0,0
380.0,A0,东,B0A0,B0A0_0,0,0,0,0
380.0,A0,东,B0A0,B0A0_1,0,0,0,0
380.0,A0,东,B0A0,B0A0_2,0,0,0,0
380.0,A0,南,bottom0A0,bottom0A0_0,0,0,0,0
380.0,A0,南,bottom0A0,bottom0A0_1,0,0,0,0
380.0,A0,南,bottom0A0,bottom0A0_2,0,0,0,0
380.0,A0,西,left0A0,left0A0_0,0,0,0,0
380.0,A0,西,left0A0,left0A0_1,0,0,0,0
380.0,A0,西,left0A0,left0A0_2,0,0,0,0
380.0,A1,南,A0A1,A0A1_0,0,0,0,0
380.0,A1,南,A0A1,A0A1_1,0,0,0,0
380.0,A1,南,A0A1,A0A1_2,0,0,0,0
380.0,A1,北,A2A1,A2A1_0,1,0,0,0
380.0,A1,北,A2A1,A2A1_1,1,0,0,0
380.0,A1,北,A2A1,A2A1_2,1,0,1,1
380.0,A1,东,B1A1,B1A1_0,1,0,0,0
380.0,A1,东,B1A1,B1A1_1,1,0,1,0
380.0,A1,东,B1A1,B1A1_2,1,0,0,0
380.0,A1,西,left1A1,left1A1_0,1,0,0,0
380.0,A1,西,left1A1,left1A1_1,1,0,1,1
380.0,A1,西,left1A1,left1A1_2,1,0,0,0
380.0,A2,南,A1A2,A1A2_0,4,0,2,0
380.0,A2,南,A1A2,A1A2_1,4,0,1,0
380.0,A2,南,A1A2,A1A2_2,4,0,1,1
380.0,A2,东,B2A2,B2A2_0,0,0,0,0
380.0,A2,东,B2A2,B2A2_1,0,0,0,0
380.0,A2,东,B2A2,B2A2_2,0,0,0,0
380.0,A2,西,left2A2,left2A2_0,2,0,1,0
380.0,A2,西,left2A2,left2A2_1,2,0,1,0
380.0,A2,西,left2A2,left2A2_2,2,0,0,0
380.0,A2,北,top0A2,top0A2_0,0,0,0,0
380.0,A2,北,top0A2,top0A2_1,0,0,0,0
380.0,A2,北,top0A2,top0A2_2,0,0,0,0
380.0,B0,西,A0B0,A0B0_0,2,1,1,0
380.0,B0,西,A0B0,A0B0_1,2,1,0,0
380.0,B0,西,A0B0,A0B0_2,2,1,1,1
380.0,B0,北,B1B0,B1B0_0,0,0,0,0
380.0,B0,北,B1B0,B1B0_1,0,0,0,0
380.0,B0,北,B1B0,B1B0_2,0,0,0,0
380.0,B0,东,C0B0,C0B0_0,0,0,0,0
380.0,B0,东,C0B0,C0B0_1,0,0,0,0
380.0,B0,东,C0B0,C0B0_2,0,0,0,0
380.0,B0,南,bottom1B0,bottom1B0_0,1,0,0,0
380.0,B0,南,bottom1B0,bottom1B0_1,1,0,1,0
380.0,B0,南,bottom1B0,bottom1B0_2,1,0,0,0
380.0,B1,西,A1B1,A1B1_0,0,0,0,0
380.0,B1,西,A1B1,A1B1_1,0,0,0,0
380.0,B1,西,A1B1,A1B1_2,0,0,0,0
380.0,B1,南,B0B1,B0B1_0,0,0,0,0
380.0,B1,南,B0B1,B0B1_1,0,0,0,0
380.0,B1,南,B0B1,B0B1_2,0,0,0,0
380.0,B1,北,B2B1,B2B1_0,1,0,0,0
380.0,B1,北,B2B1,B2B1_1,1,0,0,0
380.0,B1,北,B2B1,B2B1_2,1,0,1,1
380.0,B1,东,C1B1,C1B1_0,1,1,0,0
380.0,B1,东,C1B1,C1B1_1,1,1,1,0
380.0,B1,东,C1B1,C1B1_2,1,1,0,0
380.0,B2,西,A2B2,A2B2_0,1,0,0,0
380.0,B2,西,A2B2,A2B2_1,1,0,1,1
380.0,B2,西,A2B2,A2B2_2,1,0,0,0
380.0,B2,南,B1B2,B1B2_0,1,0,0,0
380.0,B2,南,B1B2,B1B2_1,1,0,0,0
380.0,B2,南,B1B2,B1B2_2,1,0,1,0
380.0,B2,东,C2B2,C2B2_0,1,0,0,0
380.0,B2,东,C2B2,C2B2_1,1,0,0,0
380.0,B2,东,C2B2,C2B2_2,1,0,1,1
380.0,B2,北,top1B2,top1B2_0,1,1,1,0
380.0,B2,北,top1B2,top1B2_1,1,1,0,0
380.0,B2,北,top1B2,top1B2_2,1,1,0,0
380.0,C0,西,B0C0,B0C0_0,0,0,0,0
380.0,C0,西,B0C0,B0C0_1,0,0,0,0
380.0,C0,西,B0C0,B0C0_2,0,0,0,0
380.0,C0,北,C1C0,C1C0_0,4,0,0,0
380.0,C0,北,C1C0,C1C0_1,4,0,1,0
380.0,C0,北,C1C0,C1C0_2,4,0,3,1
380.0,C0,南,bottom2C0,bottom2C0_0,1,0,0,0
380.0,C0,南,bottom2C0,bottom2C0_1,1,0,0,0
380.0,C0,南,bottom2C0,bottom2C0_2,1,0,1,1
380.0,C0,东,right0C0,right0C0_0,1,0,1,0
380.0,C0,东,right0C0,right0C0_1,1,0,0,0
380.0,C0,东,right0C0,right0C0_2,1,0,0,0
380.0,C1,西,B1C1,B1C1_0,1,0,0,0
380.0,C1,西,B1C1,B1C1_1,1,0,0,0
380.0,C1,西,B1C1,B1C1_2,1,0,1,0
380.0,C1,南,C0C1,C0C1_0,3,0,1,0
380.0,C1,南,C0C1,C0C1_1,3,0,0,0
380.0,C1,南,C0C1,C0C1_2,3,0,2,2
380.0,C1,北,C2C1,C2C1_0,4,0,0,0
380.0,C1,北,C2C1,C2C1_1,4,0,3,0
380.0,C1,北,C2C1,C2C1_2,4,0,1,1
380.0,C1,东,right1C1,right1C1_0,1,0,0,0
380.0,C1,东,right1C1,right1C1_1,1,0,1,0
380.0,C1,东,right1C1,right1C1_2,1,0,0,0
380.0,C2,西,B2C2,B2C2_0,0,0,0,0
380.0,C2,西,B2C2,B2C2_1,0,0,0,0
380.0,C2,西,B2C2,B2C2_2,0,0,0,0
380.0,C2,南,C1C2,C1C2_0,4,0,2,0
380.0,C2,南,C1C2,C1C2_1,4,0,0,0
380.0,C2,南,C1C2,C1C2_2,4,0,2,1
380.0,C2,东,right2C2,right2C2_0,1,1,1,0
380.0,C2,东,right2C2,right2C2_1,1,1,0,0
380.0,C2,东,right2C2,right2C2_2,1,1,0,0
380.0,C2,北,top2C2,top2C2_0,1,0,1,0
380.0,C2,北,top2C2,top2C2_1,1,0,0,0
380.0,C2,北,top2C2,top2C2_2,1,0,0,0
385.0,A0,北,A1A0,A1A0_0,0,0,0,0
385.0,A0,北,A1A0,A1A0_1,0,0,0,0
385.0,A0,北,A1A0,A1A0_2,0,0,0,0
385.0,A0,东,B0A0,B0A0_0,0,0,0,0
385.0,A0,东,B0A0,B0A0_1,0,0,0,0
385.0,A0,东,B0A0,B0A0_2,0,0,0,0
385.0,A0,南,bottom0A0,bottom0A0_0,0,0,0,0
385.0,A0,南,bottom0A0,bottom0A0_1,0,0,0,0
385.0,A0,南,bottom0A0,bottom0A0_2,0,0,0,0
385.0,A0,西,left0A0,left0A0_0,2,2,1,0
385.0,A0,西,left0A0,left0A0_1,2,2,1,0
385.0,A0,西,left0A0,left0A0_2,2,2,0,0
385.0,A1,南,A0A1,A0A1_0,0,0,0,0
385.0,A1,南,A0A1,A0A1_1,0,0,0,0
385.0,A1,南,A0A1,A0A1_2,0,0,0,0
385.0,A1,北,A2A1,A2A1_0,0,0,0,0
385.0,A1,北,A2A1,A2A1_1,0,0,0,0
385.0,A1,北,A2A1,A2A1_2,0,0,0,0
385.0,A1,东,B1A1,B1A1_0,1,0,0,0
385.0,A1,东,B1A1,B1A1_1,1,0,1,1
385.0,A1,东,B1A1,B1A1_2,1,0,0,0
385.0,A1,西,left1A1,left1A1_0,1,0,0,0
385.0,A1,西,left1A1,left1A1_1,1,0,1,1
385.0,A1,西,left1A1,left1A1_2,1,0,0,0
385.0,A2,南,A1A2,A1A2_0,3,0,2,0
385.0,A2,南,A1A2,A1A2_1,3,0,1,0
385.0,A2,南,A1A2,A1A2_2,3,0,0,0
385.0,A2,东,B2A2,B2A2_0,0,0,0,0
385.0,A2,东,B2A2,B2A2_1,0,0,0,0
385.0,A2,东,B2A2,B2A2_2,0,0,0,0
385.0,A2,西,left2A2,left2A2_0,2,0,1,0
385.0,A2,西,left2A2,left2A2_1,2,0,1,0
385.0,A2,西,left2A2,left2A2_2,2,0,0,0
385.0,A2,北,top0A2,top0A2_0,0,0,0,0
385.0,A2,北,top0A2,top0A2_1,0,0,0,0
385.0,A2,北,top0A2,top0A2_2,0,0,0,0
385.0,B0,西,A0B0,A0B0_0,2,0,1,0
385.0,B0,西,A0B0,A0B0_1,2,0,0,0
385.0,B0,西,A0B0,A0B0_2,2,0,1,1
385.0,B0,北,B1B0,B1B0_0,0,0,0,0
385.0,B0,北,B1B0,B1B0_1,0,0,0,0
385.0,B0,北,B1B0,B1B0_2,0,0,0,0
385.0,B0,东,C0B0,C0B0_0,0,0,0,0
385.0,B0,东,C0B0,C0B0_1,0,0,0,0
385.0,B0,东,C0B0,C0B0_2,0,0,0,0
385.0,B0,南,bottom1B0,bottom1B0_0,1,0,0,0
385.0,B0,南,bottom1B0,bottom1B0_1,1,0,1,0
385.0,B0,南,bottom1B0,bottom1B0_2,1,0,0,0
385.0,B1,西,A1B1,A1B1_0,0,0,0,0
385.0,B1,西,A1B1,A1B1_1,0,0,0,0
385.0,B1,西,A1B1,A1B1_2,0,0,0,0
385.0,B1,南,B0B1,B0B1_0,0,0,0,0
385.0,B1,南,B0B1,B0B1_1,0,0,0,0
385.0,B1,南,B0B1,B0B1_2,0,0,0,0
385.0,B1,北,B2B1,B2B1_0,0,0,0,0
385.0,B1,北,B2B1,B2B1_1,0,0,0,0
385.0,B1,北,B2B1,B2B1_2,0,0,0,0
385.0,B1,东,C1B1,C1B1_0,1,0,0,0
385.0,B1,东,C1B1,C1B1_1,1,0,1,0
385.0,B1,东,C1B1,C1B1_2,1,0,0,0
385.0,B2,西,A2B2,A2B2_0,1,0,0,0
385.0,B2,西,A2B2,A2B2_1,1,0,1,1
385.0,B2,西,A2B2,A2B2_2,1,0,0,0
385.0,B2,南,B1B2,B1B2_0,1,0,0,0
385.0,B2,南,B1B2,B1B2_1,1,0,0,0
385.0,B2,南,B1B2,B1B2_2,1,0,1,0
385.0,B2,东,C2B2,C2B2_0,2,1,0,0
385.0,B2,东,C2B2,C2B2_1,2,1,1,0
385.0,B2,东,C2B2,C2B2_2,2,1,1,1
385.0,B2,北,top1B2,top1B2_0,1,0,0,0
385.0,B2,北,top1B2,top1B2_1,1,0,0,0
385.0,B2,北,top1B2,top1B2_2,1,0,1,0
385.0,C0,西,B0C0,B0C0_0,0,0,0,0
385.0,C0,西,B0C0,B0C0_1,0,0,0,0
385.0,C0,西,B0C0,B0C0_2,0,0,0,0
385.0,C0,北,C1C0,C1C0_0,3,0,0,0
385.0,C0,北,C1C0,C1C0_1,3,0,1,0
385.0,C0,北,C1C0,C1C0_2,3,0,2,0
385.0,C0,南,bottom2C0,bottom2C0_0,1,1,0,0
385.0,C0,南,bottom2C0,bottom2C0_1,1,1,1,0
385.0,C0,南,bottom2C0,bottom2C0_2,1,1,0,0
385.0,C0,东,right0C0,right0C0_0,1,0,1,0
385.0,C0,东,right0C0,right0C0_1,1,0,0,0
385.0,C0,东,right0C0,right0C0_2,1,0,0,0
385.0,C1,西,B1C1,B1C1_0,1,0,0,0
385.0,C1,西,B1C1,B1C1_1,1,0,0,0
385.0,C1,西,B1C1,B1C1_2,1,0,1,1
385.0,C1,南,C0C1,C0C1_0,2,0,1,0
385.0,C1,南,C0C1,C0C1_1,2,0,0,0
385.0,C1,南,C0C1,C0C1_2,2,0,1,0
385.0,C1,北,C2C1,C2C1_0,3,0,0,0
385.0,C1,北,C2C1,C2C1_1,3,0,3,0
385.0,C1,北,C2C1,C2C1_2,3,0,0,0
385.0,C1,东,right1C1,right1C1_0,1,0,0,0
385.0,C1,东,right1C1,right1C1_1,1,0,1,0
385.0,C1,东,right1C1,right1C1_2,1,0,0,0
385.0,C2,西,B2C2,B2C2_0,0,0,0,0
385.0,C2,西,B2C2,B2C2_1,0,0,0,0
385.0,C2,西,B2C2,B2C2_2,0,0,0,0
385.0,C2,南,C1C2,C1C2_0,3,0,2,0
385.0,C2,南,C1C2,C1C2_1,3,0,0,0
385.0,C2,南,C1C2,C1C2_2,3,0,1,0
385.0,C2,东,right2C2,right2C2_0,1,0,0,0
385.0,C2,东,right2C2,right2C2_1,1,0,0,0
385.0,C2,东,right2C2,right2C2_2,1,0,1,0
385.0,C2,北,top2C2,top2C2_0,0,0,0,0
385.0,C2,北,top2C2,top2C2_1,0,0,0,0
385.0,C2,北,top2C2,top2C2_2,0,0,0,0
390.0,A0,北,A1A0,A1A0_0,0,0,0,0
390.0,A0,北,A1A0,A1A0_1,0,0,0,0
390.0,A0,北,A1A0,A1A0_2,0,0,0,0
390.0,A0,东,B0A0,B0A0_0,0,0,0,0
390.0,A0,东,B0A0,B0A0_1,0,0,0,0
390.0,A0,东,B0A0,B0A0_2,0,0,0,0
390.0,A0,南,bottom0A0,bottom0A0_0,0,0,0,0
390.0,A0,南,bottom0A0,bottom0A0_1,0,0,0,0
390.0,A0,南,bottom0A0,bottom0A0_2,0,0,0,0
390.0,A0,西,left0A0,left0A0_0,2,0,0,0
390.0,A0,西,left0A0,left0A0_1,2,0,2,0
390.0,A0,西,left0A0,left0A0_2,2,0,0,0
390.0,A1,南,A0A1,A0A1_0,0,0,0,0
390.0,A1,南,A0A1,A0A1_1,0,0,0,0
390.0,A1,南,A0A1,A0A1_2,0,0,0,0
390.0,A1,北,A2A1,A2A1_0,0,0,0,0
390.0,A1,北,A2A1,A2A1_1,0,0,0,0
390.0,A1,北,A2A1,A2A1_2,0,0,0,0
390.0,A1,东,B1A1,B1A1_0,1,0,0,0
390.0,A1,东,B1A1,B1A1_1,1,0,1,1
390.0,A1,东,B1A1,B1A1_2,1,0,0,0
390.0,A1,西,left1A1,left1A1_0,1,0,0,0
390.0,A1,西,left1A1,left1A1_1,1,0,1,1
390.0,A1,西,left1A1,left1A1_2,1,0,0,0
390.0,A2,南,A1A2,A1A2_0,3,0,2,0
390.0,A2,南,A1A2,A1A2_1,3,0,1,0
390.0,A2,南,A1A2,A1A2_2,3,0,0,0
390.0,A2,东,B2A2,B2A2_0,0,0,0,0
390.0,A2,东,B2A2,B2A2_1,0,0,0,0
390.0,A2,东,B2A2,B2A2_2,0,0,0,0
390.0,A2,西,left2A2,left2A2_0,2,1,0,0
390.0,A2,西,left2A2,left2A2_1,2,1,1,0
390.0,A2,西,left2A2,left2A2_2,2,1,1,0
390.0,A2,北,top0A2,top0A2_0,0,0,0,0
390.0,A2,北,top0A2,top0A2_1,0,0,0,0
390.0,A2,北,top0A2,top0A2_2,0,0,0,0
390.0,B0,西,A0B0,A0B0_0,2,0,1,0
390.0,B0,西,A0B0,A0B0_1,2,0,0,0
390.0,B0,西,A0B0,A0B0_2,2,0,1,1
390.0,B0,北,B1B0,B1B0_0,0,0,0,0
390.0,B0,北,B1B0,B1B0_1,0,0,0,0
390.0,B0,北,B1B0,B1B0_2,0,0,0,0
390.0,B0,东,C0B0,C0B0_0,1,1,1,0
390.0,B0,东,C0B0,C0B0_1,1,1,0,0
390.0,B0,东,C0B0,C0B0_2,1,1,0,0
390.0,B0,南,bottom1B0,bottom1B0_0,1,0,0,0
390.0,B0,南,bottom1B0,bottom1B0_1,1,0,1,0
390.0,B0,南,bottom1B0,bottom1B0_2,1,0,0,0
390.0,B1,西,A1B1,A1B1_0,1,1,0,0
390.0,B1,西,A1B1,A1B1_1,1,1,1,0
390.0,B1,西,A1B1,A1B1_2,1,1,0,0
390.0,B1,南,B0B1,B0B1_0,0,0,0,0
390.0,B1,南,B0B1,B0B1_1,0,0,0,0
390.0,B1,南,B0B1,B0B1_2,0,0,0,0
390.0,B1,北,B2B1,B2B1_0,0,0,0,0
390.0,B1,北,B2B1,B2B1_1,0,0,0,0
390.0,B1,北,B2B1,B2B1_2,0,0,0,0
390.0,B1,东,C1B1,C1B1_0,2,1,0,0
390.0,B1,东,C1B1,C1B1_1,2,1,2,0
390.0,B1,东,C1B1,C1B1_2,2,1,0,0
390.0,B2,西,A2B2,A2B2_0,1,0,0,0
390.0,B2,西,A2B2,A2B2_1,1,0,1,1
390.0,B2,西,A2B2,A2B2_2,1,0,0,0
390.0,B2,南,B1B2,B1B2_0,1,0,0,0
390.0,B2,南,B1B2,B1B2_1,1,0,0,0
390.0,B2,南,B1B2,B1B2_2,1,0,1,0
390.0,B2,东,C2B2,C2B2_0,3,1,0,0
390.0,B2,东,C2B2,C2B2_1,3,1,2,0
390.0,B2,东,C2B2,C2B2_2,3,1,1,1
390.0,B2,北,top1B2,top1B2_0,1,0,0,0
390.0,B2,北,top1B2,top1B2_1,1,0,0,0
390.0,B2,北,top1B2,top1B2_2,1,0,1,0
390.0,C0,西,B0C0,B0C0_0,0,0,0,0
390.0,C0,西,B0C0,B0C0_1,0,0,0,0
390.0,C0,西,B0C0,B0C0_2,0,0,0,0
390.0,C0,北,C1C0,C1C0_0,1,0,0,0
390.0,C0,北,C1C0,C1C0_1,1,0,1,0
390.0,C0,北,C1C0,C1C0_2,1,0,0,0
390.0,C0,南,bottom2C0,bottom2C0_0,1,0,0,0
390.0,C0,南,bottom2C0,bottom2C0_1,1,0,1,0
390.0,C0,南,bottom2C0,bottom2C0_2,1,0,0,0
390.0,C0,东,right0C0,right0C0_0,0,0,0,0
390.0,C0,东,right0C0,right0C0_1,0,0,0,0
390.0,C0,东,right0C0,right0C0_2,0,0,0,0
390.0,C1,西,B1C1,B1C1_0,2,1,0,0
390.0,C1,西,B1C1,B1C1_1,2,1,1,0
390.0,C1,西,B1C1,B1C1_2,2,1,1,1
390.0,C1,南,C0C1,C0C1_0,1,0,1,0
390.0,C1,南,C0C1,C0C1_1,1,0,0,0
390.0,C1,南,C0C1,C0C1_2,1,0,0,0
390.0,C1,北,C2C1,C2C1_0,3,0,0,0
390.0,C1,北,C2C1,C2C1_1,3,0,3,1
390.0,C1,北,C2C1,C2C1_2,3,0,0,0
390.0,C1,东,right1C1,right1C1_0,1,0,0,0
390.0,C1,东,right1C1,right1C1_1,1,0,1,0
390.0,C1,东,right1C1,right1C1_2,1,0,0,0
390.0,C2,西,B2C2,B2C2_0,0,0,0,0
390.0,C2,西,B2C2,B2C2_1,0,0,0,0
390.0,C2,西,B2C2,B2C2_2,0,0,0,0
390.0,C2,南,C1C2,C1C2_0,3,0,2,0
390.0,C2,南,C1C2,C1C2_1,3,0,0,0
390.0,C2,南,C1C2,C1C2_2,3,0,1,0
390.0,C2,东,right2C2,right2C2_0,1,0,0,0
390.0,C2,东,right2C2,right2C2_1,1,0,0,0
390.0,C2,东,right2C2,right2C2_2,1,0,1,0
390.0,C2,北,top2C2,top2C2_0,0,0,0,0
390.0,C2,北,top2C2,top2C2_1,0,0,0,0
390.0,C2,北,top2C2,top2C2_2,0,0,0,0
395.0,A0,北,A1A0,A1A0_0,0,0,0,0
395.0,A0,北,A1A0,A1A0_1,0,0,0,0
395.0,A0,北,A1A0,A1A0_2,0,0,0,0
395.0,A0,东,B0A0,B0A0_0,0,0,0,0
395.0,A0,东,B0A0,B0A0_1,0,0,0,0
395.0,A0,东,B0A0,B0A0_2,0,0,0,0
395.0,A0,南,bottom0A0,bottom0A0_0,0,0,0,0
395.0,A0,南,bottom0A0,bottom0A0_1,0,0,0,0
395.0,A0,南,bottom0A0,bottom0A0_2,0,0,0,0
395.0,A0,西,left0A0,left0A0_0,2,0,0,0
395.0,A0,西,left0A0,left0A0_1,2,0,2,0
395.0,A0,西,left0A0,left0A0_2,2,0,0,0
395.0,A1,南,A0A1,A0A1_0,0,0,0,0
395.0,A1,南,A0A1,A0A1_1,0,0,0,0
395.0,A1,南,A0A1,A0A1_2,0,0,0,0
395.0,A1,北,A2A1,A2A1_0,1,1,0,0
395.0,A1,北,A2A1,A2A1_1,1,1,0,0
395.0,A1,北,A2A1,A2A1_2,1,1,1,0
395.0,A1,东,B1A1,B1A1_0,1,0,0,0
395.0,A1,东,B1A1,B1A1_1,1,0,1,1
395.0,A1,东,B1A1,B1A1_2,1,0,0,0
395.0,A1,西,left1A1,left1A1_0,1,0,0,0
395.0,A1,西,left1A1,left1A1_1,1,0,1,1
395.0,A1,西,left1A1,left1A1_2,1,0,0,0
395.0,A2,南,A1A2,A1A2_0,2,0,1,0
395.0,A2,南,A1A2,A1A2_1,2,0,1,0
395.0,A2,南,A1A2,A1A2_2,2,0,0,0
395.0,A2,东,B2A2,B2A2_0,1,1,0,0
395.0,A2,东,B2A2,B2A2_1,1,1,1,0
395.0,A2,东,B2A2,B2A2_2,1,1,0,0
395.0,A2,西,left2A2,left2A2_0,2,0,0,0
395.0,A2,西,left2A2,left2A2_1,2,0,1,1
395.0,A2,西,left2A2,left2A2_2,2,0,1,0
395.0,A2,北,top0A2,top0A2_0,0,0,0,0
395.0,A2,北,top0A2,top0A2_1,0,0,0,0
395.0,A2,北,top0A2,top0A2_2,0,0,0,0
395.0,B0,西,A0B0,A0B0_0,2,0,1,0
395.0,B0,西,A0B0,A0B0_1,2,0,0,0
395.0,B0,西,A0B0,A0B0_2,2,0,1,1
395.0,B0,北,B1B0,B1B0_0,0,0,0,0
395.0,B0,北,B1B0,B1B0_1,0,0,0,0
395.0,B0,北,B1B0,B1B0_2,0,0,0,0
395.0,B0,东,C0B0,C0B0_0,1,0,1,0
395.0,B0,东,C0B0,C0B0_1,1,0,0,0
395.0,B0,东,C0B0,C0B0_2,1,0,0,0
395.0,B0,南,bottom1B0,bottom1B0_0,1,0,0,0
395.0,B0,南,bottom1B0,bottom1B0_1,1,0,1,0
395.0,B0,南,bottom1B0,bottom1B0_2,1,0,0,0
395.0,B1,西,A1B1,A1B1_0,1,0,0,0
395.0,B1,西,A1B1,A1B1_1,1,0,1,0
395.0,B1,西,A1B1,A1B1_2,1,0,0,0
395.0,B1,南,B0B1,B0B1_0,0,0,0,0
395.0,B1,南,B0B1,B0B1_1,0,0,0,0
395.0,B1,南,B0B1,B0B1_2,0,0,0,0
395.0,B1,北,B2B1,B2B1_0,0,0,0,0
395.0,B1,北,B2B1,B2B1_1,0,0,0,0
395.0,B1,北,B2B1,B2B1_2,0,0,0,0
395.0,B1,东,C1B1,C1B1_0,3,1,1,0
395.0,B1,东,C1B1,C1B1_1,3,1,2,0
395.0,B1,东,C1B1,C1B1_2,3,1,0,0
395.0,B2,西,A2B2,A2B2_0,2,1,0,0
395.0,B2,西,A2B2,A2B2_1,2,1,2,1
395.0,B2,西,A2B2,A2B2_2,2,1,0,0
395.0,B2,南,B1B2,B1B2_0,0,0,0,0
395.0,B2,南,B1B2,B1B2_1,0,0,0,0
395.0,B2,南,B1B2,B1B2_2,0,0,0,0
395.0,B2,东,C2B2,C2B2_0,3,0,0,0
395.0,B2,东,C2B2,C2B2_1,3,0,2,0
395.0,B2,东,C2B2,C2B2_2,3,0,1,1
395.0,B2,北,top1B2,top1B2_0,1,0,0,0
395.0,B2,北,top1B2,top1B2_1,1,0,0,0
395.0,B2,北,top1B2,top1B2_2,1,0,1,0
395.0,C0,西,B0C0,B0C0_0,0,0,0,0
395.0,C0,西,B0C0,B0C0_1,0,0,0,0
395.0,C0,西,B0C0,B0C0_2,0,0,0,0
395.0,C0,北,C1C0,C1C0_0,0,0,0,0
395.0,C0,北,C1C0,C1C0_1,0,0,0,0
395.0,C0,北,C1C0,C1C0_2,0,0,0,0
395.0,C0,南,bottom2C0,bottom2C0_0,1,0,0,0
395.0,C0,南,bottom2C0,bottom2C0_1,1,0,1,0
395.0,C0,南,bottom2C0,bottom2C0_2,1,0,0,0
395.0,C0,东,right0C0,right0C0_0,0,0,0,0
395.0,C0,东,right0C0,right0C0_1,0,0,0,0
395.0,C0,东,right0C0,right0C0_2,0,0,0,0
395.0,C1,西,B1C1,B1C1_0,2,0,0,0
395.0,C1,西,B1C1,B1C1_1,2,0,1,0
395.0,C1,西,B1C1,B1C1_2,2,0,1,1
395.0,C1,南,C0C1,C0C1_0,1,1,1,0
395.0,C1,南,C0C1,C0C1_1,1,1,0,0
395.0,C1,南,C0C1,C0C1_2,1,1,0,0
395.0,C1,北,C2C1,C2C1_0,2,0,0,0
395.0,C1,北,C2C1,C2C1_1,2,0,2,0
395.0,C1,北,C2C1,C2C1_2,2,0,0,0
395.0,C1,东,right1C1,right1C1_0,1,0,0,0
395.0,C1,东,right1C1,right1C1_1,1,0,1,0
395.0,C1,东,right1C1,right1C1_2,1,0,0,0
395.0,C2,西,B2C2,B2C2_0,0,0,0,0
395.0,C2,西,B2C2,B2C2_1,0,0,0,0
395.0,C2,西,B2C2,B2C2_2,0,0,0,0
395.0,C2,南,C1C2,C1C2_0,2,0,1,0
395.0,C2,南,C1C2,C1C2_1,2,0,0,0
395.0,C2,南,C1C2,C1C2_2,2,0,1,0
395.0,C2,东,right2C2,right2C2_0,2,1,0,0
395.0,C2,东,right2C2,right2C2_1,2,1,1,0
395.0,C2,东,right2C2,right2C2_2,2,1,1,0
395.0,C2,北,top2C2,top2C2_0,1,1,0,0
395.0,C2,北,top2C2,top2C2_1,1,1,1,0
395.0,C2,北,top2C2,top2C2_2,1,1,0,0
400.0,A0,北,A1A0,A1A0_0,0,0,0,0
400.0,A0,北,A1A0,A1A0_1,0,0,0,0
400.0,A0,北,A1A0,A1A0_2,0,0,0,0
400.0,A0,东,B0A0,B0A0_0,0,0,0,0
400.0,A0,东,B0A0,B0A0_1,0,0,0,0
400.0,A0,东,B0A0,B0A0_2,0,0,0,0
400.0,A0,南,bottom0A0,bottom0A0_0,0,0,0,0
400.0,A0,南,bottom0A0,bottom0A0_1,0,0,0,0
400.0,A0,南,bottom0A0,bottom0A0_2,0,0,0,0
400.0,A0,西,left0A0,left0A0_0,2,0,0,0
400.0,A0,西,left0A0,left0A0_1,2,0,2,0
400.0,A0,西,left0A0,left0A0_2,2,0,0,0
400.0,A1,南,A0A1,A0A1_0,0,0,0,0
400.0,A1,南,A0A1,A0A1_1,0,0,0,0
400.0,A1,南,A0A1,A0A1_2,0,0,0,0
400.0,A1,北,A2A1,A2A1_0,1,0,0,0
400.0,A1,北,A2A1,A2A1_1,1,0,0,0
400.0,A1,北,A2A1,A2A1_2,1,0,1,0
400.0,A1,东,B1A1,B1A1_0,1,0,0,0
400.0,A1,东,B1A1,B1A1_1,1,0,1,1
400.0,A1,东,B1A1,B1A1_2,1,0,0,0
400.0,A1,西,left1A1,left1A1_0,1,0,0,0
400.0,A1,西,left1A1,left1A1_1,1,0,1,1
400.0,A1,西,left1A1,left1A1_2,1,0,0,0
400.0,A2,南,A1A2,A1A2_0,1,0,0,0
400.0,A2,南,A1A2,A1A2_1,1,0,1,1
400.0,A2,南,A1A2,A1A2_2,1,0,0,0
400.0,A2,东,B2A2,B2A2_0,1,0,0,0
400.0,A2,东,B2A2,B2A2_1,1,0,1,0
400.0,A2,东,B2A2,B2A2_2,1,0,0,0
400.0,A2,西,left2A2,left2A2_0,2,0,0,0
400.0,A2,西,left2A2,left2A2_1,2,0,1,1
400.0,A2,西,left2A2,left2A2_2,2,0,1,0
400.0,A2,北,top0A2,top0A2_0,1,1,0,0
400.0,A2,北,top0A2,top0A2_1,1,1,1,0
400.0,A2,北,top0A2,top0A2_2,1,1,0,0
400.0,B0,西,A0B0,A0B0_0,2,0,1,0
400.0,B0,西,A0B0,A0B0_1,2,0,0,0
400.0,B0,西,A0B0,A0B0_2,2,0,1,1
400.0,B0,北,B1B0,B1B0_0,0,0,0,0
400.0,B0,北,B1B0,B1B0_1,0,0,0,0
400.0,B0,北,B1B0,B1B0_2,0,0,0,0
400.0,B0,东,C0B0,C0B0_0,1,0,1,0
400.0,B0,东,C0B0,C0B0_1,1,0,0,0
400.0,B0,东,C0B0,C0B0_2,1,0,0,0
400.0,B0,南,bottom1B0,bottom1B0_0,1,0,0,0
400.0,B0,南,bottom1B0,bottom1B0_1,1,0,1,1
400.0,B0,南,bottom1B0,bottom1B0_2,1,0,0,0
400.0,B1,西,A1B1,A1B1_0,1,0,0,0
400.0,B1,西,A1B1,A1B1_1,1,0,1,0
400.0,B1,西,A1B1,A1B1_2,1,0,0,0
400.0,B1,南,B0B1,B0B1_0,0,0,0,0
400.0,B1,南,B0B1,B0B1_1,0,0,0,0
400.0,B1,南,B0B1,B0B1_2,0,0,0,0
400.0,B1,北,B2B1,B2B1_0,0,0,0,0
400.0,B1,北,B2B1,B2B1_1,0,0,0,0
400.0,B1,北,B2B1,B2B1_2,0,0,0,0
400.0,B1,东,C1B1,C1B1_0,3,0,1,0
400.0,B1,东,C1B1,C1B1_1,3,0,2,0
400.0,B1,东,C1B1,C1B1_2,3,0,0,0
400.0,B2,西,A2B2,A2B2_0,2,0,0,0
400.0,B2,西,A2B2,A2B2_1,2,0,2,1
400.0,B2,西,A2B2,A2B2_2,2,0,0,0
400.0,B2,南,B1B2,B1B2_0,0,0,0,0
400.0,B2,南,B1B2,B1B2_1,0,0,0,0
400.0,B2,南,B1B2,B1B2_2,0,0,0,0
400.0,B2,东,C2B2,C2B2_0,3,0,0,0
400.0,B2,东,C2B2,C2B2_1,3,0,2,0
400.0,B2,东,C2B2,C2B2_2,3,0,1,1
400.0,B2,北,top1B2,top1B2_0,2,1,0,0
400.0,B2,北,top1B2,top1B2_1,2,1,1,0
400.0,B2,北,top1B2,top1B2_2,2,1,1,0
400.0,C0,西,B0C0,B0C0_0,0,0,0,0
400.0,C0,西,B0C0,B0C0_1,0,0,0,0
400.0,C0,西,B0C0,B0C0_2,0,0,0,0
400.0,C0,北,C1C0,C1C0_0,2,2,0,0
400.0,C0,北,C1C0,C1C0_1,2,2,1,0
400.0,C0,北,C1C0,C1C0_2,2,2,1,0
400.0,C0,南,bottom2C0,bottom2C0_0,1,0,0,0
400.0,C0,南,bottom2C0,bottom2C0_1,1,0,1,0
400.0,C0,南,bottom2C0,bottom2C0_2,1,0,0,0
400.0,C0,东,right0C0,right0C0_0,0,0,0,0
400.0,C0,东,right0C0,right0C0_1,0,0,0,0
400.0,C0,东,right0C0,right0C0_2,0,0,0,0
400.0,C1,西,B1C1,B1C1_0,2,0,0,0
400.0,C1,西,B1C1,B1C1_1,2,0,1,0
400.0,C1,西,B1C1,B1C1_2,2,0,1,1
400.0,C1,南,C0C1,C0C1_0,1,0,1,0
400.0,C1,南,C0C1,C0C1_1,1,0,0,0
400.0,C1,南,C0C1,C0C1_2,1,0,0,0
400.0,C1,北,C2C1,C2C1_0,1,0,0,0
400.0,C1,北,C2C1,C2C1_1,1,0,1,0
400.0,C1,北,C2C1,C2C1_2,1,0,0,0
400.0,C1,东,right1C1,right1C1_0,1,0,0,0
400.0,C1,东,right1C1,right1C1_1,1,0,1,1
400.0,C1,东,right1C1,right1C1_2,1,0,0,0
400.0,C2,西,B2C2,B2C2_0,0,0,0,0
400.0,C2,西,B2C2,B2C2_1,0,0,0,0
400.0,C2,西,B2C2,B2C2_2,0,0,0,0
400.0,C2,南,C1C2,C1C2_0,1,0,0,0
400.0,C2,南,C1C2,C1C2_1,1,0,0,0
400.0,C2,南,C1C2,C1C2_2,1,0,1,1
400.0,C2,东,right2C2,right2C2_0,2,0,0,0
400.0,C2,东,right2C2,right2C2_1,2,0,1,0
400.0,C2,东,right2C2,right2C2_2,2,0,1,0
400.0,C2,北,top2C2,top2C2_0,2,1,0,0
400.0,C2,北,top2C2,top2C2_1,2,1,2,0
400.0,C2,北,top2C2,top2C2_2,2,1,0,0
405.0,A0,北,A1A0,A1A0_0,0,0,0,0
405.0,A0,北,A1A0,A1A0_1,0,0,0,0
405.0,A0,北,A1A0,A1A0_2,0,0,0,0
405.0,A0,东,B0A0,B0A0_0,0,0,0,0
405.0,A0,东,B0A0,B0A0_1,0,0,0,0
405.0,A0,东,B0A0,B0A0_2,0,0,0,0
405.0,A0,南,bottom0A0,bottom0A0_0,0,0,0,0
405.0,A0,南,bottom0A0,bottom0A0_1,0,0,0,0
405.0,A0,南,bottom0A0,bottom0A0_2,0,0,0,0
405.0,A0,西,left0A0,left0A0_0,3,1,1,0
405.0,A0,西,left0A0,left0A0_1,3,1,2,0
405.0,A0,西,left0A0,left0A0_2,3,1,0,0
405.0,A1,南,A0A1,A0A1_0,0,0,0,0
405.0,A1,南,A0A1,A0A1_1,0,0,0,0
405.0,A1,南,A0A1,A0A1_2,0,0,0,0
405.0,A1,北,A2A1,A2A1_0,1,0,0,0
405.0,A1,北,A2A1,A2A1_1,1,0,0,0
405.0,A1,北,A2A1,A2A1_2,1,0,1,0
405.0,A1,东,B1A1,B1A1_0,1,0,0,0
405.0,A1,东,B1A1,B1A1_1,1,0,1,1
405.0,A1,东,B1A1,B1A1_2,1,0,0,0
405.0,A1,西,left1A1,left1A1_0,1,0,0,0
405.0,A1,西,left1A1,left1A1_1,1,0,1,1
405.0,A1,西,left1A1,left1A1_2,1,0,0,0
405.0,A2,南,A1A2,A1A2_0,1,0,0,0
405.0,A2,南,A1A2,A1A2_1,1,0,1,1
405.0,A2,南,A1A2,A1A2_2,1,0,0,0
405.0,A2,东,B2A2,B2A2_0,1,0,0,0
405.0,A2,东,B2A2,B2A2_1,1,0,1,0
405.0,A2,东,B2A2,B2A2_2,1,0,0,0
405.0,A2,西,left2A2,left2A2_0,2,0,0,0
405.0,A2,西,left2A2,left2A2_1,2,0,1,1
405.0,A2,西,left2A2,left2A2_2,2,0,1,0
405.0,A2,北,top0A2,top0A2_0,1,0,0,0
405.0,A2,北,top0A2,top0A2_1,1,0,1,0
405.0,A2,北,top0A2,top0A2_2,1,0,0,0
405.0,B0,西,A0B0,A0B0_0,1,0,0,0
405.0,B0,西,A0B0,A0B0_1,1,0,0,0
405.0,B0,西,A0B0,A0B0_2,1,0,1,1
405.0,B0,北,B1B0,B1B0_0,0,0,0,0
405.0,B0,北,B1B0,B1B0_1,0,0,0,0
405.0,B0,北,B1B0,B1B0_2,0,0,0,0
405.0,B0,东,C0B0,C0B0_0,1,0,1,0
405.0,B0,东,C0B0,C0B0_1,1,0,0,0
405.0,B0,东,C0B0,C0B0_2,1,0,0,0
405.0,B0,南,bottom1B0,bottom1B0_0,1,0,0,0
405.0,B0,南,bottom1B0,bottom1B0_1,1,0,1,1
405.0,B0,南,bottom1B0,bottom1B0_2,1,0,0,0
405.0,B1,西,A1B1,A1B1_0,1,0,0,0
405.0,B1,西,A1B1,A1B1_1,1,0,1,0
405.0,B1,西,A1B1,A1B1_2,1,0,0,0
405.0,B1,南,B0B1,B0B1_0,0,0,0,0
405.0,B1,南,B0B1,B0B1_1,0,0,0,0
405.0,B1,南,B0B1,B0B1_2,0,0,0,0
405.0,B1,北,B2B1,B2B1_0,0,0,0,0
405.0,B1,北,B2B1,B2B1_1,0,0,0,0
405.0,B1,北,B2B1,B2B1_2,0,0,0,0
405.0,B1,东,C1B1,C1B1_0,3,0,1,0
405.0,B1,东,C1B1,C1B1_1,3,0,2,1
405.0,B1,东,C1B1,C1B1_2,3,0,0,0
405.0,B2,西,A2B2,A2B2_0,3,1,0,0
405.0,B2,西,A2B2,A2B2_1,3,1,3,1
405.0,B2,西,A2B2,A2B2_2,3,1,0,0
405.0,B2,南,B1B2,B1B2_0,0,0,0,0
405.0,B2,南,B1B2,B1B2_1,0,0,0,0
405.0,B2,南,B1B2,B1B2_2,0,0,0,0
405.0,B2,东,C2B2,C2B2_0,3,0,0,0
405.0,B2,东,C2B2,C2B2_1,3,0,2,0
405.0,B2,东,C2B2,C2B2_2,3,0,1,1
405.0,B2,北,top1B2,top1B2_0,1,0,0,0
405.0,B2,北,top1B2,top1B2_1,1,0,1,0
405.0,B2,北,top1B2,top1B2_2,1,0,0,0
405.0,C0,西,B0C0,B0C0_0,0,0,0,0
405.0,C0,西,B0C0,B0C0_1,0,0,0,0
405.0,C0,西,B0C0,B0C0_2,0,0,0,0
405.0,C0,北,C1C0,C1C0_0,2,0,0,0
405.0,C0,北,C1C0,C1C0_1,2,0,1,0
405.0,C0,北,C1C0,C1C0_2,2,0,1,0
405.0,C0,南,bottom2C0,bottom2C0_0,2,1,0,0
405.0,C0,南,bottom2C0,bottom2C0_1,2,1,1,0
405.0,C0,南,bottom2C0,bottom2C0_2,2,1,1,0
405.0,C0,东,right0C0,right0C0_0,1,1,1,0
405.0,C0,东,right0C0,right0C0_1,1,1,0,0
405.0,C0,东,right0C0,right0C0_2,1,1,0,0
405.0,C1,西,B1C1,B1C1_0,2,0,0,0
405.0,C1,西,B1C1,B1C1_1,2,0,1,0
405.0,C1,西,B1C1,B1C1_2,2,0,1,1
405.0,C1,南,C0C1,C0C1_0,1,0,1,0
405.0,C1,南,C0C1,C0C1_1,1,0,0,0
405.0,C1,南,C0C1,C0C1_2,1,0,0,0
405.0,C1,北,C2C1,C2C1_0,0,0,0,0
405.0,C1,北,C2C1,C2C1_1,0,0,0,0
405.0,C1,北,C2C1,C2C1_2,0,0,0,0
405.0,C1,东,right1C1,right1C1_0,1,0,0,0
405.0,C1,东,right1C1,right1C1_1,1,0,1,1
405.0,C1,东,right1C1,right1C1_2,1,0,0,0
405.0,C2,西,B2C2,B2C2_0,1,1,0,0
405.0,C2,西,B2C2,B2C2_1,1,1,1,0
405.0,C2,西,B2C2,B2C2_2,1,1,0,0
405.0,C2,南,C1C2,C1C2_0,1,0,0,0
405.0,C2,南,C1C2,C1C2_1,1,0,0,0
405.0,C2,南,C1C2,C1C2_2,1,0,1,1
405.0,C2,东,right2C2,right2C2_0,2,0,0,0
405.0,C2,东,right2C2,right2C2_1,2,0,1,0
405.0,C2,东,right2C2,right2C2_2,2,0,1,0
405.0,C2,北,top2C2,top2C2_0,3,1,0,0
405.0,C2,北,top2C2,top2C2_1,3,1,2,0
405.0,C2,北,top2C2,top2C2_2,3,1,1,0
410.0,A0,北,A1A0,A1A0_0,0,0,0,0
410.0,A0,北,A1A0,A1A0_1,0,0,0,0
410.0,A0,北,A1A0,A1A0_2,0,0,0,0
410.0,A0,东,B0A0,B0A0_0,0,0,0,0
410.0,A0,东,B0A0,B0A0_1,0,0,0,0
410.0,A0,东,B0A0,B0A0_2,0,0,0,0
410.0,A0,南,bottom0A0,bottom0A0_0,0,0,0,0
410.0,A0,南,bottom0A0,bottom0A0_1,0,0,0,0
410.0,A0,南,bottom0A0,bottom0A0_2,0,0,0,0
410.0,A0,西,left0A0,left0A0_0,3,0,1,0
410.0,A0,西,left0A0,left0A0_1,3,0,2,2
410.0,A0,西,left0A0,left0A0_2,3,0,0,0
410.0,A1,南,A0A1,A0A1_0,0,0,0,0
410.0,A1,南,A0A1,A0A1_1,0,0,0,0
410.0,A1,南,A0A1,A0A1_2,0,0,0,0
410.0,A1,北,A2A1,A2A1_0,1,0,0,0
410.0,A1,北,A2A1,A2A1_1,1,0,0,0
410.0,A1,北,A2A1,A2A1_2,1,0,1,0
410.0,A1,东,B1A1,B1A1_0,1,0,0,0
410.0,A1,东,B1A1,B1A1_1,1,0,1,1
410.0,A1,东,B1A1,B1A1_2,1,0,0,0
410.0,A1,西,left1A1,left1A1_0,1,0,0,0
410.0,A1,西,left1A1,left1A1_1,1,0,1,1
410.0,A1,西,left1A1,left1A1_2,1,0,0,0
410.0,A2,南,A1A2,A1A2_0,1,0,0,0
410.0,A2,南,A1A2,A1A2_1,1,0,1,1
410.0,A2,南,A1A2,A1A2_2,1,0,0,0
410.0,A2,东,B2A2,B2A2_0,1,0,0,0
410.0,A2,东,B2A2,B2A2_1,1,0,1,0
410.0,A2,东,B2A2,B2A2_2,1,0,0,0
410.0,A2,西,left2A2,left2A2_0,2,0,0,0
410.0,A2,西,left2A2,left2A2_1,2,0,1,1
410.0,A2,西,left2A2,left2A2_2,2,0,1,1
410.0,A2,北,top0A2,top0A2_0,1,0,0,0
410.0,A2,北,top0A2,top0A2_1,1,0,1,0
410.0,A2,北,top0A2,top0A2_2,1,0,0,0
410.0,B0,西,A0B0,A0B0_0,1,0,0,0
410.0,B0,西,A0B0,A0B0_1,1,0,0,0
410.0,B0,西,A0B0,A0B0_2,1,0,1,1
410.0,B0,北,B1B0,B1B0_0,0,0,0,0
410.0,B0,北,B1B0,B1B0_1,0,0,0,0
410.0,B0,北,B1B0,B1B0_2,0,0,0,0
410.0,B0,东,C0B0,C0B0_0,1,0,1,0
410.0,B0,东,C0B0,C0B0_1,1,0,0,0
410.0,B0,东,C0B0,C0B0_2,1,0,0,0
410.0,B0,南,bottom1B0,bottom1B0_0,1,0,0,0
410.0,B0,南,bottom1B0,bottom1B0_1,1,0,1,1
410.0,B0,南,bottom1B0,bottom1B0_2,1,0,0,0
410.0,B1,西,A1B1,A1B1_0,1,0,0,0
410.0,B1,西,A1B1,A1B1_1,1,0,1,0
410.0,B1,西,A1B1,A1B1_2,1,0,0,0
410.0,B1,南,B0B1,B0B1_0,0,0,0,0
410.0,B1,南,B0B1,B0B1_1,0,0,0,0
410.0,B1,南,B0B1,B0B1_2,0,0,0,0
410.0,B1,北,B2B1,B2B1_0,0,0,0,0
410.0,B1,北,B2B1,B2B1_1,0,0,0,0
410.0,B1,北,B2B1,B2B1_2,0,0,0,0
410.0,B1,东,C1B1,C1B1_0,3,0,1,0
410.0,B1,东,C1B1,C1B1_1,3,0,2,1
410.0,B1,东,C1B1,C1B1_2,3,0,0,0
410.0,B2,西,A2B2,A2B2_0,3,0,0,0
410.0,B2,西,A2B2,A2B2_1,3,0,3,1
410.0,B2,西,A2B2,A2B2_2,3,0,0,0
410.0,B2,南,B1B2,B1B2_0,0,0,0,0
410.0,B2,南,B1B2,B1B2_1,0,0,0,0
410.0,B2,南,B1B2,B1B2_2,0,0,0,0
410.0,B2,东,C2B2,C2B2_0,3,0,0,0
410.0,B2,东,C2B2,C2B2_1,3,0,2,1
410.0,B2,东,C2B2,C2B2_2,3,0,1,1
410.0,B2,北,top1B2,top1B2_0,1,0,0,0
410.0,B2,北,top1B2,top1B2_1,1,0,1,0
410.0,B2,北,top1B2,top1B2_2,1,0,0,0
410.0,C0,西,B0C0,B0C0_0,0,0,0,0
410.0,C0,西,B0C0,B0C0_1,0,0,0,0
410.0,C0,西,B0C0,B0C0_2,0,0,0,0
410.0,C0,北,C1C0,C1C0_0,3,1,0,0
410.0,C0,北,C1C0,C1C0_1,3,1,2,0
410.0,C0,北,C1C0,C1C0_2,3,1,1,0
410.0,C0,南,bottom2C0,bottom2C0_0,2,0,0,0
410.0,C0,南,bottom2C0,bottom2C0_1,2,0,1,1
410.0,C0,南,bottom2C0,bottom2C0_2,2,0,1,0
410.0,C0,东,right0C0,right0C0_0,1,0,1,0
410.0,C0,东,right0C0,right0C0_1,1,0,0,0
410.0,C0,东,right0C0,right0C0_2,1,0,0,0
410.0,C1,西,B1C1,B1C1_0,2,0,0,0
410.0,C1,西,B1C1,B1C1_1,2,0,1,0
410.0,C1,西,B1C1,B1C1_2,2,0,1,1
410.0,C1,南,C0C1,C0C1_0,1,0,1,0
410.0,C1,南,C0C1,C0C1_1,1,0,0,0
410.0,C1,南,C0C1,C0C1_2,1,0,0,0
410.0,C1,北,C2C1,C2C1_0,0,0,0,0
410.0,C1,北,C2C1,C2C1_1,0,0,0,0
410.0,C1,北,C2C1,C2C1_2,0,0,0,0
410.0,C1,东,right1C1,right1C1_0,1,0,0,0
410.0,C1,东,right1C1,right1C1_1,1,0,1,1
410.0,C1,东,right1C1,right1C1_2,1,0,0,0
410.0,C2,西,B2C2,B2C2_0,1,0,0,0
410.0,C2,西,B2C2,B2C2_1,1,0,1,0
410.0,C2,西,B2C2,B2C2_2,1,0,0,0
410.0,C2,南,C1C2,C1C2_0,1,0,0,0
410.0,C2,南,C1C2,C1C2_1,1,0,0,0
410.0,C2,南,C1C2,C1C2_2,1,0,1,1
410.0,C2,东,right2C2,right2C2_0,2,0,0,0
410.0,C2,东,right2C2,right2C2_1,2,0,1,0
410.0,C2,东,right2C2,right2C2_2,2,0,1,1
410.0,C2,北,top2C2,top2C2_0,3,0,0,0
410.0,C2,北,top2C2,top2C2_1,3,0,2,0
410.0,C2,北,top2C2,top2C2_2,3,0,1,0
415.0,A0,北,A1A0,A1A0_0,0,0,0,0
415.0,A0,北,A1A0,A1A0_1,0,0,0,0
415.0,A0,北,A1A0,A1A0_2,0,0,0,0
415.0,A0,东,B0A0,B0A0_0,0,0,0,0
415.0,A0,东,B0A0,B0A0_1,0,0,0,0
415.0,A0,东,B0A0,B0A0_2,0,0,0,0
415.0,A0,南,bottom0A0,bottom0A0_0,0,0,0,0
415.0,A0,南,bottom0A0,bottom0A0_1,0,0,0,0
415.0,A0,南,bottom0A0,bottom0A0_2,0,0,0,0
415.0,A0,西,left0A0,left0A0_0,3,0,1,0
415.0,A0,西,left0A0,left0A0_1,3,0,2,2
415.0,A0,西,left0A0,left0A0_2,3,0,0,0
415.0,A1,南,A0A1,A0A1_0,0,0,0,0
415.0,A1,南,A0A1,A0A1_1,0,0,0,0
415.0,A1,南,A0A1,A0A1_2,0,0,0,0
415.0,A1,北,A2A1,A2A1_0,1,0,0,0
415.0,A1,北,A2A1,A2A1_1,1,0,0,0
415.0,A1,北,A2A1,A2A1_2,1,0,1,0
415.0,A1,东,B1A1,B1A1_0,1,0,0,0
415.0,A1,东,B1A1,B1A1_1,1,0,1,1
415.0,A1,东,B1A1,B1A1_2,1,0,0,0
415.0,A1,西,left1A1,left1A1_0,1,0,0,0
415.0,A1,西,left1A1,left1A1_1,1,0,1,1
415.0,A1,西,left1A1,left1A1_2,1,0,0,0
415.0,A2,南,A1A2,A1A2_0,0,0,0,0
415.0,A2,南,A1A2,A1A2_1,0,0,0,0
415.0,A2,南,A1A2,A1A2_2,0,0,0,0
415.0,A2,东,B2A2,B2A2_0,1,0,0,0
415.0,A2,东,B2A2,B2A2_1,1,0,1,0
415.0,A2,东,B2A2,B2A2_2,1,0,0,0
415.0,A2,西,left2A2,left2A2_0,2,0,0,0
415.0,A2,西,left2A2,left2A2_1,2,0,1,1
415.0,A2,西,left2A2,left2A2_2,2,0,1,1
415.0,A2,北,top0A2,top0A2_0,1,0,0,0
415.0,A2,北,top0A2,top0A2_1,1,0,1,0
415.0,A2,北,top0A2,top0A2_2,1,0,0,0
415.0,B0,西,A0B0,A0B0_0,1,0,0,0
415.0,B0,西,A0B0,A0B0_1,1,0,0,0
415.0,B0,西,A0B0,A0B0_2,1,0,1,1
415.0,B0,北,B1B0,B1B0_0,0,0,0,0
415.0,B0,北,B1B0,B1B0_1,0,0,0,0
415.0,B0,北,B1B0,B1B0_2,0,0,0,0
415.0,B0,东,C0B0,C0B0_0,0,0,0,0
415.0,B0,东,C0B0,C0B0_1,0,0,0,0
415.0,B0,东,C0B0,C0B0_2,0,0,0,0
415.0,B0,南,bottom1B0,bottom1B0_0,0,0,0,0
415.0,B0,南,bottom1B0,bottom1B0_1,0,0,0,0
415.0,B0,南,bottom1B0,bottom1B0_2,0,0,0,0
415.0,B1,西,A1B1,A1B1_0,1,0,0,0
415.0,B1,西,A1B1,A1B1_1,1,0,1,1
415.0,B1,西,A1B1,A1B1_2,1,0,0,0
415.0,B1,南,B0B1,B0B1_0,0,0,0,0
415.0,B1,南,B0B1,B0B1_1,0,0,0,0
415.0,B1,南,B0B1,B0B1_2,0,0,0,0
415.0,B1,北,B2B1,B2B1_0,0,0,0,0
415.0,B1,北,B2B1,B2B1_1,0,0,0,0
415.0,B1,北,B2B1,B2B1_2,0,0,0,0
415.0,B1,东,C1B1,C1B1_0,3,0,1,1
415.0,B1,东,C1B1,C1B1_1,3,0,2,1
415.0,B1,东,C1B1,C1B1_2,3,0,0,0
415.0,B2,西,A2B2,A2B2_0,3,0,0,0
415.0,B2,西,A2B2,A2B2_1,3,0,3,1
415.0,B2,西,A2B2,A2B2_2,3,0,0,0
415.0,B2,南,B1B2,B1B2_0,0,0,0,0
415.0,B2,南,B1B2,B1B2_1,0,0,0,0
415.0,B2,南,B1B2,B1B2_2,0,0,0,0
415.0,B2,东,C2B2,C2B2_0,3,0,0,0
415.0,B2,东,C2B2,C2B2_1,3,0,2,2
415.0,B2,东,C2B2,C2B2_2,3,0,1,1
415.0,B2,北,top1B2,top1B2_0,1,0,0,0
415.0,B2,北,top1B2,top1B2_1,1,0,1,0
415.0,B2,北,top1B2,top1B2_2,1,0,0,0
415.0,C0,西,B0C0,B0C0_0,0,0,0,0
415.0,C0,西,B0C0,B0C0_1,0,0,0,0
415.0,C0,西,B0C0,B0C0_2,0,0,0,0
415.0,C0,北,C1C0,C1C0_0,3,0,0,0
415.0,C0,北,C1C0,C1C0_1,3,0,2,0
415.0,C0,北,C1C0,C1C0_2,3,0,1,0
415.0,C0,南,bottom2C0,bottom2C0_0,1,0,0,0
415.0,C0,南,bottom2C0,bottom2C0_1,1,0,0,0
415.0,C0,南,bottom2C0,bottom2C0_2,1,0,1,0
415.0,C0,东,right0C0,right0C0_0,1,0,1,0
415.0,C0,东,right0C0,right0C0_1,1,0,0,0
415.0,C0,东,right0C0,right0C0_2,1,0,0,0
415.0,C1,西,B1C1,B1C1_0,2,0,0,0
415.0,C1,西,B1C1,B1C1_1,2,0,1,1
415.0,C1,西,B1C1,B1C1_2,2,0,1,1
415.0,C1,南,C0C1,C0C1_0,1,0,1,0
415.0,C1,南,C0C1,C0C1_1,1,0,0,0
415.0,C1,南,C0C1,C0C1_2,1,0,0,0
415.0,C1,北,C2C1,C2C1_0,0,0,0,0
415.0,C1,北,C2C1,C2C1_1,0,0,0,0
415.0,C1,北,C2C1,C2C1_2,0,0,0,0
415.0,C1,东,right1C1,right1C1_0,1,0,0,0
415.0,C1,东,right1C1,right1C1_1,1,0,1,1
415.0,C1,东,right1C1,right1C1_2,1,0,0,0
415.0,C2,西,B2C2,B2C2_0,1,0,0,0
415.0,C2,西,B2C2,B2C2_1,1,0,1,0
415.0,C2,西,B2C2,B2C2_2,1,0,0,0
415.0,C2,南,C1C2,C1C2_0,0,0,0,0
415.0,C2,南,C1C2,C1C2_1,0,0,0,0
415.0,C2,南,C1C2,C1C2_2,0,0,0,0
415.0,C2,东,right2C2,right2C2_0,2,0,0,0
415.0,C2,东,right2C2,right2C2_1,2,0,1,0
415.0,C2,东,right2C2,right2C2_2,2,0,1,1
415.0,C2,北,top2C2,top2C2_0,3,0,0,0
415.0,C2,北,top2C2,top2C2_1,3,0,2,1
415.0,C2,北,top2C2,top2C2_2,3,0,1,0
420.0,A0,北,A1A0,A1A0_0,0,0,0,0
420.0,A0,北,A1A0,A1A0_1,0,0,0,0
420.0,A0,北,A1A0,A1A0_2,0,0,0,0
420.0,A0,东,B0A0,B0A0_0,0,0,0,0
420.0,A0,东,B0A0,B0A0_1,0,0,0,0
420.0,A0,东,B0A0,B0A0_2,0,0,0,0
420.0,A0,南,bottom0A0,bottom0A0_0,0,0,0,0
420.0,A0,南,bottom0A0,bottom0A0_1,0,0,0,0
420.0,A0,南,bottom0A0,bottom0A0_2,0,0,0,0
420.0,A0,西,left0A0,left0A0_0,3,0,1,0
420.0,A0,西,left0A0,left0A0_1,3,0,2,2
420.0,A0,西,left0A0,left0A0_2,3,0,0,0
420.0,A1,南,A0A1,A0A1_0,0,0,0,0
420.0,A1,南,A0A1,A0A1_1,0,0,0,0
420.0,A1,南,A0A1,A0A1_2,0,0,0,0
420.0,A1,北,A2A1,A2A1_0,1,0,0,0
420.0,A1,北,A2A1,A2A1_1,1,0,0,0
420.0,A1,北,A2A1,A2A1_2,1,0,1,1
420.0,A1,东,B1A1,B1A1_0,1,0,0,0
420.0,A1,东,B1A1,B1A1_1,1,0,1,1
420.0,A1,东,B1A1,B1A1_2,1,0,0,0
420.0,A1,西,left1A1,left1A1_0,1,0,0,0
420.0,A1,西,left1A1,left1A1_1,1,0,1,1
420.0,A1,西,left1A1,left1A1_2,1,0,0,0
420.0,A2,南,A1A2,A1A2_0,0,0,0,0
420.0,A2,南,A1A2,A1A2_1,0,0,0,0
420.0,A2,南,A1A2,A1A2_2,0,0,0,0
420.0,A2,东,B2A2,B2A2_0,1,0,0,0
420.0,A2,东,B2A2,B2A2_1,1,0,1,1
420.0,A2,东,B2A2,B2A2_2,1,0,0,0
420.0,A2,西,left2A2,left2A2_0,2,0,0,0
420.0,A2,西,left2A2,left2A2_1,2,0,1,1
420.0,A2,西,left2A2,left2A2_2,2,0,1,1
420.0,A2,北,top0A2,top0A2_0,1,0,0,0
420.0,A2,北,top0A2,top0A2_1,1,0,1,1
420.0,A2,北,top0A2,top0A2_2,1,0,0,0
420.0,B0,西,A0B0,A0B0_0,1,0,0,0
420.0,B0,西,A0B0,A0B0_1,1,0,0,0
420.0,B0,西,A0B0,A0B0_2,1,0,1,1
420.0,B0,北,B1B0,B1B0_0,0,0,0,0
420.0,B0,北,B1B0,B1B0_1,0,0,0,0
420.0,B0,北,B1B0,B1B0_2,0,0,0,0
420.0,B0,东,C0B0,C0B0_0,0,0,0,0
420.0,B0,东,C0B0,C0B0_1,0,0,0,0
420.0,B0,东,C0B0,C0B0_2,0,0,0,0
420.0,B0,南,bottom1B0,bottom1B0_0,0,0,0,0
420.0,B0,南,bottom1B0,bottom1B0_1,0,0,0,0
420.0,B0,南,bottom1B0,bottom1B0_2,0,0,0,0
420.0,B1,西,A1B1,A1B1_0,1,0,0,0
420.0,B1,西,A1B1,A1B1_1,1,0,1,1
420.0,B1,西,A1B1,A1B1_2,1,0,0,0
420.0,B1,南,B0B1,B0B1_0,2,2,0,0
420.0,B1,南,B0B1,B0B1_1,2,2,1,0
420.0,B1,南,B0B1,B0B1_2,2,2,1,0
420.0,B1,北,B2B1,B2B1_0,0,0,0,0
420.0,B1,北,B2B1,B2B1_1,0,0,0,0
420.0,B1,北,B2B1,B2B1_2,0,0,0,0
420.0,B1,东,C1B1,C1B1_0,3,0,1,1
420.0,B1,东,C1B1,C1B1_1,3,0,2,2
420.0,B1,东,C1B1,C1B1_2,3,0,0,0
420.0,B2,西,A2B2,A2B2_0,3,0,0,0
420.0,B2,西,A2B2,A2B2_1,3,0,3,2
420.0,B2,西,A2B2,A2B2_2,3,0,0,0
420.0,B2,南,B1B2,B1B2_0,0,0,0,0
420.0,B2,南,B1B2,B1B2_1,0,0,0,0
420.0,B2,南,B1B2,B1B2_2,0,0,0,0
420.0,B2,东,C2B2,C2B2_0,4,1,1,0
420.0,B2,东,C2B2,C2B2_1,4,1,2,2
420.0,B2,东,C2B2,C2B2_2,4,1,1,1
420.0,B2,北,top1B2,top1B2_0,1,0,0,0
420.0,B2,北,top1B2,top1B2_1,1,0,1,0
420.0,B2,北,top1B2,top1B2_2,1,0,0,0
420.0,C0,西,B0C0,B0C0_0,0,0,0,0
420.0,C0,西,B0C0,B0C0_1,0,0,0,0
420.0,C0,西,B0C0,B0C0_2,0,0,0,0
420.0,C0,北,C1C0,C1C0_0,3,0,0,0
420.0,C0,北,C1C0,C1C0_1,3,0,2,0
420.0,C0,北,C1C0,C1C0_2,3,0,1,1
420.0,C0,南,bottom2C0,bottom2C0_0,1,0,0,0
420.0,C0,南,bottom2C0,bottom2C0_1,1,0,0,0
420.0,C0,南,bottom2C0,bottom2C0_2,1,0,1,0
420.0,C0,东,right0C0,right0C0_0,2,1,1,0
420.0,C0,东,right0C0,right0C0_1,2,1,1,0
420.0,C0,东,right0C0,right0C0_2,2,1,0,0
420.0,C1,西,B1C1,B1C1_0,2,0,0,0
420.0,C1,西,B1C1,B1C1_1,2,0,1,1
420.0,C1,西,B1C1,B1C1_2,2,0,1,1
420.0,C1,南,C0C1,C0C1_0,1,1,0,0
420.0,C1,南,C0C1,C0C1_1,1,1,1,0
420.0,C1,南,C0C1,C0C1_2,1,1,0,0
420.0,C1,北,C2C1,C2C1_0,0,0,0,0
420.0,C1,北,C2C1,C2C1_1,0,0,0,0
420.0,C1,北,C2C1,C2C1_2,0,0,0,0
420.0,C1,东,right1C1,right1C1_0,1,0,0,0
420.0,C1,东,right1C1,right1C1_1,1,0,1,1
420.0,C1,东,right1C1,right1C1_2,1,0,0,0
420.0,C2,西,B2C2,B2C2_0,1,0,0,0
420.0,C2,西,B2C2,B2C2_1,1,0,1,0
420.0,C2,西,B2C2,B2C2_2,1,0,0,0
420.0,C2,南,C1C2,C1C2_0,0,0,0,0
420.0,C2,南,C1C2,C1C2_1,0,0,0,0
420.0,C2,南,C1C2,C1C2_2,0,0,0,0
420.0,C2,东,right2C2,right2C2_0,2,0,0,0
420.0,C2,东,right2C2,right2C2_1,2,0,1,1
420.0,C2,东,right2C2,right2C2_2,2,0,1,1
420.0,C2,北,top2C2,top2C2_0,3,0,0,0
420.0,C2,北,top2C2,top2C2_1,3,0,2,1
420.0,C2,北,top2C2,top2C2_2,3,0,1,0
425.0,A0,北,A1A0,A1A0_0,0,0,0,0
425.0,A0,北,A1A0,A1A0_1,0,0,0,0
425.0,A0,北,A1A0,A1A0_2,0,0,0,0
425.0,A0,东,B0A0,B0A0_0,0,0,0,0
425.0,A0,东,B0A0,B0A0_1,0,0,0,0
425.0,A0,东,B0A0,B0A0_2,0,0,0,0
425.0,A0,南,bottom0A0,bottom0A0_0,0,0,0,0
425.0,A0,南,bottom0A0,bottom0A0_1,0,0,0,0
425.0,A0,南,bottom0A0,bottom0A0_2,0,0,0,0
425.0,A0,西,left0A0,left0A0_0,2,1,1,0
425.0,A0,西,left0A0,left0A0_1,2,1,1,0
425.0,A0,西,left0A0,left0A0_2,2,1,0,0
425.0,A1,南,A0A1,A0A1_0,0,0,0,0
425.0,A1,南,A0A1,A0A1_1,0,0,0,0
425.0,A1,南,A0A1,A0A1_2,0,0,0,0
425.0,A1,北,A2A1,A2A1_0,1,0,0,0
425.0,A1,北,A2A1,A2A1_1,1,0,0,0
425.0,A1,北,A2A1,A2A1_2,1,0,1,1
425.0,A1,东,B1A1,B1A1_0,0,0,0,0
425.0,A1,东,B1A1,B1A1_1,0,0,0,0
425.0,A1,东,B1A1,B1A1_2,0,0,0,0
425.0,A1,西,left1A1,left1A1_0,0,0,0,0
425.0,A1,西,left1A1,left1A1_1,0,0,0,0
425.0,A1,西,left1A1,left1A1_2,0,0,0,0
425.0,A2,南,A1A2,A1A2_0,0,0,0,0
425.0,A2,南,A1A2,A1A2_1,0,0,0,0
425.0,A2,南,A1A2,A1A2_2,0,0,0,0
425.0,A2,东,B2A2,B2A2_0,0,0,0,0
425.0,A2,东,B2A2,B2A2_1,0,0,0,0
425.0,A2,东,B2A2,B2A2_2,0,0,0,0
425.0,A2,西,left2A2,left2A2_0,1,0,0,0
425.0,A2,西,left2A2,left2A2_1,1,0,0,0
425.0,A2,西,left2A2,left2A2_2,1,0,1,1
425.0,A2,北,top0A2,top0A2_0,1,0,0,0
425.0,A2,北,top0A2,top0A2_1,1,0,1,1
425.0,A2,北,top0A2,top0A2_2,1,0,0,0
425.0,B0,西,A0B0,A0B0_0,1,0,0,0
425.0,B0,西,A0B0,A0B0_1,1,0,0,0
425.0,B0,西,A0B0,A0B0_2,1,0,1,1
425.0,B0,北,B1B0,B1B0_0,0,0,0,0
425.0,B0,北,B1B0,B1B0_1,0,0,0,0
425.0,B0,北,B1B0,B1B0_2,0,0,0,0
425.0,B0,东,C0B0,C0B0_0,0,0,0,0
425.0,B0,东,C0B0,C0B0_1,0,0,0,0
425.0,B0,东,C0B0,C0B0_2,0,0,0,0
425.0,B0,南,bottom1B0,bottom1B0_0,0,0,0,0
425.0,B0,南,bottom1B0,bottom1B0_1,0,0,0,0
425.0,B0,南,bottom1B0,bottom1B0_2,0,0,0,0
425.0,B1,西,A1B1,A1B1_0,0,0,0,0
425.0,B1,西,A1B1,A1B1_1,0,0,0,0
425.0,B1,西,A1B1,A1B1_2,0,0,0,0
425.0,B1,南,B0B1,B0B1_0,2,0,0,0
425.0,B1,南,B0B1,B0B1_1,2,0,1,0
425.0,B1,南,B0B1,B0B1_2,2,0,1,0
425.0,B1,北,B2B1,B2B1_0,0,0,0,0
425.0,B1,北,B2B1,B2B1_1,0,0,0,0
425.0,B1,北,B2B1,B2B1_2,0,0,0,0
425.0,B1,东,C1B1,C1B1_0,1,0,0,0
425.0,B1,东,C1B1,C1B1_1,1,0,1,0
425.0,B1,东,C1B1,C1B1_2,1,0,0,0
425.0,B2,西,A2B2,A2B2_0,2,0,0,0
425.0,B2,西,A2B2,A2B2_1,2,0,2,1
425.0,B2,西,A2B2,A2B2_2,2,0,0,0
425.0,B2,南,B1B2,B1B2_0,1,1,0,0
425.0,B2,南,B1B2,B1B2_1,1,1,1,0
425.0,B2,南,B1B2,B1B2_2,1,1,0,0
425.0,B2,东,C2B2,C2B2_0,3,0,1,0
425.0,B2,东,C2B2,C2B2_1,3,0,1,0
425.0,B2,东,C2B2,C2B2_2,3,0,1,1
425.0,B2,北,top1B2,top1B2_0,1,0,0,0
425.0,B2,北,top1B2,top1B2_1,1,0,1,1
425.0,B2,北,top1B2,top1B2_2,1,0,0,0
425.0,C0,西,B0C0,B0C0_0,0,0,0,0
425.0,C0,西,B0C0,B0C0_1,0,0,0,0
425.0,C0,西,B0C0,B0C0_2,0,0,0,0
425.0,C0,北,C1C0,C1C0_0,3,0,0,0
425.0,C0,北,C1C0,C1C0_1,3,0,2,1
425.0,C0,北,C1C0,C1C0_2,3,0,1,1
425.0,C0,南,bottom2C0,bottom2C0_0,1,0,0,0
425.0,C0,南,bottom2C0,bottom2C0_1,1,0,0,0
425.0,C0,南,bottom2C0,bottom2C0_2,1,0,1,0
425.0,C0,东,right0C0,right0C0_0,1,0,1,0
425.0,C0,东,right0C0,right0C0_1,1,0,0,0
425.0,C0,东,right0C0,right0C0_2,1,0,0,0
425.0,C1,西,B1C1,B1C1_0,1,0,0,0
425.0,C1,西,B1C1,B1C1_1,1,0,0,0
425.0,C1,西,B1C1,B1C1_2,1,0,1,1
425.0,C1,南,C0C1,C0C1_0,2,1,0,0
425.0,C1,南,C0C1,C0C1_1,2,1,2,0
425.0,C1,南,C0C1,C0C1_2,2,1,0,0
425.0,C1,北,C2C1,C2C1_0,0,0,0,0
425.0,C1,北,C2C1,C2C1_1,0,0,0,0
425.0,C1,北,C2C1,C2C1_2,0,0,0,0
425.0,C1,东,right1C1,right1C1_0,0,0,0,0
425.0,C1,东,right1C1,right1C1_1,0,0,0,0
425.0,C1,东,right1C1,right1C1_2,0,0,0,0
425.0,C2,西,B2C2,B2C2_0,0,0,0,0
425.0,C2,西,B2C2,B2C2_1,0,0,0,0
425.0,C2,西,B2C2,B2C2_2,0,0,0,0
425.0,C2,南,C1C2,C1C2_0,0,0,0,0
425.0,C2,南,C1C2,C1C2_1,0,0,0,0
425.0,C2,南,C1C2,C1C2_2,0,0,0,0
425.0,C2,东,right2C2,right2C2_0,2,1,0,0
425.0,C2,东,right2C2,right2C2_1,2,1,0,0
425.0,C2,东,right2C2,right2C2_2,2,1,2,1
425.0,C2,北,top2C2,top2C2_0,3,0,0,0
425.0,C2,北,top2C2,top2C2_1,3,0,2,2
425.0,C2,北,top2C2,top2C2_2,3,0,1,1
430.0,A0,北,A1A0,A1A0_0,0,0,0,0
430.0,A0,北,A1A0,A1A0_1,0,0,0,0
430.0,A0,北,A1A0,A1A0_2,0,0,0,0
430.0,A0,东,B0A0,B0A0_0,0,0,0,0
430.0,A0,东,B0A0,B0A0_1,0,0,0,0
430.0,A0,东,B0A0,B0A0_2,0,0,0,0
430.0,A0,南,bottom0A0,bottom0A0_0,0,0,0,0
430.0,A0,南,bottom0A0,bottom0A0_1,0,0,0,0
430.0,A0,南,bottom0A0,bottom0A0_2,0,0,0,0
430.0,A0,西,left0A0,left0A0_0,1,0,0,0
430.0,A0,西,left0A0,left0A0_1,1,0,1,0
430.0,A0,西,left0A0,left0A0_2,1,0,0,0
430.0,A1,南,A0A1,A0A1_0,0,0,0,0
430.0,A1,南,A0A1,A0A1_1,0,0,0,0
430.0,A1,南,A0A1,A0A1_2,0,0,0,0
430.0,A1,北,A2A1,A2A1_0,1,0,0,0
430.0,A1,北,A2A1,A2A1_1,1,0,0,0
430.0,A1,北,A2A1,A2A1_2,1,0,1,1
430.0,A1,东,B1A1,B1A1_0,1,1,0,0
430.0,A1,东,B1A1,B1A1_1,1,1,1,0
430.0,A1,东,B1A1,B1A1_2,1,1,0,0
430.0,A1,西,left1A1,left1A1_0,0,0,0,0
430.0,A1,西,left1A1,left1A1_1,0,0,0,0
430.0,A1,西,left1A1,left1A1_2,0,0,0,0
430.0,A2,南,A1A2,A1A2_0,0,0,0,0
430.0,A2,南,A1A2,A1A2_1,0,0,0,0
430.0,A2,南,A1A2,A1A2_2,0,0,0,0
430.0,A2,东,B2A2,B2A2_0,2,2,1,0
430.0,A2,东,B2A2,B2A2_1,2,2,1,0
430.0,A2,东,B2A2,B2A2_2,2,2,0,0
430.0,A2,西,left2A2,left2A2_0,2,1,0,0
430.0,A2,西,left2A2,left2A2_1,2,1,1,0
430.0,A2,西,left2A2,left2A2_2,2,1,1,1
430.0,A2,北,top0A2,top0A2_0,1,0,0,0
430.0,A2,北,top0A2,top0A2_1,1,0,1,1
430.0,A2,北,top0A2,top0A2_2,1,0,0,0
430.0,B0,西,A0B0,A0B0_0,2,1,0,0
430.0,B0,西,A0B0,A0B0_1,2,1,0,0
430.0,B0,西,A0B0,A0B0_2,2,1,2,1
430.0,B0,北,B1B0,B1B0_0,0,0,0,0
430.0,B0,北,B1B0,B1B0_1,0,0,0,0
430.0,B0,北,B1B0,B1B0_2,0,0,0,0
430.0,B0,东,C0B0,C0B0_0,0,0,0,0
430.0,B0,东,C0B0,C0B0_1,0,0,0,0
430.0,B0,东,C0B0,C0B0_2,0,0,0,0
430.0,B0,南,bottom1B0,bottom1B0_0,0,0,0,0
430.0,B0,南,bottom1B0,bottom1B0_1,0,0,0,0
430.0,B0,南,bottom1B0,bottom1B0_2,0,0,0,0
430.0,B1,西,A1B1,A1B1_0,1,1,0,0
430.0,B1,西,A1B1,A1B1_1,1,1,0,0
430.0,B1,西,A1B1,A1B1_2,1,1,1,0
430.0,B1,南,B0B1,B0B1_0,2,0,0,0
430.0,B1,南,B0B1,B0B1_1,2,0,1,0
430.0,B1,南,B0B1,B0B1_2,2,0,1,0
430.0,B1,北,B2B1,B2B1_0,0,0,0,0
430.0,B1,北,B2B1,B2B1_1,0,0,0,0
430.0,B1,北,B2B1,B2B1_2,0,0,0,0
430.0,B1,东,C1B1,C1B1_0,1,1,1,0
430.0,B1,东,C1B1,C1B1_1,1,1,0,0
430.0,B1,东,C1B1,C1B1_2,1,1,0,0
430.0,B2,西,A2B2,A2B2_0,1,1,0,0
430.0,B2,西,A2B2,A2B2_1,1,1,0,0
430.0,B2,西,A2B2,A2B2_2,1,1,1,0
430.0,B2,南,B1B2,B1B2_0,1,0,0,0
430.0,B2,南,B1B2,B1B2_1,1,0,1,0
430.0,B2,南,B1B2,B1B2_2,1,0,0,0
430.0,B2,东,C2B2,C2B2_0,3,1,2,0
430.0,B2,东,C2B2,C2B2_1,3,1,0,0
430.0,B2,东,C2B2,C2B2_2,3,1,1,1
430.0,B2,北,top1B2,top1B2_0,1,0,0,0
430.0,B2,北,top1B2,top1B2_1,1,0,1,1
430.0,B2,北,top1B2,top1B2_2,1,0,0,0
430.0,C0,西,B0C0,B0C0_0,0,0,0,0
430.0,C0,西,B0C0,B0C0_1,0,0,0,0
430.0,C0,西,B0C0,B0C0_2,0,0,0,0
430.0,C0,北,C1C0,C1C0_0,3,0,0,0
430.0,C0,北,C1C0,C1C0_1,3,0,2,1
430.0,C0,北,C1C0,C1C0_2,3,0,1,1
430.0,C0,南,bottom2C0,bottom2C0_0,1,0,0,0
430.0,C0,南,bottom2C0,bottom2C0_1,1,0,0,0
430.0,C0,南,bottom2C0,bottom2C0_2,1,0,1,1
430.0,C0,东,right0C0,right0C0_0,1,0,1,0
430.0,C0,东,right0C0,right0C0_1,1,0,0,0
430.0,C0,东,right0C0,right0C0_2,1,0,0,0
430.0,C1,西,B1C1,B1C1_0,2,1,1,0
430.0,C1,西,B1C1,B1C1_1,2,1,0,0
430.0,C1,西,B1C1,B1C1_2,2,1,1,1
430.0,C1,南,C0C1,C0C1_0,2,0,0,0
430.0,C1,南,C0C1,C0C1_1,2,0,2,0
430.0,C1,南,C0C1,C0C1_2,2,0,0,0
430.0,C1,北,C2C1,C2C1_0,0,0,0,0
430.0,C1,北,C2C1,C2C1_1,0,0,0,0
430.0,C1,北,C2C1,C2C1_2,0,0,0,0
430.0,C1,东,right1C1,right1C1_0,0,0,0,0
430.0,C1,东,right1C1,right1C1_1,0,0,0,0
430.0,C1,东,right1C1,right1C1_2,0,0,0,0
430.0,C2,西,B2C2,B2C2_0,2,2,0,0
430.0,C2,西,B2C2,B2C2_1,2,2,0,0
430.0,C2,西,B2C2,B2C2_2,2,2,2,0
430.0,C2,南,C1C2,C1C2_0,0,0,0,0
430.0,C2,南,C1C2,C1C2_1,0,0,0,0
430.0,C2,南,C1C2,C1C2_2,0,0,0,0
430.0,C2,东,right2C2,right2C2_0,2,0,0,0
430.0,C2,东,right2C2,right2C2_1,2,0,0,0
430.0,C2,东,right2C2,right2C2_2,2,0,2,1
430.0,C2,北,top2C2,top2C2_0,4,1,1,0
430.0,C2,北,top2C2,top2C2_1,4,1,2,2
430.0,C2,北,top2C2,top2C2_2,4,1,1,1
435.0,A0,北,A1A0,A1A0_0,0,0,0,0
435.0,A0,北,A1A0,A1A0_1,0,0,0,0
435.0,A0,北,A1A0,A1A0_2,0,0,0,0
435.0,A0,东,B0A0,B0A0_0,0,0,0,0
435.0,A0,东,B0A0,B0A0_1,0,0,0,0
435.0,A0,东,B0A0,B0A0_2,0,0,0,0
435.0,A0,南,bottom0A0,bottom0A0_0,1,1,0,0
435.0,A0,南,bottom0A0,bottom0A0_1,1,1,1,0
435.0,A0,南,bottom0A0,bottom0A0_2,1,1,0,0
435.0,A0,西,left0A0,left0A0_0,1,0,0,0
435.0,A0,西,left0A0,left0A0_1,1,0,1,0
435.0,A0,西,left0A0,left0A0_2,1,0,0,0
435.0,A1,南,A0A1,A0A1_0,0,0,0,0
435.0,A1,南,A0A1,A0A1_1,0,0,0,0
435.0,A1,南,A0A1,A0A1_2,0,0,0,0
435.0,A1,北,A2A1,A2A1_0,1,0,0,0
435.0,A1,北,A2A1,A2A1_1,1,0,0,0
435.0,A1,北,A2A1,A2A1_2,1,0,1,1
435.0,A1,东,B1A1,B1A1_0,2,1,0,0
435.0,A1,东,B1A1,B1A1_1,2,1,2,0
435.0,A1,东,B1A1,B1A1_2,2,1,0,0
435.0,A1,西,left1A1,left1A1_0,0,0,0,0
435.0,A1,西,left1A1,left1A1_1,0,0,0,0
435.0,A1,西,left1A1,left1A1_2,0,0,0,0
435.0,A2,南,A1A2,A1A2_0,0,0,0,0
435.0,A2,南,A1A2,A1A2_1,0,0,0,0
435.0,A2,南,A1A2,A1A2_2,0,0,0,0
435.0,A2,东,B2A2,B2A2_0,2,0,1,0
435.0,A2,东,B2A2,B2A2_1,2,0,1,0
435.0,A2,东,B2A2,B2A2_2,2,0,0,0
435.0,A2,西,left2A2,left2A2_0,2,0,0,0
435.0,A2,西,left2A2,left2A2_1,2,0,1,0
435.0,A2,西,left2A2,left2A2_2,2,0,1,1
435.0,A2,北,top0A2,top0A2_0,1,0,0,0
435.0,A2,北,top0A2,top0A2_1,1,0,1,1
435.0,A2,北,top0A2,top0A2_2,1,0,0,0
435.0,B0,西,A0B0,A0B0_0,3,1,0,0
435.0,B0,西,A0B0,A0B0_1,3,1,0,0
435.0,B0,西,A0B0,A0B0_2,3,1,3,1
435.0,B0,北,B1B0,B1B0_0,0,0,0,0
435.0,B0,北,B1B0,B1B0_1,0,0,0,0
435.0,B0,北,B1B0,B1B0_2,0,0,0,0
435.0,B0,东,C0B0,C0B0_0,0,0,0,0
435.0,B0,东,C0B0,C0B0_1,0,0,0,0
435.0,B0,东,C0B0,C0B0_2,0,0,0,0
435.0,B0,南,bottom1B0,bottom1B0_0,0,0,0,0
435.0,B0,南,bottom1B0,bottom1B0_1,0,0,0,0
435.0,B0,南,bottom1B0,bottom1B0_2,0,0,0,0
435.0,B1,西,A1B1,A1B1_0,1,0,0,0
435.0,B1,西,A1B1,A1B1_1,1,0,0,0
435.0,B1,西,A1B1,A1B1_2,1,0,1,0
435.0,B1,南,B0B1,B0B1_0,2,0,0,0
435.0,B1,南,B0B1,B0B1_1,2,0,1,0
435.0,B1,南,B0B1,B0B1_2,2,0,1,0
435.0,B1,北,B2B1,B2B1_0,0,0,0,0
435.0,B1,北,B2B1,B2B1_1,0,0,0,0
435.0,B1,北,B2B1,B2B1_2,0,0,0,0
435.0,B1,东,C1B1,C1B1_0,1,0,1,0
435.0,B1,东,C1B1,C1B1_1,1,0,0,0
435.0,B1,东,C1B1,C1B1_2,1,0,0,0
435.0,B2,西,A2B2,A2B2_0,1,0,0,0
435.0,B2,西,A2B2,A2B2_1,1,0,0,0
435.0,B2,西,A2B2,A2B2_2,1,0,1,0
435.0,B2,南,B1B2,B1B2_0,1,0,0,0
435.0,B2,南,B1B2,B1B2_1,1,0,1,0
435.0,B2,南,B1B2,B1B2_2,1,0,0,0
435.0,B2,东,C2B2,C2B2_0,3,0,2,0
435.0,B2,东,C2B2,C2B2_1,3,0,0,0
435.0,B2,东,C2B2,C2B2_2,3,0,1,1
435.0,B2,北,top1B2,top1B2_0,1,0,0,0
435.0,B2,北,top1B2,top1B2_1,1,0,1,1
435.0,B2,北,top1B2,top1B2_2,1,0,0,0
435.0,C0,西,B0C0,B0C0_0,0,0,0,0
435.0,C0,西,B0C0,B0C0_1,0,0,0,0
435.0,C0,西,B0C0,B0C0_2,0,0,0,0
435.0,C0,北,C1C0,C1C0_0,3,0,0,0
435.0,C0,北,C1C0,C1C0_1,3,0,2,1
435.0,C0,北,C1C0,C1C0_2,3,0,1,1
435.0,C0,南,bottom2C0,bottom2C0_0,2,1,0,0
435.0,C0,南,bottom2C0,bottom2C0_1,2,1,1,0
435.0,C0,南,bottom2C0,bottom2C0_2,2,1,1,1
435.0,C0,东,right0C0,right0C0_0,1,0,1,0
435.0,C0,东,right0C0,right0C0_1,1,0,0,0
435.0,C0,东,right0C0,right0C0_2,1,0,0,0
435.0,C1,西,B1C1,B1C1_0,2,0,1,0
435.0,C1,西,B1C1,B1C1_1,2,0,0,0
435.0,C1,西,B1C1,B1C1_2,2,0,1,1
435.0,C1,南,C0C1,C0C1_0,2,0,0,0
435.0,C1,南,C0C1,C0C1_1,2,0,2,0
435.0,C1,南,C0C1,C0C1_2,2,0,0,0
435.0,C1,北,C2C1,C2C1_0,0,0,0,0
435.0,C1,北,C2C1,C2C1_1,0,0,0,0
435.0,C1,北,C2C1,C2C1_2,0,0,0,0
435.0,C1,东,right1C1,right1C1_0,0,0,0,0
435.0,C1,东,right1C1,right1C1_1,0,0,0,0
435.0,C1,东,right1C1,right1C1_2,0,0,0,0
435.0,C2,西,B2C2,B2C2_0,3,1,0,0
435.0,C2,西,B2C2,B2C2_1,3,1,0,0
435.0,C2,西,B2C2,B2C2_2,3,1,3,0
435.0,C2,南,C1C2,C1C2_0,0,0,0,0
435.0,C2,南,C1C2,C1C2_1,0,0,0,0
435.0,C2,南,C1C2,C1C2_2,0,0,0,0
435.0,C2,东,right2C2,right2C2_0,2,0,0,0
435.0,C2,东,right2C2,right2C2_1,2,0,0,0
435.0,C2,东,right2C2,right2C2_2,2,0,2,1
435.0,C2,北,top2C2,top2C2_0,4,0,1,0
435.0,C2,北,top2C2,top2C2_1,4,0,2,2
435.0,C2,北,top2C2,top2C2_2,4,0,1,1
440.0,A0,北,A1A0,A1A0_0,0,0,0,0
440.0,A0,北,A1A0,A1A0_1,0,0,0,0
440.0,A0,北,A1A0,A1A0_2,0,0,0,0
440.0,A0,东,B0A0,B0A0_0,0,0,0,0
440.0,A0,东,B0A0,B0A0_1,0,0,0,0
440.0,A0,东,B0A0,B0A0_2,0,0,0,0
440.0,A0,南,bottom0A0,bottom0A0_0,1,0,0,0
440.0,A0,南,bottom0A0,bottom0A0_1,1,0,1,0
440.0,A0,南,bottom0A0,bottom0A0_2,1,0,0,0
440.0,A0,西,left0A0,left0A0_0,1,0,0,0
440.0,A0,西,left0A0,left0A0_1,1,0,1,0
440.0,A0,西,left0A0,left0A0_2,1,0,0,0
440.0,A1,南,A0A1,A0A1_0,0,0,0,0
440.0,A1,南,A0A1,A0A1_1,0,0,0,0
440.0,A1,南,A0A1,A0A1_2,0,0,0,0
440.0,A1,北,A2A1,A2A1_0,1,0,0,0
440.0,A1,北,A2A1,A2A1_1,1,0,0,0
440.0,A1,北,A2A1,A2A1_2,1,0,1,1
440.0,A1,东,B1A1,B1A1_0,2,0,0,0
440.0,A1,东,B1A1,B1A1_1,2,0,2,0
440.0,A1,东,B1A1,B1A1_2,2,0,0,0
440.0,A1,西,left1A1,left1A1_0,0,0,0,0
440.0,A1,西,left1A1,left1A1_1,0,0,0,0
440.0,A1,西,left1A1,left1A1_2,0,0,0,0
440.0,A2,南,A1A2,A1A2_0,0,0,0,0
440.0,A2,南,A1A2,A1A2_1,0,0,0,0
440.0,A2,南,A1A2,A1A2_2,0,0,0,0
440.0,A2,东,B2A2,B2A2_0,2,0,1,0
440.0,A2,东,B2A2,B2A2_1,2,0,1,0
440.0,A2,东,B2A2,B2A2_2,2,0,0,0
440.0,A2,西,left2A2,left2A2_0,2,0,0,0
440.0,A2,西,left2A2,left2A2_1,2,0,1,0
440.0,A2,西,left2A2,left2A2_2,2,0,1,1
440.0,A2,北,top0A2,top0A2_0,1,0,0,0
440.0,A2,北,top0A2,top0A2_1,1,0,1,1
440.0,A2,北,top0A2,top0A2_2,1,0,0,0
440.0,B0,西,A0B0,A0B0_0,3,0,0,0
440.0,B0,西,A0B0,A0B0_1,3,0,0,0
440.0,B0,西,A0B0,A0B0_2,3,0,3,1
440.0,B0,北,B1B0,B1B0_0,0,0,0,0
440.0,B0,北,B1B0,B1B0_1,0,0,0,0
440.0,B0,北,B1B0,B1B0_2,0,0,0,0
440.0,B0,东,C0B0,C0B0_0,0,0,0,0
440.0,B0,东,C0B0,C0B0_1,0,0,0,0
440.0,B0,东,C0B0,C0B0_2,0,0,0,0
440.0,B0,南,bottom1B0,bottom1B0_0,0,0,0,0
440.0,B0,南,bottom1B0,bottom1B0_1,0,0,0,0
440.0,B0,南,bottom1B0,bottom1B0_2,0,0,0,0
440.0,B1,西,A1B1,A1B1_0,1,0,0,0
440.0,B1,西,A1B1,A1B1_1,1,0,0,0
440.0,B1,西,A1B1,A1B1_2,1,0,1,0
440.0,B1,南,B0B1,B0B1_0,2,0,0,0
440.0,B1,南,B0B1,B0B1_1,2,0,1,0
440.0,B1,南,B0B1,B0B1_2,2,0,1,1
440.0,B1,北,B2B1,B2B1_0,0,0,0,0
440.0,B1,北,B2B1,B2B1_1,0,0,0,0
440.0,B1,北,B2B1,B2B1_2,0,0,0,0
440.0,B1,东,C1B1,C1B1_0,1,0,1,0
440.0,B1,东,C1B1,C1B1_1,1,0,0,0
440.0,B1,东,C1B1,C1B1_2,1,0,0,0
440.0,B2,西,A2B2,A2B2_0,1,0,0,0
440.0,B2,西,A2B2,A2B2_1,1,0,0,0
440.0,B2,西,A2B2,A2B2_2,1,0,1,0
440.0,B2,南,B1B2,B1B2_0,1,0,0,0
440.0,B2,南,B1B2,B1B2_1,1,0,1,0
440.0,B2,南,B1B2,B1B2_2,1,0,0,0
440.0,B2,东,C2B2,C2B2_0,2,0,1,0
440.0,B2,东,C2B2,C2B2_1,2,0,0,0
440.0,B2,东,C2B2,C2B2_2,2,0,1,1
440.0,B2,北,top1B2,top1B2_0,1,0,0,0
440.0,B2,北,top1B2,top1B2_1,1,0,1,1
440.0,B2,北,top1B2,top1B2_2,1,0,0,0
440.0,C0,西,B0C0,B0C0_0,0,0,0,0
440.0,C0,西,B0C0,B0C0_1,0,0,0,0
440.0,C0,西,B0C0,B0C0_2,0,0,0,0
440.0,C0,北,C1C0,C1C0_0,3,0,0,0
440.0,C0,北,C1C0,C1C0_1,3,0,2,2
440.0,C0,北,C1C0,C1C0_2,3,0,1,1
440.0,C0,南,bottom2C0,bottom2C0_0,2,0,0,0
440.0,C0,南,bottom2C0,bottom2C0_1,2,0,1,0
440.0,C0,南,bottom2C0,bottom2C0_2,2,0,1,1
440.0,C0,东,right0C0,right0C0_0,0,0,0,0
440.0,C0,东,right0C0,right0C0_1,0,0,0,0
440.0,C0,东,right0C0,right0C0_2,0,0,0,0
440.0,C1,西,B1C1,B1C1_0,2,0,1,0
440.0,C1,西,B1C1,B1C1_1,2,0,0,0
440.0,C1,西,B1C1,B1C1_2,2,0,1,1
440.0,C1,南,C0C1,C0C1_0,3,1,1,0
440.0,C1,南,C0C1,C0C1_1,3,1,2,0
440.0,C1,南,C0C1,C0C1_2,3,1,0,0
440.0,C1,北,C2C1,C2C1_0,0,0,0,0
440.0,C1,北,C2C1,C2C1_1,0,0,0,0
440.0,C1,北,C2C1,C2C1_2,0,0,0,0
440.0,C1,东,right1C1,right1C1_0,1,1,1,0
440.0,C1,东,right1C1,right1C1_1,1,1,0,0
440.0,C1,东,right1C1,right1C1_2,1,1,0,0
440.0,C2,西,B2C2,B2C2_0,3,0,0,0
440.0,C2,西,B2C2,B2C2_1,3,0,0,0
440.0,C2,西,B2C2,B2C2_2,3,0,3,0
440.0,C2,南,C1C2,C1C2_0,0,0,0,0
440.0,C2,南,C1C2,C1C2_1,0,0,0,0
440.0,C2,南,C1C2,C1C2_2,0,0,0,0
440.0,C2,东,right2C2,right2C2_0,2,0,0,0
440.0,C2,东,right2C2,right2C2_1,2,0,0,0
440.0,C2,东,right2C2,right2C2_2,2,0,2,1
440.0,C2,北,top2C2,top2C2_0,4,0,1,0
440.0,C2,北,top2C2,top2C2_1,4,0,2,2
440.0,C2,北,top2C2,top2C2_2,4,0,1,1
445.0,A0,北,A1A0,A1A0_0,0,0,0,0
445.0,A0,北,A1A0,A1A0_1,0,0,0,0
445.0,A0,北,A1A0,A1A0_2,0,0,0,0
445.0,A0,东,B0A0,B0A0_0,0,0,0,0
445.0,A0,东,B0A0,B0A0_1,0,0,0,0
445.0,A0,东,B0A0,B0A0_2,0,0,0,0
445.0,A0,南,bottom0A0,bottom0A0_0,1,0,0,0
445.0,A0,南,bottom0A0,bottom0A0_1,1,0,1,0
445.0,A0,南,bottom0A0,bottom0A0_2,1,0,0,0
445.0,A0,西,left0A0,left0A0_0,1,0,0,0
445.0,A0,西,left0A0,left0A0_1,1,0,1,0
445.0,A0,西,left0A0,left0A0_2,1,0,0,0
445.0,A1,南,A0A1,A0A1_0,0,0,0,0
445.0,A1,南,A0A1,A0A1_1,0,0,0,0
445.0,A1,南,A0A1,A0A1_2,0,0,0,0
445.0,A1,北,A2A1,A2A1_0,1,0,0,0
445.0,A1,北,A2A1,A2A1_1,1,0,0,0
445.0,A1,北,A2A1,A2A1_2,1,0,1,1
445.0,A1,东,B1A1,B1A1_0,2,0,0,0
445.0,A1,东,B1A1,B1A1_1,2,0,2,0
445.0,A1,东,B1A1,B1A1_2,2,0,0,0
445.0,A1,西,left1A1,left1A1_0,2,2,1,0
445.0,A1,西,left1A1,left1A1_1,2,2,1,0
445.0,A1,西,left1A1,left1A1_2,2,2,0,0
445.0,A2,南,A1A2,A1A2_0,0,0,0,0
445.0,A2,南,A1A2,A1A2_1,0,0,0,0
445.0,A2,南,A1A2,A1A2_2,0,0,0,0
445.0,A2,东,B2A2,B2A2_0,2,0,1,0
445.0,A2,东,B2A2,B2A2_1,2,0,1,0
445.0,A2,东,B2A2,B2A2_2,2,0,0,0
445.0,A2,西,left2A2,left2A2_0,1,0,0,0
445.0,A2,西,left2A2,left2A2_1,1,0,1,0
445.0,A2,西,left2A2,left2A2_2,1,0,0,0
445.0,A2,北,top0A2,top0A2_0,1,0,0,0
445.0,A2,北,top0A2,top0A2_1,1,0,1,1
445.0,A2,北,top0A2,top0A2_2,1,0,0,0
445.0,B0,西,A0B0,A0B0_0,2,0,0,0
445.0,B0,西,A0B0,A0B0_1,2,0,0,0
445.0,B0,西,A0B0,A0B0_2,2,0,2,0
445.0,B0,北,B1B0,B1B0_0,0,0,0,0
445.0,B0,北,B1B0,B1B0_1,0,0,0,0
445.0,B0,北,B1B0,B1B0_2,0,0,0,0
445.0,B0,东,C0B0,C0B0_0,0,0,0,0
445.0,B0,东,C0B0,C0B0_1,0,0,0,0
445.0,B0,东,C0B0,C0B0_2,0,0,0,0
445.0,B0,南,bottom1B0,bottom1B0_0,0,0,0,0
445.0,B0,南,bottom1B0,bottom1B0_1,0,0,0,0
445.0,B0,南,bottom1B0,bottom1B0_2,0,0,0,0
445.0,B1,西,A1B1,A1B1_0,1,0,0,0
445.0,B1,西,A1B1,A1B1_1,1,0,0,0
445.0,B1,西,A1B1,A1B1_2,1,0,1,0
445.0,B1,南,B0B1,B0B1_0,2,0,0,0
445.0,B1,南,B0B1,B0B1_1,2,0,1,1
445.0,B1,南,B0B1,B0B1_2,2,0,1,1
445.0,B1,北,B2B1,B2B1_0,0,0,0,0
445.0,B1,北,B2B1,B2B1_1,0,0,0,0
445.0,B1,北,B2B1,B2B1_2,0,0,0,0
445.0,B1,东,C1B1,C1B1_0,1,0,1,0
445.0,B1,东,C1B1,C1B1_1,1,0,0,0
445.0,B1,东,C1B1,C1B1_2,1,0,0,0
445.0,B2,西,A2B2,A2B2_0,1,0,0,0
445.0,B2,西,A2B2,A2B2_1,1,0,0,0
445.0,B2,西,A2B2,A2B2_2,1,0,1,0
445.0,B2,南,B1B2,B1B2_0,1,0,0,0
445.0,B2,南,B1B2,B1B2_1,1,0,1,0
445.0,B2,南,B1B2,B1B2_2,1,0,0,0
445.0,B2,东,C2B2,C2B2_0,1,0,1,0
445.0,B2,东,C2B2,C2B2_1,1,0,0,0
445.0,B2,东,C2B2,C2B2_2,1,0,0,0
445.0,B2,北,top1B2,top1B2_0,1,0,0,0
445.0,B2,北,top1B2,top1B2_1,1,0,1,1
445.0,B2,北,top1B2,top1B2_2,1,0,0,0
445.0,C0,西,B0C0,B0C0_0,0,0,0,0
445.0,C0,西,B0C0,B0C0_1,0,0,0,0
445.0,C0,西,B0C0,B0C0_2,0,0,0,0
445.0,C0,北,C1C0,C1C0_0,3,0,0,0
445.0,C0,北,C1C0,C1C0_1,3,0,2,2
445.0,C0,北,C1C0,C1C0_2,3,0,1,1
445.0,C0,南,bottom2C0,bottom2C0_0,2,0,0,0
445.0,C0,南,bottom2C0,bottom2C0_1,2,0,1,0
445.0,C0,南,bottom2C0,bottom2C0_2,2,0,1,1
445.0,C0,东,right0C0,right0C0_0,1,1,1,0
445.0,C0,东,right0C0,right0C0_1,1,1,0,0
445.0,C0,东,right0C0,right0C0_2,1,1,0,0
445.0,C1,西,B1C1,B1C1_0,1,0,1,0
445.0,C1,西,B1C1,B1C1_1,1,0,0,0
445.0,C1,西,B1C1,B1C1_2,1,0,0,0
445.0,C1,南,C0C1,C0C1_0,3,0,1,0
445.0,C1,南,C0C1,C0C1_1,3,0,2,1
445.0,C1,南,C0C1,C0C1_2,3,0,0,0
445.0,C1,北,C2C1,C2C1_0,0,0,0,0
445.0,C1,北,C2C1,C2C1_1,0,0,0,0
445.0,C1,北,C2C1,C2C1_2,0,0,0,0
445.0,C1,东,right1C1,right1C1_0,1,0,1,0
445.0,C1,东,right1C1,right1C1_1,1,0,0,0
445.0,C1,东,right1C1,right1C1_2,1,0,0,0
445.0,C2,西,B2C2,B2C2_0,3,0,0,0
445.0,C2,西,B2C2,B2C2_1,3,0,0,0
445.0,C2,西,B2C2,B2C2_2,3,0,3,0
445.0,C2,南,C1C2,C1C2_0,0,0,0,0
445.0,C2,南,C1C2,C1C2_1,0,0,0,0
445.0,C2,南,C1C2,C1C2_2,0,0,0,0
445.0,C2,东,right2C2,right2C2_0,1,0,0,0
445.0,C2,东,right2C2,right2C2_1,1,0,0,0
445.0,C2,东,right2C2,right2C2_2,1,0,1,0
445.0,C2,北,top2C2,top2C2_0,5,1,1,0
445.0,C2,北,top2C2,top2C2_1,5,1,2,2
445.0,C2,北,top2C2,top2C2_2,5,1,2,2
450.0,A0,北,A1A0,A1A0_0,0,0,0,0
450.0,A0,北,A1A0,A1A0_1,0,0,0,0
450.0,A0,北,A1A0,A1A0_2,0,0,0,0
450.0,A0,东,B0A0,B0A0_0,0,0,0,0
450.0,A0,东,B0A0,B0A0_1,0,0,0,0
450.0,A0,东,B0A0,B0A0_2,0,0,0,0
450.0,A0,南,bottom0A0,bottom0A0_0,2,1,1,0
450.0,A0,南,bottom0A0,bottom0A0_1,2,1,1,0
450.0,A0,南,bottom0A0,bottom0A0_2,2,1,0,0
450.0,A0,西,left0A0,left0A0_0,1,0,0,0
450.0,A0,西,left0A0,left0A0_1,1,0,1,1
450.0,A0,西,left0A0,left0A0_2,1,0,0,0
450.0,A1,南,A0A1,A0A1_0,0,0,0,0
450.0,A1,南,A0A1,A0A1_1,0,0,0,0
450.0,A1,南,A0A1,A0A1_2,0,0,0,0
450.0,A1,北,A2A1,A2A1_0,1,0,0,0
450.0,A1,北,A2A1,A2A1_1,1,0,0,0
450.0,A1,北,A2A1,A2A1_2,1,0,1,1
450.0,A1,东,B1A1,B1A1_0,2,0,0,0
450.0,A1,东,B1A1,B1A1_1,2,0,2,0
450.0,A1,东,B1A1,B1A1_2,2,0,0,0
450.0,A1,西,left1A1,left1A1_0,2,0,1,0
450.0,A1,西,left1A1,left1A1_1,2,0,0,0
450.0,A1,西,left1A1,left1A1_2,2,0,1,0
450.0,A2,南,A1A2,A1A2_0,0,0,0,0
450.0,A2,南,A1A2,A1A2_1,0,0,0,0
450.0,A2,南,A1A2,A1A2_2,0,0,0,0
450.0,A2,东,B2A2,B2A2_0,2,0,1,0
450.0,A2,东,B2A2,B2A2_1,2,0,1,0
450.0,A2,东,B2A2,B2A2_2,2,0,0,0
450.0,A2,西,left2A2,left2A2_0,1,0,0,0
450.0,A2,西,left2A2,left2A2_1,1,0,1,0
450.0,A2,西,left2A2,left2A2_2,1,0,0,0
450.0,A2,北,top0A2,top0A2_0,2,1,0,0
450.0,A2,北,top0A2,top0A2_1,2,1,2,1
450.0,A2,北,top0A2,top0A2_2,2,1,0,0
450.0,B0,西,A0B0,A0B0_0,1,0,0,0
450.0,B0,西,A0B0,A0B0_1,1,0,0,0
450.0,B0,西,A0B0,A0B0_2,1,0,1,0
450.0,B0,北,B1B0,B1B0_0,0,0,0,0
450.0,B0,北,B1B0,B1B0_1,0,0,0,0
450.0,B0,北,B1B0,B1B0_2,0,0,0,0
450.0,B0,东,C0B0,C0B0_0,0,0,0,0
450.0,B0,东,C0B0,C0B0_1,0,0,0,0
450.0,B0,东,C0B0,C0B0_2,0,0,0,0
450.0,B0,南,bottom1B0,bottom1B0_0,0,0,0,0
450.0,B0,南,bottom1B0,bottom1B0_1,0,0,0,0
450.0,B0,南,bottom1B0,bottom1B0_2,0,0,0,0
450.0,B1,西,A1B1,A1B1_0,1,0,0,0
450.0,B1,西,A1B1,A1B1_1,1,0,0,0
450.0,B1,西,A1B1,A1B1_2,1,0,1,0
450.0,B1,南,B0B1,B0B1_0,3,1,1,0
450.0,B1,南,B0B1,B0B1_1,3,1,1,1
450.0,B1,南,B0B1,B0B1_2,3,1,1,1
450.0,B1,北,B2B1,B2B1_0,1,1,1,0
450.0,B1,北,B2B1,B2B1_1,1,1,0,0
450.0,B1,北,B2B1,B2B1_2,1,1,0,0
450.0,B1,东,C1B1,C1B1_0,1,0,1,0
450.0,B1,东,C1B1,C1B1_1,1,0,0,0
450.0,B1,东,C1B1,C1B1_2,1,0,0,0
450.0,B2,西,A2B2,A2B2_0,0,0,0,0
450.0,B2,西,A2B2,A2B2_1,0,0,0,0
450.0,B2,西,A2B2,A2B2_2,0,0,0,0
450.0,B2,南,B1B2,B1B2_0,1,0,0,0
450.0,B2,南,B1B2,B1B2_1,1,0,1,1
450.0,B2,南,B1B2,B1B2_2,1,0,0,0
450.0,B2,东,C2B2,C2B2_0,1,0,1,0
450.0,B2,东,C2B2,C2B2_1,1,0,0,0
450.0,B2,东,C2B2,C2B2_2,1,0,0,0
450.0,B2,北,top1B2,top1B2_0,1,0,0,0
450.0,B2,北,top1B2,top1B2_1,1,0,1,1
450.0,B2,北,top1B2,top1B2_2,1,0,0,0
450.0,C0,西,B0C0,B0C0_0,0,0,0,0
450.0,C0,西,B0C0,B0C0_1,0,0,0,0
450.0,C0,西,B0C0,B0C0_2,0,0,0,0
450.0,C0,北,C1C0,C1C0_0,3,0,0,0
450.0,C0,北,C1C0,C1C0_1,3,0,2,2
450.0,C0,北,C1C0,C1C0_2,3,0,1,1
450.0,C0,南,bottom2C0,bottom2C0_0,2,0,0,0
450.0,C0,南,bottom2C0,bottom2C0_1,2,0,1,0
450.0,C0,南,bottom2C0,bottom2C0_2,2,0,1,1
450.0,C0,东,right0C0,right0C0_0,1,0,1,0
450.0,C0,东,right0C0,right0C0_1,1,0,0,0
450.0,C0,东,right0C0,right0C0_2,1,0,0,0
450.0,C1,西,B1C1,B1C1_0,1,0,1,0
450.0,C1,西,B1C1,B1C1_1,1,0,0,0
450.0,C1,西,B1C1,B1C1_2,1,0,0,0
450.0,C1,南,C0C1,C0C1_0,3,0,1,0
450.0,C1,南,C0C1,C0C1_1,3,0,2,2
450.0,C1,南,C0C1,C0C1_2,3,0,0,0
450.0,C1,北,C2C1,C2C1_0,2,2,0,0
450.0,C1,北,C2C1,C2C1_1,2,2,2,0
450.0,C1,北,C2C1,C2C1_2,2,2,0,0
450.0,C1,东,right1C1,right1C1_0,2,1,1,0
450.0,C1,东,right1C1,right1C1_1,2,1,1,0
450.0,C1,东,right1C1,right1C1_2,2,1,0,0
450.0,C2,西,B2C2,B2C2_0,2,0,0,0
450.0,C2,西,B2C2,B2C2_1,2,0,0,0
450.0,C2,西,B2C2,B2C2_2,2,0,2,0
450.0,C2,南,C1C2,C1C2_0,1,1,0,0
450.0,C2,南,C1C2,C1C2_1,1,1,1,0
450.0,C2,南,C1C2,C1C2_2,1,1,0,0
450.0,C2,东,right2C2,right2C2_0,0,0,0,0
450.0,C2,东,right2C2,right2C2_1,0,0,0,0
450.0,C2,东,right2C2,right2C2_2,0,0,0,0
450.0,C2,北,top2C2,top2C2_0,5,0,1,0
450.0,C2,北,top2C2,top2C2_1,5,0,2,2
450.0,C2,北,top2C2,top2C2_2,5,0,2,1
455.0,A0,北,A1A0,A1A0_0,0,0,0,0
455.0,A0,北,A1A0,A1A0_1,0,0,0,0
455.0,A0,北,A1A0,A1A0_2,0,0,0,0
455.0,A0,东,B0A0,B0A0_0,0,0,0,0
455.0,A0,东,B0A0,B0A0_1,0,0,0,0
455.0,A0,东,B0A0,B0A0_2,0,0,0,0
455.0,A0,南,bottom0A0,bottom0A0_0,2,0,1,0
455.0,A0,南,bottom0A0,bottom0A0_1,2,0,1,1
455.0,A0,南,bottom0A0,bottom0A0_2,2,0,0,0
455.0,A0,西,left0A0,left0A0_0,0,0,0,0
455.0,A0,西,left0A0,left0A0_1,0,0,0,0
455.0,A0,西,left0A0,left0A0_2,0,0,0,0
455.0,A1,南,A0A1,A0A1_0,0,0,0,0
455.0,A1,南,A0A1,A0A1_1,0,0,0,0
455.0,A1,南,A0A1,A0A1_2,0,0,0,0
455.0,A1,北,A2A1,A2A1_0,1,0,0,0
455.0,A1,北,A2A1,A2A1_1,1,0,0,0
455.0,A1,北,A2A1,A2A1_2,1,0,1,1
455.0,A1,东,B1A1,B1A1_0,2,0,0,0
455.0,A1,东,B1A1,B1A1_1,2,0,2,1
455.0,A1,东,B1A1,B1A1_2,2,0,0,0
455.0,A1,西,left1A1,left1A1_0,2,0,1,0
455.0,A1,西,left1A1,left1A1_1,2,0,0,0
455.0,A1,西,left1A1,left1A1_2,2,0,1,0
455.0,A2,南,A1A2,A1A2_0,0,0,0,0
455.0,A2,南,A1A2,A1A2_1,0,0,0,0
455.0,A2,南,A1A2,A1A2_2,0,0,0,0
455.0,A2,东,B2A2,B2A2_0,2,0,1,1
455.0,A2,东,B2A2,B2A2_1,2,0,1,1
455.0,A2,东,B2A2,B2A2_2,2,0,0,0
455.0,A2,西,left2A2,left2A2_0,0,0,0,0
455.0,A2,西,left2A2,left2A2_1,0,0,0,0
455.0,A2,西,left2A2,left2A2_2,0,0,0,0
455.0,A2,北,top0A2,top0A2_0,2,0,0,0
455.0,A2,北,top0A2,top0A2_1,2,0,2,1
455.0,A2,北,top0A2,top0A2_2,2,0,0,0
455.0,B0,西,A0B0,A0B0_0,0,0,0,0
455.0,B0,西,A0B0,A0B0_1,0,0,0,0
455.0,B0,西,A0B0,A0B0_2,0,0,0,0
455.0,B0,北,B1B0,B1B0_0,0,0,0,0
455.0,B0,北,B1B0,B1B0_1,0,0,0,0
455.0,B0,北,B1B0,B1B0_2,0,0,0,0
455.0,B0,东,C0B0,C0B0_0,0,0,0,0
455.0,B0,东,C0B0,C0B0_1,0,0,0,0
455.0,B0,东,C0B0,C0B0_2,0,0,0,0
455.0,B0,南,bottom1B0,bottom1B0_0,1,1,0,0
455.0,B0,南,bottom1B0,bottom1B0_1,1,1,1,0
455.0,B0,南,bottom1B0,bottom1B0_2,1,1,0,0
455.0,B1,西,A1B1,A1B1_0,0,0,0,0
455.0,B1,西,A1B1,A1B1_1,0,0,0,0
455.0,B1,西,A1B1,A1B1_2,0,0,0,0
455.0,B1,南,B0B1,B0B1_0,5,2,3,0
455.0,B1,南,B0B1,B0B1_1,5,2,1,1
455.0,B1,南,B0B1,B0B1_2,5,2,1,1
455.0,B1,北,B2B1,B2B1_0,1,0,1,0
455.0,B1,北,B2B1,B2B1_1,1,0,0,0
455.0,B1,北,B2B1,B2B1_2,1,0,0,0
455.0,B1,东,C1B1,C1B1_0,0,0,0,0
455.0,B1,东,C1B1,C1B1_1,0,0,0,0
455.0,B1,东,C1B1,C1B1_2,0,0,0,0
455.0,B2,西,A2B2,A2B2_0,0,0,0,0
455.0,B2,西,A2B2,A2B2_1,0,0,0,0
455.0,B2,西,A2B2,A2B2_2,0,0,0,0
455.0,B2,南,B1B2,B1B2_0,2,1,0,0
455.0,B2,南,B1B2,B1B2_1,2,1,2,1
455.0,B2,南,B1B2,B1B2_2,2,1,0,0
455.0,B2,东,C2B2,C2B2_0,1,1,0,0
455.0,B2,东,C2B2,C2B2_1,1,1,1,0
455.0,B2,东,C2B2,C2B2_2,1,1,0,0
455.0,B2,北,top1B2,top1B2_0,2,1,0,0
455.0,B2,北,top1B2,top1B2_1,2,1,2,1
455.0,B2,北,top1B2,top1B2_2,2,1,0,0
455.0,C0,西,B0C0,B0C0_0,0,0,0,0
455.0,C0,西,B0C0,B0C0_1,0,0,0,0
455.0,C0,西,B0C0,B0C0_2,0,0,0,0
455.0,C0,北,C1C0,C1C0_0,3,0,0,0
455.0,C0,北,C1C0,C1C0_1,3,0,2,2
455.0,C0,北,C1C0,C1C0_2,3,0,1,1
455.0,C0,南,bottom2C0,bottom2C0_0,2,0,0,0
455.0,C0,南,bottom2C0,bottom2C0_1,2,0,1,1
455.0,C0,南,bottom2C0,bottom2C0_2,2,0,1,1
455.0,C0,东,right0C0,right0C0_0,1,0,1,0
455.0,C0,东,right0C0,right0C0_1,1,0,0,0
455.0,C0,东,right0C0,right0C0_2,1,0,0,0
455.0,C1,西,B1C1,B1C1_0,0,0,0,0
455.0,C1,西,B1C1,B1C1_1,0,0,0,0
455.0,C1,西,B1C1,B1C1_2,0,0,0,0
455.0,C1,南,C0C1,C0C1_0,3,0,1,0
455.0,C1,南,C0C1,C0C1_1,3,0,2,2
455.0,C1,南,C0C1,C0C1_2,3,0,0,0
455.0,C1,北,C2C1,C2C1_0,2,0,0,0
455.0,C1,北,C2C1,C2C1_1,2,0,2,0
455.0,C1,北,C2C1,C2C1_2,2,0,0,0
455.0,C1,东,right1C1,right1C1_0,2,0,1,0
455.0,C1,东,right1C1,right1C1_1,2,0,1,0
455.0,C1,东,right1C1,right1C1_2,2,0,0,0
455.0,C2,西,B2C2,B2C2_0,0,0,0,0
455.0,C2,西,B2C2,B2C2_1,0,0,0,0
455.0,C2,西,B2C2,B2C2_2,0,0,0,0
455.0,C2,南,C1C2,C1C2_0,1,0,0,0
455.0,C2,南,C1C2,C1C2_1,1,0,1,0
455.0,C2,南,C1C2,C1C2_2,1,0,0,0
455.0,C2,东,right2C2,right2C2_0,0,0,0,0
455.0,C2,东,right2C2,right2C2_1,0,0,0,0
455.0,C2,东,right2C2,right2C2_2,0,0,0,0
455.0,C2,北,top2C2,top2C2_0,4,0,0,0
455.0,C2,北,top2C2,top2C2_1,4,0,3,2
455.0,C2,北,top2C2,top2C2_2,4,0,1,1
460.0,A0,北,A1A0,A1A0_0,0,0,0,0
460.0,A0,北,A1A0,A1A0_1,0,0,0,0
460.0,A0,北,A1A0,A1A0_2,0,0,0,0
460.0,A0,东,B0A0,B0A0_0,0,0,0,0
460.0,A0,东,B0A0,B0A0_1,0,0,0,0
460.0,A0,东,B0A0,B0A0_2,0,0,0,0
460.0,A0,南,bottom0A0,bottom0A0_0,2,0,1,0
460.0,A0,南,bottom0A0,bottom0A0_1,2,0,1,1
460.0,A0,南,bottom0A0,bottom0A0_2,2,0,0,0
460.0,A0,西,left0A0,left0A0_0,0,0,0,0
460.0,A0,西,left0A0,left0A0_1,0,0,0,0
460.0,A0,西,left0A0,left0A0_2,0,0,0,0
460.0,A1,南,A0A1,A0A1_0,0,0,0,0
460.0,A1,南,A0A1,A0A1_1,0,0,0,0
460.0,A1,南,A0A1,A0A1_2,0,0,0,0
460.0,A1,北,A2A1,A2A1_0,1,0,0,0
460.0,A1,北,A2A1,A2A1_1,1,0,0,0
460.0,A1,北,A2A1,A2A1_2,1,0,1,1
460.0,A1,东,B1A1,B1A1_0,2,0,0,0
460.0,A1,东,B1A1,B1A1_1,2,0,2,2
460.0,A1,东,B1A1,B1A1_2,2,0,0,0
460.0,A1,西,left1A1,left1A1_0,2,0,1,0
460.0,A1,西,left1A1,left1A1_1,2,0,0,0
460.0,A1,西,left1A1,left1A1_2,2,0,1,0
460.0,A2,南,A1A2,A1A2_0,0,0,0,0
460.0,A2,南,A1A2,A1A2_1,0,0,0,0
460.0,A2,南,A1A2,A1A2_2,0,0,0,0
460.0,A2,东,B2A2,B2A2_0,1,0,0,0
460.0,A2,东,B2A2,B2A2_1,1,0,1,1
460.0,A2,东,B2A2,B2A2_2,1,0,0,0
460.0,A2,西,left2A2,left2A2_0,1,1,1,0
460.0,A2,西,left2A2,left2A2_1,1,1,0,0
460.0,A2,西,left2A2,left2A2_2,1,1,0,0
460.0,A2,北,top0A2,top0A2_0,2,0,0,0
460.0,A2,北,top0A2,top0A2_1,2,0,2,1
460.0,A2,北,top0A2,top0A2_2,2,0,0,0
460.0,B0,西,A0B0,A0B0_0,1,1,0,0
460.0,B0,西,A0B0,A0B0_1,1,1,0,0
460.0,B0,西,A0B0,A0B0_2,1,1,1,0
460.0,B0,北,B1B0,B1B0_0,0,0,0,0
460.0,B0,北,B1B0,B1B0_1,0,0,0,0
460.0,B0,北,B1B0,B1B0_2,0,0,0,0
460.0,B0,东,C0B0,C0B0_0,0,0,0,0
460.0,B0,东,C0B0,C0B0_1,0,0,0,0
460.0,B0,东,C0B0,C0B0_2,0,0,0,0
460.0,B0,南,bottom1B0,bottom1B0_0,1,0,0,0
460.0,B0,南,bottom1B0,bottom1B0_1,1,0,1,0
460.0,B0,南,bottom1B0,bottom1B0_2,1,0,0,0
460.0,B1,西,A1B1,A1B1_0,0,0,0,0
460.0,B1,西,A1B1,A1B1_1,0,0,0,0
460.0,B1,西,A1B1,A1B1_2,0,0,0,0
460.0,B1,南,B0B1,B0B1_0,5,0,3,0
460.0,B1,南,B0B1,B0B1_1,5,0,1,1
460.0,B1,南,B0B1,B0B1_2,5,0,1,1
460.0,B1,北,B2B1,B2B1_0,1,0,1,0
460.0,B1,北,B2B1,B2B1_1,1,0,0,0
460.0,B1,北,B2B1,B2B1_2,1,0,0,0
460.0,B1,东,C1B1,C1B1_0,0,0,0,0
460.0,B1,东,C1B1,C1B1_1,0,0,0,0
460.0,B1,东,C1B1,C1B1_2,0,0,0,0
460.0,B2,西,A2B2,A2B2_0,1,1,0,0
460.0,B2,西,A2B2,A2B2_1,1,1,1,0
460.0,B2,西,A2B2,A2B2_2,1,1,0,0
460.0,B2,南,B1B2,B1B2_0,3,1,0,0
460.0,B2,南,B1B2,B1B2_1,3,1,3,1
460.0,B2,南,B1B2,B1B2_2,3,1,0,0
460.0,B2,东,C2B2,C2B2_0,1,0,0,0
460.0,B2,东,C2B2,C2B2_1,1,0,1,0
460.0,B2,东,C2B2,C2B2_2,1,0,0,0
460.0,B2,北,top1B2,top1B2_0,2,0,0,0
460.0,B2,北,top1B2,top1B2_1,2,0,2,1
460.0,B2,北,top1B2,top1B2_2,2,0,0,0
460.0,C0,西,B0C0,B0C0_0,0,0,0,0
460.0,C0,西,B0C0,B0C0_1,0,0,0,0
460.0,C0,西,B0C0,B0C0_2,0,0,0,0
460.0,C0,北,C1C0,C1C0_0,4,1,0,0
460.0,C0,北,C1C0,C1C0_1,4,1,2,2
460.0,C0,北,C1C0,C1C0_2,4,1,2,1
460.0,C0,南,bottom2C0,bottom2C0_0,2,0,0,0
460.0,C0,南,bottom2C0,bottom2C0_1,2,0,1,1
460.0,C0,南,bottom2C0,bottom2C0_2,2,0,1,1
460.0,C0,东,right0C0,right0C0_0,1,0,1,0
460.0,C0,东,right0C0,right0C0_1,1,0,0,0
460.0,C0,东,right0C0,right0C0_2,1,0,0,0
460.0,C1,西,B1C1,B1C1_0,0,0,0,0
460.0,C1,西,B1C1,B1C1_1,0,0,0,0
460.0,C1,西,B1C1,B1C1_2,0,0,0,0
460.0,C1,南,C0C1,C0C1_0,3,0,1,1
460.0,C1,南,C0C1,C0C1_1,3,0,2,2
460.0,C1,南,C0C1,C0C1_2,3,0,0,0
460.0,C1,北,C2C1,C2C1_0,2,0,0,0
460.0,C1,北,C2C1,C2C1_1,2,0,2,0
460.0,C1,北,C2C1,C2C1_2,2,0,0,0
460.0,C1,东,right1C1,right1C1_0,2,0,1,0
460.0,C1,东,right1C1,right1C1_1,2,0,1,0
460.0,C1,东,right1C1,right1C1_2,2,0,0,0
460.0,C2,西,B2C2,B2C2_0,0,0,0,0
460.0,C2,西,B2C2,B2C2_1,0,0,0,0
460.0,C2,西,B2C2,B2C2_2,0,0,0,0
460.0,C2,南,C1C2,C1C2_0,1,0,0,0
460.0,C2,南,C1C2,C1C2_1,1,0,1,0
460.0,C2,南,C1C2,C1C2_2,1,0,0,0
460.0,C2,东,right2C2,right2C2_0,1,1,1,0
460.0,C2,东,right2C2,right2C2_1,1,1,0,0
460.0,C2,东,right2C2,right2C2_2,1,1,0,0
460.0,C2,北,top2C2,top2C2_0,4,0,1,0
460.0,C2,北,top2C2,top2C2_1,4,0,2,2
460.0,C2,北,top2C2,top2C2_2,4,0,1,1
465.0,A0,北,A1A0,A1A0_0,1,1,0,0
465.0,A0,北,A1A0,A1A0_1,1,1,0,0
465.0,A0,北,A1A0,A1A0_2,1,1,1,0
465.0,A0,东,B0A0,B0A0_0,0,0,0,0
465.0,A0,东,B0A0,B0A0_1,0,0,0,0
465.0,A0,东,B0A0,B0A0_2,0,0,0,0
465.0,A0,南,bottom0A0,bottom0A0_0,2,0,1,0
465.0,A0,南,bottom0A0,bottom0A0_1,2,0,1,1
465.0,A0,南,bottom0A0,bottom0A0_2,2,0,0,0
465.0,A0,西,left0A0,left0A0_0,0,0,0,0
465.0,A0,西,left0A0,left0A0_1,0,0,0,0
465.0,A0,西,left0A0,left0A0_2,0,0,0,0
465.0,A1,南,A0A1,A0A1_0,0,0,0,0
465.0,A1,南,A0A1,A0A1_1,0,0,0,0
465.0,A1,南,A0A1,A0A1_2,0,0,0,0
465.0,A1,北,A2A1,A2A1_0,1,0,0,0
465.0,A1,北,A2A1,A2A1_1,1,0,0,0
465.0,A1,北,A2A1,A2A1_2,1,0,1,1
465.0,A1,东,B1A1,B1A1_0,2,0,0,0
465.0,A1,东,B1A1,B1A1_1,2,0,2,2
465.0,A1,东,B1A1,B1A1_2,2,0,0,0
465.0,A1,西,left1A1,left1A1_0,1,0,0,0
465.0,A1,西,left1A1,left1A1_1,1,0,0,0
465.0,A1,西,left1A1,left1A1_2,1,0,1,0
465.0,A2,南,A1A2,A1A2_0,0,0,0,0
465.0,A2,南,A1A2,A1A2_1,0,0,0,0
465.0,A2,南,A1A2,A1A2_2,0,0,0,0
465.0,A2,东,B2A2,B2A2_0,1,0,0,0
465.0,A2,东,B2A2,B2A2_1,1,0,1,1
465.0,A2,东,B2A2,B2A2_2,1,0,0,0
465.0,A2,西,left2A2,left2A2_0,1,0,0,0
465.0,A2,西,left2A2,left2A2_1,1,0,1,0
465.0,A2,西,left2A2,left2A2_2,1,0,0,0
465.0,A2,北,top0A2,top0A2_0,2,0,0,0
465.0,A2,北,top0A2,top0A2_1,2,0,2,1
465.0,A2,北,top0A2,top0A2_2,2,0,0,0
465.0,B0,西,A0B0,A0B0_0,1,0,0,0
465.0,B0,西,A0B0,A0B0_1,1,0,0,0
465.0,B0,西,A0B0,A0B0_2,1,0,1,0
465.0,B0,北,B1B0,B1B0_0,0,0,0,0
465.0,B0,北,B1B0,B1B0_1,0,0,0,0
465.0,B0,北,B1B0,B1B0_2,0,0,0,0
465.0,B0,东,C0B0,C0B0_0,0,0,0,0
465.0,B0,东,C0B0,C0B0_1,0,0,0,0
465.0,B0,东,C0B0,C0B0_2,0,0,0,0
465.0,B0,南,bottom1B0,bottom1B0_0,1,0,0,0
465.0,B0,南,bottom1B0,bottom1B0_1,1,0,1,0
465.0,B0,南,bottom1B0,bottom1B0_2,1,0,0,0
465.0,B1,西,A1B1,A1B1_0,0,0,0,0
465.0,B1,西,A1B1,A1B1_1,0,0,0,0
465.0,B1,西,A1B1,A1B1_2,0,0,0,0
465.0,B1,南,B0B1,B0B1_0,5,0,3,0
465.0,B1,南,B0B1,B0B1_1,5,0,1,1
465.0,B1,南,B0B1,B0B1_2,5,0,1,1
465.0,B1,北,B2B1,B2B1_0,1,0,1,0
465.0,B1,北,B2B1,B2B1_1,1,0,0,0
465.0,B1,北,B2B1,B2B1_2,1,0,0,0
465.0,B1,东,C1B1,C1B1_0,0,0,0,0
465.0,B1,东,C1B1,C1B1_1,0,0,0,0
465.0,B1,东,C1B1,C1B1_2,0,0,0,0
465.0,B2,西,A2B2,A2B2_0,1,0,0,0
465.0,B2,西,A2B2,A2B2_1,1,0,1,0
465.0,B2,西,A2B2,A2B2_2,1,0,0,0
465.0,B2,南,B1B2,B1B2_0,3,0,0,0
465.0,B2,南,B1B2,B1B2_1,3,0,3,1
465.0,B2,南,B1B2,B1B2_2,3,0,0,0
465.0,B2,东,C2B2,C2B2_0,1,0,0,0
465.0,B2,东,C2B2,C2B2_1,1,0,1,0
465.0,B2,东,C2B2,C2B2_2,1,0,0,0
465.0,B2,北,top1B2,top1B2_0,2,0,0,0
465.0,B2,北,top1B2,top1B2_1,2,0,2,1
465.0,B2,北,top1B2,top1B2_2,2,0,0,0
465.0,C0,西,B0C0,B0C0_0,0,0,0,0
465.0,C0,西,B0C0,B0C0_1,0,0,0,0
465.0,C0,西,B0C0,B0C0_2,0,0,0,0
465.0,C0,北,C1C0,C1C0_0,4,0,0,0
465.0,C0,北,C1C0,C1C0_1,4,0,2,2
465.0,C0,北,C1C0,C1C0_2,4,0,2,1
465.0,C0,南,bottom2C0,bottom2C0_0,2,0,0,0
465.0,C0,南,bottom2C0,bottom2C0_1,2,0,1,1
465.0,C0,南,bottom2C0,bottom2C0_2,2,0,1,1
465.0,C0,东,right0C0,right0C0_0,1,0,1,0
465.0,C0,东,right0C0,right0C0_1,1,0,0,0
465.0,C0,东,right0C0,right0C0_2,1,0,0,0
465.0,C1,西,B1C1,B1C1_0,0,0,0,0
465.0,C1,西,B1C1,B1C1_1,0,0,0,0
465.0,C1,西,B1C1,B1C1_2,0,0,0,0
465.0,C1,南,C0C1,C0C1_0,2,0,0,0
465.0,C1,南,C0C1,C0C1_1,2,0,2,2
465.0,C1,南,C0C1,C0C1_2,2,0,0,0
465.0,C1,北,C2C1,C2C1_0,2,0,0,0
465.0,C1,北,C2C1,C2C1_1,2,0,2,0
465.0,C1,北,C2C1,C2C1_2,2,0,0,0
465.0,C1,东,right1C1,right1C1_0,1,0,0,0
465.0,C1,东,right1C1,right1C1_1,1,0,1,0
465.0,C1,东,right1C1,right1C1_2,1,0,0,0
465.0,C2,西,B2C2,B2C2_0,0,0,0,0
465.0,C2,西,B2C2,B2C2_1,0,0,0,0
465.0,C2,西,B2C2,B2C2_2,0,0,0,0
465.0,C2,南,C1C2,C1C2_0,1,0,0,0
465.0,C2,南,C1C2,C1C2_1,1,0,1,0
465.0,C2,南,C1C2,C1C2_2,1,0,0,0
465.0,C2,东,right2C2,right2C2_0,1,0,0,0
465.0,C2,东,right2C2,right2C2_1,1,0,1,0
465.0,C2,东,right2C2,right2C2_2,1,0,0,0
465.0,C2,北,top2C2,top2C2_0,4,0,1,0
465.0,C2,北,top2C2,top2C2_1,4,0,2,2
465.0,C2,北,top2C2,top2C2_2,4,0,1,1
470.0,A0,北,A1A0,A1A0_0,1,0,0,0
470.0,A0,北,A1A0,A1A0_1,1,0,0,0
470.0,A0,北,A1A0,A1A0_2,1,0,1,0
470.0,A0,东,B0A0,B0A0_0,0,0,0,0
470.0,A0,东,B0A0,B0A0_1,0,0,0,0
470.0,A0,东,B0A0,B0A0_2,0,0,0,0
470.0,A0,南,bottom0A0,bottom0A0_0,2,0,1,0
470.0,A0,南,bottom0A0,bottom0A0_1,2,0,1,1
470.0,A0,南,bottom0A0,bottom0A0_2,2,0,0,0
470.0,A0,西,left0A0,left0A0_0,0,0,0,0
470.0,A0,西,left0A0,left0A0_1,0,0,0,0
470.0,A0,西,left0A0,left0A0_2,0,0,0,0
470.0,A1,南,A0A1,A0A1_0,0,0,0,0
470.0,A1,南,A0A1,A0A1_1,0,0,0,0
470.0,A1,南,A0A1,A0A1_2,0,0,0,0
470.0,A1,北,A2A1,A2A1_0,1,0,0,0
470.0,A1,北,A2A1,A2A1_1,1,0,0,0
470.0,A1,北,A2A1,A2A1_2,1,0,1,1
470.0,A1,东,B1A1,B1A1_0,2,0,0,0
470.0,A1,东,B1A1,B1A1_1,2,0,2,2
470.0,A1,东,B1A1,B1A1_2,2,0,0,0
470.0,A1,西,left1A1,left1A1_0,0,0,0,0
470.0,A1,西,left1A1,left1A1_1,0,0,0,0
470.0,A1,西,left1A1,left1A1_2,0,0,0,0
470.0,A2,南,A1A2,A1A2_0,1,1,0,0
470.0,A2,南,A1A2,A1A2_1,1,1,0,0
470.0,A2,南,A1A2,A1A2_2,1,1,1,0
470.0,A2,东,B2A2,B2A2_0,1,0,0,0
470.0,A2,东,B2A2,B2A2_1,1,0,1,1
470.0,A2,东,B2A2,B2A2_2,1,0,0,0
470.0,A2,西,left2A2,left2A2_0,1,0,0,0
470.0,A2,西,left2A2,left2A2_1,1,0,1,0
470.0,A2,西,left2A2,left2A2_2,1,0,0,0
470.0,A2,北,top0A2,top0A2_0,2,0,0,0
470.0,A2,北,top0A2,top0A2_1,2,0,2,1
470.0,A2,北,top0A2,top0A2_2,2,0,0,0
470.0,B0,西,A0B0,A0B0_0,1,0,0,0
470.0,B0,西,A0B0,A0B0_1,1,0,0,0
470.0,B0,西,A0B0,A0B0_2,1,0,1,0
470.0,B0,北,B1B0,B1B0_0,0,0,0,0
470.0,B0,北,B1B0,B1B0_1,0,0,0,0
470.0,B0,北,B1B0,B1B0_2,0,0,0,0
470.0,B0,东,C0B0,C0B0_0,0,0,0,0
470.0,B0,东,C0B0,C0B0_1,0,0,0,0
470.0,B0,东,C0B0,C0B0_2,0,0,0,0
470.0,B0,南,bottom1B0,bottom1B0_0,1,0,0,0
470.0,B0,南,bottom1B0,bottom1B0_1,1,0,1,0
470.0,B0,南,bottom1B0,bottom1B0_2,1,0,0,0
470.0,B1,西,A1B1,A1B1_0,0,0,0,0
470.0,B1,西,A1B1,A1B1_1,0,0,0,0
470.0,B1,西,A1B1,A1B1_2,0,0,0,0
470.0,B1,南,B0B1,B0B1_0,5,0,3,0
470.0,B1,南,B0B1,B0B1_1,5,0,1,1
470.0,B1,南,B0B1,B0B1_2,5,0,1,1
470.0,B1,北,B2B1,B2B1_0,1,0,1,0
470.0,B1,北,B2B1,B2B1_1,1,0,0,0
470.0,B1,北,B2B1,B2B1_2,1,0,0,0
470.0,B1,东,C1B1,C1B1_0,0,0,0,0
470.0,B1,东,C1B1,C1B1_1,0,0,0,0
470.0,B1,东,C1B1,C1B1_2,0,0,0,0
470.0,B2,西,A2B2,A2B2_0,1,0,0,0
470.0,B2,西,A2B2,A2B2_1,1,0,1,0
470.0,B2,西,A2B2,A2B2_2,1,0,0,0
470.0,B2,南,B1B2,B1B2_0,3,0,0,0
470.0,B2,南,B1B2,B1B2_1,3,0,3,1
470.0,B2,南,B1B2,B1B2_2,3,0,0,0
470.0,B2,东,C2B2,C2B2_0,1,0,0,0
470.0,B2,东,C2B2,C2B2_1,1,0,1,0
470.0,B2,东,C2B2,C2B2_2,1,0,0,0
470.0,B2,北,top1B2,top1B2_0,3,1,0,0
470.0,B2,北,top1B2,top1B2_1,3,1,3,1
470.0,B2,北,top1B2,top1B2_2,3,1,0,0
470.0,C0,西,B0C0,B0C0_0,0,0,0,0
470.0,C0,西,B0C0,B0C0_1,0,0,0,0
470.0,C0,西,B0C0,B0C0_2,0,0,0,0
470.0,C0,北,C1C0,C1C0_0,4,0,0,0
470.0,C0,北,C1C0,C1C0_1,4,0,2,2
470.0,C0,北,C1C0,C1C0_2,4,0,2,1
470.0,C0,南,bottom2C0,bottom2C0_0,2,0,0,0
470.0,C0,南,bottom2C0,bottom2C0_1,2,0,1,1
470.0,C0,南,bottom2C0,bottom2C0_2,2,0,1,1
470.0,C0,东,right0C0,right0C0_0,1,0,1,0
470.0,C0,东,right0C0,right0C0_1,1,0,0,0
470.0,C0,东,right0C0,right0C0_2,1,0,0,0
470.0,C1,西,B1C1,B1C1_0,0,0,0,0
470.0,C1,西,B1C1,B1C1_1,0,0,0,0
470.0,C1,西,B1C1,B1C1_2,0,0,0,0
470.0,C1,南,C0C1,C0C1_0,2,0,0,0
470.0,C1,南,C0C1,C0C1_1,2,0,2,2
470.0,C1,南,C0C1,C0C1_2,2,0,0,0
470.0,C1,北,C2C1,C2C1_0,2,0,0,0
470.0,C1,北,C2C1,C2C1_1,2,0,2,0
470.0,C1,北,C2C1,C2C1_2,2,0,0,0
470.0,C1,东,right1C1,right1C1_0,1,0,0,0
470.0,C1,东,right1C1,right1C1_1,1,0,1,0
470.0,C1,东,right1C1,right1C1_2,1,0,0,0
470.0,C2,西,B2C2,B2C2_0,0,0,0,0
470.0,C2,西,B2C2,B2C2_1,0,0,0,0
470.0,C2,西,B2C2,B2C2_2,0,0,0,0
470.0,C2,南,C1C2,C1C2_0,2,1,0,0
470.0,C2,南,C1C2,C1C2_1,2,1,1,0
470.0,C2,南,C1C2,C1C2_2,2,1,1,0
470.0,C2,东,right2C2,right2C2_0,2,1,0,0
470.0,C2,东,right2C2,right2C2_1,2,1,2,0
470.0,C2,东,right2C2,right2C2_2,2,1,0,0
470.0,C2,北,top2C2,top2C2_0,4,0,1,0
470.0,C2,北,top2C2,top2C2_1,4,0,2,2
470.0,C2,北,top2C2,top2C2_2,4,0,1,1
475.0,A0,北,A1A0,A1A0_0,1,0,0,0
475.0,A0,北,A1A0,A1A0_1,1,0,0,0
475.0,A0,北,A1A0,A1A0_2,1,0,1,0
475.0,A0,东,B0A0,B0A0_0,0,0,0,0
475.0,A0,东,B0A0,B0A0_1,0,0,0,0
475.0,A0,东,B0A0,B0A0_2,0,0,0,0
475.0,A0,南,bottom0A0,bottom0A0_0,1,0,0,0
475.0,A0,南,bottom0A0,bottom0A0_1,1,0,1,1
475.0,A0,南,bottom0A0,bottom0A0_2,1,0,0,0
475.0,A0,西,left0A0,left0A0_0,1,1,0,0
475.0,A0,西,left0A0,left0A0_1,1,1,1,0
475.0,A0,西,left0A0,left0A0_2,1,1,0,0
475.0,A1,南,A0A1,A0A1_0,0,0,0,0
475.0,A1,南,A0A1,A0A1_1,0,0,0,0
475.0,A1,南,A0A1,A0A1_2,0,0,0,0
475.0,A1,北,A2A1,A2A1_0,1,0,0,0
475.0,A1,北,A2A1,A2A1_1,1,0,0,0
475.0,A1,北,A2A1,A2A1_2,1,0,1,1
475.0,A1,东,B1A1,B1A1_0,1,0,0,0
475.0,A1,东,B1A1,B1A1_1,1,0,1,0
475.0,A1,东,B1A1,B1A1_2,1,0,0,0
475.0,A1,西,left1A1,left1A1_0,0,0,0,0
475.0,A1,西,left1A1,left1A1_1,0,0,0,0
475.0,A1,西,left1A1,left1A1_2,0,0,0,0
475.0,A2,南,A1A2,A1A2_0,1,0,0,0
475.0,A2,南,A1A2,A1A2_1,1,0,0,0
475.0,A2,南,A1A2,A1A2_2,1,0,1,0
475.0,A2,东,B2A2,B2A2_0,0,0,0,0
475.0,A2,东,B2A2,B2A2_1,0,0,0,0
475.0,A2,东,B2A2,B2A2_2,0,0,0,0
475.0,A2,西,left2A2,left2A2_0,1,0,0,0
475.0,A2,西,left2A2,left2A2_1,1,0,1,0
475.0,A2,西,left2A2,left2A2_2,1,0,0,0
475.0,A2,北,top0A2,top0A2_0,2,0,0,0
475.0,A2,北,top0A2,top0A2_1,2,0,2,2
475.0,A2,北,top0A2,top0A2_2,2,0,0,0
475.0,B0,西,A0B0,A0B0_0,1,0,0,0
475.0,B0,西,A0B0,A0B0_1,1,0,0,0
475.0,B0,西,A0B0,A0B0_2,1,0,1,0
475.0,B0,北,B1B0,B1B0_0,0,0,0,0
475.0,B0,北,B1B0,B1B0_1,0,0,0,0
475.0,B0,北,B1B0,B1B0_2,0,0,0,0
475.0,B0,东,C0B0,C0B0_0,0,0,0,0
475.0,B0,东,C0B0,C0B0_1,0,0,0,0
475.0,B0,东,C0B0,C0B0_2,0,0,0,0
475.0,B0,南,bottom1B0,bottom1B0_0,1,0,0,0
475.0,B0,南,bottom1B0,bottom1B0_1,1,0,1,0
475.0,B0,南,bottom1B0,bottom1B0_2,1,0,0,0
475.0,B1,西,A1B1,A1B1_0,0,0,0,0
475.0,B1,西,A1B1,A1B1_1,0,0,0,0
475.0,B1,西,A1B1,A1B1_2,0,0,0,0
475.0,B1,南,B0B1,B0B1_0,4,0,2,0
475.0,B1,南,B0B1,B0B1_1,4,0,1,1
475.0,B1,南,B0B1,B0B1_2,4,0,1,1
475.0,B1,北,B2B1,B2B1_0,1,0,1,0
475.0,B1,北,B2B1,B2B1_1,1,0,0,0
475.0,B1,北,B2B1,B2B1_2,1,0,0,0
475.0,B1,东,C1B1,C1B1_0,0,0,0,0
475.0,B1,东,C1B1,C1B1_1,0,0,0,0
475.0,B1,东,C1B1,C1B1_2,0,0,0,0
475.0,B2,西,A2B2,A2B2_0,1,0,0,0
475.0,B2,西,A2B2,A2B2_1,1,0,1,0
475.0,B2,西,A2B2,A2B2_2,1,0,0,0
475.0,B2,南,B1B2,B1B2_0,3,0,0,0
475.0,B2,南,B1B2,B1B2_1,3,0,3,1
475.0,B2,南,B1B2,B1B2_2,3,0,0,0
475.0,B2,东,C2B2,C2B2_0,1,1,0,0
475.0,B2,东,C2B2,C2B2_1,1,1,1,0
475.0,B2,东,C2B2,C2B2_2,1,1,0,0
475.0,B2,北,top1B2,top1B2_0,3,0,0,0
475.0,B2,北,top1B2,top1B2_1,3,0,3,2
475.0,B2,北,top1B2,top1B2_2,3,0,0,0
475.0,C0,西,B0C0,B0C0_0,0,0,0,0
475.0,C0,西,B0C0,B0C0_1,0,0,0,0
475.0,C0,西,B0C0,B0C0_2,0,0,0,0
475.0,C0,北,C1C0,C1C0_0,4,0,0,0
475.0,C0,北,C1C0,C1C0_1,4,0,2,2
475.0,C0,北,C1C0,C1C0_2,4,0,2,1
475.0,C0,南,bottom2C0,bottom2C0_0,3,1,0,0
475.0,C0,南,bottom2C0,bottom2C0_1,3,1,2,1
475.0,C0,南,bottom2C0,bottom2C0_2,3,1,1,1
475.0,C0,东,right0C0,right0C0_0,0,0,0,0
475.0,C0,东,right0C0,right0C0_1,0,0,0,0
475.0,C0,东,right0C0,right0C0_2,0,0,0,0
475.0,C1,西,B1C1,B1C1_0,0,0,0,0
475.0,C1,西,B1C1,B1C1_1,0,0,0,0
475.0,C1,西,B1C1,B1C1_2,0,0,0,0
475.0,C1,南,C0C1,C0C1_0,3,1,0,0
475.0,C1,南,C0C1,C0C1_1,3,1,3,2
475.0,C1,南,C0C1,C0C1_2,3,1,0,0
475.0,C1,北,C2C1,C2C1_0,2,0,0,0
475.0,C1,北,C2C1,C2C1_1,2,0,2,2
475.0,C1,北,C2C1,C2C1_2,2,0,0,0
475.0,C1,东,right1C1,right1C1_0,0,0,0,0
475.0,C1,东,right1C1,right1C1_1,0,0,0,0
475.0,C1,东,right1C1,right1C1_2,0,0,0,0
475.0,C2,西,B2C2,B2C2_0,0,0,0,0
475.0,C2,西,B2C2,B2C2_1,0,0,0,0
475.0,C2,西,B2C2,B2C2_2,0,0,0,0
475.0,C2,南,C1C2,C1C2_0,2,0,0,0
475.0,C2,南,C1C2,C1C2_1,2,0,1,1
475.0,C2,南,C1C2,C1C2_2,2,0,1,0
475.0,C2,东,right2C2,right2C2_0,2,0,0,0
475.0,C2,东,right2C2,right2C2_1,2,0,2,0
475.0,C2,东,right2C2,right2C2_2,2,0,0,0
475.0,C2,北,top2C2,top2C2_0,3,0,0,0
475.0,C2,北,top2C2,top2C2_1,3,0,2,2
475.0,C2,北,top2C2,top2C2_2,3,0,1,1
480.0,A0,北,A1A0,A1A0_0,1,0,0,0
480.0,A0,北,A1A0,A1A0_1,1,0,0,0
480.0,A0,北,A1A0,A1A0_2,1,0,1,0
480.0,A0,东,B0A0,B0A0_0,0,0,0,0
480.0,A0,东,B0A0,B0A0_1,0,0,0,0
480.0,A0,东,B0A0,B0A0_2,0,0,0,0
480.0,A0,南,bottom0A0,bottom0A0_0,1,0,0,0
480.0,A0,南,bottom0A0,bottom0A0_1,1,0,1,1
480.0,A0,南,bottom0A0,bottom0A0_2,1,0,0,0
480.0,A0,西,left0A0,left0A0_0,1,0,0,0
480.0,A0,西,left0A0,left0A0_1,1,0,1,0
480.0,A0,西,left0A0,left0A0_2,1,0,0,0
480.0,A1,南,A0A1,A0A1_0,0,0,0,0
480.0,A1,南,A0A1,A0A1_1,0,0,0,0
480.0,A1,南,A0A1,A0A1_2,0,0,0,0
480.0,A1,北,A2A1,A2A1_0,1,0,0,0
480.0,A1,北,A2A1,A2A1_1,1,0,0,0
480.0,A1,北,A2A1,A2A1_2,1,0,1,1
480.0,A1,东,B1A1,B1A1_0,0,0,0,0
480.0,A1,东,B1A1,B1A1_1,0,0,0,0
480.0,A1,东,B1A1,B1A1_2,0,0,0,0
480.0,A1,西,left1A1,left1A1_0,0,0,0,0
480.0,A1,西,left1A1,left1A1_1,0,0,0,0
480.0,A1,西,left1A1,left1A1_2,0,0,0,0
480.0,A2,南,A1A2,A1A2_0,1,0,0,0
480.0,A2,南,A1A2,A1A2_1,1,0,0,0
480.0,A2,南,A1A2,A1A2_2,1,0,1,0
480.0,A2,东,B2A2,B2A2_0,1,1,1,0
480.0,A2,东,B2A2,B2A2_1,1,1,0,0
480.0,A2,东,B2A2,B2A2_2,1,1,0,0
480.0,A2,西,left2A2,left2A2_0,1,0,0,0
480.0,A2,西,left2A2,left2A2_1,1,0,1,0
480.0,A2,西,left2A2,left2A2_2,1,0,0,0
480.0,A2,北,top0A2,top0A2_0,2,0,0,0
480.0,A2,北,top0A2,top0A2_1,2,0,2,2
480.0,A2,北,top0A2,top0A2_2,2,0,0,0
480.0,B0,西,A0B0,A0B0_0,2,1,0,0
480.0,B0,西,A0B0,A0B0_1,2,1,1,0
480.0,B0,西,A0B0,A0B0_2,2,1,1,1
480.0,B0,北,B1B0,B1B0_0,0,0,0,0
480.0,B0,北,B1B0,B1B0_1,0,0,0,0
480.0,B0,北,B1B0,B1B0_2,0,0,0,0
480.0,B0,东,C0B0,C0B0_0,0,0,0,0
480.0,B0,东,C0B0,C0B0_1,0,0,0,0
480.0,B0,东,C0B0,C0B0_2,0,0,0,0
480.0,B0,南,bottom1B0,bottom1B0_0,1,0,0,0
480.0,B0,南,bottom1B0,bottom1B0_1,1,0,1,1
480.0,B0,南,bottom1B0,bottom1B0_2,1,0,0,0
480.0,B1,西,A1B1,A1B1_0,0,0,0,0
480.0,B1,西,A1B1,A1B1_1,0,0,0,0
480.0,B1,西,A1B1,A1B1_2,0,0,0,0
480.0,B1,南,B0B1,B0B1_0,3,0,1,0
480.0,B1,南,B0B1,B0B1_1,3,0,1,1
480.0,B1,南,B0B1,B0B1_2,3,0,1,1
480.0,B1,北,B2B1,B2B1_0,0,0,0,0
480.0,B1,北,B2B1,B2B1_1,0,0,0,0
480.0,B1,北,B2B1,B2B1_2,0,0,0,0
480.0,B1,东,C1B1,C1B1_0,1,1,0,0
480.0,B1,东,C1B1,C1B1_1,1,1,1,0
480.0,B1,东,C1B1,C1B1_2,1,1,0,0
480.0,B2,西,A2B2,A2B2_0,1,0,0,0
480.0,B2,西,A2B2,A2B2_1,1,0,1,0
480.0,B2,西,A2B2,A2B2_2,1,0,0,0
480.0,B2,南,B1B2,B1B2_0,3,0,0,0
480.0,B2,南,B1B2,B1B2_1,3,0,3,2
480.0,B2,南,B1B2,B1B2_2,3,0,0,0
480.0,B2,东,C2B2,C2B2_0,1,0,0,0
480.0,B2,东,C2B2,C2B2_1,1,0,1,0
480.0,B2,东,C2B2,C2B2_2,1,0,0,0
480.0,B2,北,top1B2,top1B2_0,3,0,0,0
480.0,B2,北,top1B2,top1B2_1,3,0,3,2
480.0,B2,北,top1B2,top1B2_2,3,0,0,0
480.0,C0,西,B0C0,B0C0_0,0,0,0,0
480.0,C0,西,B0C0,B0C0_1,0,0,0,0
480.0,C0,西,B0C0,B0C0_2,0,0,0,0
480.0,C0,北,C1C0,C1C0_0,4,0,0,0
480.0,C0,北,C1C0,C1C0_1,4,0,2,2
480.0,C0,北,C1C0,C1C0_2,4,0,2,1
480.0,C0,南,bottom2C0,bottom2C0_0,4,1,0,0
480.0,C0,南,bottom2C0,bottom2C0_1,4,1,3,1
480.0,C0,南,bottom2C0,bottom2C0_2,4,1,1,1
480.0,C0,东,right0C0,right0C0_0,0,0,0,0
480.0,C0,东,right0C0,right0C0_1,0,0,0,0
480.0,C0,东,right0C0,right0C0_2,0,0,0,0
480.0,C1,西,B1C1,B1C1_0,1,1,0,0
480.0,C1,西,B1C1,B1C1_1,1,1,0,0
480.0,C1,西,B1C1,B1C1_2,1,1,1,0
480.0,C1,南,C0C1,C0C1_0,3,0,0,0
480.0,C1,南,C0C1,C0C1_1,3,0,3,2
480.0,C1,南,C0C1,C0C1_2,3,0,0,0
480.0,C1,北,C2C1,C2C1_0,2,0,0,0
480.0,C1,北,C2C1,C2C1_1,2,0,2,2
480.0,C1,北,C2C1,C2C1_2,2,0,0,0
480.0,C1,东,right1C1,right1C1_0,0,0,0,0
480.0,C1,东,right1C1,right1C1_1,0,0,0,0
480.0,C1,东,right1C1,right1C1_2,0,0,0,0
480.0,C2,西,B2C2,B2C2_0,0,0,0,0
480.0,C2,西,B2C2,B2C2_1,0,0,0,0
480.0,C2,西,B2C2,B2C2_2,0,0,0,0
480.0,C2,南,C1C2,C1C2_0,2,0,0,0
480.0,C2,南,C1C2,C1C2_1,2,0,1,1
480.0,C2,南,C1C2,C1C2_2,2,0,1,0
480.0,C2,东,right2C2,right2C2_0,2,0,0,0
480.0,C2,东,right2C2,right2C2_1,2,0,2,0
480.0,C2,东,right2C2,right2C2_2,2,0,0,0
480.0,C2,北,top2C2,top2C2_0,3,0,0,0
480.0,C2,北,top2C2,top2C2_1,3,0,2,2
480.0,C2,北,top2C2,top2C2_2,3,0,1,1
485.0,A0,北,A1A0,A1A0_0,1,0,0,0
485.0,A0,北,A1A0,A1A0_1,1,0,0,0
485.0,A0,北,A1A0,A1A0_2,1,0,1,0
485.0,A0,东,B0A0,B0A0_0,0,0,0,0
485.0,A0,东,B0A0,B0A0_1,0,0,0,0
485.0,A0,东,B0A0,B0A0_2,0,0,0,0
485.0,A0,南,bottom0A0,bottom0A0_0,0,0,0,0
485.0,A0,南,bottom0A0,bottom0A0_1,0,0,0,0
485.0,A0,南,bottom0A0,bottom0A0_2,0,0,0,0
485.0,A0,西,left0A0,left0A0_0,1,0,0,0
485.0,A0,西,left0A0,left0A0_1,1,0,1,0
485.0,A0,西,left0A0,left0A0_2,1,0,0,0
485.0,A1,南,A0A1,A0A1_0,0,0,0,0
485.0,A1,南,A0A1,A0A1_1,0,0,0,0
485.0,A1,南,A0A1,A0A1_2,0,0,0,0
485.0,A1,北,A2A1,A2A1_0,1,0,0,0
485.0,A1,北,A2A1,A2A1_1,1,0,0,0
485.0,A1,北,A2A1,A2A1_2,1,0,1,1
485.0,A1,东,B1A1,B1A1_0,1,1,0,0
485.0,A1,东,B1A1,B1A1_1,1,1,1,0
485.0,A1,东,B1A1,B1A1_2,1,1,0,0
485.0,A1,西,left1A1,left1A1_0,0,0,0,0
485.0,A1,西,left1A1,left1A1_1,0,0,0,0
485.0,A1,西,left1A1,left1A1_2,0,0,0,0
485.0,A2,南,A1A2,A1A2_0,1,0,0,0
485.0,A2,南,A1A2,A1A2_1,1,0,0,0
485.0,A2,南,A1A2,A1A2_2,1,0,1,0
485.0,A2,东,B2A2,B2A2_0,1,0,1,0
485.0,A2,东,B2A2,B2A2_1,1,0,0,0
485.0,A2,东,B2A2,B2A2_2,1,0,0,0
485.0,A2,西,left2A2,left2A2_0,1,0,0,0
485.0,A2,西,left2A2,left2A2_1,1,0,1,1
485.0,A2,西,left2A2,left2A2_2,1,0,0,0
485.0,A2,北,top0A2,top0A2_0,1,0,0,0
485.0,A2,北,top0A2,top0A2_1,1,0,1,0
485.0,A2,北,top0A2,top0A2_2,1,0,0,0
485.0,B0,西,A0B0,A0B0_0,2,0,0,0
485.0,B0,西,A0B0,A0B0_1,2,0,1,0
485.0,B0,西,A0B0,A0B0_2,2,0,1,1
485.0,B0,北,B1B0,B1B0_0,0,0,0,0
485.0,B0,北,B1B0,B1B0_1,0,0,0,0
485.0,B0,北,B1B0,B1B0_2,0,0,0,0
485.0,B0,东,C0B0,C0B0_0,0,0,0,0
485.0,B0,东,C0B0,C0B0_1,0,0,0,0
485.0,B0,东,C0B0,C0B0_2,0,0,0,0
485.0,B0,南,bottom1B0,bottom1B0_0,1,1,0,0
485.0,B0,南,bottom1B0,bottom1B0_1,1,1,1,0
485.0,B0,南,bottom1B0,bottom1B0_2,1,1,0,0
485.0,B1,西,A1B1,A1B1_0,0,0,0,0
485.0,B1,西,A1B1,A1B1_1,0,0,0,0
485.0,B1,西,A1B1,A1B1_2,0,0,0,0
485.0,B1,南,B0B1,B0B1_0,1,0,0,0
485.0,B1,南,B0B1,B0B1_1,1,0,0,0
485.0,B1,南,B0B1,B0B1_2,1,0,1,1
485.0,B1,北,B2B1,B2B1_0,0,0,0,0
485.0,B1,北,B2B1,B2B1_1,0,0,0,0
485.0,B1,北,B2B1,B2B1_2,0,0,0,0
485.0,B1,东,C1B1,C1B1_0,1,0,0,0
485.0,B1,东,C1B1,C1B1_1,1,0,1,0
485.0,B1,东,C1B1,C1B1_2,1,0,0,0
485.0,B2,西,A2B2,A2B2_0,1,0,0,0
485.0,B2,西,A2B2,A2B2_1,1,0,1,1
485.0,B2,西,A2B2,A2B2_2,1,0,0,0
485.0,B2,南,B1B2,B1B2_0,2,0,0,0
485.0,B2,南,B1B2,B1B2_1,2,0,2,1
485.0,B2,南,B1B2,B1B2_2,2,0,0,0
485.0,B2,东,C2B2,C2B2_0,1,0,0,0
485.0,B2,东,C2B2,C2B2_1,1,0,1,0
485.0,B2,东,C2B2,C2B2_2,1,0,0,0
485.0,B2,北,top1B2,top1B2_0,2,0,0,0
485.0,B2,北,top1B2,top1B2_1,2,0,2,0
485.0,B2,北,top1B2,top1B2_2,2,0,0,0
485.0,C0,西,B0C0,B0C0_0,0,0,0,0
485.0,C0,西,B0C0,B0C0_1,0,0,0,0
485.0,C0,西,B0C0,B0C0_2,0,0,0,0
485.0,C0,北,C1C0,C1C0_0,3,0,0,0
485.0,C0,北,C1C0,C1C0_1,3,0,1,0
485.0,C0,北,C1C0,C1C0_2,3,0,2,2
485.0,C0,南,bottom2C0,bottom2C0_0,3,0,0,0
485.0,C0,南,bottom2C0,bottom2C0_1,3,0,1,0
485.0,C0,南,bottom2C0,bottom2C0_2,3,0,2,1
485.0,C0,东,right0C0,right0C0_0,0,0,0,0
485.0,C0,东,right0C0,right0C0_1,0,0,0,0
485.0,C0,东,right0C0,right0C0_2,0,0,0,0
485.0,C1,西,B1C1,B1C1_0,2,1,0,0
485.0,C1,西,B1C1,B1C1_1,2,1,0,0
485.0,C1,西,B1C1,B1C1_2,2,1,2,0
485.0,C1,南,C0C1,C0C1_0,2,0,0,0
485.0,C1,南,C0C1,C0C1_1,2,0,2,0
485.0,C1,南,C0C1,C0C1_2,2,0,0,0
485.0,C1,北,C2C1,C2C1_0,1,0,0,0
485.0,C1,北,C2C1,C2C1_1,1,0,1,0
485.0,C1,北,C2C1,C2C1_2,1,0,0,0
485.0,C1,东,right1C1,right1C1_0,0,0,0,0
485.0,C1,东,right1C1,right1C1_1,0,0,0,0
485.0,C1,东,right1C1,right1C1_2,0,0,0,0
485.0,C2,西,B2C2,B2C2_0,0,0,0,0
485.0,C2,西,B2C2,B2C2_1,0,0,0,0
485.0,C2,西,B2C2,B2C2_2,0,0,0,0
485.0,C2,南,C1C2,C1C2_0,1,0,0,0
485.0,C2,南,C1C2,C1C2_1,1,0,0,0
485.0,C2,南,C1C2,C1C2_2,1,0,1,0
485.0,C2,东,right2C2,right2C2_0,2,0,0,0
485.0,C2,东,right2C2,right2C2_1,2,0,2,0
485.0,C2,东,right2C2,right2C2_2,2,0,0,0
485.0,C2,北,top2C2,top2C2_0,2,0,0,0
485.0,C2,北,top2C2,top2C2_1,2,0,1,0
485.0,C2,北,top2C2,top2C2_2,2,0,1,1
490.0,A0,北,A1A0,A1A0_0,1,0,0,0
490.0,A0,北,A1A0,A1A0_1,1,0,0,0
490.0,A0,北,A1A0,A1A0_2,1,0,1,1
490.0,A0,东,B0A0,B0A0_0,0,0,0,0
490.0,A0,东,B0A0,B0A0_1,0,0,0,0
490.0,A0,东,B0A0,B0A0_2,0,0,0,0
490.0,A0,南,bottom0A0,bottom0A0_0,0,0,0,0
490.0,A0,南,bottom0A0,bottom0A0_1,0,0,0,0
490.0,A0,南,bottom0A0,bottom0A0_2,0,0,0,0
490.0,A0,西,left0A0,left0A0_0,1,0,0,0
490.0,A0,西,left0A0,left0A0_1,1,0,1,0
490.0,A0,西,left0A0,left0A0_2,1,0,0,0
490.0,A1,南,A0A1,A0A1_0,1,1,0,0
490.0,A1,南,A0A1,A0A1_1,1,1,1,0
490.0,A1,南,A0A1,A0A1_2,1,1,0,0
490.0,A1,北,A2A1,A2A1_0,2,1,0,0
490.0,A1,北,A2A1,A2A1_1,2,1,1,0
490.0,A1,北,A2A1,A2A1_2,2,1,1,1
490.0,A1,东,B1A1,B1A1_0,1,0,0,0
490.0,A1,东,B1A1,B1A1_1,1,0,1,0
490.0,A1,东,B1A1,B1A1_2,1,0,0,0
490.0,A1,西,left1A1,left1A1_0,1,1,0,0
490.0,A1,西,left1A1,left1A1_1,1,1,1,0
490.0,A1,西,left1A1,left1A1_2,1,1,0,0
490.0,A2,南,A1A2,A1A2_0,1,0,0,0
490.0,A2,南,A1A2,A1A2_1,1,0,0,0
490.0,A2,南,A1A2,A1A2_2,1,0,1,0
490.0,A2,东,B2A2,B2A2_0,1,0,1,0
490.0,A2,东,B2A2,B2A2_1,1,0,0,0
490.0,A2,东,B2A2,B2A2_2,1,0,0,0
490.0,A2,西,left2A2,left2A2_0,1,0,0,0
490.0,A2,西,left2A2,left2A2_1,1,0,1,1
490.0,A2,西,left2A2,left2A2_2,1,0,0,0
490.0,A2,北,top0A2,top0A2_0,0,0,0,0
490.0,A2,北,top0A2,top0A2_1,0,0,0,0
490.0,A2,北,top0A2,top0A2_2,0,0,0,0
490.0,B0,西,A0B0,A0B0_0,2,0,0,0
490.0,B0,西,A0B0,A0B0_1,2,0,1,0
490.0,B0,西,A0B0,A0B0_2,2,0,1,1
490.0,B0,北,B1B0,B1B0_0,0,0,0,0
490.0,B0,北,B1B0,B1B0_1,0,0,0,0
490.0,B0,北,B1B0,B1B0_2,0,0,0,0
490.0,B0,东,C0B0,C0B0_0,0,0,0,0
490.0,B0,东,C0B0,C0B0_1,0,0,0,0
490.0,B0,东,C0B0,C0B0_2,0,0,0,0
490.0,B0,南,bottom1B0,bottom1B0_0,1,0,0,0
490.0,B0,南,bottom1B0,bottom1B0_1,1,0,1,0
490.0,B0,南,bottom1B0,bottom1B0_2,1,0,0,0
490.0,B1,西,A1B1,A1B1_0,0,0,0,0
490.0,B1,西,A1B1,A1B1_1,0,0,0,0
490.0,B1,西,A1B1,A1B1_2,0,0,0,0
490.0,B1,南,B0B1,B0B1_0,2,1,0,0
490.0,B1,南,B0B1,B0B1_1,2,1,1,0
490.0,B1,南,B0B1,B0B1_2,2,1,1,1
490.0,B1,北,B2B1,B2B1_0,1,1,0,0
490.0,B1,北,B2B1,B2B1_1,1,1,1,0
490.0,B1,北,B2B1,B2B1_2,1,1,0,0
490.0,B1,东,C1B1,C1B1_0,1,0,0,0
490.0,B1,东,C1B1,C1B1_1,1,0,1,0
490.0,B1,东,C1B1,C1B1_2,1,0,0,0
490.0,B2,西,A2B2,A2B2_0,1,0,0,0
490.0,B2,西,A2B2,A2B2_1,1,0,1,1
490.0,B2,西,A2B2,A2B2_2,1,0,0,0
490.0,B2,南,B1B2,B1B2_0,1,1,0,0
490.0,B2,南,B1B2,B1B2_1,1,1,1,0
490.0,B2,南,B1B2,B1B2_2,1,1,0,0
490.0,B2,东,C2B2,C2B2_0,1,0,0,0
490.0,B2,东,C2B2,C2B2_1,1,0,1,0
490.0,B2,东,C2B2,C2B2_2,1,0,0,0
490.0,B2,北,top1B2,top1B2_0,0,0,0,0
490.0,B2,北,top1B2,top1B2_1,0,0,0,0
490.0,B2,北,top1B2,top1B2_2,0,0,0,0
490.0,C0,西,B0C0,B0C0_0,0,0,0,0
490.0,C0,西,B0C0,B0C0_1,0,0,0,0
490.0,C0,西,B0C0,B0C0_2,0,0,0,0
490.0,C0,北,C1C0,C1C0_0,3,1,0,0
490.0,C0,北,C1C0,C1C0_1,3,1,0,0
490.0,C0,北,C1C0,C1C0_2,3,1,3,2
490.0,C0,南,bottom2C0,bottom2C0_0,2,0,0,0
490.0,C0,南,bottom2C0,bottom2C0_1,2,0,0,0
490.0,C0,南,bottom2C0,bottom2C0_2,2,0,2,1
490.0,C0,东,right0C0,right0C0_0,0,0,0,0
490.0,C0,东,right0C0,right0C0_1,0,0,0,0
490.0,C0,东,right0C0,right0C0_2,0,0,0,0
490.0,C1,西,B1C1,B1C1_0,3,1,0,0
490.0,C1,西,B1C1,B1C1_1,3,1,0,0
490.0,C1,西,B1C1,B1C1_2,3,1,3,0
490.0,C1,南,C0C1,C0C1_0,2,1,0,0
490.0,C1,南,C0C1,C0C1_1,2,1,2,0
490.0,C1,南,C0C1,C0C1_2,2,1,0,0
490.0,C1,北,C2C1,C2C1_0,1,1,0,0
490.0,C1,北,C2C1,C2C1_1,1,1,0,0
490.0,C1,北,C2C1,C2C1_2,1,1,1,0
490.0,C1,东,right1C1,right1C1_0,1,1,1,0
490.0,C1,东,right1C1,right1C1_1,1,1,0,0
490.0,C1,东,right1C1,right1C1_2,1,1,0,0
490.0,C2,西,B2C2,B2C2_0,0,0,0,0
490.0,C2,西,B2C2,B2C2_1,0,0,0,0
490.0,C2,西,B2C2,B2C2_2,0,0,0,0
490.0,C2,南,C1C2,C1C2_0,3,2,1,0
490.0,C2,南,C1C2,C1C2_1,3,2,0,0
490.0,C2,南,C1C2,C1C2_2,3,2,2,0
490.0,C2,东,right2C2,right2C2_0,2,0,0,0
490.0,C2,东,right2C2,right2C2_1,2,0,2,1
490.0,C2,东,right2C2,right2C2_2,2,0,0,0
490.0,C2,北,top2C2,top2C2_0,1,0,0,0
490.0,C2,北,top2C2,top2C2_1,1,0,0,0
490.0,C2,北,top2C2,top2C2_2,1,0,1,1
495.0,A0,北,A1A0,A1A0_0,1,0,0,0
495.0,A0,北,A1A0,A1A0_1,1,0,0,0
495.0,A0,北,A1A0,A1A0_2,1,0,1,1
495.0,A0,东,B0A0,B0A0_0,0,0,0,0
495.0,A0,东,B0A0,B0A0_1,0,0,0,0
495.0,A0,东,B0A0,B0A0_2,0,0,0,0
495.0,A0,南,bottom0A0,bottom0A0_0,1,1,1,0
495.0,A0,南,bottom0A0,bottom0A0_1,1,1,0,0
495.0,A0,南,bottom0A0,bottom0A0_2,1,1,0,0
495.0,A0,西,left0A0,left0A0_0,1,0,0,0
495.0,A0,西,left0A0,left0A0_1,1,0,1,1
495.0,A0,西,left0A0,left0A0_2,1,0,0,0
495.0,A1,南,A0A1,A0A1_0,1,0,0,0
495.0,A1,南,A0A1,A0A1_1,1,0,1,0
495.0,A1,南,A0A1,A0A1_2,1,0,0,0
495.0,A1,北,A2A1,A2A1_0,3,1,0,0
495.0,A1,北,A2A1,A2A1_1,3,1,2,0
495.0,A1,北,A2A1,A2A1_2,3,1,1,1
495.0,A1,东,B1A1,B1A1_0,1,0,0,0
495.0,A1,东,B1A1,B1A1_1,1,0,1,0
495.0,A1,东,B1A1,B1A1_2,1,0,0,0
495.0,A1,西,left1A1,left1A1_0,1,0,0,0
495.0,A1,西,left1A1,left1A1_1,1,0,1,0
495.0,A1,西,left1A1,left1A1_2,1,0,0,0
495.0,A2,南,A1A2,A1A2_0,1,0,0,0
495.0,A2,南,A1A2,A1A2_1,1,0,0,0
495.0,A2,南,A1A2,A1A2_2,1,0,1,1
495.0,A2,东,B2A2,B2A2_0,1,0,1,0
495.0,A2,东,B2A2,B2A2_1,1,0,0,0
495.0,A2,东,B2A2,B2A2_2,1,0,0,0
495.0,A2,西,left2A2,left2A2_0,1,0,0,0
495.0,A2,西,left2A2,left2A2_1,1,0,1,1
495.0,A2,西,left2A2,left2A2_2,1,0,0,0
495.0,A2,北,top0A2,top0A2_0,0,0,0,0
495.0,A2,北,top0A2,top0A2_1,0,0,0,0
495.0,A2,北,top0A2,top0A2_2,0,0,0,0
495.0,B0,西,A0B0,A0B0_0,2,0,0,0
495.0,B0,西,A0B0,A0B0_1,2,0,1,0
495.0,B0,西,A0B0,A0B0_2,2,0,1,1
495.0,B0,北,B1B0,B1B0_0,0,0,0,0
495.0,B0,北,B1B0,B1B0_1,0,0,0,0
495.0,B0,北,B1B0,B1B0_2,0,0,0,0
495.0,B0,东,C0B0,C0B0_0,0,0,0,0
495.0,B0,东,C0B0,C0B0_1,0,0,0,0
495.0,B0,东,C0B0,C0B0_2,0,0,0,0
495.0,B0,南,bottom1B0,bottom1B0_0,3,2,1,0
495.0,B0,南,bottom1B0,bottom1B0_1,3,2,2,0
495.0,B0,南,bottom1B0,bottom1B0_2,3,2,0,0
495.0,B1,西,A1B1,A1B1_0,0,0,0,0
495.0,B1,西,A1B1,A1B1_1,0,0,0,0
495.0,B1,西,A1B1,A1B1_2,0,0,0,0
495.0,B1,南,B0B1,B0B1_0,2,0,0,0
495.0,B1,南,B0B1,B0B1_1,2,0,1,0
495.0,B1,南,B0B1,B0B1_2,2,0,1,1
495.0,B1,北,B2B1,B2B1_0,3,2,0,0
495.0,B1,北,B2B1,B2B1_1,3,2,3,0
495.0,B1,北,B2B1,B2B1_2,3,2,0,0
495.0,B1,东,C1B1,C1B1_0,1,0,0,0
495.0,B1,东,C1B1,C1B1_1,1,0,1,0
495.0,B1,东,C1B1,C1B1_2,1,0,0,0
495.0,B2,西,A2B2,A2B2_0,1,0,0,0
495.0,B2,西,A2B2,A2B2_1,1,0,1,1
495.0,B2,西,A2B2,A2B2_2,1,0,0,0
495.0,B2,南,B1B2,B1B2_0,1,0,0,0
495.0,B2,南,B1B2,B1B2_1,1,0,1,0
495.0,B2,南,B1B2,B1B2_2,1,0,0,0
495.0,B2,东,C2B2,C2B2_0,1,0,0,0
495.0,B2,东,C2B2,C2B2_1,1,0,1,0
495.0,B2,东,C2B2,C2B2_2,1,0,0,0
495.0,B2,北,top1B2,top1B2_0,0,0,0,0
495.0,B2,北,top1B2,top1B2_1,0,0,0,0
495.0,B2,北,top1B2,top1B2_2,0,0,0,0
495.0,C0,西,B0C0,B0C0_0,0,0,0,0
495.0,C0,西,B0C0,B0C0_1,0,0,0,0
495.0,C0,西,B0C0,B0C0_2,0,0,0,0
495.0,C0,北,C1C0,C1C0_0,4,1,0,0
495.0,C0,北,C1C0,C1C0_1,4,1,0,0
495.0,C0,北,C1C0,C1C0_2,4,1,4,2
495.0,C0,南,bottom2C0,bottom2C0_0,2,0,0,0
495.0,C0,南,bottom2C0,bottom2C0_1,2,0,0,0
495.0,C0,南,bottom2C0,bottom2C0_2,2,0,2,1
495.0,C0,东,right0C0,right0C0_0,0,0,0,0
495.0,C0,东,right0C0,right0C0_1,0,0,0,0
495.0,C0,东,right0C0,right0C0_2,0,0,0,0
495.0,C1,西,B1C1,B1C1_0,3,0,0,0
495.0,C1,西,B1C1,B1C1_1,3,0,0,0
495.0,C1,西,B1C1,B1C1_2,3,0,3,0
495.0,C1,南,C0C1,C0C1_0,3,1,0,0
495.0,C1,南,C0C1,C0C1_1,3,1,2,0
495.0,C1,南,C0C1,C0C1_2,3,1,1,0
495.0,C1,北,C2C1,C2C1_0,2,1,0,0
495.0,C1,北,C2C1,C2C1_1,2,1,1,0
495.0,C1,北,C2C1,C2C1_2,2,1,1,0
495.0,C1,东,right1C1,right1C1_0,1,0,0,0
495.0,C1,东,right1C1,right1C1_1,1,0,1,0
495.0,C1,东,right1C1,right1C1_2,1,0,0,0
495.0,C2,西,B2C2,B2C2_0,0,0,0,0
495.0,C2,西,B2C2,B2C2_1,0,0,0,0
495.0,C2,西,B2C2,B2C2_2,0,0,0,0
495.0,C2,南,C1C2,C1C2_0,3,0,1,0
495.0,C2,南,C1C2,C1C2_1,3,0,0,0
495.0,C2,南,C1C2,C1C2_2,3,0,2,1
495.0,C2,东,right2C2,right2C2_0,2,0,0,0
495.0,C2,东,right2C2,right2C2_1,2,0,2,2
495.0,C2,东,right2C2,right2C2_2,2,0,0,0
495.0,C2,北,top2C2,top2C2_0,1,0,0,0
495.0,C2,北,top2C2,top2C2_1,1,0,0,0
495.0,C2,北,top2C2,top2C2_2,1,0,1,1
500.0,A0,北,A1A0,A1A0_0,1,0,0,0
500.0,A0,北,A1A0,A1A0_1,1,0,0,0
500.0,A0,北,A1A0,A1A0_2,1,0,1,1
500.0,A0,东,B0A0,B0A0_0,0,0,0,0
500.0,A0,东,B0A0,B0A0_1,0,0,0,0
500.0,A0,东,B0A0,B0A0_2,0,0,0,0
500.0,A0,南,bottom0A0,bottom0A0_0,2,1,1,0
500.0,A0,南,bottom0A0,bottom0A0_1,2,1,1,0
500.0,A0,南,bottom0A0,bottom0A0_2,2,1,0,0
500.0,A0,西,left0A0,left0A0_0,1,0,0,0
500.0,A0,西,left0A0,left0A0_1,1,0,1,1
500.0,A0,西,left0A0,left0A0_2,1,0,0,0
500.0,A1,南,A0A1,A0A1_0,1,0,0,0
500.0,A1,南,A0A1,A0A1_1,1,0,1,0
500.0,A1,南,A0A1,A0A1_2,1,0,0,0
500.0,A1,北,A2A1,A2A1_0,3,0,0,0
500.0,A1,北,A2A1,A2A1_1,3,0,2,0
500.0,A1,北,A2A1,A2A1_2,3,0,1,1
500.0,A1,东,B1A1,B1A1_0,1,0,0,0
500.0,A1,东,B1A1,B1A1_1,1,0,1,0
500.0,A1,东,B1A1,B1A1_2,1,0,0,0
500.0,A1,西,left1A1,left1A1_0,1,0,0,0
500.0,A1,西,left1A1,left1A1_1,1,0,1,0
500.0,A1,西,left1A1,left1A1_2,1,0,0,0
500.0,A2,南,A1A2,A1A2_0,1,0,0,0
500.0,A2,南,A1A2,A1A2_1,1,0,0,0
500.0,A2,南,A1A2,A1A2_2,1,0,1,1
500.0,A2,东,B2A2,B2A2_0,0,0,0,0
500.0,A2,东,B2A2,B2A2_1,0,0,0,0
500.0,A2,东,B2A2,B2A2_2,0,0,0,0
500.0,A2,西,left2A2,left2A2_0,1,0,0,0
500.0,A2,西,left2A2,left2A2_1,1,0,1,1
500.0,A2,西,left2A2,left2A2_2,1,0,0,0
500.0,A2,北,top0A2,top0A2_0,0,0,0,0
500.0,A2,北,top0A2,top0A2_1,0,0,0,0
500.0,A2,北,top0A2,top0A2_2,0,0,0,0
500.0,B0,西,A0B0,A0B0_0,2,0,0,0
500.0,B0,西,A0B0,A0B0_1,2,0,1,0
500.0,B0,西,A0B0,A0B0_2,2,0,1,1
500.0,B0,北,B1B0,B1B0_0,0,0,0,0
500.0,B0,北,B1B0,B1B0_1,0,0,0,0
500.0,B0,北,B1B0,B1B0_2,0,0,0,0
500.0,B0,东,C0B0,C0B0_0,0,0,0,0
500.0,B0,东,C0B0,C0B0_1,0,0,0,0
500.0,B0,东,C0B0,C0B0_2,0,0,0,0
500.0,B0,南,bottom1B0,bottom1B0_0,3,0,1,0
500.0,B0,南,bottom1B0,bottom1B0_1,3,0,2,0
500.0,B0,南,bottom1B0,bottom1B0_2,3,0,0,0
500.0,B1,西,A1B1,A1B1_0,0,0,0,0
500.0,B1,西,A1B1,A1B1_1,0,0,0,0
500.0,B1,西,A1B1,A1B1_2,0,0,0,0
500.0,B1,南,B0B1,B0B1_0,2,0,0,0
500.0,B1,南,B0B1,B0B1_1,2,0,1,0
500.0,B1,南,B0B1,B0B1_2,2,0,1,1
500.0,B1,北,B2B1,B2B1_0,3,0,0,0
500.0,B1,北,B2B1,B2B1_1,3,0,3,0
500.0,B1,北,B2B1,B2B1_2,3,0,0,0
500.0,B1,东,C1B1,C1B1_0,1,0,0,0
500.0,B1,东,C1B1,C1B1_1,1,0,1,0
500.0,B1,东,C1B1,C1B1_2,1,0,0,0
500.0,B2,西,A2B2,A2B2_0,1,0,0,0
500.0,B2,西,A2B2,A2B2_1,1,0,1,1
500.0,B2,西,A2B2,A2B2_2,1,0,0,0
500.0,B2,南,B1B2,B1B2_0,1,0,0,0
500.0,B2,南,B1B2,B1B2_1,1,0,1,0
500.0,B2,南,B1B2,B1B2_2,1,0,0,0
500.0,B2,东,C2B2,C2B2_0,1,0,0,0
500.0,B2,东,C2B2,C2B2_1,1,0,1,1
500.0,B2,东,C2B2,C2B2_2,1,0,0,0
500.0,B2,北,top1B2,top1B2_0,0,0,0,0
500.0,B2,北,top1B2,top1B2_1,0,0,0,0
500.0,B2,北,top1B2,top1B2_2,0,0,0,0
500.0,C0,西,B0C0,B0C0_0,0,0,0,0
500.0,C0,西,B0C0,B0C0_1,0,0,0,0
500.0,C0,西,B0C0,B0C0_2,0,0,0,0
500.0,C0,北,C1C0,C1C0_0,4,0,0,0
500.0,C0,北,C1C0,C1C0_1,4,0,0,0
500.0,C0,北,C1C0,C1C0_2,4,0,4,2
500.0,C0,南,bottom2C0,bottom2C0_0,3,1,1,0
500.0,C0,南,bottom2C0,bottom2C0_1,3,1,0,0
500.0,C0,南,bottom2C0,bottom2C0_2,3,1,2,2
500.0,C0,东,right0C0,right0C0_0,0,0,0,0
500.0,C0,东,right0C0,right0C0_1,0,0,0,0
500.0,C0,东,right0C0,right0C0_2,0,0,0,0
500.0,C1,西,B1C1,B1C1_0,3,0,0,0
500.0,C1,西,B1C1,B1C1_1,3,0,0,0
500.0,C1,西,B1C1,B1C1_2,3,0,3,0
500.0,C1,南,C0C1,C0C1_0,2,0,0,0
500.0,C1,南,C0C1,C0C1_1,2,0,1,0
500.0,C1,南,C0C1,C0C1_2,2,0,1,0
500.0,C1,北,C2C1,C2C1_0,2,0,0,0
500.0,C1,北,C2C1,C2C1_1,2,0,1,0
500.0,C1,北,C2C1,C2C1_2,2,0,1,0
500.0,C1,东,right1C1,right1C1_0,1,0,0,0
500.0,C1,东,right1C1,right1C1_1,1,0,1,0
500.0,C1,东,right1C1,right1C1_2,1,0,0,0
500.0,C2,西,B2C2,B2C2_0,0,0,0,0
500.0,C2,西,B2C2,B2C2_1,0,0,0,0
500.0,C2,西,B2C2,B2C2_2,0,0,0,0
500.0,C2,南,C1C2,C1C2_0,3,0,1,0
500.0,C2,南,C1C2,C1C2_1,3,0,0,0
500.0,C2,南,C1C2,C1C2_2,3,0,2,1
500.0,C2,东,right2C2,right2C2_0,2,0,0,0
500.0,C2,东,right2C2,right2C2_1,2,0,2,2
500.0,C2,东,right2C2,right2C2_2,2,0,0,0
500.0,C2,北,top2C2,top2C2_0,1,0,0,0
500.0,C2,北,top2C2,top2C2_1,1,0,0,0
500.0,C2,北,top2C2,top2C2_2,1,0,1,1
505.0,A0,北,A1A0,A1A0_0,0,0,0,0
505.0,A0,北,A1A0,A1A0_1,0,0,0,0
505.0,A0,北,A1A0,A1A0_2,0,0,0,0
505.0,A0,东,B0A0,B0A0_0,0,0,0,0
505.0,A0,东,B0A0,B0A0_1,0,0,0,0
505.0,A0,东,B0A0,B0A0_2,0,0,0,0
505.0,A0,南,bottom0A0,bottom0A0_0,2,0,1,0
505.0,A0,南,bottom0A0,bottom0A0_1,2,0,1,0
505.0,A0,南,bottom0A0,bottom0A0_2,2,0,0,0
505.0,A0,西,left0A0,left0A0_0,1,0,0,0
505.0,A0,西,left0A0,left0A0_1,1,0,1,1
505.0,A0,西,left0A0,left0A0_2,1,0,0,0
505.0,A1,南,A0A1,A0A1_0,1,0,0,0
505.0,A1,南,A0A1,A0A1_1,1,0,1,0
505.0,A1,南,A0A1,A0A1_2,1,0,0,0
505.0,A1,北,A2A1,A2A1_0,2,0,0,0
505.0,A1,北,A2A1,A2A1_1,2,0,2,0
505.0,A1,北,A2A1,A2A1_2,2,0,0,0
505.0,A1,东,B1A1,B1A1_0,1,0,0,0
505.0,A1,东,B1A1,B1A1_1,1,0,1,0
505.0,A1,东,B1A1,B1A1_2,1,0,0,0
505.0,A1,西,left1A1,left1A1_0,1,0,0,0
505.0,A1,西,left1A1,left1A1_1,1,0,1,0
505.0,A1,西,left1A1,left1A1_2,1,0,0,0
505.0,A2,南,A1A2,A1A2_0,0,0,0,0
505.0,A2,南,A1A2,A1A2_1,0,0,0,0
505.0,A2,南,A1A2,A1A2_2,0,0,0,0
505.0,A2,东,B2A2,B2A2_0,0,0,0,0
505.0,A2,东,B2A2,B2A2_1,0,0,0,0
505.0,A2,东,B2A2,B2A2_2,0,0,0,0
505.0,A2,西,left2A2,left2A2_0,1,0,0,0
505.0,A2,西,left2A2,left2A2_1,1,0,1,1
505.0,A2,西,left2A2,left2A2_2,1,0,0,0
505.0,A2,北,top0A2,top0A2_0,0,0,0,0
505.0,A2,北,top0A2,top0A2_1,0,0,0,0
505.0,A2,北,top0A2,top0A2_2,0,0,0,0
505.0,B0,西,A0B0,A0B0_0,2,0,0,0
505.0,B0,西,A0B0,A0B0_1,2,0,1,1
505.0,B0,西,A0B0,A0B0_2,2,0,1,1
505.0,B0,北,B1B0,B1B0_0,0,0,0,0
505.0,B0,北,B1B0,B1B0_1,0,0,0,0
505.0,B0,北,B1B0,B1B0_2,0,0,0,0
505.0,B0,东,C0B0,C0B0_0,0,0,0,0
505.0,B0,东,C0B0,C0B0_1,0,0,0,0
505.0,B0,东,C0B0,C0B0_2,0,0,0,0
505.0,B0,南,bottom1B0,bottom1B0_0,3,0,1,0
505.0,B0,南,bottom1B0,bottom1B0_1,3,0,2,0
505.0,B0,南,bottom1B0,bottom1B0_2,3,0,0,0
505.0,B1,西,A1B1,A1B1_0,0,0,0,0
505.0,B1,西,A1B1,A1B1_1,0,0,0,0
505.0,B1,西,A1B1,A1B1_2,0,0,0,0
505.0,B1,南,B0B1,B0B1_0,1,0,0,0
505.0,B1,南,B0B1,B0B1_1,1,0,1,0
505.0,B1,南,B0B1,B0B1_2,1,0,0,0
505.0,B1,北,B2B1,B2B1_0,3,0,0,0
505.0,B1,北,B2B1,B2B1_1,3,0,3,0
505.0,B1,北,B2B1,B2B1_2,3,0,0,0
505.0,B1,东,C1B1,C1B1_0,1,0,0,0
505.0,B1,东,C1B1,C1B1_1,1,0,1,1
505.0,B1,东,C1B1,C1B1_2,1,0,0,0
505.0,B2,西,A2B2,A2B2_0,1,0,0,0
505.0,B2,西,A2B2,A2B2_1,1,0,1,1
505.0,B2,西,A2B2,A2B2_2,1,0,0,0
505.0,B2,南,B1B2,B1B2_0,1,0,0,0
505.0,B2,南,B1B2,B1B2_1,1,0,1,0
505.0,B2,南,B1B2,B1B2_2,1,0,0,0
505.0,B2,东,C2B2,C2B2_0,1,0,0,0
505.0,B2,东,C2B2,C2B2_1,1,0,1,1
505.0,B2,东,C2B2,C2B2_2,1,0,0,0
505.0,B2,北,top1B2,top1B2_0,0,0,0,0
505.0,B2,北,top1B2,top1B2_1,0,0,0,0
505.0,B2,北,top1B2,top1B2_2,0,0,0,0
505.0,C0,西,B0C0,B0C0_0,0,0,0,0
505.0,C0,西,B0C0,B0C0_1,0,0,0,0
505.0,C0,西,B0C0,B0C0_2,0,0,0,0
505.0,C0,北,C1C0,C1C0_0,3,0,0,0
505.0,C0,北,C1C0,C1C0_1,3,0,0,0
505.0,C0,北,C1C0,C1C0_2,3,0,3,0
505.0,C0,南,bottom2C0,bottom2C0_0,2,0,0,0
505.0,C0,南,bottom2C0,bottom2C0_1,2,0,0,0
505.0,C0,南,bottom2C0,bottom2C0_2,2,0,2,0
505.0,C0,东,right0C0,right0C0_0,0,0,0,0
505.0,C0,东,right0C0,right0C0_1,0,0,0,0
505.0,C0,东,right0C0,right0C0_2,0,0,0,0
505.0,C1,西,B1C1,B1C1_0,3,0,0,0
505.0,C1,西,B1C1,B1C1_1,3,0,0,0
505.0,C1,西,B1C1,B1C1_2,3,0,3,2
505.0,C1,南,C0C1,C0C1_0,2,0,0,0
505.0,C1,南,C0C1,C0C1_1,2,0,1,0
505.0,C1,南,C0C1,C0C1_2,2,0,1,0
505.0,C1,北,C2C1,C2C1_0,2,0,0,0
505.0,C1,北,C2C1,C2C1_1,2,0,1,0
505.0,C1,北,C2C1,C2C1_2,2,0,1,0
505.0,C1,东,right1C1,right1C1_0,1,0,0,0
505.0,C1,东,right1C1,right1C1_1,1,0,1,0
505.0,C1,东,right1C1,right1C1_2,1,0,0,0
505.0,C2,西,B2C2,B2C2_0,0,0,0,0
505.0,C2,西,B2C2,B2C2_1,0,0,0,0
505.0,C2,西,B2C2,B2C2_2,0,0,0,0
505.0,C2,南,C1C2,C1C2_0,3,1,1,0
505.0,C2,南,C1C2,C1C2_1,3,1,0,0
505.0,C2,南,C1C2,C1C2_2,3,1,2,0
505.0,C2,东,right2C2,right2C2_0,2,0,0,0
505.0,C2,东,right2C2,right2C2_1,2,0,2,2
505.0,C2,东,right2C2,right2C2_2,2,0,0,0
505.0,C2,北,top2C2,top2C2_0,0,0,0,0
505.0,C2,北,top2C2,top2C2_1,0,0,0,0
505.0,C2,北,top2C2,top2C2_2,0,0,0,0
510.0,A0,北,A1A0,A1A0_0,0,0,0,0
510.0,A0,北,A1A0,A1A0_1,0,0,0,0
510.0,A0,北,A1A0,A1A0_2,0,0,0,0
510.0,A0,东,B0A0,B0A0_0,0,0,0,0
510.0,A0,东,B0A0,B0A0_1,0,0,0,0
510.0,A0,东,B0A0,B0A0_2,0,0,0,0
510.0,A0,南,bottom0A0,bottom0A0_0,2,0,1,0
510.0,A0,南,bottom0A0,bottom0A0_1,2,0,1,0
510.0,A0,南,bottom0A0,bottom0A0_2,2,0,0,0
510.0,A0,西,left0A0,left0A0_0,1,0,0,0
510.0,A0,西,left0A0,left0A0_1,1,0,1,1
510.0,A0,西,left0A0,left0A0_2,1,0,0,0
510.0,A1,南,A0A1,A0A1_0,1,0,0,0
510.0,A1,南,A0A1,A0A1_1,1,0,1,1
510.0,A1,南,A0A1,A0A1_2,1,0,0,0
510.0,A1,北,A2A1,A2A1_0,2,0,0,0
510.0,A1,北,A2A1,A2A1_1,2,0,2,0
510.0,A1,北,A2A1,A2A1_2,2,0,0,0
510.0,A1,东,B1A1,B1A1_0,2,1,1,0
510.0,A1,东,B1A1,B1A1_1,2,1,1,0
510.0,A1,东,B1A1,B1A1_2,2,1,0,0
510.0,A1,西,left1A1,left1A1_0,1,0,0,0
510.0,A1,西,left1A1,left1A1_1,1,0,1,1
510.0,A1,西,left1A1,left1A1_2,1,0,0,0
510.0,A2,南,A1A2,A1A2_0,0,0,0,0
510.0,A2,南,A1A2,A1A2_1,0,0,0,0
510.0,A2,南,A1A2,A1A2_2,0,0,0,0
510.0,A2,东,B2A2,B2A2_0,0,0,0,0
510.0,A2,东,B2A2,B2A2_1,0,0,0,0
510.0,A2,东,B2A2,B2A2_2,0,0,0,0
510.0,A2,西,left2A2,left2A2_0,1,0,0,0
510.0,A2,西,left2A2,left2A2_1,1,0,1,1
510.0,A2,西,left2A2,left2A2_2,1,0,0,0
510.0,A2,北,top0A2,top0A2_0,0,0,0,0
510.0,A2,北,top0A2,top0A2_1,0,0,0,0
510.0,A2,北,top0A2,top0A2_2,0,0,0,0
510.0,B0,西,A0B0,A0B0_0,3,1,0,0
510.0,B0,西,A0B0,A0B0_1,3,1,2,1
510.0,B0,西,A0B0,A0B0_2,3,1,1,1
510.0,B0,北,B1B0,B1B0_0,0,0,0,0
510.0,B0,北,B1B0,B1B0_1,0,0,0,0
510.0,B0,北,B1B0,B1B0_2,0,0,0,0
510.0,B0,东,C0B0,C0B0_0,2,2,0,0
510.0,B0,东,C0B0,C0B0_1,2,2,1,0
510.0,B0,东,C0B0,C0B0_2,2,2,1,0
510.0,B0,南,bottom1B0,bottom1B0_0,3,0,1,0
510.0,B0,南,bottom1B0,bottom1B0_1,3,0,2,1
510.0,B0,南,bottom1B0,bottom1B0_2,3,0,0,0
510.0,B1,西,A1B1,A1B1_0,1,1,0,0
510.0,B1,西,A1B1,A1B1_1,1,1,1,0
510.0,B1,西,A1B1,A1B1_2,1,1,0,0
510.0,B1,南,B0B1,B0B1_0,1,0,0,0
510.0,B1,南,B0B1,B0B1_1,1,0,1,0
510.0,B1,南,B0B1,B0B1_2,1,0,0,0
510.0,B1,北,B2B1,B2B1_0,3,0,0,0
510.0,B1,北,B2B1,B2B1_1,3,0,3,0
510.0,B1,北,B2B1,B2B1_2,3,0,0,0
510.0,B1,东,C1B1,C1B1_0,1,0,0,0
510.0,B1,东,C1B1,C1B1_1,1,0,1,1
510.0,B1,东,C1B1,C1B1_2,1,0,0,0
510.0,B2,西,A2B2,A2B2_0,1,0,0,0
510.0,B2,西,A2B2,A2B2_1,1,0,1,1
510.0,B2,西,A2B2,A2B2_2,1,0,0,0
510.0,B2,南,B1B2,B1B2_0,1,0,0,0
510.0,B2,南,B1B2,B1B2_1,1,0,1,1
510.0,B2,南,B1B2,B1B2_2,1,0,0,0
510.0,B2,东,C2B2,C2B2_0,2,1,0,0
510.0,B2,东,C2B2,C2B2_1,2,1,2,1
510.0,B2,东,C2B2,C2B2_2,2,1,0,0
510.0,B2,北,top1B2,top1B2_0,0,0,0,0
510.0,B2,北,top1B2,top1B2_1,0,0,0,0
510.0,B2,北,top1B2,top1B2_2,0,0,0,0
510.0,C0,西,B0C0,B0C0_0,0,0,0,0
510.0,C0,西,B0C0,B0C0_1,0,0,0,0
510.0,C0,西,B0C0,B0C0_2,0,0,0,0
510.0,C0,北,C1C0,C1C0_0,2,0,0,0
510.0,C0,北,C1C0,C1C0_1,2,0,0,0
510.0,C0,北,C1C0,C1C0_2,2,0,2,0
510.0,C0,南,bottom2C0,bottom2C0_0,2,1,1,0
510.0,C0,南,bottom2C0,bottom2C0_1,2,1,0,0
510.0,C0,南,bottom2C0,bottom2C0_2,2,1,1,0
510.0,C0,东,right0C0,right0C0_0,0,0,0,0
510.0,C0,东,right0C0,right0C0_1,0,0,0,0
510.0,C0,东,right0C0,right0C0_2,0,0,0,0
510.0,C1,西,B1C1,B1C1_0,3,0,0,0
510.0,C1,西,B1C1,B1C1_1,3,0,0,0
510.0,C1,西,B1C1,B1C1_2,3,0,3,3
510.0,C1,南,C0C1,C0C1_0,2,0,0,0
510.0,C1,南,C0C1,C0C1_1,2,0,1,1
510.0,C1,南,C0C1,C0C1_2,2,0,1,0
510.0,C1,北,C2C1,C2C1_0,1,0,0,0
510.0,C1,北,C2C1,C2C1_1,1,0,1,0
510.0,C1,北,C2C1,C2C1_2,1,0,0,0
510.0,C1,东,right1C1,right1C1_0,1,0,0,0
510.0,C1,东,right1C1,right1C1_1,1,0,1,0
510.0,C1,东,right1C1,right1C1_2,1,0,0,0
510.0,C2,西,B2C2,B2C2_0,0,0,0,0
510.0,C2,西,B2C2,B2C2_1,0,0,0,0
510.0,C2,西,B2C2,B2C2_2,0,0,0,0
510.0,C2,南,C1C2,C1C2_0,3,0,1,0
510.0,C2,南,C1C2,C1C2_1,3,0,0,0
510.0,C2,南,C1C2,C1C2_2,3,0,2,0
510.0,C2,东,right2C2,right2C2_0,2,0,0,0
510.0,C2,东,right2C2,right2C2_1,2,0,2,2
510.0,C2,东,right2C2,right2C2_2,2,0,0,0
510.0,C2,北,top2C2,top2C2_0,1,1,0,0
510.0,C2,北,top2C2,top2C2_1,1,1,1,0
510.0,C2,北,top2C2,top2C2_2,1,1,0,0
515.0,A0,北,A1A0,A1A0_0,0,0,0,0
515.0,A0,北,A1A0,A1A0_1,0,0,0,0
515.0,A0,北,A1A0,A1A0_2,0,0,0,0
515.0,A0,东,B0A0,B0A0_0,0,0,0,0
515.0,A0,东,B0A0,B0A0_1,0,0,0,0
515.0,A0,东,B0A0,B0A0_2,0,0,0,0
515.0,A0,南,bottom0A0,bottom0A0_0,2,0,1,0
515.0,A0,南,bottom0A0,bottom0A0_1,2,0,1,0
515.0,A0,南,bottom0A0,bottom0A0_2,2,0,0,0
515.0,A0,西,left0A0,left0A0_0,2,1,0,0
515.0,A0,西,left0A0,left0A0_1,2,1,2,1
515.0,A0,西,left0A0,left0A0_2,2,1,0,0
515.0,A1,南,A0A1,A0A1_0,1,0,0,0
515.0,A1,南,A0A1,A0A1_1,1,0,1,1
515.0,A1,南,A0A1,A0A1_2,1,0,0,0
515.0,A1,北,A2A1,A2A1_0,1,0,0,0
515.0,A1,北,A2A1,A2A1_1,1,0,1,0
515.0,A1,北,A2A1,A2A1_2,1,0,0,0
515.0,A1,东,B1A1,B1A1_0,2,0,1,0
515.0,A1,东,B1A1,B1A1_1,2,0,1,1
515.0,A1,东,B1A1,B1A1_2,2,0,0,0
515.0,A1,西,left1A1,left1A1_0,1,0,0,0
515.0,A1,西,left1A1,left1A1_1,1,0,1,1
515.0,A1,西,left1A1,left1A1_2,1,0,0,0
515.0,A2,南,A1A2,A1A2_0,0,0,0,0
515.0,A2,南,A1A2,A1A2_1,0,0,0,0
515.0,A2,南,A1A2,A1A2_2,0,0,0,0
515.0,A2,东,B2A2,B2A2_0,0,0,0,0
515.0,A2,东,B2A2,B2A2_1,0,0,0,0
515.0,A2,东,B2A2,B2A2_2,0,0,0,0
515.0,A2,西,left2A2,left2A2_0,1,0,0,0
515.0,A2,西,left2A2,left2A2_1,1,0,1,1
515.0,A2,西,left2A2,left2A2_2,1,0,0,0
515.0,A2,北,top0A2,top0A2_0,0,0,0,0
515.0,A2,北,top0A2,top0A2_1,0,0,0,0
515.0,A2,北,top0A2,top0A2_2,0,0,0,0
515.0,B0,西,A0B0,A0B0_0,3,0,0,0
515.0,B0,西,A0B0,A0B0_1,3,0,2,1
515.0,B0,西,A0B0,A0B0_2,3,0,1,1
515.0,B0,北,B1B0,B1B0_0,0,0,0,0
515.0,B0,北,B1B0,B1B0_1,0,0,0,0
515.0,B0,北,B1B0,B1B0_2,0,0,0,0
515.0,B0,东,C0B0,C0B0_0,2,0,0,0
515.0,B0,东,C0B0,C0B0_1,2,0,1,0
515.0,B0,东,C0B0,C0B0_2,2,0,1,0
515.0,B0,南,bottom1B0,bottom1B0_0,3,0,1,0
515.0,B0,南,bottom1B0,bottom1B0_1,3,0,2,2
515.0,B0,南,bottom1B0,bottom1B0_2,3,0,0,0
515.0,B1,西,A1B1,A1B1_0,1,0,0,0
515.0,B1,西,A1B1,A1B1_1,1,0,1,0
515.0,B1,西,A1B1,A1B1_2,1,0,0,0
515.0,B1,南,B0B1,B0B1_0,1,0,0,0
515.0,B1,南,B0B1,B0B1_1,1,0,1,1
515.0,B1,南,B0B1,B0B1_2,1,0,0,0
515.0,B1,北,B2B1,B2B1_0,2,0,0,0
515.0,B1,北,B2B1,B2B1_1,2,0,2,0
515.0,B1,北,B2B1,B2B1_2,2,0,0,0
515.0,B1,东,C1B1,C1B1_0,2,1,0,0
515.0,B1,东,C1B1,C1B1_1,2,1,2,1
515.0,B1,东,C1B1,C1B1_2,2,1,0,0
515.0,B2,西,A2B2,A2B2_0,1,0,0,0
515.0,B2,西,A2B2,A2B2_1,1,0,1,1
515.0,B2,西,A2B2,A2B2_2,1,0,0,0
515.0,B2,南,B1B2,B1B2_0,1,0,0,0
515.0,B2,南,B1B2,B1B2_1,1,0,1,1
515.0,B2,南,B1B2,B1B2_2,1,0,0,0
515.0,B2,东,C2B2,C2B2_0,3,1,0,0
515.0,B2,东,C2B2,C2B2_1,3,1,3,1
515.0,B2,东,C2B2,C2B2_2,3,1,0,0
515.0,B2,北,top1B2,top1B2_0,0,0,0,0
515.0,B2,北,top1B2,top1B2_1,0,0,0,0
515.0,B2,北,top1B2,top1B2_2,0,0,0,0
515.0,C0,西,B0C0,B0C0_0,0,0,0,0
515.0,C0,西,B0C0,B0C0_1,0,0,0,0
515.0,C0,西,B0C0,B0C0_2,0,0,0,0
515.0,C0,北,C1C0,C1C0_0,0,0,0,0
515.0,C0,北,C1C0,C1C0_1,0,0,0,0
515.0,C0,北,C1C0,C1C0_2,0,0,0,0
515.0,C0,南,bottom2C0,bottom2C0_0,2,0,0,0
515.0,C0,南,bottom2C0,bottom2C0_1,2,0,1,0
515.0,C0,南,bottom2C0,bottom2C0_2,2,0,1,0
515.0,C0,东,right0C0,right0C0_0,0,0,0,0
515.0,C0,东,right0C0,right0C0_1,0,0,0,0
515.0,C0,东,right0C0,right0C0_2,0,0,0,0
515.0,C1,西,B1C1,B1C1_0,3,0,0,0
515.0,C1,西,B1C1,B1C1_1,3,0,0,0
515.0,C1,西,B1C1,B1C1_2,3,0,3,3
515.0,C1,南,C0C1,C0C1_0,1,0,0,0
515.0,C1,南,C0C1,C0C1_1,1,0,1,1
515.0,C1,南,C0C1,C0C1_2,1,0,0,0
515.0,C1,北,C2C1,C2C1_0,0,0,0,0
515.0,C1,北,C2C1,C2C1_1,0,0,0,0
515.0,C1,北,C2C1,C2C1_2,0,0,0,0
515.0,C1,东,right1C1,right1C1_0,1,0,0,0
515.0,C1,东,right1C1,right1C1_1,1,0,1,0
515.0,C1,东,right1C1,right1C1_2,1,0,0,0
515.0,C2,西,B2C2,B2C2_0,0,0,0,0
515.0,C2,西,B2C2,B2C2_1,0,0,0,0
515.0,C2,西,B2C2,B2C2_2,0,0,0,0
515.0,C2,南,C1C2,C1C2_0,1,0,0,0
515.0,C2,南,C1C2,C1C2_1,1,0,0,0
515.0,C2,南,C1C2,C1C2_2,1,0,1,0
515.0,C2,东,right2C2,right2C2_0,2,0,0,0
515.0,C2,东,right2C2,right2C2_1,2,0,2,2
515.0,C2,东,right2C2,right2C2_2,2,0,0,0
515.0,C2,北,top2C2,top2C2_0,1,0,0,0
515.0,C2,北,top2C2,top2C2_1,1,0,1,0
515.0,C2,北,top2C2,top2C2_2,1,0,0,0
520.0,A0,北,A1A0,A1A0_0,2,2,2,0
520.0,A0,北,A1A0,A1A0_1,2,2,0,0
520.0,A0,北,A1A0,A1A0_2,2,2,0,0
520.0,A0,东,B0A0,B0A0_0,0,0,0,0
520.0,A0,东,B0A0,B0A0_1,0,0,0,0
520.0,A0,东,B0A0,B0A0_2,0,0,0,0
520.0,A0,南,bottom0A0,bottom0A0_0,2,0,1,0
520.0,A0,南,bottom0A0,bottom0A0_1,2,0,1,0
520.0,A0,南,bottom0A0,bottom0A0_2,2,0,0,0
520.0,A0,西,left0A0,left0A0_0,2,0,0,0
520.0,A0,西,left0A0,left0A0_1,2,0,2,1
520.0,A0,西,left0A0,left0A0_2,2,0,0,0
520.0,A1,南,A0A1,A0A1_0,1,0,0,0
520.0,A1,南,A0A1,A0A1_1,1,0,1,1
520.0,A1,南,A0A1,A0A1_2,1,0,0,0
520.0,A1,北,A2A1,A2A1_0,0,0,0,0
520.0,A1,北,A2A1,A2A1_1,0,0,0,0
520.0,A1,北,A2A1,A2A1_2,0,0,0,0
520.0,A1,东,B1A1,B1A1_0,2,0,1,0
520.0,A1,东,B1A1,B1A1_1,2,0,1,1
520.0,A1,东,B1A1,B1A1_2,2,0,0,0
520.0,A1,西,left1A1,left1A1_0,1,0,0,0
520.0,A1,西,left1A1,left1A1_1,1,0,1,1
520.0,A1,西,left1A1,left1A1_2,1,0,0,0
520.0,A2,南,A1A2,A1A2_0,0,0,0,0
520.0,A2,南,A1A2,A1A2_1,0,0,0,0
520.0,A2,南,A1A2,A1A2_2,0,0,0,0
520.0,A2,东,B2A2,B2A2_0,0,0,0,0
520.0,A2,东,B2A2,B2A2_1,0,0,0,0
520.0,A2,东,B2A2,B2A2_2,0,0,0,0
520.0,A2,西,left2A2,left2A2_0,1,0,0,0
520.0,A2,西,left2A2,left2A2_1,1,0,1,1
520.0,A2,西,left2A2,left2A2_2,1,0,0,0
520.0,A2,北,top0A2,top0A2_0,0,0,0,0
520.0,A2,北,top0A2,top0A2_1,0,0,0,0
520.0,A2,北,top0A2,top0A2_2,0,0,0,0
520.0,B0,西,A0B0,A0B0_0,3,0,0,0
520.0,B0,西,A0B0,A0B0_1,3,0,2,1
520.0,B0,西,A0B0,A0B0_2,3,0,1,1
520.0,B0,北,B1B0,B1B0_0,2,2,0,0
520.0,B0,北,B1B0,B1B0_1,2,2,1,0
520.0,B0,北,B1B0,B1B0_2,2,2,1,0
520.0,B0,东,C0B0,C0B0_0,2,0,0,0
520.0,B0,东,C0B0,C0B0_1,2,0,1,0
520.0,B0,东,C0B0,C0B0_2,2,0,1,0
520.0,B0,南,bottom1B0,bottom1B0_0,2,0,0,0
520.0,B0,南,bottom1B0,bottom1B0_1,2,0,2,2
520.0,B0,南,bottom1B0,bottom1B0_2,2,0,0,0
520.0,B1,西,A1B1,A1B1_0,1,0,0,0
520.0,B1,西,A1B1,A1B1_1,1,0,1,0
520.0,B1,西,A1B1,A1B1_2,1,0,0,0
520.0,B1,南,B0B1,B0B1_0,1,0,0,0
520.0,B1,南,B0B1,B0B1_1,1,0,1,1
520.0,B1,南,B0B1,B0B1_2,1,0,0,0
520.0,B1,北,B2B1,B2B1_0,0,0,0,0
520.0,B1,北,B2B1,B2B1_1,0,0,0,0
520.0,B1,北,B2B1,B2B1_2,0,0,0,0
520.0,B1,东,C1B1,C1B1_0,2,0,0,0
520.0,B1,东,C1B1,C1B1_1,2,0,2,1
520.0,B1,东,C1B1,C1B1_2,2,0,0,0
520.0,B2,西,A2B2,A2B2_0,1,0,0,0
520.0,B2,西,A2B2,A2B2_1,1,0,1,1
520.0,B2,西,A2B2,A2B2_2,1,0,0,0
520.0,B2,南,B1B2,B1B2_0,1,0,0,0
520.0,B2,南,B1B2,B1B2_1,1,0,1,1
520.0,B2,南,B1B2,B1B2_2,1,0,0,0
520.0,B2,东,C2B2,C2B2_0,3,0,0,0
520.0,B2,东,C2B2,C2B2_1,3,0,3,1
520.0,B2,东,C2B2,C2B2_2,3,0,0,0
520.0,B2,北,top1B2,top1B2_0,0,0,0,0
520.0,B2,北,top1B2,top1B2_1,0,0,0,0
520.0,B2,北,top1B2,top1B2_2,0,0,0,0
520.0,C0,西,B0C0,B0C0_0,0,0,0,0
520.0,C0,西,B0C0,B0C0_1,0,0,0,0
520.0,C0,西,B0C0,B0C0_2,0,0,0,0
520.0,C0,北,C1C0,C1C0_0,1,1,0,0
520.0,C0,北,C1C0,C1C0_1,1,1,1,0
520.0,C0,北,C1C0,C1C0_2,1,1,0,0
520.0,C0,南,bottom2C0,bottom2C0_0,2,0,0,0
520.0,C0,南,bottom2C0,bottom2C0_1,2,0,1,0
520.0,C0,南,bottom2C0,bottom2C0_2,2,0,1,0
520.0,C0,东,right0C0,right0C0_0,0,0,0,0
520.0,C0,东,right0C0,right0C0_1,0,0,0,0
520.0,C0,东,right0C0,right0C0_2,0,0,0,0
520.0,C1,西,B1C1,B1C1_0,3,0,0,0
520.0,C1,西,B1C1,B1C1_1,3,0,0,0
520.0,C1,西,B1C1,B1C1_2,3,0,3,3
520.0,C1,南,C0C1,C0C1_0,1,0,0,0
520.0,C1,南,C0C1,C0C1_1,1,0,1,1
520.0,C1,南,C0C1,C0C1_2,1,0,0,0
520.0,C1,北,C2C1,C2C1_0,0,0,0,0
520.0,C1,北,C2C1,C2C1_1,0,0,0,0
520.0,C1,北,C2C1,C2C1_2,0,0,0,0
520.0,C1,东,right1C1,right1C1_0,1,0,0,0
520.0,C1,东,right1C1,right1C1_1,1,0,1,1
520.0,C1,东,right1C1,right1C1_2,1,0,0,0
520.0,C2,西,B2C2,B2C2_0,0,0,0,0
520.0,C2,西,B2C2,B2C2_1,0,0,0,0
520.0,C2,西,B2C2,B2C2_2,0,0,0,0
520.0,C2,南,C1C2,C1C2_0,1,0,0,0
520.0,C2,南,C1C2,C1C2_1,1,0,0,0
520.0,C2,南,C1C2,C1C2_2,1,0,1,0
520.0,C2,东,right2C2,right2C2_0,2,0,0,0
520.0,C2,东,right2C2,right2C2_1,2,0,2,2
520.0,C2,东,right2C2,right2C2_2,2,0,0,0
520.0,C2,北,top2C2,top2C2_0,1,0,0,0
520.0,C2,北,top2C2,top2C2_1,1,0,1,0
520.0,C2,北,top2C2,top2C2_2,1,0,0,0
525.0,A0,北,A1A0,A1A0_0,2,0,2,0
525.0,A0,北,A1A0,A1A0_1,2,0,0,0
525.0,A0,北,A1A0,A1A0_2,2,0,0,0
525.0,A0,东,B0A0,B0A0_0,0,0,0,0
525.0,A0,东,B0A0,B0A0_1,0,0,0,0
525.0,A0,东,B0A0,B0A0_2,0,0,0,0
525.0,A0,南,bottom0A0,bottom0A0_0,1,0,0,0
525.0,A0,南,bottom0A0,bottom0A0_1,1,0,1,1
525.0,A0,南,bottom0A0,bottom0A0_2,1,0,0,0
525.0,A0,西,left0A0,left0A0_0,2,0,0,0
525.0,A0,西,left0A0,left0A0_1,2,0,2,1
525.0,A0,西,left0A0,left0A0_2,2,0,0,0
525.0,A1,南,A0A1,A0A1_0,1,0,0,0
525.0,A1,南,A0A1,A0A1_1,1,0,1,1
525.0,A1,南,A0A1,A0A1_2,1,0,0,0
525.0,A1,北,A2A1,A2A1_0,0,0,0,0
525.0,A1,北,A2A1,A2A1_1,0,0,0,0
525.0,A1,北,A2A1,A2A1_2,0,0,0,0
525.0,A1,东,B1A1,B1A1_0,2,0,1,0
525.0,A1,东,B1A1,B1A1_1,2,0,1,1
525.0,A1,东,B1A1,B1A1_2,2,0,0,0
525.0,A1,西,left1A1,left1A1_0,2,1,0,0
525.0,A1,西,left1A1,left1A1_1,2,1,2,1
525.0,A1,西,left1A1,left1A1_2,2,1,0,0
525.0,A2,南,A1A2,A1A2_0,0,0,0,0
525.0,A2,南,A1A2,A1A2_1,0,0,0,0
525.0,A2,南,A1A2,A1A2_2,0,0,0,0
525.0,A2,东,B2A2,B2A2_0,0,0,0,0
525.0,A2,东,B2A2,B2A2_1,0,0,0,0
525.0,A2,东,B2A2,B2A2_2,0,0,0,0
525.0,A2,西,left2A2,left2A2_0,1,0,0,0
525.0,A2,西,left2A2,left2A2_1,1,0,1,1
525.0,A2,西,left2A2,left2A2_2,1,0,0,0
525.0,A2,北,top0A2,top0A2_0,0,0,0,0
525.0,A2,北,top0A2,top0A2_1,0,0,0,0
525.0,A2,北,top0A2,top0A2_2,0,0,0,0
525.0,B0,西,A0B0,A0B0_0,4,1,1,0
525.0,B0,西,A0B0,A0B0_1,4,1,2,1
525.0,B0,西,A0B0,A0B0_2,4,1,1,1
525.0,B0,北,B1B0,B1B0_0,3,1,1,0
525.0,B0,北,B1B0,B1B0_1,3,1,1,0
525.0,B0,北,B1B0,B1B0_2,3,1,1,0
525.0,B0,东,C0B0,C0B0_0,2,0,0,0
525.0,B0,东,C0B0,C0B0_1,2,0,1,0
525.0,B0,东,C0B0,C0B0_2,2,0,1,0
525.0,B0,南,bottom1B0,bottom1B0_0,2,0,0,0
525.0,B0,南,bottom1B0,bottom1B0_1,2,0,2,2
525.0,B0,南,bottom1B0,bottom1B0_2,2,0,0,0
525.0,B1,西,A1B1,A1B1_0,1,0,0,0
525.0,B1,西,A1B1,A1B1_1,1,0,1,0
525.0,B1,西,A1B1,A1B1_2,1,0,0,0
525.0,B1,南,B0B1,B0B1_0,1,0,0,0
525.0,B1,南,B0B1,B0B1_1,1,0,1,1
525.0,B1,南,B0B1,B0B1_2,1,0,0,0
525.0,B1,北,B2B1,B2B1_0,0,0,0,0
525.0,B1,北,B2B1,B2B1_1,0,0,0,0
525.0,B1,北,B2B1,B2B1_2,0,0,0,0
525.0,B1,东,C1B1,C1B1_0,2,0,0,0
525.0,B1,东,C1B1,C1B1_1,2,0,2,1
525.0,B1,东,C1B1,C1B1_2,2,0,0,0
525.0,B2,西,A2B2,A2B2_0,1,0,0,0
525.0,B2,西,A2B2,A2B2_1,1,0,1,1
525.0,B2,西,A2B2,A2B2_2,1,0,0,0
525.0,B2,南,B1B2,B1B2_0,1,0,0,0
525.0,B2,南,B1B2,B1B2_1,1,0,1,1
525.0,B2,南,B1B2,B1B2_2,1,0,0,0
525.0,B2,东,C2B2,C2B2_0,3,0,0,0
525.0,B2,东,C2B2,C2B2_1,3,0,3,1
525.0,B2,东,C2B2,C2B2_2,3,0,0,0
525.0,B2,北,top1B2,top1B2_0,1,1,1,0
525.0,B2,北,top1B2,top1B2_1,1,1,0,0
525.0,B2,北,top1B2,top1B2_2,1,1,0,0
525.0,C0,西,B0C0,B0C0_0,1,1,0,0
525.0,C0,西,B0C0,B0C0_1,1,1,0,0
525.0,C0,西,B0C0,B0C0_2,1,1,1,0
525.0,C0,北,C1C0,C1C0_0,1,0,0,0
525.0,C0,北,C1C0,C1C0_1,1,0,1,0
525.0,C0,北,C1C0,C1C0_2,1,0,0,0
525.0,C0,南,bottom2C0,bottom2C0_0,2,0,0,0
525.0,C0,南,bottom2C0,bottom2C0_1,2,0,1,0
525.0,C0,南,bottom2C0,bottom2C0_2,2,0,1,0
525.0,C0,东,right0C0,right0C0_0,0,0,0,0
525.0,C0,东,right0C0,right0C0_1,0,0,0,0
525.0,C0,东,right0C0,right0C0_2,0,0,0,0
525.0,C1,西,B1C1,B1C1_0,3,0,0,0
525.0,C1,西,B1C1,B1C1_1,3,0,0,0
525.0,C1,西,B1C1,B1C1_2,3,0,3,3
525.0,C1,南,C0C1,C0C1_0,1,0,0,0
525.0,C1,南,C0C1,C0C1_1,1,0,1,1
525.0,C1,南,C0C1,C0C1_2,1,0,0,0
525.0,C1,北,C2C1,C2C1_0,0,0,0,0
525.0,C1,北,C2C1,C2C1_1,0,0,0,0
525.0,C1,北,C2C1,C2C1_2,0,0,0,0
525.0,C1,东,right1C1,right1C1_0,1,0,0,0
525.0,C1,东,right1C1,right1C1_1,1,0,1,1
525.0,C1,东,right1C1,right1C1_2,1,0,0,0
525.0,C2,西,B2C2,B2C2_0,0,0,0,0
525.0,C2,西,B2C2,B2C2_1,0,0,0,0
525.0,C2,西,B2C2,B2C2_2,0,0,0,0
525.0,C2,南,C1C2,C1C2_0,1,0,0,0
525.0,C2,南,C1C2,C1C2_1,1,0,0,0
525.0,C2,南,C1C2,C1C2_2,1,0,1,0
525.0,C2,东,right2C2,right2C2_0,2,0,0,0
525.0,C2,东,right2C2,right2C2_1,2,0,2,2
525.0,C2,东,right2C2,right2C2_2,2,0,0,0
525.0,C2,北,top2C2,top2C2_0,1,0,0,0
525.0,C2,北,top2C2,top2C2_1,1,0,1,0
525.0,C2,北,top2C2,top2C2_2,1,0,0,0
530.0,A0,北,A1A0,A1A0_0,2,0,2,0
530.0,A0,北,A1A0,A1A0_1,2,0,0,0
530.0,A0,北,A1A0,A1A0_2,2,0,0,0
530.0,A0,东,B0A0,B0A0_0,0,0,0,0
530.0,A0,东,B0A0,B0A0_1,0,0,0,0
530.0,A0,东,B0A0,B0A0_2,0,0,0,0
530.0,A0,南,bottom0A0,bottom0A0_0,1,0,0,0
530.0,A0,南,bottom0A0,bottom0A0_1,1,0,1,1
530.0,A0,南,bottom0A0,bottom0A0_2,1,0,0,0
530.0,A0,西,left0A0,left0A0_0,2,0,0,0
530.0,A0,西,left0A0,left0A0_1,2,0,2,1
530.0,A0,西,left0A0,left0A0_2,2,0,0,0
530.0,A1,南,A0A1,A0A1_0,1,0,0,0
530.0,A1,南,A0A1,A0A1_1,1,0,1,1
530.0,A1,南,A0A1,A0A1_2,1,0,0,0
530.0,A1,北,A2A1,A2A1_0,0,0,0,0
530.0,A1,北,A2A1,A2A1_1,0,0,0,0
530.0,A1,北,A2A1,A2A1_2,0,0,0,0
530.0,A1,东,B1A1,B1A1_0,2,0,1,0
530.0,A1,东,B1A1,B1A1_1,2,0,1,1
530.0,A1,东,B1A1,B1A1_2,2,0,0,0
530.0,A1,西,left1A1,left1A1_0,2,0,0,0
530.0,A1,西,left1A1,left1A1_1,2,0,2,1
530.0,A1,西,left1A1,left1A1_2,2,0,0,0
530.0,A2,南,A1A2,A1A2_0,0,0,0,0
530.0,A2,南,A1A2,A1A2_1,0,0,0,0
530.0,A2,南,A1A2,A1A2_2,0,0,0,0
530.0,A2,东,B2A2,B2A2_0,0,0,0,0
530.0,A2,东,B2A2,B2A2_1,0,0,0,0
530.0,A2,东,B2A2,B2A2_2,0,0,0,0
530.0,A2,西,left2A2,left2A2_0,1,0,0,0
530.0,A2,西,left2A2,left2A2_1,1,0,1,1
530.0,A2,西,left2A2,left2A2_2,1,0,0,0
530.0,A2,北,top0A2,top0A2_0,0,0,0,0
530.0,A2,北,top0A2,top0A2_1,0,0,0,0
530.0,A2,北,top0A2,top0A2_2,0,0,0,0
530.0,B0,西,A0B0,A0B0_0,4,0,1,0
530.0,B0,西,A0B0,A0B0_1,4,0,2,2
530.0,B0,西,A0B0,A0B0_2,4,0,1,1
530.0,B0,北,B1B0,B1B0_0,3,0,1,0
530.0,B0,北,B1B0,B1B0_1,3,0,1,0
530.0,B0,北,B1B0,B1B0_2,3,0,1,0
530.0,B0,东,C0B0,C0B0_0,2,0,0,0
530.0,B0,东,C0B0,C0B0_1,2,0,1,0
530.0,B0,东,C0B0,C0B0_2,2,0,1,0
530.0,B0,南,bottom1B0,bottom1B0_0,2,0,0,0
530.0,B0,南,bottom1B0,bottom1B0_1,2,0,2,2
530.0,B0,南,bottom1B0,bottom1B0_2,2,0,0,0
530.0,B1,西,A1B1,A1B1_0,1,0,0,0
530.0,B1,西,A1B1,A1B1_1,1,0,1,0
530.0,B1,西,A1B1,A1B1_2,1,0,0,0
530.0,B1,南,B0B1,B0B1_0,1,0,0,0
530.0,B1,南,B0B1,B0B1_1,1,0,1,1
530.0,B1,南,B0B1,B0B1_2,1,0,0,0
530.0,B1,北,B2B1,B2B1_0,0,0,0,0
530.0,B1,北,B2B1,B2B1_1,0,0,0,0
530.0,B1,北,B2B1,B2B1_2,0,0,0,0
530.0,B1,东,C1B1,C1B1_0,2,0,0,0
530.0,B1,东,C1B1,C1B1_1,2,0,2,1
530.0,B1,东,C1B1,C1B1_2,2,0,0,0
530.0,B2,西,A2B2,A2B2_0,1,0,0,0
530.0,B2,西,A2B2,A2B2_1,1,0,1,1
530.0,B2,西,A2B2,A2B2_2,1,0,0,0
530.0,B2,南,B1B2,B1B2_0,1,0,0,0
530.0,B2,南,B1B2,B1B2_1,1,0,1,1
530.0,B2,南,B1B2,B1B2_2,1,0,0,0
530.0,B2,东,C2B2,C2B2_0,3,0,0,0
530.0,B2,东,C2B2,C2B2_1,3,0,3,1
530.0,B2,东,C2B2,C2B2_2,3,0,0,0
530.0,B2,北,top1B2,top1B2_0,1,0,1,0
530.0,B2,北,top1B2,top1B2_1,1,0,0,0
530.0,B2,北,top1B2,top1B2_2,1,0,0,0
530.0,C0,西,B0C0,B0C0_0,1,0,0,0
530.0,C0,西,B0C0,B0C0_1,1,0,0,0
530.0,C0,西,B0C0,B0C0_2,1,0,1,0
530.0,C0,北,C1C0,C1C0_0,1,0,0,0
530.0,C0,北,C1C0,C1C0_1,1,0,1,0
530.0,C0,北,C1C0,C1C0_2,1,0,0,0
530.0,C0,南,bottom2C0,bottom2C0_0,2,0,0,0
530.0,C0,南,bottom2C0,bottom2C0_1,2,0,1,0
530.0,C0,南,bottom2C0,bottom2C0_2,2,0,1,1
530.0,C0,东,right0C0,right0C0_0,1,1,1,0
530.0,C0,东,right0C0,right0C0_1,1,1,0,0
530.0,C0,东,right0C0,right0C0_2,1,1,0,0
530.0,C1,西,B1C1,B1C1_0,3,0,0,0
530.0,C1,西,B1C1,B1C1_1,3,0,0,0
530.0,C1,西,B1C1,B1C1_2,3,0,3,3
530.0,C1,南,C0C1,C0C1_0,1,0,0,0
530.0,C1,南,C0C1,C0C1_1,1,0,1,1
530.0,C1,南,C0C1,C0C1_2,1,0,0,0
530.0,C1,北,C2C1,C2C1_0,1,1,0,0
530.0,C1,北,C2C1,C2C1_1,1,1,1,0
530.0,C1,北,C2C1,C2C1_2,1,1,0,0
530.0,C1,东,right1C1,right1C1_0,1,0,0,0
530.0,C1,东,right1C1,right1C1_1,1,0,1,1
530.0,C1,东,right1C1,right1C1_2,1,0,0,0
530.0,C2,西,B2C2,B2C2_0,0,0,0,0
530.0,C2,西,B2C2,B2C2_1,0,0,0,0
530.0,C2,西,B2C2,B2C2_2,0,0,0,0
530.0,C2,南,C1C2,C1C2_0,1,0,0,0
530.0,C2,南,C1C2,C1C2_1,1,0,0,0
530.0,C2,南,C1C2,C1C2_2,1,0,1,1
530.0,C2,东,right2C2,right2C2_0,2,0,0,0
530.0,C2,东,right2C2,right2C2_1,2,0,2,2
530.0,C2,东,right2C2,right2C2_2,2,0,0,0
530.0,C2,北,top2C2,top2C2_0,1,1,1,0
530.0,C2,北,top2C2,top2C2_1,1,1,0,0
530.0,C2,北,top2C2,top2C2_2,1,1,0,0
535.0,A0,北,A1A0,A1A0_0,2,0,2,0
535.0,A0,北,A1A0,A1A0_1,2,0,0,0
535.0,A0,北,A1A0,A1A0_2,2,0,0,0
535.0,A0,东,B0A0,B0A0_0,0,0,0,0
535.0,A0,东,B0A0,B0A0_1,0,0,0,0
535.0,A0,东,B0A0,B0A0_2,0,0,0,0
535.0,A0,南,bottom0A0,bottom0A0_0,0,0,0,0
535.0,A0,南,bottom0A0,bottom0A0_1,0,0,0,0
535.0,A0,南,bottom0A0,bottom0A0_2,0,0,0,0
535.0,A0,西,left0A0,left0A0_0,2,0,0,0
535.0,A0,西,left0A0,left0A0_1,2,0,2,1
535.0,A0,西,left0A0,left0A0_2,2,0,0,0
535.0,A1,南,A0A1,A0A1_0,0,0,0,0
535.0,A1,南,A0A1,A0A1_1,0,0,0,0
535.0,A1,南,A0A1,A0A1_2,0,0,0,0
535.0,A1,北,A2A1,A2A1_0,0,0,0,0
535.0,A1,北,A2A1,A2A1_1,0,0,0,0
535.0,A1,北,A2A1,A2A1_2,0,0,0,0
535.0,A1,东,B1A1,B1A1_0,2,0,1,1
535.0,A1,东,B1A1,B1A1_1,2,0,1,1
535.0,A1,东,B1A1,B1A1_2,2,0,0,0
535.0,A1,西,left1A1,left1A1_0,2,0,0,0
535.0,A1,西,left1A1,left1A1_1,2,0,2,1
535.0,A1,西,left1A1,left1A1_2,2,0,0,0
535.0,A2,南,A1A2,A1A2_0,0,0,0,0
535.0,A2,南,A1A2,A1A2_1,0,0,0,0
535.0,A2,南,A1A2,A1A2_2,0,0,0,0
535.0,A2,东,B2A2,B2A2_0,0,0,0,0
535.0,A2,东,B2A2,B2A2_1,0,0,0,0
535.0,A2,东,B2A2,B2A2_2,0,0,0,0
535.0,A2,西,left2A2,left2A2_0,1,0,0,0
535.0,A2,西,left2A2,left2A2_1,1,0,1,1
535.0,A2,西,left2A2,left2A2_2,1,0,0,0
535.0,A2,北,top0A2,top0A2_0,0,0,0,0
535.0,A2,北,top0A2,top0A2_1,0,0,0,0
535.0,A2,北,top0A2,top0A2_2,0,0,0,0
535.0,B0,西,A0B0,A0B0_0,4,0,1,0
535.0,B0,西,A0B0,A0B0_1,4,0,2,2
535.0,B0,西,A0B0,A0B0_2,4,0,1,1
535.0,B0,北,B1B0,B1B0_0,3,0,1,0
535.0,B0,北,B1B0,B1B0_1,3,0,1,0
535.0,B0,北,B1B0,B1B0_2,3,0,1,0
535.0,B0,东,C0B0,C0B0_0,2,0,0,0
535.0,B0,东,C0B0,C0B0_1,2,0,1,0
535.0,B0,东,C0B0,C0B0_2,2,0,1,1
535.0,B0,南,bottom1B0,bottom1B0_0,1,0,0,0
535.0,B0,南,bottom1B0,bottom1B0_1,1,0,1,0
535.0,B0,南,bottom1B0,bottom1B0_2,1,0,0,0
535.0,B1,西,A1B1,A1B1_0,1,0,0,0
535.0,B1,西,A1B1,A1B1_1,1,0,1,1
535.0,B1,西,A1B1,A1B1_2,1,0,0,0
535.0,B1,南,B0B1,B0B1_0,0,0,0,0
535.0,B1,南,B0B1,B0B1_1,0,0,0,0
535.0,B1,南,B0B1,B0B1_2,0,0,0,0
535.0,B1,北,B2B1,B2B1_0,0,0,0,0
535.0,B1,北,B2B1,B2B1_1,0,0,0,0
535.0,B1,北,B2B1,B2B1_2,0,0,0,0
535.0,B1,东,C1B1,C1B1_0,2,0,0,0
535.0,B1,东,C1B1,C1B1_1,2,0,2,2
535.0,B1,东,C1B1,C1B1_2,2,0,0,0
535.0,B2,西,A2B2,A2B2_0,1,0,0,0
535.0,B2,西,A2B2,A2B2_1,1,0,1,1
535.0,B2,西,A2B2,A2B2_2,1,0,0,0
535.0,B2,南,B1B2,B1B2_0,0,0,0,0
535.0,B2,南,B1B2,B1B2_1,0,0,0,0
535.0,B2,南,B1B2,B1B2_2,0,0,0,0
535.0,B2,东,C2B2,C2B2_0,3,0,0,0
535.0,B2,东,C2B2,C2B2_1,3,0,3,2
535.0,B2,东,C2B2,C2B2_2,3,0,0,0
535.0,B2,北,top1B2,top1B2_0,1,0,1,0
535.0,B2,北,top1B2,top1B2_1,1,0,0,0
535.0,B2,北,top1B2,top1B2_2,1,0,0,0
535.0,C0,西,B0C0,B0C0_0,1,0,0,0
535.0,C0,西,B0C0,B0C0_1,1,0,0,0
535.0,C0,西,B0C0,B0C0_2,1,0,1,0
535.0,C0,北,C1C0,C1C0_0,1,0,0,0
535.0,C0,北,C1C0,C1C0_1,1,0,1,0
535.0,C0,北,C1C0,C1C0_2,1,0,0,0
535.0,C0,南,bottom2C0,bottom2C0_0,0,0,0,0
535.0,C0,南,bottom2C0,bottom2C0_1,0,0,0,0
535.0,C0,南,bottom2C0,bottom2C0_2,0,0,0,0
535.0,C0,东,right0C0,right0C0_0,1,0,1,0
535.0,C0,东,right0C0,right0C0_1,1,0,0,0
535.0,C0,东,right0C0,right0C0_2,1,0,0,0
535.0,C1,西,B1C1,B1C1_0,3,0,0,0
535.0,C1,西,B1C1,B1C1_1,3,0,0,0
535.0,C1,西,B1C1,B1C1_2,3,0,3,3
535.0,C1,南,C0C1,C0C1_0,0,0,0,0
535.0,C1,南,C0C1,C0C1_1,0,0,0,0
535.0,C1,南,C0C1,C0C1_2,0,0,0,0
535.0,C1,北,C2C1,C2C1_0,1,0,0,0
535.0,C1,北,C2C1,C2C1_1,1,0,1,0
535.0,C1,北,C2C1,C2C1_2,1,0,0,0
535.0,C1,东,right1C1,right1C1_0,1,0,0,0
535.0,C1,东,right1C1,right1C1_1,1,0,1,1
535.0,C1,东,right1C1,right1C1_2,1,0,0,0
535.0,C2,西,B2C2,B2C2_0,0,0,0,0
535.0,C2,西,B2C2,B2C2_1,0,0,0,0
535.0,C2,西,B2C2,B2C2_2,0,0,0,0
535.0,C2,南,C1C2,C1C2_0,0,0,0,0
535.0,C2,南,C1C2,C1C2_1,0,0,0,0
535.0,C2,南,C1C2,C1C2_2,0,0,0,0
535.0,C2,东,right2C2,right2C2_0,3,1,0,0
535.0,C2,东,right2C2,right2C2_1,3,1,3,2
535.0,C2,东,right2C2,right2C2_2,3,1,0,0
535.0,C2,北,top2C2,top2C2_0,1,0,1,0
535.0,C2,北,top2C2,top2C2_1,1,0,0,0
535.0,C2,北,top2C2,top2C2_2,1,0,0,0
540.0,A0,北,A1A0,A1A0_0,2,0,2,0
540.0,A0,北,A1A0,A1A0_1,2,0,0,0
540.0,A0,北,A1A0,A1A0_2,2,0,0,0
540.0,A0,东,B0A0,B0A0_0,0,0,0,0
540.0,A0,东,B0A0,B0A0_1,0,0,0,0
540.0,A0,东,B0A0,B0A0_2,0,0,0,0
540.0,A0,南,bottom0A0,bottom0A0_0,0,0,0,0
540.0,A0,南,bottom0A0,bottom0A0_1,0,0,0,0
540.0,A0,南,bottom0A0,bottom0A0_2,0,0,0,0
540.0,A0,西,left0A0,left0A0_0,2,0,0,0
540.0,A0,西,left0A0,left0A0_1,2,0,2,2
540.0,A0,西,left0A0,left0A0_2,2,0,0,0
540.0,A1,南,A0A1,A0A1_0,1,1,0,0
540.0,A1,南,A0A1,A0A1_1,1,1,0,0
540.0,A1,南,A0A1,A0A1_2,1,1,1,0
540.0,A1,北,A2A1,A2A1_0,0,0,0,0
540.0,A1,北,A2A1,A2A1_1,0,0,0,0
540.0,A1,北,A2A1,A2A1_2,0,0,0,0
540.0,A1,东,B1A1,B1A1_0,1,0,0,0
540.0,A1,东,B1A1,B1A1_1,1,0,1,1
540.0,A1,东,B1A1,B1A1_2,1,0,0,0
540.0,A1,西,left1A1,left1A1_0,2,0,0,0
540.0,A1,西,left1A1,left1A1_1,2,0,2,1
540.0,A1,西,left1A1,left1A1_2,2,0,0,0
540.0,A2,南,A1A2,A1A2_0,1,1,0,0
540.0,A2,南,A1A2,A1A2_1,1,1,0,0
540.0,A2,南,A1A2,A1A2_2,1,1,1,0
540.0,A2,东,B2A2,B2A2_0,0,0,0,0
540.0,A2,东,B2A2,B2A2_1,0,0,0,0
540.0,A2,东,B2A2,B2A2_2,0,0,0,0
540.0,A2,西,left2A2,left2A2_0,1,0,0,0
540.0,A2,西,left2A2,left2A2_1,1,0,1,1
540.0,A2,西,left2A2,left2A2_2,1,0,0,0
540.0,A2,北,top0A2,top0A2_0,0,0,0,0
540.0,A2,北,top0A2,top0A2_1,0,0,0,0
540.0,A2,北,top0A2,top0A2_2,0,0,0,0
540.0,B0,西,A0B0,A0B0_0,4,0,1,0
540.0,B0,西,A0B0,A0B0_1,4,0,2,2
540.0,B0,西,A0B0,A0B0_2,4,0,1,1
540.0,B0,北,B1B0,B1B0_0,3,0,1,0
540.0,B0,北,B1B0,B1B0_1,3,0,1,0
540.0,B0,北,B1B0,B1B0_2,3,0,1,0
540.0,B0,东,C0B0,C0B0_0,3,1,0,0
540.0,B0,东,C0B0,C0B0_1,3,1,1,1
540.0,B0,东,C0B0,C0B0_2,3,1,2,1
540.0,B0,南,bottom1B0,bottom1B0_0,0,0,0,0
540.0,B0,南,bottom1B0,bottom1B0_1,0,0,0,0
540.0,B0,南,bottom1B0,bottom1B0_2,0,0,0,0
540.0,B1,西,A1B1,A1B1_0,1,0,0,0
540.0,B1,西,A1B1,A1B1_1,1,0,1,1
540.0,B1,西,A1B1,A1B1_2,1,0,0,0
540.0,B1,南,B0B1,B0B1_0,1,1,1,0
540.0,B1,南,B0B1,B0B1_1,1,1,0,0
540.0,B1,南,B0B1,B0B1_2,1,1,0,0
540.0,B1,北,B2B1,B2B1_0,0,0,0,0
540.0,B1,北,B2B1,B2B1_1,0,0,0,0
540.0,B1,北,B2B1,B2B1_2,0,0,0,0
540.0,B1,东,C1B1,C1B1_0,2,0,0,0
540.0,B1,东,C1B1,C1B1_1,2,0,2,2
540.0,B1,东,C1B1,C1B1_2,2,0,0,0
540.0,B2,西,A2B2,A2B2_0,1,0,0,0
540.0,B2,西,A2B2,A2B2_1,1,0,1,1
540.0,B2,西,A2B2,A2B2_2,1,0,0,0
540.0,B2,南,B1B2,B1B2_0,1,1,1,0
540.0,B2,南,B1B2,B1B2_1,1,1,0,0
540.0,B2,南,B1B2,B1B2_2,1,1,0,0
540.0,B2,东,C2B2,C2B2_0,4,1,1,0
540.0,B2,东,C2B2,C2B2_1,4,1,3,3
540.0,B2,东,C2B2,C2B2_2,4,1,0,0
540.0,B2,北,top1B2,top1B2_0,1,0,1,0
540.0,B2,北,top1B2,top1B2_1,1,0,0,0
540.0,B2,北,top1B2,top1B2_2,1,0,0,0
540.0,C0,西,B0C0,B0C0_0,1,0,0,0
540.0,C0,西,B0C0,B0C0_1,1,0,0,0
540.0,C0,西,B0C0,B0C0_2,1,0,1,0
540.0,C0,北,C1C0,C1C0_0,1,0,0,0
540.0,C0,北,C1C0,C1C0_1,1,0,1,1
540.0,C0,北,C1C0,C1C0_2,1,0,0,0
540.0,C0,南,bottom2C0,bottom2C0_0,0,0,0,0
540.0,C0,南,bottom2C0,bottom2C0_1,0,0,0,0
540.0,C0,南,bottom2C0,bottom2C0_2,0,0,0,0
540.0,C0,东,right0C0,right0C0_0,1,0,1,0
540.0,C0,东,right0C0,right0C0_1,1,0,0,0
540.0,C0,东,right0C0,right0C0_2,1,0,0,0
540.0,C1,西,B1C1,B1C1_0,3,0,0,0
540.0,C1,西,B1C1,B1C1_1,3,0,0,0
540.0,C1,西,B1C1,B1C1_2,3,0,3,3
540.0,C1,南,C0C1,C0C1_0,1,1,1,0
540.0,C1,南,C0C1,C0C1_1,1,1,0,0
540.0,C1,南,C0C1,C0C1_2,1,1,0,0
540.0,C1,北,C2C1,C2C1_0,1,0,0,0
540.0,C1,北,C2C1,C2C1_1,1,0,1,0
540.0,C1,北,C2C1,C2C1_2,1,0,0,0
540.0,C1,东,right1C1,right1C1_0,1,0,0,0
540.0,C1,东,right1C1,right1C1_1,1,0,1,1
540.0,C1,东,right1C1,right1C1_2,1,0,0,0
540.0,C2,西,B2C2,B2C2_0,0,0,0,0
540.0,C2,西,B2C2,B2C2_1,0,0,0,0
540.0,C2,西,B2C2,B2C2_2,0,0,0,0
540.0,C2,南,C1C2,C1C2_0,1,1,0,0
540.0,C2,南,C1C2,C1C2_1,1,1,0,0
540.0,C2,南,C1C2,C1C2_2,1,1,1,0
540.0,C2,东,right2C2,right2C2_0,3,0,0,0
540.0,C2,东,right2C2,right2C2_1,3,0,3,2
540.0,C2,东,right2C2,right2C2_2,3,0,0,0
540.0,C2,北,top2C2,top2C2_0,1,0,1,0
540.0,C2,北,top2C2,top2C2_1,1,0,0,0
540.0,C2,北,top2C2,top2C2_2,1,0,0,0
545.0,A0,北,A1A0,A1A0_0,1,0,1,0
545.0,A0,北,A1A0,A1A0_1,1,0,0,0
545.0,A0,北,A1A0,A1A0_2,1,0,0,0
545.0,A0,东,B0A0,B0A0_0,0,0,0,0
545.0,A0,东,B0A0,B0A0_1,0,0,0,0
545.0,A0,东,B0A0,B0A0_2,0,0,0,0
545.0,A0,南,bottom0A0,bottom0A0_0,0,0,0,0
545.0,A0,南,bottom0A0,bottom0A0_1,0,0,0,0
545.0,A0,南,bottom0A0,bottom0A0_2,0,0,0,0
545.0,A0,西,left0A0,left0A0_0,1,0,0,0
545.0,A0,西,left0A0,left0A0_1,1,0,1,0
545.0,A0,西,left0A0,left0A0_2,1,0,0,0
545.0,A1,南,A0A1,A0A1_0,1,0,0,0
545.0,A1,南,A0A1,A0A1_1,1,0,0,0
545.0,A1,南,A0A1,A0A1_2,1,0,1,0
545.0,A1,北,A2A1,A2A1_0,0,0,0,0
545.0,A1,北,A2A1,A2A1_1,0,0,0,0
545.0,A1,北,A2A1,A2A1_2,0,0,0,0
545.0,A1,东,B1A1,B1A1_0,0,0,0,0
545.0,A1,东,B1A1,B1A1_1,0,0,0,0
545.0,A1,东,B1A1,B1A1_2,0,0,0,0
545.0,A1,西,left1A1,left1A1_0,1,0,0,0
545.0,A1,西,left1A1,left1A1_1,1,0,1,0
545.0,A1,西,left1A1,left1A1_2,1,0,0,0
545.0,A2,南,A1A2,A1A2_0,2,1,0,0
545.0,A2,南,A1A2,A1A2_1,2,1,0,0
545.0,A2,南,A1A2,A1A2_2,2,1,2,0
545.0,A2,东,B2A2,B2A2_0,0,0,0,0
545.0,A2,东,B2A2,B2A2_1,0,0,0,0
545.0,A2,东,B2A2,B2A2_2,0,0,0,0
545.0,A2,西,left2A2,left2A2_0,0,0,0,0
545.0,A2,西,left2A2,left2A2_1,0,0,0,0
545.0,A2,西,left2A2,left2A2_2,0,0,0,0
545.0,A2,北,top0A2,top0A2_0,0,0,0,0
545.0,A2,北,top0A2,top0A2_1,0,0,0,0
545.0,A2,北,top0A2,top0A2_2,0,0,0,0
545.0,B0,西,A0B0,A0B0_0,3,0,1,0
545.0,B0,西,A0B0,A0B0_1,3,0,1,0
545.0,B0,西,A0B0,A0B0_2,3,0,1,1
545.0,B0,北,B1B0,B1B0_0,3,0,1,1
545.0,B0,北,B1B0,B1B0_1,3,0,1,1
545.0,B0,北,B1B0,B1B0_2,3,0,1,1
545.0,B0,东,C0B0,C0B0_0,2,0,0,0
545.0,B0,东,C0B0,C0B0_1,2,0,0,0
545.0,B0,东,C0B0,C0B0_2,2,0,2,1
545.0,B0,南,bottom1B0,bottom1B0_0,0,0,0,0
545.0,B0,南,bottom1B0,bottom1B0_1,0,0,0,0
545.0,B0,南,bottom1B0,bottom1B0_2,0,0,0,0
545.0,B1,西,A1B1,A1B1_0,0,0,0,0
545.0,B1,西,A1B1,A1B1_1,0,0,0,0
545.0,B1,西,A1B1,A1B1_2,0,0,0,0
545.0,B1,南,B0B1,B0B1_0,2,1,1,0
545.0,B1,南,B0B1,B0B1_1,2,1,1,0
545.0,B1,南,B0B1,B0B1_2,2,1,0,0
545.0,B1,北,B2B1,B2B1_0,0,0,0,0
545.0,B1,北,B2B1,B2B1_1,0,0,0,0
545.0,B1,北,B2B1,B2B1_2,0,0,0,0
545.0,B1,东,C1B1,C1B1_0,1,0,0,0
545.0,B1,东,C1B1,C1B1_1,1,0,1,0
545.0,B1,东,C1B1,C1B1_2,1,0,0,0
545.0,B2,西,A2B2,A2B2_0,0,0,0,0
545.0,B2,西,A2B2,A2B2_1,0,0,0,0
545.0,B2,西,A2B2,A2B2_2,0,0,0,0
545.0,B2,南,B1B2,B1B2_0,1,0,1,0
545.0,B2,南,B1B2,B1B2_1,1,0,0,0
545.0,B2,南,B1B2,B1B2_2,1,0,0,0
545.0,B2,东,C2B2,C2B2_0,3,0,1,0
545.0,B2,东,C2B2,C2B2_1,3,0,2,1
545.0,B2,东,C2B2,C2B2_2,3,0,0,0
545.0,B2,北,top1B2,top1B2_0,1,0,1,1
545.0,B2,北,top1B2,top1B2_1,1,0,0,0
545.0,B2,北,top1B2,top1B2_2,1,0,0,0
545.0,C0,西,B0C0,B0C0_0,1,0,0,0
545.0,C0,西,B0C0,B0C0_1,1,0,0,0
545.0,C0,西,B0C0,B0C0_2,1,0,1,1
545.0,C0,北,C1C0,C1C0_0,1,0,0,0
545.0,C0,北,C1C0,C1C0_1,1,0,1,1
545.0,C0,北,C1C0,C1C0_2,1,0,0,0
545.0,C0,南,bottom2C0,bottom2C0_0,0,0,0,0
545.0,C0,南,bottom2C0,bottom2C0_1,0,0,0,0
545.0,C0,南,bottom2C0,bottom2C0_2,0,0,0,0
545.0,C0,东,right0C0,right0C0_0,1,0,1,0
545.0,C0,东,right0C0,right0C0_1,1,0,0,0
545.0,C0,东,right0C0,right0C0_2,1,0,0,0
545.0,C1,西,B1C1,B1C1_0,3,0,0,0
545.0,C1,西,B1C1,B1C1_1,3,0,0,0
545.0,C1,西,B1C1,B1C1_2,3,0,3,3
545.0,C1,南,C0C1,C0C1_0,1,0,1,0
545.0,C1,南,C0C1,C0C1_1,1,0,0,0
545.0,C1,南,C0C1,C0C1_2,1,0,0,0
545.0,C1,北,C2C1,C2C1_0,1,0,0,0
545.0,C1,北,C2C1,C2C1_1,1,0,1,0
545.0,C1,北,C2C1,C2C1_2,1,0,0,0
545.0,C1,东,right1C1,right1C1_0,1,1,1,0
545.0,C1,东,right1C1,right1C1_1,1,1,0,0
545.0,C1,东,right1C1,right1C1_2,1,1,0,0
545.0,C2,西,B2C2,B2C2_0,0,0,0,0
545.0,C2,西,B2C2,B2C2_1,0,0,0,0
545.0,C2,西,B2C2,B2C2_2,0,0,0,0
545.0,C2,南,C1C2,C1C2_0,1,0,0,0
545.0,C2,南,C1C2,C1C2_1,1,0,0,0
545.0,C2,南,C1C2,C1C2_2,1,0,1,0
545.0,C2,东,right2C2,right2C2_0,2,0,0,0
545.0,C2,东,right2C2,right2C2_1,2,0,2,0
545.0,C2,东,right2C2,right2C2_2,2,0,0,0
545.0,C2,北,top2C2,top2C2_0,1,0,1,0
545.0,C2,北,top2C2,top2C2_1,1,0,0,0
545.0,C2,北,top2C2,top2C2_2,1,0,0,0
550.0,A0,北,A1A0,A1A0_0,0,0,0,0
550.0,A0,北,A1A0,A1A0_1,0,0,0,0
550.0,A0,北,A1A0,A1A0_2,0,0,0,0
550.0,A0,东,B0A0,B0A0_0,1,1,0,0
550.0,A0,东,B0A0,B0A0_1,1,1,0,0
550.0,A0,东,B0A0,B0A0_2,1,1,1,0
550.0,A0,南,bottom0A0,bottom0A0_0,0,0,0,0
550.0,A0,南,bottom0A0,bottom0A0_1,0,0,0,0
550.0,A0,南,bottom0A0,bottom0A0_2,0,0,0,0
550.0,A0,西,left0A0,left0A0_0,0,0,0,0
550.0,A0,西,left0A0,left0A0_1,0,0,0,0
550.0,A0,西,left0A0,left0A0_2,0,0,0,0
550.0,A1,南,A0A1,A0A1_0,1,0,0,0
550.0,A1,南,A0A1,A0A1_1,1,0,0,0
550.0,A1,南,A0A1,A0A1_2,1,0,1,0
550.0,A1,北,A2A1,A2A1_0,0,0,0,0
550.0,A1,北,A2A1,A2A1_1,0,0,0,0
550.0,A1,北,A2A1,A2A1_2,0,0,0,0
550.0,A1,东,B1A1,B1A1_0,2,2,0,0
550.0,A1,东,B1A1,B1A1_1,2,2,1,0
550.0,A1,东,B1A1,B1A1_2,2,2,1,0
550.0,A1,西,left1A1,left1A1_0,0,0,0,0
550.0,A1,西,left1A1,left1A1_1,0,0,0,0
550.0,A1,西,left1A1,left1A1_2,0,0,0,0
550.0,A2,南,A1A2,A1A2_0,2,0,0,0
550.0,A2,南,A1A2,A1A2_1,2,0,0,0
550.0,A2,南,A1A2,A1A2_2,2,0,2,0
550.0,A2,东,B2A2,B2A2_0,2,2,1,0
550.0,A2,东,B2A2,B2A2_1,2,2,1,0
550.0,A2,东,B2A2,B2A2_2,2,2,0,0
550.0,A2,西,left2A2,left2A2_0,0,0,0,0
550.0,A2,西,left2A2,left2A2_1,0,0,0,0
550.0,A2,西,left2A2,left2A2_2,0,0,0,0
550.0,A2,北,top0A2,top0A2_0,0,0,0,0
550.0,A2,北,top0A2,top0A2_1,0,0,0,0
550.0,A2,北,top0A2,top0A2_2,0,0,0,0
550.0,B0,西,A0B0,A0B0_0,4,2,1,0
550.0,B0,西,A0B0,A0B0_1,4,2,0,0
550.0,B0,西,A0B0,A0B0_2,4,2,3,1
550.0,B0,北,B1B0,B1B0_0,2,0,0,0
550.0,B0,北,B1B0,B1B0_1,2,0,1,1
550.0,B0,北,B1B0,B1B0_2,2,0,1,1
550.0,B0,东,C0B0,C0B0_0,2,0,0,0
550.0,B0,东,C0B0,C0B0_1,2,0,0,0
550.0,B0,东,C0B0,C0B0_2,2,0,2,1
550.0,B0,南,bottom1B0,bottom1B0_0,0,0,0,0
550.0,B0,南,bottom1B0,bottom1B0_1,0,0,0,0
550.0,B0,南,bottom1B0,bottom1B0_2,0,0,0,0
550.0,B1,西,A1B1,A1B1_0,2,2,0,0
550.0,B1,西,A1B1,A1B1_1,2,2,2,0
550.0,B1,西,A1B1,A1B1_2,2,2,0,0
550.0,B1,南,B0B1,B0B1_0,2,0,1,0
550.0,B1,南,B0B1,B0B1_1,2,0,1,0
550.0,B1,南,B0B1,B0B1_2,2,0,0,0
550.0,B1,北,B2B1,B2B1_0,0,0,0,0
550.0,B1,北,B2B1,B2B1_1,0,0,0,0
550.0,B1,北,B2B1,B2B1_2,0,0,0,0
550.0,B1,东,C1B1,C1B1_0,1,1,0,0
550.0,B1,东,C1B1,C1B1_1,1,1,1,0
550.0,B1,东,C1B1,C1B1_2,1,1,0,0
550.0,B2,西,A2B2,A2B2_0,1,1,0,0
550.0,B2,西,A2B2,A2B2_1,1,1,1,0
550.0,B2,西,A2B2,A2B2_2,1,1,0,0
550.0,B2,南,B1B2,B1B2_0,1,0,1,0
550.0,B2,南,B1B2,B1B2_1,1,0,0,0
550.0,B2,南,B1B2,B1B2_2,1,0,0,0
550.0,B2,东,C2B2,C2B2_0,2,1,2,0
550.0,B2,东,C2B2,C2B2_1,2,1,0,0
550.0,B2,东,C2B2,C2B2_2,2,1,0,0
550.0,B2,北,top1B2,top1B2_0,1,0,1,1
550.0,B2,北,top1B2,top1B2_1,1,0,0,0
550.0,B2,北,top1B2,top1B2_2,1,0,0,0
550.0,C0,西,B0C0,B0C0_0,2,1,1,0
550.0,C0,西,B0C0,B0C0_1,2,1,0,0
550.0,C0,西,B0C0,B0C0_2,2,1,1,1
550.0,C0,北,C1C0,C1C0_0,1,0,0,0
550.0,C0,北,C1C0,C1C0_1,1,0,1,1
550.0,C0,北,C1C0,C1C0_2,1,0,0,0
550.0,C0,南,bottom2C0,bottom2C0_0,0,0,0,0
550.0,C0,南,bottom2C0,bottom2C0_1,0,0,0,0
550.0,C0,南,bottom2C0,bottom2C0_2,0,0,0,0
550.0,C0,东,right0C0,right0C0_0,0,0,0,0
550.0,C0,东,right0C0,right0C0_1,0,0,0,0
550.0,C0,东,right0C0,right0C0_2,0,0,0,0
550.0,C1,西,B1C1,B1C1_0,4,1,1,0
550.0,C1,西,B1C1,B1C1_1,4,1,0,0
550.0,C1,西,B1C1,B1C1_2,4,1,3,3
550.0,C1,南,C0C1,C0C1_0,1,0,1,0
550.0,C1,南,C0C1,C0C1_1,1,0,0,0
550.0,C1,南,C0C1,C0C1_2,1,0,0,0
550.0,C1,北,C2C1,C2C1_0,1,0,0,0
550.0,C1,北,C2C1,C2C1_1,1,0,1,1
550.0,C1,北,C2C1,C2C1_2,1,0,0,0
550.0,C1,东,right1C1,right1C1_0,1,0,1,0
550.0,C1,东,right1C1,right1C1_1,1,0,0,0
550.0,C1,东,right1C1,right1C1_2,1,0,0,0
550.0,C2,西,B2C2,B2C2_0,1,1,1,0
550.0,C2,西,B2C2,B2C2_1,1,1,0,0
550.0,C2,西,B2C2,B2C2_2,1,1,0,0
550.0,C2,南,C1C2,C1C2_0,1,0,0,0
550.0,C2,南,C1C2,C1C2_1,1,0,0,0
550.0,C2,南,C1C2,C1C2_2,1,0,1,0
550.0,C2,东,right2C2,right2C2_0,1,0,0,0
550.0,C2,东,right2C2,right2C2_1,1,0,1,0
550.0,C2,东,right2C2,right2C2_2,1,0,0,0
550.0,C2,北,top2C2,top2C2_0,1,0,1,0
550.0,C2,北,top2C2,top2C2_1,1,0,0,0
550.0,C2,北,top2C2,top2C2_2,1,0,0,0
555.0,A0,北,A1A0,A1A0_0,0,0,0,0
555.0,A0,北,A1A0,A1A0_1,0,0,0,0
555.0,A0,北,A1A0,A1A0_2,0,0,0,0
555.0,A0,东,B0A0,B0A0_0,2,1,0,0
555.0,A0,东,B0A0,B0A0_1,2,1,0,0
555.0,A0,东,B0A0,B0A0_2,2,1,2,0
555.0,A0,南,bottom0A0,bottom0A0_0,0,0,0,0
555.0,A0,南,bottom0A0,bottom0A0_1,0,0,0,0
555.0,A0,南,bottom0A0,bottom0A0_2,0,0,0,0
555.0,A0,西,left0A0,left0A0_0,0,0,0,0
555.0,A0,西,left0A0,left0A0_1,0,0,0,0
555.0,A0,西,left0A0,left0A0_2,0,0,0,0
555.0,A1,南,A0A1,A0A1_0,1,0,0,0
555.0,A1,南,A0A1,A0A1_1,1,0,0,0
555.0,A1,南,A0A1,A0A1_2,1,0,1,0
555.0,A1,北,A2A1,A2A1_0,0,0,0,0
555.0,A1,北,A2A1,A2A1_1,0,0,0,0
555.0,A1,北,A2A1,A2A1_2,0,0,0,0
555.0,A1,东,B1A1,B1A1_0,2,0,0,0
555.0,A1,东,B1A1,B1A1_1,2,0,1,0
555.0,A1,东,B1A1,B1A1_2,2,0,1,0
555.0,A1,西,left1A1,left1A1_0,0,0,0,0
555.0,A1,西,left1A1,left1A1_1,0,0,0,0
555.0,A1,西,left1A1,left1A1_2,0,0,0,0
555.0,A2,南,A1A2,A1A2_0,2,0,0,0
555.0,A2,南,A1A2,A1A2_1,2,0,0,0
555.0,A2,南,A1A2,A1A2_2,2,0,2,0
555.0,A2,东,B2A2,B2A2_0,4,2,2,0
555.0,A2,东,B2A2,B2A2_1,4,2,2,0
555.0,A2,东,B2A2,B2A2_2,4,2,0,0
555.0,A2,西,left2A2,left2A2_0,0,0,0,0
555.0,A2,西,left2A2,left2A2_1,0,0,0,0
555.0,A2,西,left2A2,left2A2_2,0,0,0,0
555.0,A2,北,top0A2,top0A2_0,0,0,0,0
555.0,A2,北,top0A2,top0A2_1,0,0,0,0
555.0,A2,北,top0A2,top0A2_2,0,0,0,0
555.0,B0,西,A0B0,A0B0_0,3,0,0,0
555.0,B0,西,A0B0,A0B0_1,3,0,0,0
555.0,B0,西,A0B0,A0B0_2,3,0,3,1
555.0,B0,北,B1B0,B1B0_0,2,0,0,0
555.0,B0,北,B1B0,B1B0_1,2,0,1,1
555.0,B0,北,B1B0,B1B0_2,2,0,1,1
555.0,B0,东,C0B0,C0B0_0,2,0,0,0
555.0,B0,东,C0B0,C0B0_1,2,0,0,0
555.0,B0,东,C0B0,C0B0_2,2,0,2,1
555.0,B0,南,bottom1B0,bottom1B0_0,0,0,0,0
555.0,B0,南,bottom1B0,bottom1B0_1,0,0,0,0
555.0,B0,南,bottom1B0,bottom1B0_2,0,0,0,0
555.0,B1,西,A1B1,A1B1_0,2,0,0,0
555.0,B1,西,A1B1,A1B1_1,2,0,2,0
555.0,B1,西,A1B1,A1B1_2,2,0,0,0
555.0,B1,南,B0B1,B0B1_0,2,0,1,0
555.0,B1,南,B0B1,B0B1_1,2,0,1,0
555.0,B1,南,B0B1,B0B1_2,2,0,0,0
555.0,B1,北,B2B1,B2B1_0,0,0,0,0
555.0,B1,北,B2B1,B2B1_1,0,0,0,0
555.0,B1,北,B2B1,B2B1_2,0,0,0,0
555.0,B1,东,C1B1,C1B1_0,1,0,0,0
555.0,B1,东,C1B1,C1B1_1,1,0,1,0
555.0,B1,东,C1B1,C1B1_2,1,0,0,0
555.0,B2,西,A2B2,A2B2_0,1,0,0,0
555.0,B2,西,A2B2,A2B2_1,1,0,1,0
555.0,B2,西,A2B2,A2B2_2,1,0,0,0
555.0,B2,南,B1B2,B1B2_0,1,0,1,0
555.0,B2,南,B1B2,B1B2_1,1,0,0,0
555.0,B2,南,B1B2,B1B2_2,1,0,0,0
555.0,B2,东,C2B2,C2B2_0,4,2,3,0
555.0,B2,东,C2B2,C2B2_1,4,2,0,0
555.0,B2,东,C2B2,C2B2_2,4,2,1,0
555.0,B2,北,top1B2,top1B2_0,0,0,0,0
555.0,B2,北,top1B2,top1B2_1,0,0,0,0
555.0,B2,北,top1B2,top1B2_2,0,0,0,0
555.0,C0,西,B0C0,B0C0_0,3,1,1,0
555.0,C0,西,B0C0,B0C0_1,3,1,1,0
555.0,C0,西,B0C0,B0C0_2,3,1,1,1
555.0,C0,北,C1C0,C1C0_0,1,0,0,0
555.0,C0,北,C1C0,C1C0_1,1,0,1,1
555.0,C0,北,C1C0,C1C0_2,1,0,0,0
555.0,C0,南,bottom2C0,bottom2C0_0,0,0,0,0
555.0,C0,南,bottom2C0,bottom2C0_1,0,0,0,0
555.0,C0,南,bottom2C0,bottom2C0_2,0,0,0,0
555.0,C0,东,right0C0,right0C0_0,0,0,0,0
555.0,C0,东,right0C0,right0C0_1,0,0,0,0
555.0,C0,东,right0C0,right0C0_2,0,0,0,0
555.0,C1,西,B1C1,B1C1_0,4,0,1,0
555.0,C1,西,B1C1,B1C1_1,4,0,0,0
555.0,C1,西,B1C1,B1C1_2,4,0,3,3
555.0,C1,南,C0C1,C0C1_0,2,1,1,0
555.0,C1,南,C0C1,C0C1_1,2,1,1,0
555.0,C1,南,C0C1,C0C1_2,2,1,0,0
555.0,C1,北,C2C1,C2C1_0,1,0,0,0
555.0,C1,北,C2C1,C2C1_1,1,0,1,1
555.0,C1,北,C2C1,C2C1_2,1,0,0,0
555.0,C1,东,right1C1,right1C1_0,1,0,1,0
555.0,C1,东,right1C1,right1C1_1,1,0,0,0
555.0,C1,东,right1C1,right1C1_2,1,0,0,0
555.0,C2,西,B2C2,B2C2_0,1,0,1,0
555.0,C2,西,B2C2,B2C2_1,1,0,0,0
555.0,C2,西,B2C2,B2C2_2,1,0,0,0
555.0,C2,南,C1C2,C1C2_0,1,0,0,0
555.0,C2,南,C1C2,C1C2_1,1,0,0,0
555.0,C2,南,C1C2,C1C2_2,1,0,1,0
555.0,C2,东,right2C2,right2C2_0,1,0,0,0
555.0,C2,东,right2C2,right2C2_1,1,0,1,0
555.0,C2,东,right2C2,right2C2_2,1,0,0,0
555.0,C2,北,top2C2,top2C2_0,0,0,0,0
555.0,C2,北,top2C2,top2C2_1,0,0,0,0
555.0,C2,北,top2C2,top2C2_2,0,0,0,0
560.0,A0,北,A1A0,A1A0_0,0,0,0,0
560.0,A0,北,A1A0,A1A0_1,0,0,0,0
560.0,A0,北,A1A0,A1A0_2,0,0,0,0
560.0,A0,东,B0A0,B0A0_0,2,0,0,0
560.0,A0,东,B0A0,B0A0_1,2,0,0,0
560.0,A0,东,B0A0,B0A0_2,2,0,2,0
560.0,A0,南,bottom0A0,bottom0A0_0,0,0,0,0
560.0,A0,南,bottom0A0,bottom0A0_1,0,0,0,0
560.0,A0,南,bottom0A0,bottom0A0_2,0,0,0,0
560.0,A0,西,left0A0,left0A0_0,1,1,1,0
560.0,A0,西,left0A0,left0A0_1,1,1,0,0
560.0,A0,西,left0A0,left0A0_2,1,1,0,0
560.0,A1,南,A0A1,A0A1_0,1,0,0,0
560.0,A1,南,A0A1,A0A1_1,1,0,0,0
560.0,A1,南,A0A1,A0A1_2,1,0,1,0
560.0,A1,北,A2A1,A2A1_0,0,0,0,0
560.0,A1,北,A2A1,A2A1_1,0,0,0,0
560.0,A1,北,A2A1,A2A1_2,0,0,0,0
560.0,A1,东,B1A1,B1A1_0,2,0,0,0
560.0,A1,东,B1A1,B1A1_1,2,0,1,0
560.0,A1,东,B1A1,B1A1_2,2,0,1,0
560.0,A1,西,left1A1,left1A1_0,0,0,0,0
560.0,A1,西,left1A1,left1A1_1,0,0,0,0
560.0,A1,西,left1A1,left1A1_2,0,0,0,0
560.0,A2,南,A1A2,A1A2_0,2,0,0,0
560.0,A2,南,A1A2,A1A2_1,2,0,0,0
560.0,A2,南,A1A2,A1A2_2,2,0,2,1
560.0,A2,东,B2A2,B2A2_0,4,0,2,0
560.0,A2,东,B2A2,B2A2_1,4,0,2,0
560.0,A2,东,B2A2,B2A2_2,4,0,0,0
560.0,A2,西,left2A2,left2A2_0,0,0,0,0
560.0,A2,西,left2A2,left2A2_1,0,0,0,0
560.0,A2,西,left2A2,left2A2_2,0,0,0,0
560.0,A2,北,top0A2,top0A2_0,0,0,0,0
560.0,A2,北,top0A2,top0A2_1,0,0,0,0
560.0,A2,北,top0A2,top0A2_2,0,0,0,0
560.0,B0,西,A0B0,A0B0_0,3,0,0,0
560.0,B0,西,A0B0,A0B0_1,3,0,0,0
560.0,B0,西,A0B0,A0B0_2,3,0,3,1
560.0,B0,北,B1B0,B1B0_0,2,0,0,0
560.0,B0,北,B1B0,B1B0_1,2,0,1,1
560.0,B0,北,B1B0,B1B0_2,2,0,1,1
560.0,B0,东,C0B0,C0B0_0,2,0,0,0
560.0,B0,东,C0B0,C0B0_1,2,0,0,0
560.0,B0,东,C0B0,C0B0_2,2,0,2,1
560.0,B0,南,bottom1B0,bottom1B0_0,1,1,1,0
560.0,B0,南,bottom1B0,bottom1B0_1,1,1,0,0
560.0,B0,南,bottom1B0,bottom1B0_2,1,1,0,0
560.0,B1,西,A1B1,A1B1_0,2,0,0,0
560.0,B1,西,A1B1,A1B1_1,2,0,2,0
560.0,B1,西,A1B1,A1B1_2,2,0,0,0
560.0,B1,南,B0B1,B0B1_0,2,0,1,0
560.0,B1,南,B0B1,B0B1_1,2,0,1,0
560.0,B1,南,B0B1,B0B1_2,2,0,0,0
560.0,B1,北,B2B1,B2B1_0,0,0,0,0
560.0,B1,北,B2B1,B2B1_1,0,0,0,0
560.0,B1,北,B2B1,B2B1_2,0,0,0,0
560.0,B1,东,C1B1,C1B1_0,1,0,0,0
560.0,B1,东,C1B1,C1B1_1,1,0,1,0
560.0,B1,东,C1B1,C1B1_2,1,0,0,0
560.0,B2,西,A2B2,A2B2_0,1,0,0,0
560.0,B2,西,A2B2,A2B2_1,1,0,1,0
560.0,B2,西,A2B2,A2B2_2,1,0,0,0
560.0,B2,南,B1B2,B1B2_0,1,0,1,0
560.0,B2,南,B1B2,B1B2_1,1,0,0,0
560.0,B2,南,B1B2,B1B2_2,1,0,0,0
560.0,B2,东,C2B2,C2B2_0,5,1,3,0
560.0,B2,东,C2B2,C2B2_1,5,1,1,0
560.0,B2,东,C2B2,C2B2_2,5,1,1,0
560.0,B2,北,top1B2,top1B2_0,1,1,1,0
560.0,B2,北,top1B2,top1B2_1,1,1,0,0
560.0,B2,北,top1B2,top1B2_2,1,1,0,0
560.0,C0,西,B0C0,B0C0_0,3,0,1,0
560.0,C0,西,B0C0,B0C0_1,3,0,1,0
560.0,C0,西,B0C0,B0C0_2,3,0,1,1
560.0,C0,北,C1C0,C1C0_0,1,0,0,0
560.0,C0,北,C1C0,C1C0_1,1,0,1,1
560.0,C0,北,C1C0,C1C0_2,1,0,0,0
560.0,C0,南,bottom2C0,bottom2C0_0,1,1,0,0
560.0,C0,南,bottom2C0,bottom2C0_1,1,1,1,0
560.0,C0,南,bottom2C0,bottom2C0_2,1,1,0,0
560.0,C0,东,right0C0,right0C0_0,0,0,0,0
560.0,C0,东,right0C0,right0C0_1,0,0,0,0
560.0,C0,东,right0C0,right0C0_2,0,0,0,0
560.0,C1,西,B1C1,B1C1_0,4,0,1,0
560.0,C1,西,B1C1,B1C1_1,4,0,0,0
560.0,C1,西,B1C1,B1C1_2,4,0,3,3
560.0,C1,南,C0C1,C0C1_0,2,0,1,0
560.0,C1,南,C0C1,C0C1_1,2,0,1,0
560.0,C1,南,C0C1,C0C1_2,2,0,0,0
560.0,C1,北,C2C1,C2C1_0,1,0,0,0
560.0,C1,北,C2C1,C2C1_1,1,0,1,1
560.0,C1,北,C2C1,C2C1_2,1,0,0,0
560.0,C1,东,right1C1,right1C1_0,1,0,1,0
560.0,C1,东,right1C1,right1C1_1,1,0,0,0
560.0,C1,东,right1C1,right1C1_2,1,0,0,0
560.0,C2,西,B2C2,B2C2_0,1,0,1,0
560.0,C2,西,B2C2,B2C2_1,1,0,0,0
560.0,C2,西,B2C2,B2C2_2,1,0,0,0
560.0,C2,南,C1C2,C1C2_0,1,0,0,0
560.0,C2,南,C1C2,C1C2_1,1,0,0,0
560.0,C2,南,C1C2,C1C2_2,1,0,1,1
560.0,C2,东,right2C2,right2C2_0,1,1,1,0
560.0,C2,东,right2C2,right2C2_1,1,1,0,0
560.0,C2,东,right2C2,right2C2_2,1,1,0,0
560.0,C2,北,top2C2,top2C2_0,1,1,0,0
560.0,C2,北,top2C2,top2C2_1,1,1,1,0
560.0,C2,北,top2C2,top2C2_2,1,1,0,0
565.0,A0,北,A1A0,A1A0_0,0,0,0,0
565.0,A0,北,A1A0,A1A0_1,0,0,0,0
565.0,A0,北,A1A0,A1A0_2,0,0,0,0
565.0,A0,东,B0A0,B0A0_0,2,0,0,0
565.0,A0,东,B0A0,B0A0_1,2,0,0,0
565.0,A0,东,B0A0,B0A0_2,2,0,2,0
565.0,A0,南,bottom0A0,bottom0A0_0,0,0,0,0
565.0,A0,南,bottom0A0,bottom0A0_1,0,0,0,0
565.0,A0,南,bottom0A0,bottom0A0_2,0,0,0,0
565.0,A0,西,left0A0,left0A0_0,2,1,0,0
565.0,A0,西,left0A0,left0A0_1,2,1,2,0
565.0,A0,西,left0A0,left0A0_2,2,1,0,0
565.0,A1,南,A0A1,A0A1_0,1,0,0,0
565.0,A1,南,A0A1,A0A1_1,1,0,0,0
565.0,A1,南,A0A1,A0A1_2,1,0,1,1
565.0,A1,北,A2A1,A2A1_0,0,0,0,0
565.0,A1,北,A2A1,A2A1_1,0,0,0,0
565.0,A1,北,A2A1,A2A1_2,0,0,0,0
565.0,A1,东,B1A1,B1A1_0,2,0,0,0
565.0,A1,东,B1A1,B1A1_1,2,0,1,0
565.0,A1,东,B1A1,B1A1_2,2,0,1,0
565.0,A1,西,left1A1,left1A1_0,1,1,0,0
565.0,A1,西,left1A1,left1A1_1,1,1,0,0
565.0,A1,西,left1A1,left1A1_2,1,1,1,0
565.0,A2,南,A1A2,A1A2_0,2,0,0,0
565.0,A2,南,A1A2,A1A2_1,2,0,0,0
565.0,A2,南,A1A2,A1A2_2,2,0,2,2
565.0,A2,东,B2A2,B2A2_0,4,0,2,0
565.0,A2,东,B2A2,B2A2_1,4,0,2,0
565.0,A2,东,B2A2,B2A2_2,4,0,0,0
565.0,A2,西,left2A2,left2A2_0,0,0,0,0
565.0,A2,西,left2A2,left2A2_1,0,0,0,0
565.0,A2,西,left2A2,left2A2_2,0,0,0,0
565.0,A2,北,top0A2,top0A2_0,0,0,0,0
565.0,A2,北,top0A2,top0A2_1,0,0,0,0
565.0,A2,北,top0A2,top0A2_2,0,0,0,0
565.0,B0,西,A0B0,A0B0_0,2,0,0,0
565.0,B0,西,A0B0,A0B0_1,2,0,0,0
565.0,B0,西,A0B0,A0B0_2,2,0,2,0
565.0,B0,北,B1B0,B1B0_0,2,0,0,0
565.0,B0,北,B1B0,B1B0_1,2,0,1,1
565.0,B0,北,B1B0,B1B0_2,2,0,1,1
565.0,B0,东,C0B0,C0B0_0,1,0,0,0
565.0,B0,东,C0B0,C0B0_1,1,0,0,0
565.0,B0,东,C0B0,C0B0_2,1,0,1,0
565.0,B0,南,bottom1B0,bottom1B0_0,1,0,1,0
565.0,B0,南,bottom1B0,bottom1B0_1,1,0,0,0
565.0,B0,南,bottom1B0,bottom1B0_2,1,0,0,0
565.0,B1,西,A1B1,A1B1_0,2,0,0,0
565.0,B1,西,A1B1,A1B1_1,2,0,2,0
565.0,B1,西,A1B1,A1B1_2,2,0,0,0
565.0,B1,南,B0B1,B0B1_0,1,0,0,0
565.0,B1,南,B0B1,B0B1_1,1,0,1,1
565.0,B1,南,B0B1,B0B1_2,1,0,0,0
565.0,B1,北,B2B1,B2B1_0,0,0,0,0
565.0,B1,北,B2B1,B2B1_1,0,0,0,0
565.0,B1,北,B2B1,B2B1_2,0,0,0,0
565.0,B1,东,C1B1,C1B1_0,1,0,0,0
565.0,B1,东,C1B1,C1B1_1,1,0,1,0
565.0,B1,东,C1B1,C1B1_2,1,0,0,0
565.0,B2,西,A2B2,A2B2_0,1,0,0,0
565.0,B2,西,A2B2,A2B2_1,1,0,1,0
565.0,B2,西,A2B2,A2B2_2,1,0,0,0
565.0,B2,南,B1B2,B1B2_0,0,0,0,0
565.0,B2,南,B1B2,B1B2_1,0,0,0,0
565.0,B2,南,B1B2,B1B2_2,0,0,0,0
565.0,B2,东,C2B2,C2B2_0,5,0,3,0
565.0,B2,东,C2B2,C2B2_1,5,0,1,0
565.0,B2,东,C2B2,C2B2_2,5,0,1,0
565.0,B2,北,top1B2,top1B2_0,1,0,0,0
565.0,B2,北,top1B2,top1B2_1,1,0,1,0
565.0,B2,北,top1B2,top1B2_2,1,0,0,0
565.0,C0,西,B0C0,B0C0_0,2,0,1,0
565.0,C0,西,B0C0,B0C0_1,2,0,1,0
565.0,C0,西,B0C0,B0C0_2,2,0,0,0
565.0,C0,北,C1C0,C1C0_0,1,0,0,0
565.0,C0,北,C1C0,C1C0_1,1,0,1,1
565.0,C0,北,C1C0,C1C0_2,1,0,0,0
565.0,C0,南,bottom2C0,bottom2C0_0,1,0,0,0
565.0,C0,南,bottom2C0,bottom2C0_1,1,0,1,0
565.0,C0,南,bottom2C0,bottom2C0_2,1,0,0,0
565.0,C0,东,right0C0,right0C0_0,0,0,0,0
565.0,C0,东,right0C0,right0C0_1,0,0,0,0
565.0,C0,东,right0C0,right0C0_2,0,0,0,0
565.0,C1,西,B1C1,B1C1_0,3,0,1,0
565.0,C1,西,B1C1,B1C1_1,3,0,0,0
565.0,C1,西,B1C1,B1C1_2,3,0,2,1
565.0,C1,南,C0C1,C0C1_0,2,0,1,0
565.0,C1,南,C0C1,C0C1_1,2,0,1,0
565.0,C1,南,C0C1,C0C1_2,2,0,0,0
565.0,C1,北,C2C1,C2C1_0,1,0,0,0
565.0,C1,北,C2C1,C2C1_1,1,0,1,1
565.0,C1,北,C2C1,C2C1_2,1,0,0,0
565.0,C1,东,right1C1,right1C1_0,1,0,1,0
565.0,C1,东,right1C1,right1C1_1,1,0,0,0
565.0,C1,东,right1C1,right1C1_2,1,0,0,0
565.0,C2,西,B2C2,B2C2_0,1,0,1,0
565.0,C2,西,B2C2,B2C2_1,1,0,0,0
565.0,C2,西,B2C2,B2C2_2,1,0,0,0
565.0,C2,南,C1C2,C1C2_0,1,0,0,0
565.0,C2,南,C1C2,C1C2_1,1,0,0,0
565.0,C2,南,C1C2,C1C2_2,1,0,1,1
565.0,C2,东,right2C2,right2C2_0,2,1,0,0
565.0,C2,东,right2C2,right2C2_1,2,1,1,0
565.0,C2,东,right2C2,right2C2_2,2,1,1,0
565.0,C2,北,top2C2,top2C2_0,1,0,0,0
565.0,C2,北,top2C2,top2C2_1,1,0,1,0
565.0,C2,北,top2C2,top2C2_2,1,0,0,0
570.0,A0,北,A1A0,A1A0_0,0,0,0,0
570.0,A0,北,A1A0,A1A0_1,0,0,0,0
570.0,A0,北,A1A0,A1A0_2,0,0,0,0
570.0,A0,东,B0A0,B0A0_0,2,0,0,0
570.0,A0,东,B0A0,B0A0_1,2,0,0,0
570.0,A0,东,B0A0,B0A0_2,2,0,2,0
570.0,A0,南,bottom0A0,bottom0A0_0,1,1,1,0
570.0,A0,南,bottom0A0,bottom0A0_1,1,1,0,0
570.0,A0,南,bottom0A0,bottom0A0_2,1,1,0,0
570.0,A0,西,left0A0,left0A0_0,3,1,0,0
570.0,A0,西,left0A0,left0A0_1,3,1,3,0
570.0,A0,西,left0A0,left0A0_2,3,1,0,0
570.0,A1,南,A0A1,A0A1_0,1,0,0,0
570.0,A1,南,A0A1,A0A1_1,1,0,0,0
570.0,A1,南,A0A1,A0A1_2,1,0,1,1
570.0,A1,北,A2A1,A2A1_0,0,0,0,0
570.0,A1,北,A2A1,A2A1_1,0,0,0,0
570.0,A1,北,A2A1,A2A1_2,0,0,0,0
570.0,A1,东,B1A1,B1A1_0,2,0,0,0
570.0,A1,东,B1A1,B1A1_1,2,0,1,0
570.0,A1,东,B1A1,B1A1_2,2,0,1,0
570.0,A1,西,left1A1,left1A1_0,1,0,0,0
570.0,A1,西,left1A1,left1A1_1,1,0,0,0
570.0,A1,西,left1A1,left1A1_2,1,0,1,0
570.0,A2,南,A1A2,A1A2_0,2,0,0,0
570.0,A2,南,A1A2,A1A2_1,2,0,0,0
570.0,A2,南,A1A2,A1A2_2,2,0,2,2
570.0,A2,东,B2A2,B2A2_0,4,0,2,0
570.0,A2,东,B2A2,B2A2_1,4,0,2,1
570.0,A2,东,B2A2,B2A2_2,4,0,0,0
570.0,A2,西,left2A2,left2A2_0,0,0,0,0
570.0,A2,西,left2A2,left2A2_1,0,0,0,0
570.0,A2,西,left2A2,left2A2_2,0,0,0,0
570.0,A2,北,top0A2,top0A2_0,0,0,0,0
570.0,A2,北,top0A2,top0A2_1,0,0,0,0
570.0,A2,北,top0A2,top0A2_2,0,0,0,0
570.0,B0,西,A0B0,A0B0_0,1,0,0,0
570.0,B0,西,A0B0,A0B0_1,1,0,0,0
570.0,B0,西,A0B0,A0B0_2,1,0,1,0
570.0,B0,北,B1B0,B1B0_0,2,0,0,0
570.0,B0,北,B1B0,B1B0_1,2,0,1,1
570.0,B0,北,B1B0,B1B0_2,2,0,1,1
570.0,B0,东,C0B0,C0B0_0,0,0,0,0
570.0,B0,东,C0B0,C0B0_1,0,0,0,0
570.0,B0,东,C0B0,C0B0_2,0,0,0,0
570.0,B0,南,bottom1B0,bottom1B0_0,1,0,1,0
570.0,B0,南,bottom1B0,bottom1B0_1,1,0,0,0
570.0,B0,南,bottom1B0,bottom1B0_2,1,0,0,0
570.0,B1,西,A1B1,A1B1_0,2,0,0,0
570.0,B1,西,A1B1,A1B1_1,2,0,2,1
570.0,B1,西,A1B1,A1B1_2,2,0,0,0
570.0,B1,南,B0B1,B0B1_0,2,1,1,0
570.0,B1,南,B0B1,B0B1_1,2,1,1,1
570.0,B1,南,B0B1,B0B1_2,2,1,0,0
570.0,B1,北,B2B1,B2B1_0,0,0,0,0
570.0,B1,北,B2B1,B2B1_1,0,0,0,0
570.0,B1,北,B2B1,B2B1_2,0,0,0,0
570.0,B1,东,C1B1,C1B1_0,1,0,0,0
570.0,B1,东,C1B1,C1B1_1,1,0,1,0
570.0,B1,东,C1B1,C1B1_2,1,0,0,0
570.0,B2,西,A2B2,A2B2_0,1,0,0,0
570.0,B2,西,A2B2,A2B2_1,1,0,1,1
570.0,B2,西,A2B2,A2B2_2,1,0,0,0
570.0,B2,南,B1B2,B1B2_0,0,0,0,0
570.0,B2,南,B1B2,B1B2_1,0,0,0,0
570.0,B2,南,B1B2,B1B2_2,0,0,0,0
570.0,B2,东,C2B2,C2B2_0,4,0,2,0
570.0,B2,东,C2B2,C2B2_1,4,0,1,0
570.0,B2,东,C2B2,C2B2_2,4,0,1,0
570.0,B2,北,top1B2,top1B2_0,2,1,1,0
570.0,B2,北,top1B2,top1B2_1,2,1,1,0
570.0,B2,北,top1B2,top1B2_2,2,1,0,0
570.0,C0,西,B0C0,B0C0_0,2,0,1,0
570.0,C0,西,B0C0,B0C0_1,2,0,1,0
570.0,C0,西,B0C0,B0C0_2,2,0,0,0
570.0,C0,北,C1C0,C1C0_0,1,0,0,0
570.0,C0,北,C1C0,C1C0_1,1,0,1,1
570.0,C0,北,C1C0,C1C0_2,1,0,0,0
570.0,C0,南,bottom2C0,bottom2C0_0,1,0,0,0
570.0,C0,南,bottom2C0,bottom2C0_1,1,0,1,0
570.0,C0,南,bottom2C0,bottom2C0_2,1,0,0,0
570.0,C0,东,right0C0,right0C0_0,0,0,0,0
570.0,C0,东,right0C0,right0C0_1,0,0,0,0
570.0,C0,东,right0C0,right0C0_2,0,0,0,0
570.0,C1,西,B1C1,B1C1_0,2,1,1,0
570.0,C1,西,B1C1,B1C1_1,2,1,0,0
570.0,C1,西,B1C1,B1C1_2,2,1,1,0
570.0,C1,南,C0C1,C0C1_0,2,1,0,0
570.0,C1,南,C0C1,C0C1_1,2,1,2,0
570.0,C1,南,C0C1,C0C1_2,2,1,0,0
570.0,C1,北,C2C1,C2C1_0,1,0,0,0
570.0,C1,北,C2C1,C2C1_1,1,0,1,1
570.0,C1,北,C2C1,C2C1_2,1,0,0,0
570.0,C1,东,right1C1,right1C1_0,1,1,0,0
570.0,C1,东,right1C1,right1C1_1,1,1,0,0
570.0,C1,东,right1C1,right1C1_2,1,1,1,0
570.0,C2,西,B2C2,B2C2_0,2,1,1,0
570.0,C2,西,B2C2,B2C2_1,2,1,0,0
570.0,C2,西,B2C2,B2C2_2,2,1,1,0
570.0,C2,南,C1C2,C1C2_0,3,2,0,0
570.0,C2,南,C1C2,C1C2_1,3,2,2,0
570.0,C2,南,C1C2,C1C2_2,3,2,1,1
570.0,C2,东,right2C2,right2C2_0,2,0,0,0
570.0,C2,东,right2C2,right2C2_1,2,0,1,0
570.0,C2,东,right2C2,right2C2_2,2,0,1,0
570.0,C2,北,top2C2,top2C2_0,1,0,0,0
570.0,C2,北,top2C2,top2C2_1,1,0,1,0
570.0,C2,北,top2C2,top2C2_2,1,0,0,0
575.0,A0,北,A1A0,A1A0_0,1,1,0,0
575.0,A0,北,A1A0,A1A0_1,1,1,1,0
575.0,A0,北,A1A0,A1A0_2,1,1,0,0
575.0,A0,东,B0A0,B0A0_0,2,0,0,0
575.0,A0,东,B0A0,B0A0_1,2,0,0,0
575.0,A0,东,B0A0,B0A0_2,2,0,2,1
575.0,A0,南,bottom0A0,bottom0A0_0,1,0,1,0
575.0,A0,南,bottom0A0,bottom0A0_1,1,0,0,0
575.0,A0,南,bottom0A0,bottom0A0_2,1,0,0,0
575.0,A0,西,left0A0,left0A0_0,3,0,0,0
575.0,A0,西,left0A0,left0A0_1,3,0,2,0
575.0,A0,西,left0A0,left0A0_2,3,0,1,0
575.0,A1,南,A0A1,A0A1_0,1,0,0,0
575.0,A1,南,A0A1,A0A1_1,1,0,0,0
575.0,A1,南,A0A1,A0A1_2,1,0,1,1
575.0,A1,北,A2A1,A2A1_0,0,0,0,0
575.0,A1,北,A2A1,A2A1_1,0,0,0,0
575.0,A1,北,A2A1,A2A1_2,0,0,0,0
575.0,A1,东,B1A1,B1A1_0,1,0,0,0
575.0,A1,东,B1A1,B1A1_1,1,0,1,1
575.0,A1,东,B1A1,B1A1_2,1,0,0,0
575.0,A1,西,left1A1,left1A1_0,1,0,0,0
575.0,A1,西,left1A1,left1A1_1,1,0,0,0
575.0,A1,西,left1A1,left1A1_2,1,0,1,0
575.0,A2,南,A1A2,A1A2_0,2,0,0,0
575.0,A2,南,A1A2,A1A2_1,2,0,0,0
575.0,A2,南,A1A2,A1A2_2,2,0,2,2
575.0,A2,东,B2A2,B2A2_0,3,0,1,0
575.0,A2,东,B2A2,B2A2_1,3,0,2,1
575.0,A2,东,B2A2,B2A2_2,3,0,0,0
575.0,A2,西,left2A2,left2A2_0,0,0,0,0
575.0,A2,西,left2A2,left2A2_1,0,0,0,0
575.0,A2,西,left2A2,left2A2_2,0,0,0,0
575.0,A2,北,top0A2,top0A2_0,0,0,0,0
575.0,A2,北,top0A2,top0A2_1,0,0,0,0
575.0,A2,北,top0A2,top0A2_2,0,0,0,0
575.0,B0,西,A0B0,A0B0_0,0,0,0,0
575.0,B0,西,A0B0,A0B0_1,0,0,0,0
575.0,B0,西,A0B0,A0B0_2,0,0,0,0
575.0,B0,北,B1B0,B1B0_0,2,0,0,0
575.0,B0,北,B1B0,B1B0_1,2,0,1,1
575.0,B0,北,B1B0,B1B0_2,2,0,1,1
575.0,B0,东,C0B0,C0B0_0,0,0,0,0
575.0,B0,东,C0B0,C0B0_1,0,0,0,0
575.0,B0,东,C0B0,C0B0_2,0,0,0,0
575.0,B0,南,bottom1B0,bottom1B0_0,1,0,1,0
575.0,B0,南,bottom1B0,bottom1B0_1,1,0,0,0
575.0,B0,南,bottom1B0,bottom1B0_2,1,0,0,0
575.0,B1,西,A1B1,A1B1_0,1,0,0,0
575.0,B1,西,A1B1,A1B1_1,1,0,1,0
575.0,B1,西,A1B1,A1B1_2,1,0,0,0
575.0,B1,南,B0B1,B0B1_0,4,2,3,0
575.0,B1,南,B0B1,B0B1_1,4,2,1,1
575.0,B1,南,B0B1,B0B1_2,4,2,0,0
575.0,B1,北,B2B1,B2B1_0,0,0,0,0
575.0,B1,北,B2B1,B2B1_1,0,0,0,0
575.0,B1,北,B2B1,B2B1_2,0,0,0,0
575.0,B1,东,C1B1,C1B1_0,1,0,0,0
575.0,B1,东,C1B1,C1B1_1,1,0,1,0
575.0,B1,东,C1B1,C1B1_2,1,0,0,0
575.0,B2,西,A2B2,A2B2_0,0,0,0,0
575.0,B2,西,A2B2,A2B2_1,0,0,0,0
575.0,B2,西,A2B2,A2B2_2,0,0,0,0
575.0,B2,南,B1B2,B1B2_0,0,0,0,0
575.0,B2,南,B1B2,B1B2_1,0,0,0,0
575.0,B2,南,B1B2,B1B2_2,0,0,0,0
575.0,B2,东,C2B2,C2B2_0,4,0,2,0
575.0,B2,东,C2B2,C2B2_1,4,0,1,0
575.0,B2,东,C2B2,C2B2_2,4,0,1,0
575.0,B2,北,top1B2,top1B2_0,2,0,1,0
575.0,B2,北,top1B2,top1B2_1,2,0,1,0
575.0,B2,北,top1B2,top1B2_2,2,0,0,0
575.0,C0,西,B0C0,B0C0_0,0,0,0,0
575.0,C0,西,B0C0,B0C0_1,0,0,0,0
575.0,C0,西,B0C0,B0C0_2,0,0,0,0
575.0,C0,北,C1C0,C1C0_0,1,0,0,0
575.0,C0,北,C1C0,C1C0_1,1,0,1,1
575.0,C0,北,C1C0,C1C0_2,1,0,0,0
575.0,C0,南,bottom2C0,bottom2C0_0,1,0,0,0
575.0,C0,南,bottom2C0,bottom2C0_1,1,0,1,0
575.0,C0,南,bottom2C0,bottom2C0_2,1,0,0,0
575.0,C0,东,right0C0,right0C0_0,0,0,0,0
575.0,C0,东,right0C0,right0C0_1,0,0,0,0
575.0,C0,东,right0C0,right0C0_2,0,0,0,0
575.0,C1,西,B1C1,B1C1_0,1,0,0,0
575.0,C1,西,B1C1,B1C1_1,1,0,0,0
575.0,C1,西,B1C1,B1C1_2,1,0,1,0
575.0,C1,南,C0C1,C0C1_0,2,0,0,0
575.0,C1,南,C0C1,C0C1_1,2,0,2,0
575.0,C1,南,C0C1,C0C1_2,2,0,0,0
575.0,C1,北,C2C1,C2C1_0,1,0,0,0
575.0,C1,北,C2C1,C2C1_1,1,0,1,1
575.0,C1,北,C2C1,C2C1_2,1,0,0,0
575.0,C1,东,right1C1,right1C1_0,1,0,0,0
575.0,C1,东,right1C1,right1C1_1,1,0,0,0
575.0,C1,东,right1C1,right1C1_2,1,0,1,0
575.0,C2,西,B2C2,B2C2_0,1,0,0,0
575.0,C2,西,B2C2,B2C2_1,1,0,0,0
575.0,C2,西,B2C2,B2C2_2,1,0,1,0
575.0,C2,南,C1C2,C1C2_0,4,1,0,0
575.0,C2,南,C1C2,C1C2_1,4,1,3,0
575.0,C2,南,C1C2,C1C2_2,4,1,1,1
575.0,C2,东,right2C2,right2C2_0,2,0,0,0
575.0,C2,东,right2C2,right2C2_1,2,0,1,0
575.0,C2,东,right2C2,right2C2_2,2,0,1,0
575.0,C2,北,top2C2,top2C2_0,1,0,0,0
575.0,C2,北,top2C2,top2C2_1,1,0,1,0
575.0,C2,北,top2C2,top2C2_2,1,0,0,0
580.0,A0,北,A1A0,A1A0_0,1,0,0,0
580.0,A0,北,A1A0,A1A0_1,1,0,1,0
580.0,A0,北,A1A0,A1A0_2,1,0,0,0
580.0,A0,东,B0A0,B0A0_0,2,0,0,0
580.0,A0,东,B0A0,B0A0_1,2,0,0,0
580.0,A0,东,B0A0,B0A0_2,2,0,2,2
580.0,A0,南,bottom0A0,bottom0A0_0,1,0,1,0
580.0,A0,南,bottom0A0,bottom0A0_1,1,0,0,0
580.0,A0,南,bottom0A0,bottom0A0_2,1,0,0,0
580.0,A0,西,left0A0,left0A0_0,2,0,0,0
580.0,A0,西,left0A0,left0A0_1,2,0,1,0
580.0,A0,西,left0A0,left0A0_2,2,0,1,0
580.0,A1,南,A0A1,A0A1_0,1,0,0,0
580.0,A1,南,A0A1,A0A1_1,1,0,0,0
580.0,A1,南,A0A1,A0A1_2,1,0,1,1
580.0,A1,北,A2A1,A2A1_0,0,0,0,0
580.0,A1,北,A2A1,A2A1_1,0,0,0,0
580.0,A1,北,A2A1,A2A1_2,0,0,0,0
580.0,A1,东,B1A1,B1A1_0,1,0,0,0
580.0,A1,东,B1A1,B1A1_1,1,0,1,1
580.0,A1,东,B1A1,B1A1_2,1,0,0,0
580.0,A1,西,left1A1,left1A1_0,1,0,0,0
580.0,A1,西,left1A1,left1A1_1,1,0,0,0
580.0,A1,西,left1A1,left1A1_2,1,0,1,0
580.0,A2,南,A1A2,A1A2_0,2,0,0,0
580.0,A2,南,A1A2,A1A2_1,2,0,0,0
580.0,A2,南,A1A2,A1A2_2,2,0,2,2
580.0,A2,东,B2A2,B2A2_0,3,0,1,1
580.0,A2,东,B2A2,B2A2_1,3,0,2,2
580.0,A2,东,B2A2,B2A2_2,3,0,0,0
580.0,A2,西,left2A2,left2A2_0,0,0,0,0
580.0,A2,西,left2A2,left2A2_1,0,0,0,0
580.0,A2,西,left2A2,left2A2_2,0,0,0,0
580.0,A2,北,top0A2,top0A2_0,0,0,0,0
580.0,A2,北,top0A2,top0A2_1,0,0,0,0
580.0,A2,北,top0A2,top0A2_2,0,0,0,0
580.0,B0,西,A0B0,A0B0_0,1,1,0,0
580.0,B0,西,A0B0,A0B0_1,1,1,0,0
580.0,B0,西,A0B0,A0B0_2,1,1,1,0
580.0,B0,北,B1B0,B1B0_0,2,0,0,0
580.0,B0,北,B1B0,B1B0_1,2,0,1,1
580.0,B0,北,B1B0,B1B0_2,2,0,1,1
580.0,B0,东,C0B0,C0B0_0,0,0,0,0
580.0,B0,东,C0B0,C0B0_1,0,0,0,0
580.0,B0,东,C0B0,C0B0_2,0,0,0,0
580.0,B0,南,bottom1B0,bottom1B0_0,1,0,1,0
580.0,B0,南,bottom1B0,bottom1B0_1,1,0,0,0
580.0,B0,南,bottom1B0,bottom1B0_2,1,0,0,0
580.0,B1,西,A1B1,A1B1_0,0,0,0,0
580.0,B1,西,A1B1,A1B1_1,0,0,0,0
580.0,B1,西,A1B1,A1B1_2,0,0,0,0
580.0,B1,南,B0B1,B0B1_0,4,0,3,0
580.0,B1,南,B0B1,B0B1_1,4,0,1,1
580.0,B1,南,B0B1,B0B1_2,4,0,0,0
580.0,B1,北,B2B1,B2B1_0,0,0,0,0
580.0,B1,北,B2B1,B2B1_1,0,0,0,0
580.0,B1,北,B2B1,B2B1_2,0,0,0,0
580.0,B1,东,C1B1,C1B1_0,1,0,0,0
580.0,B1,东,C1B1,C1B1_1,1,0,1,1
580.0,B1,东,C1B1,C1B1_2,1,0,0,0
580.0,B2,西,A2B2,A2B2_0,0,0,0,0
580.0,B2,西,A2B2,A2B2_1,0,0,0,0
580.0,B2,西,A2B2,A2B2_2,0,0,0,0
580.0,B2,南,B1B2,B1B2_0,0,0,0,0
580.0,B2,南,B1B2,B1B2_1,0,0,0,0
580.0,B2,南,B1B2,B1B2_2,0,0,0,0
580.0,B2,东,C2B2,C2B2_0,4,0,2,0
580.0,B2,东,C2B2,C2B2_1,4,0,1,0
580.0,B2,东,C2B2,C2B2_2,4,0,1,1
580.0,B2,北,top1B2,top1B2_0,2,0,1,0
580.0,B2,北,top1B2,top1B2_1,2,0,1,0
580.0,B2,北,top1B2,top1B2_2,2,0,0,0
580.0,C0,西,B0C0,B0C0_0,0,0,0,0
580.0,C0,西,B0C0,B0C0_1,0,0,0,0
580.0,C0,西,B0C0,B0C0_2,0,0,0,0
580.0,C0,北,C1C0,C1C0_0,2,1,0,0
580.0,C0,北,C1C0,C1C0_1,2,1,2,1
580.0,C0,北,C1C0,C1C0_2,2,1,0,0
580.0,C0,南,bottom2C0,bottom2C0_0,1,0,0,0
580.0,C0,南,bottom2C0,bottom2C0_1,1,0,1,0
580.0,C0,南,bottom2C0,bottom2C0_2,1,0,0,0
580.0,C0,东,right0C0,right0C0_0,2,2,1,0
580.0,C0,东,right0C0,right0C0_1,2,2,1,0
580.0,C0,东,right0C0,right0C0_2,2,2,0,0
580.0,C1,西,B1C1,B1C1_0,2,1,0,0
580.0,C1,西,B1C1,B1C1_1,2,1,1,0
580.0,C1,西,B1C1,B1C1_2,2,1,1,0
580.0,C1,南,C0C1,C0C1_0,2,0,0,0
580.0,C1,南,C0C1,C0C1_1,2,0,2,1
580.0,C1,南,C0C1,C0C1_2,2,0,0,0
580.0,C1,北,C2C1,C2C1_0,2,1,0,0
580.0,C1,北,C2C1,C2C1_1,2,1,1,1
580.0,C1,北,C2C1,C2C1_2,2,1,1,0
580.0,C1,东,right1C1,right1C1_0,2,1,0,0
580.0,C1,东,right1C1,right1C1_1,2,1,0,0
580.0,C1,东,right1C1,right1C1_2,2,1,2,0
580.0,C2,西,B2C2,B2C2_0,2,1,0,0
580.0,C2,西,B2C2,B2C2_1,2,1,0,0
580.0,C2,西,B2C2,B2C2_2,2,1,2,0
580.0,C2,南,C1C2,C1C2_0,5,1,0,0
580.0,C2,南,C1C2,C1C2_1,5,1,3,0
580.0,C2,南,C1C2,C1C2_2,5,1,2,1
580.0,C2,东,right2C2,right2C2_0,2,0,0,0
580.0,C2,东,right2C2,right2C2_1,2,0,1,0
580.0,C2,东,right2C2,right2C2_2,2,0,1,0
580.0,C2,北,top2C2,top2C2_0,1,0,0,0
580.0,C2,北,top2C2,top2C2_1,1,0,1,0
580.0,C2,北,top2C2,top2C2_2,1,0,0,0
585.0,A0,北,A1A0,A1A0_0,1,0,0,0
585.0,A0,北,A1A0,A1A0_1,1,0,1,0
585.0,A0,北,A1A0,A1A0_2,1,0,0,0
585.0,A0,东,B0A0,B0A0_0,2,0,0,0
585.0,A0,东,B0A0,B0A0_1,2,0,0,0
585.0,A0,东,B0A0,B0A0_2,2,0,2,2
585.0,A0,南,bottom0A0,bottom0A0_0,1,0,1,0
585.0,A0,南,bottom0A0,bottom0A0_1,1,0,0,0
585.0,A0,南,bottom0A0,bottom0A0_2,1,0,0,0
585.0,A0,西,left0A0,left0A0_0,1,0,0,0
585.0,A0,西,left0A0,left0A0_1,1,0,0,0
585.0,A0,西,left0A0,left0A0_2,1,0,1,0
585.0,A1,南,A0A1,A0A1_0,1,0,0,0
585.0,A1,南,A0A1,A0A1_1,1,0,0,0
585.0,A1,南,A0A1,A0A1_2,1,0,1,1
585.0,A1,北,A2A1,A2A1_0,0,0,0,0
585.0,A1,北,A2A1,A2A1_1,0,0,0,0
585.0,A1,北,A2A1,A2A1_2,0,0,0,0
585.0,A1,东,B1A1,B1A1_0,1,0,0,0
585.0,A1,东,B1A1,B1A1_1,1,0,1,1
585.0,A1,东,B1A1,B1A1_2,1,0,0,0
585.0,A1,西,left1A1,left1A1_0,1,0,0,0
585.0,A1,西,left1A1,left1A1_1,1,0,0,0
585.0,A1,西,left1A1,left1A1_2,1,0,1,0
585.0,A2,南,A1A2,A1A2_0,2,0,0,0
585.0,A2,南,A1A2,A1A2_1,2,0,0,0
585.0,A2,南,A1A2,A1A2_2,2,0,2,2
585.0,A2,东,B2A2,B2A2_0,2,0,0,0
585.0,A2,东,B2A2,B2A2_1,2,0,2,2
585.0,A2,东,B2A2,B2A2_2,2,0,0,0
585.0,A2,西,left2A2,left2A2_0,0,0,0,0
585.0,A2,西,left2A2,left2A2_1,0,0,0,0
585.0,A2,西,left2A2,left2A2_2,0,0,0,0
585.0,A2,北,top0A2,top0A2_0,0,0,0,0
585.0,A2,北,top0A2,top0A2_1,0,0,0,0
585.0,A2,北,top0A2,top0A2_2,0,0,0,0
585.0,B0,西,A0B0,A0B0_0,2,1,0,0
585.0,B0,西,A0B0,A0B0_1,2,1,0,0
585.0,B0,西,A0B0,A0B0_2,2,1,2,0
585.0,B0,北,B1B0,B1B0_0,2,0,0,0
585.0,B0,北,B1B0,B1B0_1,2,0,1,1
585.0,B0,北,B1B0,B1B0_2,2,0,1,1
585.0,B0,东,C0B0,C0B0_0,0,0,0,0
585.0,B0,东,C0B0,C0B0_1,0,0,0,0
585.0,B0,东,C0B0,C0B0_2,0,0,0,0
585.0,B0,南,bottom1B0,bottom1B0_0,0,0,0,0
585.0,B0,南,bottom1B0,bottom1B0_1,0,0,0,0
585.0,B0,南,bottom1B0,bottom1B0_2,0,0,0,0
585.0,B1,西,A1B1,A1B1_0,0,0,0,0
585.0,B1,西,A1B1,A1B1_1,0,0,0,0
585.0,B1,西,A1B1,A1B1_2,0,0,0,0
585.0,B1,南,B0B1,B0B1_0,4,0,3,0
585.0,B1,南,B0B1,B0B1_1,4,0,1,1
585.0,B1,南,B0B1,B0B1_2,4,0,0,0
585.0,B1,北,B2B1,B2B1_0,0,0,0,0
585.0,B1,北,B2B1,B2B1_1,0,0,0,0
585.0,B1,北,B2B1,B2B1_2,0,0,0,0
585.0,B1,东,C1B1,C1B1_0,1,0,0,0
585.0,B1,东,C1B1,C1B1_1,1,0,1,1
585.0,B1,东,C1B1,C1B1_2,1,0,0,0
585.0,B2,西,A2B2,A2B2_0,0,0,0,0
585.0,B2,西,A2B2,A2B2_1,0,0,0,0
585.0,B2,西,A2B2,A2B2_2,0,0,0,0
585.0,B2,南,B1B2,B1B2_0,0,0,0,0
585.0,B2,南,B1B2,B1B2_1,0,0,0,0
585.0,B2,南,B1B2,B1B2_2,0,0,0,0
585.0,B2,东,C2B2,C2B2_0,3,0,1,0
585.0,B2,东,C2B2,C2B2_1,3,0,1,0
585.0,B2,东,C2B2,C2B2_2,3,0,1,1
585.0,B2,北,top1B2,top1B2_0,2,0,1,0
585.0,B2,北,top1B2,top1B2_1,2,0,1,0
585.0,B2,北,top1B2,top1B2_2,2,0,0,0
585.0,C0,西,B0C0,B0C0_0,0,0,0,0
585.0,C0,西,B0C0,B0C0_1,0,0,0,0
585.0,C0,西,B0C0,B0C0_2,0,0,0,0
585.0,C0,北,C1C0,C1C0_0,2,0,0,0
585.0,C0,北,C1C0,C1C0_1,2,0,2,1
585.0,C0,北,C1C0,C1C0_2,2,0,0,0
585.0,C0,南,bottom2C0,bottom2C0_0,1,0,0,0
585.0,C0,南,bottom2C0,bottom2C0_1,1,0,1,1
585.0,C0,南,bottom2C0,bottom2C0_2,1,0,0,0
585.0,C0,东,right0C0,right0C0_0,2,0,1,0
585.0,C0,东,right0C0,right0C0_1,2,0,1,0
585.0,C0,东,right0C0,right0C0_2,2,0,0,0
585.0,C1,西,B1C1,B1C1_0,3,1,0,0
585.0,C1,西,B1C1,B1C1_1,3,1,1,0
585.0,C1,西,B1C1,B1C1_2,3,1,2,0
585.0,C1,南,C0C1,C0C1_0,2,0,0,0
585.0,C1,南,C0C1,C0C1_1,2,0,2,1
585.0,C1,南,C0C1,C0C1_2,2,0,0,0
585.0,C1,北,C2C1,C2C1_0,2,0,0,0
585.0,C1,北,C2C1,C2C1_1,2,0,1,1
585.0,C1,北,C2C1,C2C1_2,2,0,1,0
585.0,C1,东,right1C1,right1C1_0,2,0,0,0
585.0,C1,东,right1C1,right1C1_1,2,0,0,0
585.0,C1,东,right1C1,right1C1_2,2,0,2,0
585.0,C2,西,B2C2,B2C2_0,2,0,0,0
585.0,C2,西,B2C2,B2C2_1,2,0,0,0
585.0,C2,西,B2C2,B2C2_2,2,0,2,0
585.0,C2,南,C1C2,C1C2_0,5,0,0,0
585.0,C2,南,C1C2,C1C2_1,5,0,3,0
585.0,C2,南,C1C2,C1C2_2,5,0,2,1
585.0,C2,东,right2C2,right2C2_0,2,0,0,0
585.0,C2,东,right2C2,right2C2_1,2,0,1,1
585.0,C2,东,right2C2,right2C2_2,2,0,1,0
585.0,C2,北,top2C2,top2C2_0,1,0,0,0
585.0,C2,北,top2C2,top2C2_1,1,0,1,1
585.0,C2,北,top2C2,top2C2_2,1,0,0,0
590.0,A0,北,A1A0,A1A0_0,1,0,0,0
590.0,A0,北,A1A0,A1A0_1,1,0,1,0
590.0,A0,北,A1A0,A1A0_2,1,0,0,0
590.0,A0,东,B0A0,B0A0_0,2,0,0,0
590.0,A0,东,B0A0,B0A0_1,2,0,0,0
590.0,A0,东,B0A0,B0A0_2,2,0,2,2
590.0,A0,南,bottom0A0,bottom0A0_0,1,0,1,0
590.0,A0,南,bottom0A0,bottom0A0_1,1,0,0,0
590.0,A0,南,bottom0A0,bottom0A0_2,1,0,0,0
590.0,A0,西,left0A0,left0A0_0,1,1,1,0
590.0,A0,西,left0A0,left0A0_1,1,1,0,0
590.0,A0,西,left0A0,left0A0_2,1,1,0,0
590.0,A1,南,A0A1,A0A1_0,1,0,0,0
590.0,A1,南,A0A1,A0A1_1,1,0,0,0
590.0,A1,南,A0A1,A0A1_2,1,0,1,1
590.0,A1,北,A2A1,A2A1_0,0,0,0,0
590.0,A1,北,A2A1,A2A1_1,0,0,0,0
590.0,A1,北,A2A1,A2A1_2,0,0,0,0
590.0,A1,东,B1A1,B1A1_0,1,0,0,0
590.0,A1,东,B1A1,B1A1_1,1,0,1,1
590.0,A1,东,B1A1,B1A1_2,1,0,0,0
590.0,A1,西,left1A1,left1A1_0,0,0,0,0
590.0,A1,西,left1A1,left1A1_1,0,0,0,0
590.0,A1,西,left1A1,left1A1_2,0,0,0,0
590.0,A2,南,A1A2,A1A2_0,2,0,0,0
590.0,A2,南,A1A2,A1A2_1,2,0,0,0
590.0,A2,南,A1A2,A1A2_2,2,0,2,2
590.0,A2,东,B2A2,B2A2_0,2,0,0,0
590.0,A2,东,B2A2,B2A2_1,2,0,2,2
590.0,A2,东,B2A2,B2A2_2,2,0,0,0
590.0,A2,西,left2A2,left2A2_0,1,1,1,0
590.0,A2,西,left2A2,left2A2_1,1,1,0,0
590.0,A2,西,left2A2,left2A2_2,1,1,0,0
590.0,A2,北,top0A2,top0A2_0,0,0,0,0
590.0,A2,北,top0A2,top0A2_1,0,0,0,0
590.0,A2,北,top0A2,top0A2_2,0,0,0,0
590.0,B0,西,A0B0,A0B0_0,2,0,0,0
590.0,B0,西,A0B0,A0B0_1,2,0,0,0
590.0,B0,西,A0B0,A0B0_2,2,0,2,0
590.0,B0,北,B1B0,B1B0_0,2,0,0,0
590.0,B0,北,B1B0,B1B0_1,2,0,1,1
590.0,B0,北,B1B0,B1B0_2,2,0,1,1
590.0,B0,东,C0B0,C0B0_0,0,0,0,0
590.0,B0,东,C0B0,C0B0_1,0,0,0,0
590.0,B0,东,C0B0,C0B0_2,0,0,0,0
590.0,B0,南,bottom1B0,bottom1B0_0,0,0,0,0
590.0,B0,南,bottom1B0,bottom1B0_1,0,0,0,0
590.0,B0,南,bottom1B0,bottom1B0_2,0,0,0,0
590.0,B1,西,A1B1,A1B1_0,0,0,0,0
590.0,B1,西,A1B1,A1B1_1,0,0,0,0
590.0,B1,西,A1B1,A1B1_2,0,0,0,0
590.0,B1,南,B0B1,B0B1_0,4,0,3,0
590.0,B1,南,B0B1,B0B1_1,4,0,1,1
590.0,B1,南,B0B1,B0B1_2,4,0,0,0
590.0,B1,北,B2B1,B2B1_0,0,0,0,0
590.0,B1,北,B2B1,B2B1_1,0,0,0,0
590.0,B1,北,B2B1,B2B1_2,0,0,0,0
590.0,B1,东,C1B1,C1B1_0,1,0,0,0
590.0,B1,东,C1B1,C1B1_1,1,0,1,1
590.0,B1,东,C1B1,C1B1_2,1,0,0,0
590.0,B2,西,A2B2,A2B2_0,0,0,0,0
590.0,B2,西,A2B2,A2B2_1,0,0,0,0
590.0,B2,西,A2B2,A2B2_2,0,0,0,0
590.0,B2,南,B1B2,B1B2_0,0,0,0,0
590.0,B2,南,B1B2,B1B2_1,0,0,0,0
590.0,B2,南,B1B2,B1B2_2,0,0,0,0
590.0,B2,东,C2B2,C2B2_0,2,0,0,0
590.0,B2,东,C2B2,C2B2_1,2,0,1,1
590.0,B2,东,C2B2,C2B2_2,2,0,1,1
590.0,B2,北,top1B2,top1B2_0,2,0,1,0
590.0,B2,北,top1B2,top1B2_1,2,0,1,1
590.0,B2,北,top1B2,top1B2_2,2,0,0,0
590.0,C0,西,B0C0,B0C0_0,1,1,0,0
590.0,C0,西,B0C0,B0C0_1,1,1,1,0
590.0,C0,西,B0C0,B0C0_2,1,1,0,0
590.0,C0,北,C1C0,C1C0_0,2,0,0,0
590.0,C0,北,C1C0,C1C0_1,2,0,2,1
590.0,C0,北,C1C0,C1C0_2,2,0,0,0
590.0,C0,南,bottom2C0,bottom2C0_0,1,0,0,0
590.0,C0,南,bottom2C0,bottom2C0_1,1,0,1,1
590.0,C0,南,bottom2C0,bottom2C0_2,1,0,0,0
590.0,C0,东,right0C0,right0C0_0,2,0,1,0
590.0,C0,东,right0C0,right0C0_1,2,0,1,0
590.0,C0,东,right0C0,right0C0_2,2,0,0,0
590.0,C1,西,B1C1,B1C1_0,2,0,0,0
590.0,C1,西,B1C1,B1C1_1,2,0,1,0
590.0,C1,西,B1C1,B1C1_2,2,0,1,0
590.0,C1,南,C0C1,C0C1_0,2,0,0,0
590.0,C1,南,C0C1,C0C1_1,2,0,2,1
590.0,C1,南,C0C1,C0C1_2,2,0,0,0
590.0,C1,北,C2C1,C2C1_0,2,0,0,0
590.0,C1,北,C2C1,C2C1_1,2,0,1,1
590.0,C1,北,C2C1,C2C1_2,2,0,1,0
590.0,C1,东,right1C1,right1C1_0,2,0,0,0
590.0,C1,东,right1C1,right1C1_1,2,0,0,0
590.0,C1,东,right1C1,right1C1_2,2,0,2,0
590.0,C2,西,B2C2,B2C2_0,1,0,0,0
590.0,C2,西,B2C2,B2C2_1,1,0,0,0
590.0,C2,西,B2C2,B2C2_2,1,0,1,0
590.0,C2,南,C1C2,C1C2_0,5,0,0,0
590.0,C2,南,C1C2,C1C2_1,5,0,3,0
590.0,C2,南,C1C2,C1C2_2,5,0,2,1
590.0,C2,东,right2C2,right2C2_0,2,0,0,0
590.0,C2,东,right2C2,right2C2_1,2,0,1,1
590.0,C2,东,right2C2,right2C2_2,2,0,1,1
590.0,C2,北,top2C2,top2C2_0,1,0,0,0
590.0,C2,北,top2C2,top2C2_1,1,0,1,1
590.0,C2,北,top2C2,top2C2_2,1,0,0,0
595.0,A0,北,A1A0,A1A0_0,1,0,0,0
595.0,A0,北,A1A0,A1A0_1,1,0,1,0
595.0,A0,北,A1A0,A1A0_2,1,0,0,0
595.0,A0,东,B0A0,B0A0_0,1,0,0,0
595.0,A0,东,B0A0,B0A0_1,1,0,0,0
595.0,A0,东,B0A0,B0A0_2,1,0,1,0
595.0,A0,南,bottom0A0,bottom0A0_0,2,2,0,0
595.0,A0,南,bottom0A0,bottom0A0_1,2,2,1,0
595.0,A0,南,bottom0A0,bottom0A0_2,2,2,1,0
595.0,A0,西,left0A0,left0A0_0,1,0,0,0
595.0,A0,西,left0A0,left0A0_1,1,0,1,0
595.0,A0,西,left0A0,left0A0_2,1,0,0,0
595.0,A1,南,A0A1,A0A1_0,2,1,0,0
595.0,A1,南,A0A1,A0A1_1,2,1,1,0
595.0,A1,南,A0A1,A0A1_2,2,1,1,1
595.0,A1,北,A2A1,A2A1_0,0,0,0,0
595.0,A1,北,A2A1,A2A1_1,0,0,0,0
595.0,A1,北,A2A1,A2A1_2,0,0,0,0
595.0,A1,东,B1A1,B1A1_0,0,0,0,0
595.0,A1,东,B1A1,B1A1_1,0,0,0,0
595.0,A1,东,B1A1,B1A1_2,0,0,0,0
595.0,A1,西,left1A1,left1A1_0,1,1,0,0
595.0,A1,西,left1A1,left1A1_1,1,1,0,0
595.0,A1,西,left1A1,left1A1_2,1,1,1,0
595.0,A2,南,A1A2,A1A2_0,3,1,1,0
595.0,A2,南,A1A2,A1A2_1,3,1,0,0
595.0,A2,南,A1A2,A1A2_2,3,1,2,2
595.0,A2,东,B2A2,B2A2_0,1,0,0,0
595.0,A2,东,B2A2,B2A2_1,1,0,1,0
595.0,A2,东,B2A2,B2A2_2,1,0,0,0
595.0,A2,西,left2A2,left2A2_0,1,0,1,0
595.0,A2,西,left2A2,left2A2_1,1,0,0,0
595.0,A2,西,left2A2,left2A2_2,1,0,0,0
595.0,A2,北,top0A2,top0A2_0,0,0,0,0
595.0,A2,北,top0A2,top0A2_1,0,0,0,0
595.0,A2,北,top0A2,top0A2_2,0,0,0,0
595.0,B0,西,A0B0,A0B0_0,2,0,0,0
595.0,B0,西,A0B0,A0B0_1,2,0,0,0
595.0,B0,西,A0B0,A0B0_2,2,0,2,0
595.0,B0,北,B1B0,B1B0_0,2,0,0,0
595.0,B0,北,B1B0,B1B0_1,2,0,1,1
595.0,B0,北,B1B0,B1B0_2,2,0,1,1
595.0,B0,东,C0B0,C0B0_0,0,0,0,0
595.0,B0,东,C0B0,C0B0_1,0,0,0,0
595.0,B0,东,C0B0,C0B0_2,0,0,0,0
595.0,B0,南,bottom1B0,bottom1B0_0,0,0,0,0
595.0,B0,南,bottom1B0,bottom1B0_1,0,0,0,0
595.0,B0,南,bottom1B0,bottom1B0_2,0,0,0,0
595.0,B1,西,A1B1,A1B1_0,0,0,0,0
595.0,B1,西,A1B1,A1B1_1,0,0,0,0
595.0,B1,西,A1B1,A1B1_2,0,0,0,0
595.0,B1,南,B0B1,B0B1_0,3,0,2,0
595.0,B1,南,B0B1,B0B1_1,3,0,1,1
595.0,B1,南,B0B1,B0B1_2,3,0,0,0
595.0,B1,北,B2B1,B2B1_0,0,0,0,0
595.0,B1,北,B2B1,B2B1_1,0,0,0,0
595.0,B1,北,B2B1,B2B1_2,0,0,0,0
595.0,B1,东,C1B1,C1B1_0,0,0,0,0
595.0,B1,东,C1B1,C1B1_1,0,0,0,0
595.0,B1,东,C1B1,C1B1_2,0,0,0,0
595.0,B2,西,A2B2,A2B2_0,0,0,0,0
595.0,B2,西,A2B2,A2B2_1,0,0,0,0
595.0,B2,西,A2B2,A2B2_2,0,0,0,0
595.0,B2,南,B1B2,B1B2_0,0,0,0,0
595.0,B2,南,B1B2,B1B2_1,0,0,0,0
595.0,B2,南,B1B2,B1B2_2,0,0,0,0
595.0,B2,东,C2B2,C2B2_0,0,0,0,0
595.0,B2,东,C2B2,C2B2_1,0,0,0,0
595.0,B2,东,C2B2,C2B2_2,0,0,0,0
595.0,B2,北,top1B2,top1B2_0,2,0,1,1
595.0,B2,北,top1B2,top1B2_1,2,0,1,1
595.0,B2,北,top1B2,top1B2_2,2,0,0,0
595.0,C0,西,B0C0,B0C0_0,1,0,0,0
595.0,C0,西,B0C0,B0C0_1,1,0,1,0
595.0,C0,西,B0C0,B0C0_2,1,0,0,0
595.0,C0,北,C1C0,C1C0_0,2,0,0,0
595.0,C0,北,C1C0,C1C0_1,2,0,2,1
595.0,C0,北,C1C0,C1C0_2,2,0,0,0
595.0,C0,南,bottom2C0,bottom2C0_0,1,0,0,0
595.0,C0,南,bottom2C0,bottom2C0_1,1,0,1,1
595.0,C0,南,bottom2C0,bottom2C0_2,1,0,0,0
595.0,C0,东,right0C0,right0C0_0,2,0,1,0
595.0,C0,东,right0C0,right0C0_1,2,0,1,0
595.0,C0,东,right0C0,right0C0_2,2,0,0,0
595.0,C1,西,B1C1,B1C1_0,3,1,0,0
595.0,C1,西,B1C1,B1C1_1,3,1,1,0
595.0,C1,西,B1C1,B1C1_2,3,1,2,0
595.0,C1,南,C0C1,C0C1_0,2,0,0,0
595.0,C1,南,C0C1,C0C1_1,2,0,2,2
595.0,C1,南,C0C1,C0C1_2,2,0,0,0
595.0,C1,北,C2C1,C2C1_0,2,0,0,0
595.0,C1,北,C2C1,C2C1_1,2,0,1,1
595.0,C1,北,C2C1,C2C1_2,2,0,1,0
595.0,C1,东,right1C1,right1C1_0,2,1,1,0
595.0,C1,东,right1C1,right1C1_1,2,1,0,0
595.0,C1,东,right1C1,right1C1_2,2,1,1,0
595.0,C2,西,B2C2,B2C2_0,1,0,0,0
595.0,C2,西,B2C2,B2C2_1,1,0,0,0
595.0,C2,西,B2C2,B2C2_2,1,0,1,0
595.0,C2,南,C1C2,C1C2_0,6,1,0,0
595.0,C2,南,C1C2,C1C2_1,6,1,4,2
595.0,C2,南,C1C2,C1C2_2,6,1,2,1
595.0,C2,东,right2C2,right2C2_0,0,0,0,0
595.0,C2,东,right2C2,right2C2_1,0,0,0,0
595.0,C2,东,right2C2,right2C2_2,0,0,0,0
595.0,C2,北,top2C2,top2C2_0,1,0,0,0
595.0,C2,北,top2C2,top2C2_1,1,0,1,1
595.0,C2,北,top2C2,top2C2_2,1,0,0,0
600.0,A0,北,A1A0,A1A0_0,1,0,0,0
600.0,A0,北,A1A0,A1A0_1,1,0,1,1
600.0,A0,北,A1A0,A1A0_2,1,0,0,0
600.0,A0,东,B0A0,B0A0_0,0,0,0,0
600.0,A0,东,B0A0,B0A0_1,0,0,0,0
600.0,A0,东,B0A0,B0A0_2,0,0,0,0
600.0,A0,南,bottom0A0,bottom0A0_0,2,0,0,0
600.0,A0,南,bottom0A0,bottom0A0_1,2,0,1,0
600.0,A0,南,bottom0A0,bottom0A0_2,2,0,1,0
600.0,A0,西,left0A0,left0A0_0,2,1,0,0
600.0,A0,西,left0A0,left0A0_1,2,1,1,0
600.0,A0,西,left0A0,left0A0_2,2,1,1,0
600.0,A1,南,A0A1,A0A1_0,2,0,0,0
600.0,A1,南,A0A1,A0A1_1,2,0,1,0
600.0,A1,南,A0A1,A0A1_2,2,0,1,1
600.0,A1,北,A2A1,A2A1_0,0,0,0,0
600.0,A1,北,A2A1,A2A1_1,0,0,0,0
600.0,A1,北,A2A1,A2A1_2,0,0,0,0
600.0,A1,东,B1A1,B1A1_0,1,1,0,0
600.0,A1,东,B1A1,B1A1_1,1,1,1,0
600.0,A1,东,B1A1,B1A1_2,1,1,0,0
600.0,A1,西,left1A1,left1A1_0,1,0,0,0
600.0,A1,西,left1A1,left1A1_1,1,0,0,0
600.0,A1,西,left1A1,left1A1_2,1,0,1,0
600.0,A2,南,A1A2,A1A2_0,3,0,1,0
600.0,A2,南,A1A2,A1A2_1,3,0,0,0
600.0,A2,南,A1A2,A1A2_2,3,0,2,2
600.0,A2,东,B2A2,B2A2_0,1,1,0,0
600.0,A2,东,B2A2,B2A2_1,1,1,1,0
600.0,A2,东,B2A2,B2A2_2,1,1,0,0
600.0,A2,西,left2A2,left2A2_0,1,0,1,0
600.0,A2,西,left2A2,left2A2_1,1,0,0,0
600.0,A2,西,left2A2,left2A2_2,1,0,0,0
600.0,A2,北,top0A2,top0A2_0,0,0,0,0
600.0,A2,北,top0A2,top0A2_1,0,0,0,0
600.0,A2,北,top0A2,top0A2_2,0,0,0,0
600.0,B0,西,A0B0,A0B0_0,3,1,0,0
600.0,B0,西,A0B0,A0B0_1,3,1,1,0
600.0,B0,西,A0B0,A0B0_2,3,1,2,0
600.0,B0,北,B1B0,B1B0_0,2,0,0,0
600.0,B0,北,B1B0,B1B0_1,2,0,1,1
600.0,B0,北,B1B0,B1B0_2,2,0,1,1
600.0,B0,东,C0B0,C0B0_0,0,0,0,0
600.0,B0,东,C0B0,C0B0_1,0,0,0,0
600.0,B0,东,C0B0,C0B0_2,0,0,0,0
600.0,B0,南,bottom1B0,bottom1B0_0,0,0,0,0
600.0,B0,南,bottom1B0,bottom1B0_1,0,0,0,0
600.0,B0,南,bottom1B0,bottom1B0_2,0,0,0,0
600.0,B1,西,A1B1,A1B1_0,0,0,0,0
600.0,B1,西,A1B1,A1B1_1,0,0,0,0
600.0,B1,西,A1B1,A1B1_2,0,0,0,0
600.0,B1,南,B0B1,B0B1_0,2,0,1,0
600.0,B1,南,B0B1,B0B1_1,2,0,1,1
600.0,B1,南,B0B1,B0B1_2,2,0,0,0
600.0,B1,北,B2B1,B2B1_0,1,1,0,0
600.0,B1,北,B2B1,B2B1_1,1,1,1,0
600.0,B1,北,B2B1,B2B1_2,1,1,0,0
600.0,B1,东,C1B1,C1B1_0,0,0,0,0
600.0,B1,东,C1B1,C1B1_1,0,0,0,0
600.0,B1,东,C1B1,C1B1_2,0,0,0,0
600.0,B2,西,A2B2,A2B2_0,0,0,0,0
600.0,B2,西,A2B2,A2B2_1,0,0,0,0
600.0,B2,西,A2B2,A2B2_2,0,0,0,0
600.0,B2,南,B1B2,B1B2_0,0,0,0,0
600.0,B2,南,B1B2,B1B2_1,0,0,0,0
600.0,B2,南,B1B2,B1B2_2,0,0,0,0
600.0,B2,东,C2B2,C2B2_0,1,1,0,0
600.0,B2,东,C2B2,C2B2_1,1,1,1,0
600.0,B2,东,C2B2,C2B2_2,1,1,0,0
600.0,B2,北,top1B2,top1B2_0,2,0,1,1
600.0,B2,北,top1B2,top1B2_1,2,0,1,1
600.0,B2,北,top1B2,top1B2_2,2,0,0,0
600.0,C0,西,B0C0,B0C0_0,1,0,0,0
600.0,C0,西,B0C0,B0C0_1,1,0,1,0
600.0,C0,西,B0C0,B0C0_2,1,0,0,0
600.0,C0,北,C1C0,C1C0_0,3,1,0,0
600.0,C0,北,C1C0,C1C0_1,3,1,3,2
600.0,C0,北,C1C0,C1C0_2,3,1,0,0
600.0,C0,南,bottom2C0,bottom2C0_0,1,0,0,0
600.0,C0,南,bottom2C0,bottom2C0_1,1,0,1,1
600.0,C0,南,bottom2C0,bottom2C0_2,1,0,0,0
600.0,C0,东,right0C0,right0C0_0,2,0,1,0
600.0,C0,东,right0C0,right0C0_1,2,0,1,0
600.0,C0,东,right0C0,right0C0_2,2,0,0,0
600.0,C1,西,B1C1,B1C1_0,3,0,0,0
600.0,C1,西,B1C1,B1C1_1,3,0,1,0
600.0,C1,西,B1C1,B1C1_2,3,0,2,0
600.0,C1,南,C0C1,C0C1_0,2,0,0,0
600.0,C1,南,C0C1,C0C1_1,2,0,2,2
600.0,C1,南,C0C1,C0C1_2,2,0,0,0
600.0,C1,北,C2C1,C2C1_0,3,1,0,0
600.0,C1,北,C2C1,C2C1_1,3,1,2,1
600.0,C1,北,C2C1,C2C1_2,3,1,1,0
600.0,C1,东,right1C1,right1C1_0,2,1,1,0
600.0,C1,东,right1C1,right1C1_1,2,1,1,0
600.0,C1,东,right1C1,right1C1_2,2,1,0,0
600.0,C2,西,B2C2,B2C2_0,1,0,0,0
600.0,C2,西,B2C2,B2C2_1,1,0,0,0
600.0,C2,西,B2C2,B2C2_2,1,0,1,1
600.0,C2,南,C1C2,C1C2_0,6,0,0,0
600.0,C2,南,C1C2,C1C2_1,6,0,4,3
600.0,C2,南,C1C2,C1C2_2,6,0,2,2
600.0,C2,东,right2C2,right2C2_0,1,1,1,0
600.0,C2,东,right2C2,right2C2_1,1,1,0,0
600.0,C2,东,right2C2,right2C2_2,1,1,0,0
600.0,C2,北,top2C2,top2C2_0,3,2,1,0
600.0,C2,北,top2C2,top2C2_1,3,2,1,1
600.0,C2,北,top2C2,top2C2_2,3,2,1,0
605.0,A0,北,A1A0,A1A0_0,0,0,0,0
605.0,A0,北,A1A0,A1A0_1,0,0,0,0
605.0,A0,北,A1A0,A1A0_2,0,0,0,0
605.0,A0,东,B0A0,B0A0_0,0,0,0,0
605.0,A0,东,B0A0,B0A0_1,0,0,0,0
605.0,A0,东,B0A0,B0A0_2,0,0,0,0
605.0,A0,南,bottom0A0,bottom0A0_0,2,0,0,0
605.0,A0,南,bottom0A0,bottom0A0_1,2,0,1,0
605.0,A0,南,bottom0A0,bottom0A0_2,2,0,1,0
605.0,A0,西,left0A0,left0A0_0,2,0,0,0
605.0,A0,西,left0A0,left0A0_1,2,0,1,0
605.0,A0,西,left0A0,left0A0_2,2,0,1,0
605.0,A1,南,A0A1,A0A1_0,2,0,0,0
605.0,A1,南,A0A1,A0A1_1,2,0,1,0
605.0,A1,南,A0A1,A0A1_2,2,0,1,1
605.0,A1,北,A2A1,A2A1_0,0,0,0,0
605.0,A1,北,A2A1,A2A1_1,0,0,0,0
605.0,A1,北,A2A1,A2A1_2,0,0,0,0
605.0,A1,东,B1A1,B1A1_0,1,0,0,0
605.0,A1,东,B1A1,B1A1_1,1,0,1,0
605.0,A1,东,B1A1,B1A1_2,1,0,0,0
605.0,A1,西,left1A1,left1A1_0,1,0,0,0
605.0,A1,西,left1A1,left1A1_1,1,0,0,0
605.0,A1,西,left1A1,left1A1_2,1,0,1,0
605.0,A2,南,A1A2,A1A2_0,3,0,1,0
605.0,A2,南,A1A2,A1A2_1,3,0,0,0
605.0,A2,南,A1A2,A1A2_2,3,0,2,2
605.0,A2,东,B2A2,B2A2_0,2,1,0,0
605.0,A2,东,B2A2,B2A2_1,2,1,1,0
605.0,A2,东,B2A2,B2A2_2,2,1,1,0
605.0,A2,西,left2A2,left2A2_0,1,0,1,0
605.0,A2,西,left2A2,left2A2_1,1,0,0,0
605.0,A2,西,left2A2,left2A2_2,1,0,0,0
605.0,A2,北,top0A2,top0A2_0,0,0,0,0
605.0,A2,北,top0A2,top0A2_1,0,0,0,0
605.0,A2,北,top0A2,top0A2_2,0,0,0,0
605.0,B0,西,A0B0,A0B0_0,3,0,0,0
605.0,B0,西,A0B0,A0B0_1,3,0,1,0
605.0,B0,西,A0B0,A0B0_2,3,0,2,2
605.0,B0,北,B1B0,B1B0_0,1,0,0,0
605.0,B0,北,B1B0,B1B0_1,1,0,0,0
605.0,B0,北,B1B0,B1B0_2,1,0,1,1
605.0,B0,东,C0B0,C0B0_0,1,1,0,0
605.0,B0,东,C0B0,C0B0_1,1,1,0,0
605.0,B0,东,C0B0,C0B0_2,1,1,1,0
605.0,B0,南,bottom1B0,bottom1B0_0,0,0,0,0
605.0,B0,南,bottom1B0,bottom1B0_1,0,0,0,0
605.0,B0,南,bottom1B0,bottom1B0_2,0,0,0,0
605.0,B1,西,A1B1,A1B1_0,0,0,0,0
605.0,B1,西,A1B1,A1B1_1,0,0,0,0
605.0,B1,西,A1B1,A1B1_2,0,0,0,0
605.0,B1,南,B0B1,B0B1_0,0,0,0,0
605.0,B1,南,B0B1,B0B1_1,0,0,0,0
605.0,B1,南,B0B1,B0B1_2,0,0,0,0
605.0,B1,北,B2B1,B2B1_0,1,0,0,0
605.0,B1,北,B2B1,B2B1_1,1,0,1,0
605.0,B1,北,B2B1,B2B1_2,1,0,0,0
605.0,B1,东,C1B1,C1B1_0,0,0,0,0
605.0,B1,东,C1B1,C1B1_1,0,0,0,0
605.0,B1,东,C1B1,C1B1_2,0,0,0,0
605.0,B2,西,A2B2,A2B2_0,0,0,0,0
605.0,B2,西,A2B2,A2B2_1,0,0,0,0
605.0,B2,西,A2B2,A2B2_2,0,0,0,0
605.0,B2,南,B1B2,B1B2_0,0,0,0,0
605.0,B2,南,B1B2,B1B2_1,0,0,0,0
605.0,B2,南,B1B2,B1B2_2,0,0,0,0
605.0,B2,东,C2B2,C2B2_0,1,0,0,0
605.0,B2,东,C2B2,C2B2_1,1,0,1,0
605.0,B2,东,C2B2,C2B2_2,1,0,0,0
605.0,B2,北,top1B2,top1B2_0,0,0,0,0
605.0,B2,北,top1B2,top1B2_1,0,0,0,0
605.0,B2,北,top1B2,top1B2_2,0,0,0,0
605.0,C0,西,B0C0,B0C0_0,1,0,0,0
605.0,C0,西,B0C0,B0C0_1,1,0,1,0
605.0,C0,西,B0C0,B0C0_2,1,0,0,0
605.0,C0,北,C1C0,C1C0_0,3,1,0,0
605.0,C0,北,C1C0,C1C0_1,3,1,2,0
605.0,C0,北,C1C0,C1C0_2,3,1,1,0
605.0,C0,南,bottom2C0,bottom2C0_0,0,0,0,0
605.0,C0,南,bottom2C0,bottom2C0_1,0,0,0,0
605.0,C0,南,bottom2C0,bottom2C0_2,0,0,0,0
605.0,C0,东,right0C0,right0C0_0,1,0,1,1
605.0,C0,东,right0C0,right0C0_1,1,0,0,0
605.0,C0,东,right0C0,right0C0_2,1,0,0,0
605.0,C1,西,B1C1,B1C1_0,4,1,0,0
605.0,C1,西,B1C1,B1C1_1,4,1,1,1
605.0,C1,西,B1C1,B1C1_2,4,1,3,1
605.0,C1,南,C0C1,C0C1_0,1,0,0,0
605.0,C1,南,C0C1,C0C1_1,1,0,1,0
605.0,C1,南,C0C1,C0C1_2,1,0,0,0
605.0,C1,北,C2C1,C2C1_0,2,0,0,0
605.0,C1,北,C2C1,C2C1_1,2,0,1,0
605.0,C1,北,C2C1,C2C1_2,2,0,1,1
605.0,C1,东,right1C1,right1C1_0,2,0,2,0
605.0,C1,东,right1C1,right1C1_1,2,0,0,0
605.0,C1,东,right1C1,right1C1_2,2,0,0,0
605.0,C2,西,B2C2,B2C2_0,1,0,0,0
605.0,C2,西,B2C2,B2C2_1,1,0,0,0
605.0,C2,西,B2C2,B2C2_2,1,0,1,1
605.0,C2,南,C1C2,C1C2_0,5,0,0,0
605.0,C2,南,C1C2,C1C2_1,5,0,3,1
605.0,C2,南,C1C2,C1C2_2,5,0,2,2
605.0,C2,东,right2C2,right2C2_0,1,0,0,0
605.0,C2,东,right2C2,right2C2_1,1,0,0,0
605.0,C2,东,right2C2,right2C2_2,1,0,1,0
605.0,C2,北,top2C2,top2C2_0,3,1,1,0
605.0,C2,北,top2C2,top2C2_1,3,1,1,0
605.0,C2,北,top2C2,top2C2_2,3,1,1,0
610.0,A0,北,A1A0,A1A0_0,0,0,0,0
610.0,A0,北,A1A0,A1A0_1,0,0,0,0
610.0,A0,北,A1A0,A1A0_2,0,0,0,0
610.0,A0,东,B0A0,B0A0_0,0,0,0,0
610.0,A0,东,B0A0,B0A0_1,0,0,0,0
610.0,A0,东,B0A0,B0A0_2,0,0,0,0
610.0,A0,南,bottom0A0,bottom0A0_0,3,1,0,0
610.0,A0,南,bottom0A0,bottom0A0_1,3,1,2,0
610.0,A0,南,bottom0A0,bottom0A0_2,3,1,1,0
610.0,A0,西,left0A0,left0A0_0,3,1,0,0
610.0,A0,西,left0A0,left0A0_1,3,1,2,0
610.0,A0,西,left0A0,left0A0_2,3,1,1,0
610.0,A1,南,A0A1,A0A1_0,1,0,0,0
610.0,A1,南,A0A1,A0A1_1,1,0,0,0
610.0,A1,南,A0A1,A0A1_2,1,0,1,1
610.0,A1,北,A2A1,A2A1_0,0,0,0,0
610.0,A1,北,A2A1,A2A1_1,0,0,0,0
610.0,A1,北,A2A1,A2A1_2,0,0,0,0
610.0,A1,东,B1A1,B1A1_0,1,0,0,0
610.0,A1,东,B1A1,B1A1_1,1,0,1,0
610.0,A1,东,B1A1,B1A1_2,1,0,0,0
610.0,A1,西,left1A1,left1A1_0,1,0,0,0
610.0,A1,西,left1A1,left1A1_1,1,0,0,0
610.0,A1,西,left1A1,left1A1_2,1,0,1,0
610.0,A2,南,A1A2,A1A2_0,3,0,1,0
610.0,A2,南,A1A2,A1A2_1,3,0,0,0
610.0,A2,南,A1A2,A1A2_2,3,0,2,2
610.0,A2,东,B2A2,B2A2_0,2,0,0,0
610.0,A2,东,B2A2,B2A2_1,2,0,1,0
610.0,A2,东,B2A2,B2A2_2,2,0,1,0
610.0,A2,西,left2A2,left2A2_0,0,0,0,0
610.0,A2,西,left2A2,left2A2_1,0,0,0,0
610.0,A2,西,left2A2,left2A2_2,0,0,0,0
610.0,A2,北,top0A2,top0A2_0,0,0,0,0
610.0,A2,北,top0A2,top0A2_1,0,0,0,0
610.0,A2,北,top0A2,top0A2_2,0,0,0,0
610.0,B0,西,A0B0,A0B0_0,3,0,0,0
610.0,B0,西,A0B0,A0B0_1,3,0,1,0
610.0,B0,西,A0B0,A0B0_2,3,0,2,2
610.0,B0,北,B1B0,B1B0_0,1,0,0,0
610.0,B0,北,B1B0,B1B0_1,1,0,0,0
610.0,B0,北,B1B0,B1B0_2,1,0,1,1
610.0,B0,东,C0B0,C0B0_0,1,0,0,0
610.0,B0,东,C0B0,C0B0_1,1,0,0,0
610.0,B0,东,C0B0,C0B0_2,1,0,1,0
610.0,B0,南,bottom1B0,bottom1B0_0,0,0,0,0
610.0,B0,南,bottom1B0,bottom1B0_1,0,0,0,0
610.0,B0,南,bottom1B0,bottom1B0_2,0,0,0,0
610.0,B1,西,A1B1,A1B1_0,0,0,0,0
610.0,B1,西,A1B1,A1B1_1,0,0,0,0
610.0,B1,西,A1B1,A1B1_2,0,0,0,0
610.0,B1,南,B0B1,B0B1_0,0,0,0,0
610.0,B1,南,B0B1,B0B1_1,0,0,0,0
610.0,B1,南,B0B1,B0B1_2,0,0,0,0
610.0,B1,北,B2B1,B2B1_0,2,1,1,0
610.0,B1,北,B2B1,B2B1_1,2,1,1,0
610.0,B1,北,B2B1,B2B1_2,2,1,0,0
610.0,B1,东,C1B1,C1B1_0,0,0,0,0
610.0,B1,东,C1B1,C1B1_1,0,0,0,0
610.0,B1,东,C1B1,C1B1_2,0,0,0,0
610.0,B2,西,A2B2,A2B2_0,0,0,0,0
610.0,B2,西,A2B2,A2B2_1,0,0,0,0
610.0,B2,西,A2B2,A2B2_2,0,0,0,0
610.0,B2,南,B1B2,B1B2_0,1,1,0,0
610.0,B2,南,B1B2,B1B2_1,1,1,1,0
610.0,B2,南,B1B2,B1B2_2,1,1,0,0
610.0,B2,东,C2B2,C2B2_0,1,0,0,0
610.0,B2,东,C2B2,C2B2_1,1,0,1,0
610.0,B2,东,C2B2,C2B2_2,1,0,0,0
610.0,B2,北,top1B2,top1B2_0,0,0,0,0
610.0,B2,北,top1B2,top1B2_1,0,0,0,0
610.0,B2,北,top1B2,top1B2_2,0,0,0,0
610.0,C0,西,B0C0,B0C0_0,1,0,0,0
610.0,C0,西,B0C0,B0C0_1,1,0,1,0
610.0,C0,西,B0C0,B0C0_2,1,0,0,0
610.0,C0,北,C1C0,C1C0_0,3,1,1,0
610.0,C0,北,C1C0,C1C0_1,3,1,1,0
610.0,C0,北,C1C0,C1C0_2,3,1,1,0
610.0,C0,南,bottom2C0,bottom2C0_0,0,0,0,0
610.0,C0,南,bottom2C0,bottom2C0_1,0,0,0,0
610.0,C0,南,bottom2C0,bottom2C0_2,0,0,0,0
610.0,C0,东,right0C0,right0C0_0,0,0,0,0
610.0,C0,东,right0C0,right0C0_1,0,0,0,0
610.0,C0,东,right0C0,right0C0_2,0,0,0,0
610.0,C1,西,B1C1,B1C1_0,5,1,0,0
610.0,C1,西,B1C1,B1C1_1,5,1,1,1
610.0,C1,西,B1C1,B1C1_2,5,1,4,1
610.0,C1,南,C0C1,C0C1_0,1,1,0,0
610.0,C1,南,C0C1,C0C1_1,1,1,1,0
610.0,C1,南,C0C1,C0C1_2,1,1,0,0
610.0,C1,北,C2C1,C2C1_0,3,1,1,0
610.0,C1,北,C2C1,C2C1_1,3,1,1,0
610.0,C1,北,C2C1,C2C1_2,3,1,1,1
610.0,C1,东,right1C1,right1C1_0,2,0,2,0
610.0,C1,东,right1C1,right1C1_1,2,0,0,0
610.0,C1,东,right1C1,right1C1_2,2,0,0,0
610.0,C2,西,B2C2,B2C2_0,1,0,0,0
610.0,C2,西,B2C2,B2C2_1,1,0,0,0
610.0,C2,西,B2C2,B2C2_2,1,0,1,1
610.0,C2,南,C1C2,C1C2_0,5,2,0,0
610.0,C2,南,C1C2,C1C2_1,5,2,2,0
610.0,C2,南,C1C2,C1C2_2,5,2,3,2
610.0,C2,东,right2C2,right2C2_0,1,0,0,0
610.0,C2,东,right2C2,right2C2_1,1,0,0,0
610.0,C2,东,right2C2,right2C2_2,1,0,1,0
610.0,C2,北,top2C2,top2C2_0,3,0,2,0
610.0,C2,北,top2C2,top2C2_1,3,0,1,0
610.0,C2,北,top2C2,top2C2_2,3,0,0,0
615.0,A0,北,A1A0,A1A0_0,0,0,0,0
615.0,A0,北,A1A0,A1A0_1,0,0,0,0
615.0,A0,北,A1A0,A1A0_2,0,0,0,0
615.0,A0,东,B0A0,B0A0_0,0,0,0,0
615.0,A0,东,B0A0,B0A0_1,0,0,0,0
615.0,A0,东,B0A0,B0A0_2,0,0,0,0
615.0,A0,南,bottom0A0,bottom0A0_0,2,0,0,0
615.0,A0,南,bottom0A0,bottom0A0_1,2,0,1,0
615.0,A0,南,bottom0A0,bottom0A0_2,2,0,1,1
615.0,A0,西,left0A0,left0A0_0,3,0,0,0
615.0,A0,西,left0A0,left0A0_1,3,0,2,0
615.0,A0,西,left0A0,left0A0_2,3,0,1,0
615.0,A1,南,A0A1,A0A1_0,2,1,1,0
615.0,A1,南,A0A1,A0A1_1,2,1,0,0
615.0,A1,南,A0A1,A0A1_2,2,1,1,1
615.0,A1,北,A2A1,A2A1_0,1,1,0,0
615.0,A1,北,A2A1,A2A1_1,1,1,0,0
615.0,A1,北,A2A1,A2A1_2,1,1,1,0
615.0,A1,东,B1A1,B1A1_0,1,0,0,0
615.0,A1,东,B1A1,B1A1_1,1,0,1,0
615.0,A1,东,B1A1,B1A1_2,1,0,0,0
615.0,A1,西,left1A1,left1A1_0,1,0,0,0
615.0,A1,西,left1A1,left1A1_1,1,0,0,0
615.0,A1,西,left1A1,left1A1_2,1,0,1,0
615.0,A2,南,A1A2,A1A2_0,4,1,2,0
615.0,A2,南,A1A2,A1A2_1,4,1,0,0
615.0,A2,南,A1A2,A1A2_2,4,1,2,2
615.0,A2,东,B2A2,B2A2_0,2,0,0,0
615.0,A2,东,B2A2,B2A2_1,2,0,1,0
615.0,A2,东,B2A2,B2A2_2,2,0,1,0
615.0,A2,西,left2A2,left2A2_0,0,0,0,0
615.0,A2,西,left2A2,left2A2_1,0,0,0,0
615.0,A2,西,left2A2,left2A2_2,0,0,0,0
615.0,A2,北,top0A2,top0A2_0,0,0,0,0
615.0,A2,北,top0A2,top0A2_1,0,0,0,0
615.0,A2,北,top0A2,top0A2_2,0,0,0,0
615.0,B0,西,A0B0,A0B0_0,3,0,0,0
615.0,B0,西,A0B0,A0B0_1,3,0,1,0
615.0,B0,西,A0B0,A0B0_2,3,0,2,2
615.0,B0,北,B1B0,B1B0_0,1,0,0,0
615.0,B0,北,B1B0,B1B0_1,1,0,0,0
615.0,B0,北,B1B0,B1B0_2,1,0,1,1
615.0,B0,东,C0B0,C0B0_0,1,0,0,0
615.0,B0,东,C0B0,C0B0_1,1,0,0,0
615.0,B0,东,C0B0,C0B0_2,1,0,1,0
615.0,B0,南,bottom1B0,bottom1B0_0,0,0,0,0
615.0,B0,南,bottom1B0,bottom1B0_1,0,0,0,0
615.0,B0,南,bottom1B0,bottom1B0_2,0,0,0,0
615.0,B1,西,A1B1,A1B1_0,0,0,0,0
615.0,B1,西,A1B1,A1B1_1,0,0,0,0
615.0,B1,西,A1B1,A1B1_2,0,0,0,0
615.0,B1,南,B0B1,B0B1_0,0,0,0,0
615.0,B1,南,B0B1,B0B1_1,0,0,0,0
615.0,B1,南,B0B1,B0B1_2,0,0,0,0
615.0,B1,北,B2B1,B2B1_0,2,0,1,0
615.0,B1,北,B2B1,B2B1_1,2,0,1,0
615.0,B1,北,B2B1,B2B1_2,2,0,0,0
615.0,B1,东,C1B1,C1B1_0,0,0,0,0
615.0,B1,东,C1B1,C1B1_1,0,0,0,0
615.0,B1,东,C1B1,C1B1_2,0,0,0,0
615.0,B2,西,A2B2,A2B2_0,0,0,0,0
615.0,B2,西,A2B2,A2B2_1,0,0,0,0
615.0,B2,西,A2B2,A2B2_2,0,0,0,0
615.0,B2,南,B1B2,B1B2_0,1,0,0,0
615.0,B2,南,B1B2,B1B2_1,1,0,1,0
615.0,B2,南,B1B2,B1B2_2,1,0,0,0
615.0,B2,东,C2B2,C2B2_0,1,0,0,0
615.0,B2,东,C2B2,C2B2_1,1,0,1,0
615.0,B2,东,C2B2,C2B2_2,1,0,0,0
615.0,B2,北,top1B2,top1B2_0,0,0,0,0
615.0,B2,北,top1B2,top1B2_1,0,0,0,0
615.0,B2,北,top1B2,top1B2_2,0,0,0,0
615.0,C0,西,B0C0,B0C0_0,1,0,0,0
615.0,C0,西,B0C0,B0C0_1,1,0,1,1
615.0,C0,西,B0C0,B0C0_2,1,0,0,0
615.0,C0,北,C1C0,C1C0_0,3,0,1,0
615.0,C0,北,C1C0,C1C0_1,3,0,1,0
615.0,C0,北,C1C0,C1C0_2,3,0,1,0
615.0,C0,南,bottom2C0,bottom2C0_0,0,0,0,0
615.0,C0,南,bottom2C0,bottom2C0_1,0,0,0,0
615.0,C0,南,bottom2C0,bottom2C0_2,0,0,0,0
615.0,C0,东,right0C0,right0C0_0,0,0,0,0
615.0,C0,东,right0C0,right0C0_1,0,0,0,0
615.0,C0,东,right0C0,right0C0_2,0,0,0,0
615.0,C1,西,B1C1,B1C1_0,5,0,0,0
615.0,C1,西,B1C1,B1C1_1,5,0,1,1
615.0,C1,西,B1C1,B1C1_2,5,0,4,1
615.0,C1,南,C0C1,C0C1_0,2,1,0,0
615.0,C1,南,C0C1,C0C1_1,2,1,2,0
615.0,C1,南,C0C1,C0C1_2,2,1,0,0
615.0,C1,北,C2C1,C2C1_0,3,0,1,0
615.0,C1,北,C2C1,C2C1_1,3,0,1,0
615.0,C1,北,C2C1,C2C1_2,3,0,1,1
615.0,C1,东,right1C1,right1C1_0,2,0,2,0
615.0,C1,东,right1C1,right1C1_1,2,0,0,0
615.0,C1,东,right1C1,right1C1_2,2,0,0,0
615.0,C2,西,B2C2,B2C2_0,1,0,0,0
615.0,C2,西,B2C2,B2C2_1,1,0,0,0
615.0,C2,西,B2C2,B2C2_2,1,0,1,1
615.0,C2,南,C1C2,C1C2_0,4,0,0,0
615.0,C2,南,C1C2,C1C2_1,4,0,1,0
615.0,C2,南,C1C2,C1C2_2,4,0,3,2
615.0,C2,东,right2C2,right2C2_0,1,0,0,0
615.0,C2,东,right2C2,right2C2_1,1,0,0,0
615.0,C2,东,right2C2,right2C2_2,1,0,1,0
615.0,C2,北,top2C2,top2C2_0,4,1,2,0
615.0,C2,北,top2C2,top2C2_1,4,1,2,0
615.0,C2,北,top2C2,top2C2_2,4,1,0,0
620.0,A0,北,A1A0,A1A0_0,0,0,0,0
620.0,A0,北,A1A0,A1A0_1,0,0,0,0
620.0,A0,北,A1A0,A1A0_2,0,0,0,0
620.0,A0,东,B0A0,B0A0_0,0,0,0,0
620.0,A0,东,B0A0,B0A0_1,0,0,0,0
620.0,A0,东,B0A0,B0A0_2,0,0,0,0
620.0,A0,南,bottom0A0,bottom0A0_0,2,0,0,0
620.0,A0,南,bottom0A0,bottom0A0_1,2,0,1,0
620.0,A0,南,bottom0A0,bottom0A0_2,2,0,1,1
620.0,A0,西,left0A0,left0A0_0,3,0,0,0
620.0,A0,西,left0A0,left0A0_1,3,0,2,1
620.0,A0,西,left0A0,left0A0_2,3,0,1,1
620.0,A1,南,A0A1,A0A1_0,2,0,1,0
620.0,A1,南,A0A1,A0A1_1,2,0,0,0
620.0,A1,南,A0A1,A0A1_2,2,0,1,1
620.0,A1,北,A2A1,A2A1_0,1,0,0,0
620.0,A1,北,A2A1,A2A1_1,1,0,0,0
620.0,A1,北,A2A1,A2A1_2,1,0,1,0
620.0,A1,东,B1A1,B1A1_0,1,0,0,0
620.0,A1,东,B1A1,B1A1_1,1,0,1,0
620.0,A1,东,B1A1,B1A1_2,1,0,0,0
620.0,A1,西,left1A1,left1A1_0,1,0,0,0
620.0,A1,西,left1A1,left1A1_1,1,0,0,0
620.0,A1,西,left1A1,left1A1_2,1,0,1,1
620.0,A2,南,A1A2,A1A2_0,3,0,1,0
620.0,A2,南,A1A2,A1A2_1,3,0,0,0
620.0,A2,南,A1A2,A1A2_2,3,0,2,2
620.0,A2,东,B2A2,B2A2_0,2,0,0,0
620.0,A2,东,B2A2,B2A2_1,2,0,1,0
620.0,A2,东,B2A2,B2A2_2,2,0,1,0
620.0,A2,西,left2A2,left2A2_0,1,1,1,0
620.0,A2,西,left2A2,left2A2_1,1,1,0,0
620.0,A2,西,left2A2,left2A2_2,1,1,0,0
620.0,A2,北,top0A2,top0A2_0,0,0,0,0
620.0,A2,北,top0A2,top0A2_1,0,0,0,0
620.0,A2,北,top0A2,top0A2_2,0,0,0,0
620.0,B0,西,A0B0,A0B0_0,3,0,0,0
620.0,B0,西,A0B0,A0B0_1,3,0,1,1
620.0,B0,西,A0B0,A0B0_2,3,0,2,2
620.0,B0,北,B1B0,B1B0_0,1,0,0,0
620.0,B0,北,B1B0,B1B0_1,1,0,0,0
620.0,B0,北,B1B0,B1B0_2,1,0,1,1
620.0,B0,东,C0B0,C0B0_0,1,0,0,0
620.0,B0,东,C0B0,C0B0_1,1,0,0,0
620.0,B0,东,C0B0,C0B0_2,1,0,1,0
620.0,B0,南,bottom1B0,bottom1B0_0,0,0,0,0
620.0,B0,南,bottom1B0,bottom1B0_1,0,0,0,0
620.0,B0,南,bottom1B0,bottom1B0_2,0,0,0,0
620.0,B1,西,A1B1,A1B1_0,0,0,0,0
620.0,B1,西,A1B1,A1B1_1,0,0,0,0
620.0,B1,西,A1B1,A1B1_2,0,0,0,0
620.0,B1,南,B0B1,B0B1_0,0,0,0,0
620.0,B1,南,B0B1,B0B1_1,0,0,0,0
620.0,B1,南,B0B1,B0B1_2,0,0,0,0
620.0,B1,北,B2B1,B2B1_0,2,0,1,0
620.0,B1,北,B2B1,B2B1_1,2,0,1,0
620.0,B1,北,B2B1,B2B1_2,2,0,0,0
620.0,B1,东,C1B1,C1B1_0,0,0,0,0
620.0,B1,东,C1B1,C1B1_1,0,0,0,0
620.0,B1,东,C1B1,C1B1_2,0,0,0,0
620.0,B2,西,A2B2,A2B2_0,1,1,0,0
620.0,B2,西,A2B2,A2B2_1,1,1,0,0
620.0,B2,西,A2B2,A2B2_2,1,1,1,0
620.0,B2,南,B1B2,B1B2_0,1,0,0,0
620.0,B2,南,B1B2,B1B2_1,1,0,1,0
620.0,B2,南,B1B2,B1B2_2,1,0,0,0
620.0,B2,东,C2B2,C2B2_0,1,0,0,0
620.0,B2,东,C2B2,C2B2_1,1,0,1,0
620.0,B2,东,C2B2,C2B2_2,1,0,0,0
620.0,B2,北,top1B2,top1B2_0,0,0,0,0
620.0,B2,北,top1B2,top1B2_1,0,0,0,0
620.0,B2,北,top1B2,top1B2_2,0,0,0,0
620.0,C0,西,B0C0,B0C0_0,1,0,0,0
620.0,C0,西,B0C0,B0C0_1,1,0,1,1
620.0,C0,西,B0C0,B0C0_2,1,0,0,0
620.0,C0,北,C1C0,C1C0_0,2,0,1,0
620.0,C0,北,C1C0,C1C0_1,2,0,0,0
620.0,C0,北,C1C0,C1C0_2,2,0,1,0
620.0,C0,南,bottom2C0,bottom2C0_0,0,0,0,0
620.0,C0,南,bottom2C0,bottom2C0_1,0,0,0,0
620.0,C0,南,bottom2C0,bottom2C0_2,0,0,0,0
620.0,C0,东,right0C0,right0C0_0,0,0,0,0
620.0,C0,东,right0C0,right0C0_1,0,0,0,0
620.0,C0,东,right0C0,right0C0_2,0,0,0,0
620.0,C1,西,B1C1,B1C1_0,5,0,0,0
620.0,C1,西,B1C1,B1C1_1,5,0,1,1
620.0,C1,西,B1C1,B1C1_2,5,0,4,2
620.0,C1,南,C0C1,C0C1_0,2,0,0,0
620.0,C1,南,C0C1,C0C1_1,2,0,2,0
620.0,C1,南,C0C1,C0C1_2,2,0,0,0
620.0,C1,北,C2C1,C2C1_0,3,0,1,0
620.0,C1,北,C2C1,C2C1_1,3,0,1,0
620.0,C1,北,C2C1,C2C1_2,3,0,1,1
620.0,C1,东,right1C1,right1C1_0,2,0,2,2
620.0,C1,东,right1C1,right1C1_1,2,0,0,0
620.0,C1,东,right1C1,right1C1_2,2,0,0,0
620.0,C2,西,B2C2,B2C2_0,1,0,0,0
620.0,C2,西,B2C2,B2C2_1,1,0,0,0
620.0,C2,西,B2C2,B2C2_2,1,0,1,1
620.0,C2,南,C1C2,C1C2_0,4,0,0,0
620.0,C2,南,C1C2,C1C2_1,4,0,1,0
620.0,C2,南,C1C2,C1C2_2,4,0,3,2
620.0,C2,东,right2C2,right2C2_0,1,0,0,0
620.0,C2,东,right2C2,right2C2_1,1,0,0,0
620.0,C2,东,right2C2,right2C2_2,1,0,1,0
620.0,C2,北,top2C2,top2C2_0,3,0,2,0
620.0,C2,北,top2C2,top2C2_1,3,0,1,0
620.0,C2,北,top2C2,top2C2_2,3,0,0,0
625.0,A0,北,A1A0,A1A0_0,0,0,0,0
625.0,A0,北,A1A0,A1A0_1,0,0,0,0
625.0,A0,北,A1A0,A1A0_2,0,0,0,0
625.0,A0,东,B0A0,B0A0_0,0,0,0,0
625.0,A0,东,B0A0,B0A0_1,0,0,0,0
625.0,A0,东,B0A0,B0A0_2,0,0,0,0
625.0,A0,南,bottom0A0,bottom0A0_0,1,0,0,0
625.0,A0,南,bottom0A0,bottom0A0_1,1,0,1,0
625.0,A0,南,bottom0A0,bottom0A0_2,1,0,0,0
625.0,A0,西,left0A0,left0A0_0,4,1,0,0
625.0,A0,西,left0A0,left0A0_1,4,1,3,1
625.0,A0,西,left0A0,left0A0_2,4,1,1,1
625.0,A1,南,A0A1,A0A1_0,1,0,1,0
625.0,A1,南,A0A1,A0A1_1,1,0,0,0
625.0,A1,南,A0A1,A0A1_2,1,0,0,0
625.0,A1,北,A2A1,A2A1_0,1,0,0,0
625.0,A1,北,A2A1,A2A1_1,1,0,0,0
625.0,A1,北,A2A1,A2A1_2,1,0,1,0
625.0,A1,东,B1A1,B1A1_0,1,0,0,0
625.0,A1,东,B1A1,B1A1_1,1,0,1,0
625.0,A1,东,B1A1,B1A1_2,1,0,0,0
625.0,A1,西,left1A1,left1A1_0,1,0,0,0
625.0,A1,西,left1A1,left1A1_1,1,0,0,0
625.0,A1,西,left1A1,left1A1_2,1,0,1,1
625.0,A2,南,A1A2,A1A2_0,2,0,1,0
625.0,A2,南,A1A2,A1A2_1,2,0,0,0
625.0,A2,南,A1A2,A1A2_2,2,0,1,0
625.0,A2,东,B2A2,B2A2_0,2,0,0,0
625.0,A2,东,B2A2,B2A2_1,2,0,1,1
625.0,A2,东,B2A2,B2A2_2,2,0,1,0
625.0,A2,西,left2A2,left2A2_0,1,0,1,0
625.0,A2,西,left2A2,left2A2_1,1,0,0,0
625.0,A2,西,left2A2,left2A2_2,1,0,0,0
625.0,A2,北,top0A2,top0A2_0,0,0,0,0
625.0,A2,北,top0A2,top0A2_1,0,0,0,0
625.0,A2,北,top0A2,top0A2_2,0,0,0,0
625.0,B0,西,A0B0,A0B0_0,3,0,0,0
625.0,B0,西,A0B0,A0B0_1,3,0,1,1
625.0,B0,西,A0B0,A0B0_2,3,0,2,2
625.0,B0,北,B1B0,B1B0_0,1,1,0,0
625.0,B0,北,B1B0,B1B0_1,1,1,1,0
625.0,B0,北,B1B0,B1B0_2,1,1,0,0
625.0,B0,东,C0B0,C0B0_0,1,0,0,0
625.0,B0,东,C0B0,C0B0_1,1,0,0,0
625.0,B0,东,C0B0,C0B0_2,1,0,1,0
625.0,B0,南,bottom1B0,bottom1B0_0,0,0,0,0
625.0,B0,南,bottom1B0,bottom1B0_1,0,0,0,0
625.0,B0,南,bottom1B0,bottom1B0_2,0,0,0,0
625.0,B1,西,A1B1,A1B1_0,0,0,0,0
625.0,B1,西,A1B1,A1B1_1,0,0,0,0
625.0,B1,西,A1B1,A1B1_2,0,0,0,0
625.0,B1,南,B0B1,B0B1_0,0,0,0,0
625.0,B1,南,B0B1,B0B1_1,0,0,0,0
625.0,B1,南,B0B1,B0B1_2,0,0,0,0
625.0,B1,北,B2B1,B2B1_0,1,0,1,0
625.0,B1,北,B2B1,B2B1_1,1,0,0,0
625.0,B1,北,B2B1,B2B1_2,1,0,0,0
625.0,B1,东,C1B1,C1B1_0,0,0,0,0
625.0,B1,东,C1B1,C1B1_1,0,0,0,0
625.0,B1,东,C1B1,C1B1_2,0,0,0,0
625.0,B2,西,A2B2,A2B2_0,1,0,0,0
625.0,B2,西,A2B2,A2B2_1,1,0,0,0
625.0,B2,西,A2B2,A2B2_2,1,0,1,0
625.0,B2,南,B1B2,B1B2_0,1,0,0,0
625.0,B2,南,B1B2,B1B2_1,1,0,1,0
625.0,B2,南,B1B2,B1B2_2,1,0,0,0
625.0,B2,东,C2B2,C2B2_0,2,1,1,0
625.0,B2,东,C2B2,C2B2_1,2,1,1,1
625.0,B2,东,C2B2,C2B2_2,2,1,0,0
625.0,B2,北,top1B2,top1B2_0,1,1,0,0
625.0,B2,北,top1B2,top1B2_1,1,1,0,0
625.0,B2,北,top1B2,top1B2_2,1,1,1,0
625.0,C0,西,B0C0,B0C0_0,1,0,0,0
625.0,C0,西,B0C0,B0C0_1,1,0,1,1
625.0,C0,西,B0C0,B0C0_2,1,0,0,0
625.0,C0,北,C1C0,C1C0_0,1,0,1,0
625.0,C0,北,C1C0,C1C0_1,1,0,0,0
625.0,C0,北,C1C0,C1C0_2,1,0,0,0
625.0,C0,南,bottom2C0,bottom2C0_0,0,0,0,0
625.0,C0,南,bottom2C0,bottom2C0_1,0,0,0,0
625.0,C0,南,bottom2C0,bottom2C0_2,0,0,0,0
625.0,C0,东,right0C0,right0C0_0,0,0,0,0
625.0,C0,东,right0C0,right0C0_1,0,0,0,0
625.0,C0,东,right0C0,right0C0_2,0,0,0,0
625.0,C1,西,B1C1,B1C1_0,5,0,0,0
625.0,C1,西,B1C1,B1C1_1,5,0,1,1
625.0,C1,西,B1C1,B1C1_2,5,0,4,3
625.0,C1,南,C0C1,C0C1_0,2,0,0,0
625.0,C1,南,C0C1,C0C1_1,2,0,2,0
625.0,C1,南,C0C1,C0C1_2,2,0,0,0
625.0,C1,北,C2C1,C2C1_0,2,0,1,0
625.0,C1,北,C2C1,C2C1_1,2,0,1,0
625.0,C1,北,C2C1,C2C1_2,2,0,0,0
625.0,C1,东,right1C1,right1C1_0,2,1,1,0
625.0,C1,东,right1C1,right1C1_1,2,1,0,0
625.0,C1,东,right1C1,right1C1_2,2,1,1,0
625.0,C2,西,B2C2,B2C2_0,1,0,0,0
625.0,C2,西,B2C2,B2C2_1,1,0,0,0
625.0,C2,西,B2C2,B2C2_2,1,0,1,1
625.0,C2,南,C1C2,C1C2_0,4,1,0,0
625.0,C2,南,C1C2,C1C2_1,4,1,2,0
625.0,C2,南,C1C2,C1C2_2,4,1,2,0
625.0,C2,东,right2C2,right2C2_0,1,0,0,0
625.0,C2,东,right2C2,right2C2_1,1,0,0,0
625.0,C2,东,right2C2,right2C2_2,1,0,1,1
625.0,C2,北,top2C2,top2C2_0,3,0,2,0
625.0,C2,北,top2C2,top2C2_1,3,0,1,1
625.0,C2,北,top2C2,top2C2_2,3,0,0,0
630.0,A0,北,A1A0,A1A0_0,0,0,0,0
630.0,A0,北,A1A0,A1A0_1,0,0,0,0
630.0,A0,北,A1A0,A1A0_2,0,0,0,0
630.0,A0,东,B0A0,B0A0_0,0,0,0,0
630.0,A0,东,B0A0,B0A0_1,0,0,0,0
630.0,A0,东,B0A0,B0A0_2,0,0,0,0
630.0,A0,南,bottom0A0,bottom0A0_0,1,0,0,0
630.0,A0,南,bottom0A0,bottom0A0_1,1,0,1,0
630.0,A0,南,bottom0A0,bottom0A0_2,1,0,0,0
630.0,A0,西,left0A0,left0A0_0,4,0,0,0
630.0,A0,西,left0A0,left0A0_1,4,0,3,1
630.0,A0,西,left0A0,left0A0_2,4,0,1,1
630.0,A1,南,A0A1,A0A1_0,1,0,1,0
630.0,A1,南,A0A1,A0A1_1,1,0,0,0
630.0,A1,南,A0A1,A0A1_2,1,0,0,0
630.0,A1,北,A2A1,A2A1_0,0,0,0,0
630.0,A1,北,A2A1,A2A1_1,0,0,0,0
630.0,A1,北,A2A1,A2A1_2,0,0,0,0
630.0,A1,东,B1A1,B1A1_0,1,0,0,0
630.0,A1,东,B1A1,B1A1_1,1,0,1,1
630.0,A1,东,B1A1,B1A1_2,1,0,0,0
630.0,A1,西,left1A1,left1A1_0,1,0,0,0
630.0,A1,西,left1A1,left1A1_1,1,0,0,0
630.0,A1,西,left1A1,left1A1_2,1,0,1,1
630.0,A2,南,A1A2,A1A2_0,1,0,1,0
630.0,A2,南,A1A2,A1A2_1,1,0,0,0
630.0,A2,南,A1A2,A1A2_2,1,0,0,0
630.0,A2,东,B2A2,B2A2_0,2,0,0,0
630.0,A2,东,B2A2,B2A2_1,2,0,1,1
630.0,A2,东,B2A2,B2A2_2,2,0,1,0
630.0,A2,西,left2A2,left2A2_0,1,0,1,0
630.0,A2,西,left2A2,left2A2_1,1,0,0,0
630.0,A2,西,left2A2,left2A2_2,1,0,0,0
630.0,A2,北,top0A2,top0A2_0,0,0,0,0
630.0,A2,北,top0A2,top0A2_1,0,0,0,0
630.0,A2,北,top0A2,top0A2_2,0,0,0,0
630.0,B0,西,A0B0,A0B0_0,3,0,0,0
630.0,B0,西,A0B0,A0B0_1,3,0,1,1
630.0,B0,西,A0B0,A0B0_2,3,0,2,2
630.0,B0,北,B1B0,B1B0_0,1,0,0,0
630.0,B0,北,B1B0,B1B0_1,1,0,1,0
630.0,B0,北,B1B0,B1B0_2,1,0,0,0
630.0,B0,东,C0B0,C0B0_0,1,0,0,0
630.0,B0,东,C0B0,C0B0_1,1,0,0,0
630.0,B0,东,C0B0,C0B0_2,1,0,1,1
630.0,B0,南,bottom1B0,bottom1B0_0,0,0,0,0
630.0,B0,南,bottom1B0,bottom1B0_1,0,0,0,0
630.0,B0,南,bottom1B0,bottom1B0_2,0,0,0,0
630.0,B1,西,A1B1,A1B1_0,0,0,0,0
630.0,B1,西,A1B1,A1B1_1,0,0,0,0
630.0,B1,西,A1B1,A1B1_2,0,0,0,0
630.0,B1,南,B0B1,B0B1_0,0,0,0,0
630.0,B1,南,B0B1,B0B1_1,0,0,0,0
630.0,B1,南,B0B1,B0B1_2,0,0,0,0
630.0,B1,北,B2B1,B2B1_0,1,0,1,0
630.0,B1,北,B2B1,B2B1_1,1,0,0,0
630.0,B1,北,B2B1,B2B1_2,1,0,0,0
630.0,B1,东,C1B1,C1B1_0,0,0,0,0
630.0,B1,东,C1B1,C1B1_1,0,0,0,0
630.0,B1,东,C1B1,C1B1_2,0,0,0,0
630.0,B2,西,A2B2,A2B2_0,1,0,0,0
630.0,B2,西,A2B2,A2B2_1,1,0,0,0
630.0,B2,西,A2B2,A2B2_2,1,0,1,0
630.0,B2,南,B1B2,B1B2_0,1,0,0,0
630.0,B2,南,B1B2,B1B2_1,1,0,1,0
630.0,B2,南,B1B2,B1B2_2,1,0,0,0
630.0,B2,东,C2B2,C2B2_0,4,2,1,0
630.0,B2,东,C2B2,C2B2_1,4,2,3,1
630.0,B2,东,C2B2,C2B2_2,4,2,0,0
630.0,B2,北,top1B2,top1B2_0,2,1,1,0
630.0,B2,北,top1B2,top1B2_1,2,1,0,0
630.0,B2,北,top1B2,top1B2_2,2,1,1,0
630.0,C0,西,B0C0,B0C0_0,2,1,1,0
630.0,C0,西,B0C0,B0C0_1,2,1,1,1
630.0,C0,西,B0C0,B0C0_2,2,1,0,0
630.0,C0,北,C1C0,C1C0_0,1,0,1,0
630.0,C0,北,C1C0,C1C0_1,1,0,0,0
630.0,C0,北,C1C0,C1C0_2,1,0,0,0
630.0,C0,南,bottom2C0,bottom2C0_0,0,0,0,0
630.0,C0,南,bottom2C0,bottom2C0_1,0,0,0,0
630.0,C0,南,bottom2C0,bottom2C0_2,0,0,0,0
630.0,C0,东,right0C0,right0C0_0,0,0,0,0
630.0,C0,东,right0C0,right0C0_1,0,0,0,0
630.0,C0,东,right0C0,right0C0_2,0,0,0,0
630.0,C1,西,B1C1,B1C1_0,5,0,0,0
630.0,C1,西,B1C1,B1C1_1,5,0,1,1
630.0,C1,西,B1C1,B1C1_2,5,0,4,4
630.0,C1,南,C0C1,C0C1_0,2,0,0,0
630.0,C1,南,C0C1,C0C1_1,2,0,2,0
630.0,C1,南,C0C1,C0C1_2,2,0,0,0
630.0,C1,北,C2C1,C2C1_0,2,0,1,1
630.0,C1,北,C2C1,C2C1_1,2,0,1,1
630.0,C1,北,C2C1,C2C1_2,2,0,0,0
630.0,C1,东,right1C1,right1C1_0,1,0,0,0
630.0,C1,东,right1C1,right1C1_1,1,0,0,0
630.0,C1,东,right1C1,right1C1_2,1,0,1,0
630.0,C2,西,B2C2,B2C2_0,1,0,0,0
630.0,C2,西,B2C2,B2C2_1,1,0,0,0
630.0,C2,西,B2C2,B2C2_2,1,0,1,1
630.0,C2,南,C1C2,C1C2_0,3,1,0,0
630.0,C2,南,C1C2,C1C2_1,3,1,2,0
630.0,C2,南,C1C2,C1C2_2,3,1,1,0
630.0,C2,东,right2C2,right2C2_0,1,0,0,0
630.0,C2,东,right2C2,right2C2_1,1,0,0,0
630.0,C2,东,right2C2,right2C2_2,1,0,1,1
630.0,C2,北,top2C2,top2C2_0,3,0,2,0
630.0,C2,北,top2C2,top2C2_1,3,0,1,1
630.0,C2,北,top2C2,top2C2_2,3,0,0,0
635.0,A0,北,A1A0,A1A0_0,0,0,0,0
635.0,A0,北,A1A0,A1A0_1,0,0,0,0
635.0,A0,北,A1A0,A1A0_2,0,0,0,0
635.0,A0,东,B0A0,B0A0_0,0,0,0,0
635.0,A0,东,B0A0,B0A0_1,0,0,0,0
635.0,A0,东,B0A0,B0A0_2,0,0,0,0
635.0,A0,南,bottom0A0,bottom0A0_0,1,0,0,0
635.0,A0,南,bottom0A0,bottom0A0_1,1,0,1,1
635.0,A0,南,bottom0A0,bottom0A0_2,1,0,0,0
635.0,A0,西,left0A0,left0A0_0,4,0,0,0
635.0,A0,西,left0A0,left0A0_1,4,0,3,2
635.0,A0,西,left0A0,left0A0_2,4,0,1,1
635.0,A1,南,A0A1,A0A1_0,1,0,1,0
635.0,A1,南,A0A1,A0A1_1,1,0,0,0
635.0,A1,南,A0A1,A0A1_2,1,0,0,0
635.0,A1,北,A2A1,A2A1_0,0,0,0,0
635.0,A1,北,A2A1,A2A1_1,0,0,0,0
635.0,A1,北,A2A1,A2A1_2,0,0,0,0
635.0,A1,东,B1A1,B1A1_0,1,0,0,0
635.0,A1,东,B1A1,B1A1_1,1,0,1,1
635.0,A1,东,B1A1,B1A1_2,1,0,0,0
635.0,A1,西,left1A1,left1A1_0,1,0,0,0
635.0,A1,西,left1A1,left1A1_1,1,0,0,0
635.0,A1,西,left1A1,left1A1_2,1,0,1,1
635.0,A2,南,A1A2,A1A2_0,0,0,0,0
635.0,A2,南,A1A2,A1A2_1,0,0,0,0
635.0,A2,南,A1A2,A1A2_2,0,0,0,0
635.0,A2,东,B2A2,B2A2_0,2,0,0,0
635.0,A2,东,B2A2,B2A2_1,2,0,1,1
635.0,A2,东,B2A2,B2A2_2,2,0,1,1
635.0,A2,西,left2A2,left2A2_0,1,0,1,0
635.0,A2,西,left2A2,left2A2_1,1,0,0,0
635.0,A2,西,left2A2,left2A2_2,1,0,0,0
635.0,A2,北,top0A2,top0A2_0,0,0,0,0
635.0,A2,北,top0A2,top0A2_1,0,0,0,0
635.0,A2,北,top0A2,top0A2_2,0,0,0,0
635.0,B0,西,A0B0,A0B0_0,3,0,0,0
635.0,B0,西,A0B0,A0B0_1,3,0,1,1
635.0,B0,西,A0B0,A0B0_2,3,0,2,2
635.0,B0,北,B1B0,B1B0_0,1,0,0,0
635.0,B0,北,B1B0,B1B0_1,1,0,1,0
635.0,B0,北,B1B0,B1B0_2,1,0,0,0
635.0,B0,东,C0B0,C0B0_0,2,1,0,0
635.0,B0,东,C0B0,C0B0_1,2,1,1,0
635.0,B0,东,C0B0,C0B0_2,2,1,1,1
635.0,B0,南,bottom1B0,bottom1B0_0,0,0,0,0
635.0,B0,南,bottom1B0,bottom1B0_1,0,0,0,0
635.0,B0,南,bottom1B0,bottom1B0_2,0,0,0,0
635.0,B1,西,A1B1,A1B1_0,1,1,1,0
635.0,B1,西,A1B1,A1B1_1,1,1,0,0
635.0,B1,西,A1B1,A1B1_2,1,1,0,0
635.0,B1,南,B0B1,B0B1_0,0,0,0,0
635.0,B1,南,B0B1,B0B1_1,0,0,0,0
635.0,B1,南,B0B1,B0B1_2,0,0,0,0
635.0,B1,北,B2B1,B2B1_0,0,0,0,0
635.0,B1,北,B2B1,B2B1_1,0,0,0,0
635.0,B1,北,B2B1,B2B1_2,0,0,0,0
635.0,B1,东,C1B1,C1B1_0,1,1,0,0
635.0,B1,东,C1B1,C1B1_1,1,1,0,0
635.0,B1,东,C1B1,C1B1_2,1,1,1,0
635.0,B2,西,A2B2,A2B2_0,1,0,0,0
635.0,B2,西,A2B2,A2B2_1,1,0,0,0
635.0,B2,西,A2B2,A2B2_2,1,0,1,0
635.0,B2,南,B1B2,B1B2_0,1,0,0,0
635.0,B2,南,B1B2,B1B2_1,1,0,1,1
635.0,B2,南,B1B2,B1B2_2,1,0,0,0
635.0,B2,东,C2B2,C2B2_0,5,1,1,0
635.0,B2,东,C2B2,C2B2_1,5,1,4,1
635.0,B2,东,C2B2,C2B2_2,5,1,0,0
635.0,B2,北,top1B2,top1B2_0,2,0,1,0
635.0,B2,北,top1B2,top1B2_1,2,0,0,0
635.0,B2,北,top1B2,top1B2_2,2,0,1,0
635.0,C0,西,B0C0,B0C0_0,2,0,1,0
635.0,C0,西,B0C0,B0C0_1,2,0,1,1
635.0,C0,西,B0C0,B0C0_2,2,0,0,0
635.0,C0,北,C1C0,C1C0_0,0,0,0,0
635.0,C0,北,C1C0,C1C0_1,0,0,0,0
635.0,C0,北,C1C0,C1C0_2,0,0,0,0
635.0,C0,南,bottom2C0,bottom2C0_0,0,0,0,0
635.0,C0,南,bottom2C0,bottom2C0_1,0,0,0,0
635.0,C0,南,bottom2C0,bottom2C0_2,0,0,0,0
635.0,C0,东,right0C0,right0C0_0,0,0,0,0
635.0,C0,东,right0C0,right0C0_1,0,0,0,0
635.0,C0,东,right0C0,right0C0_2,0,0,0,0
635.0,C1,西,B1C1,B1C1_0,5,0,0,0
635.0,C1,西,B1C1,B1C1_1,5,0,1,1
635.0,C1,西,B1C1,B1C1_2,5,0,4,4
635.0,C1,南,C0C1,C0C1_0,2,0,0,0
635.0,C1,南,C0C1,C0C1_1,2,0,2,1
635.0,C1,南,C0C1,C0C1_2,2,0,0,0
635.0,C1,北,C2C1,C2C1_0,0,0,0,0
635.0,C1,北,C2C1,C2C1_1,0,0,0,0
635.0,C1,北,C2C1,C2C1_2,0,0,0,0
635.0,C1,东,right1C1,right1C1_0,2,1,0,0
635.0,C1,东,right1C1,right1C1_1,2,1,1,0
635.0,C1,东,right1C1,right1C1_2,2,1,1,0
635.0,C2,西,B2C2,B2C2_0,1,0,0,0
635.0,C2,西,B2C2,B2C2_1,1,0,0,0
635.0,C2,西,B2C2,B2C2_2,1,0,1,1
635.0,C2,南,C1C2,C1C2_0,3,0,0,0
635.0,C2,南,C1C2,C1C2_1,3,0,2,1
635.0,C2,南,C1C2,C1C2_2,3,0,1,0
635.0,C2,东,right2C2,right2C2_0,2,1,1,0
635.0,C2,东,right2C2,right2C2_1,2,1,0,0
635.0,C2,东,right2C2,right2C2_2,2,1,1,1
635.0,C2,北,top2C2,top2C2_0,1,0,1,0
635.0,C2,北,top2C2,top2C2_1,1,0,0,0
635.0,C2,北,top2C2,top2C2_2,1,0,0,0
640.0,A0,北,A1A0,A1A0_0,0,0,0,0
640.0,A0,北,A1A0,A1A0_1,0,0,0,0
640.0,A0,北,A1A0,A1A0_2,0,0,0,0
640.0,A0,东,B0A0,B0A0_0,0,0,0,0
640.0,A0,东,B0A0,B0A0_1,0,0,0,0
640.0,A0,东,B0A0,B0A0_2,0,0,0,0
640.0,A0,南,bottom0A0,bottom0A0_0,1,0,0,0
640.0,A0,南,bottom0A0,bottom0A0_1,1,0,1,1
640.0,A0,南,bottom0A0,bottom0A0_2,1,0,0,0
640.0,A0,西,left0A0,left0A0_0,4,0,0,0
640.0,A0,西,left0A0,left0A0_1,4,0,3,2
640.0,A0,西,left0A0,left0A0_2,4,0,1,1
640.0,A1,南,A0A1,A0A1_0,0,0,0,0
640.0,A1,南,A0A1,A0A1_1,0,0,0,0
640.0,A1,南,A0A1,A0A1_2,0,0,0,0
640.0,A1,北,A2A1,A2A1_0,0,0,0,0
640.0,A1,北,A2A1,A2A1_1,0,0,0,0
640.0,A1,北,A2A1,A2A1_2,0,0,0,0
640.0,A1,东,B1A1,B1A1_0,2,1,0,0
640.0,A1,东,B1A1,B1A1_1,2,1,1,1
640.0,A1,东,B1A1,B1A1_2,2,1,1,0
640.0,A1,西,left1A1,left1A1_0,1,0,0,0
640.0,A1,西,left1A1,left1A1_1,1,0,0,0
640.0,A1,西,left1A1,left1A1_2,1,0,1,1
640.0,A2,南,A1A2,A1A2_0,0,0,0,0
640.0,A2,南,A1A2,A1A2_1,0,0,0,0
640.0,A2,南,A1A2,A1A2_2,0,0,0,0
640.0,A2,东,B2A2,B2A2_0,2,0,0,0
640.0,A2,东,B2A2,B2A2_1,2,0,1,1
640.0,A2,东,B2A2,B2A2_2,2,0,1,1
640.0,A2,西,left2A2,left2A2_0,0,0,0,0
640.0,A2,西,left2A2,left2A2_1,0,0,0,0
640.0,A2,西,left2A2,left2A2_2,0,0,0,0
640.0,A2,北,top0A2,top0A2_0,0,0,0,0
640.0,A2,北,top0A2,top0A2_1,0,0,0,0
640.0,A2,北,top0A2,top0A2_2,0,0,0,0
640.0,B0,西,A0B0,A0B0_0,3,0,0,0
640.0,B0,西,A0B0,A0B0_1,3,0,1,1
640.0,B0,西,A0B0,A0B0_2,3,0,2,2
640.0,B0,北,B1B0,B1B0_0,1,0,0,0
640.0,B0,北,B1B0,B1B0_1,1,0,1,0
640.0,B0,北,B1B0,B1B0_2,1,0,0,0
640.0,B0,东,C0B0,C0B0_0,2,0,0,0
640.0,B0,东,C0B0,C0B0_1,2,0,1,0
640.0,B0,东,C0B0,C0B0_2,2,0,1,1
640.0,B0,南,bottom1B0,bottom1B0_0,0,0,0,0
640.0,B0,南,bottom1B0,bottom1B0_1,0,0,0,0
640.0,B0,南,bottom1B0,bottom1B0_2,0,0,0,0
640.0,B1,西,A1B1,A1B1_0,2,1,1,0
640.0,B1,西,A1B1,A1B1_1,2,1,1,0
640.0,B1,西,A1B1,A1B1_2,2,1,0,0
640.0,B1,南,B0B1,B0B1_0,0,0,0,0
640.0,B1,南,B0B1,B0B1_1,0,0,0,0
640.0,B1,南,B0B1,B0B1_2,0,0,0,0
640.0,B1,北,B2B1,B2B1_0,0,0,0,0
640.0,B1,北,B2B1,B2B1_1,0,0,0,0
640.0,B1,北,B2B1,B2B1_2,0,0,0,0
640.0,B1,东,C1B1,C1B1_0,1,0,0,0
640.0,B1,东,C1B1,C1B1_1,1,0,0,0
640.0,B1,东,C1B1,C1B1_2,1,0,1,0
640.0,B2,西,A2B2,A2B2_0,2,1,0,0
640.0,B2,西,A2B2,A2B2_1,2,1,1,0
640.0,B2,西,A2B2,A2B2_2,2,1,1,0
640.0,B2,南,B1B2,B1B2_0,1,0,0,0
640.0,B2,南,B1B2,B1B2_1,1,0,1,1
640.0,B2,南,B1B2,B1B2_2,1,0,0,0
640.0,B2,东,C2B2,C2B2_0,7,2,1,0
640.0,B2,东,C2B2,C2B2_1,7,2,6,1
640.0,B2,东,C2B2,C2B2_2,7,2,0,0
640.0,B2,北,top1B2,top1B2_0,2,0,1,0
640.0,B2,北,top1B2,top1B2_1,2,0,0,0
640.0,B2,北,top1B2,top1B2_2,2,0,1,0
640.0,C0,西,B0C0,B0C0_0,2,0,1,0
640.0,C0,西,B0C0,B0C0_1,2,0,1,1
640.0,C0,西,B0C0,B0C0_2,2,0,0,0
640.0,C0,北,C1C0,C1C0_0,1,1,0,0
640.0,C0,北,C1C0,C1C0_1,1,1,1,0
640.0,C0,北,C1C0,C1C0_2,1,1,0,0
640.0,C0,南,bottom2C0,bottom2C0_0,0,0,0,0
640.0,C0,南,bottom2C0,bottom2C0_1,0,0,0,0
640.0,C0,南,bottom2C0,bottom2C0_2,0,0,0,0
640.0,C0,东,right0C0,right0C0_0,0,0,0,0
640.0,C0,东,right0C0,right0C0_1,0,0,0,0
640.0,C0,东,right0C0,right0C0_2,0,0,0,0
640.0,C1,西,B1C1,B1C1_0,5,0,0,0
640.0,C1,西,B1C1,B1C1_1,5,0,1,1
640.0,C1,西,B1C1,B1C1_2,5,0,4,4
640.0,C1,南,C0C1,C0C1_0,2,0,0,0
640.0,C1,南,C0C1,C0C1_1,2,0,2,2
640.0,C1,南,C0C1,C0C1_2,2,0,0,0
640.0,C1,北,C2C1,C2C1_0,1,1,0,0
640.0,C1,北,C2C1,C2C1_1,1,1,1,0
640.0,C1,北,C2C1,C2C1_2,1,1,0,0
640.0,C1,东,right1C1,right1C1_0,3,1,0,0
640.0,C1,东,right1C1,right1C1_1,3,1,2,0
640.0,C1,东,right1C1,right1C1_2,3,1,1,0
640.0,C2,西,B2C2,B2C2_0,1,0,0,0
640.0,C2,西,B2C2,B2C2_1,1,0,0,0
640.0,C2,西,B2C2,B2C2_2,1,0,1,1
640.0,C2,南,C1C2,C1C2_0,3,0,0,0
640.0,C2,南,C1C2,C1C2_1,3,0,2,1
640.0,C2,南,C1C2,C1C2_2,3,0,1,0
640.0,C2,东,right2C2,right2C2_0,2,0,0,0
640.0,C2,东,right2C2,right2C2_1,2,0,1,0
640.0,C2,东,right2C2,right2C2_2,2,0,1,1
640.0,C2,北,top2C2,top2C2_0,0,0,0,0
640.0,C2,北,top2C2,top2C2_1,0,0,0,0
640.0,C2,北,top2C2,top2C2_2,0,0,0,0
645.0,A0,北,A1A0,A1A0_0,0,0,0,0
645.0,A0,北,A1A0,A1A0_1,0,0,0,0
645.0,A0,北,A1A0,A1A0_2,0,0,0,0
645.0,A0,东,B0A0,B0A0_0,0,0,0,0
645.0,A0,东,B0A0,B0A0_1,0,0,0,0
645.0,A0,东,B0A0,B0A0_2,0,0,0,0
645.0,A0,南,bottom0A0,bottom0A0_0,1,0,0,0
645.0,A0,南,bottom0A0,bottom0A0_1,1,0,1,1
645.0,A0,南,bottom0A0,bottom0A0_2,1,0,0,0
645.0,A0,西,left0A0,left0A0_0,4,0,0,0
645.0,A0,西,left0A0,left0A0_1,4,0,3,2
645.0,A0,西,left0A0,left0A0_2,4,0,1,1
645.0,A1,南,A0A1,A0A1_0,0,0,0,0
645.0,A1,南,A0A1,A0A1_1,0,0,0,0
645.0,A1,南,A0A1,A0A1_2,0,0,0,0
645.0,A1,北,A2A1,A2A1_0,1,1,0,0
645.0,A1,北,A2A1,A2A1_1,1,1,1,0
645.0,A1,北,A2A1,A2A1_2,1,1,0,0
645.0,A1,东,B1A1,B1A1_0,2,0,0,0
645.0,A1,东,B1A1,B1A1_1,2,0,1,1
645.0,A1,东,B1A1,B1A1_2,2,0,1,0
645.0,A1,西,left1A1,left1A1_0,1,0,0,0
645.0,A1,西,left1A1,left1A1_1,1,0,0,0
645.0,A1,西,left1A1,left1A1_2,1,0,1,1
645.0,A2,南,A1A2,A1A2_0,0,0,0,0
645.0,A2,南,A1A2,A1A2_1,0,0,0,0
645.0,A2,南,A1A2,A1A2_2,0,0,0,0
645.0,A2,东,B2A2,B2A2_0,2,0,0,0
645.0,A2,东,B2A2,B2A2_1,2,0,1,1
645.0,A2,东,B2A2,B2A2_2,2,0,1,1
645.0,A2,西,left2A2,left2A2_0,0,0,0,0
645.0,A2,西,left2A2,left2A2_1,0,0,0,0
645.0,A2,西,left2A2,left2A2_2,0,0,0,0
645.0,A2,北,top0A2,top0A2_0,0,0,0,0
645.0,A2,北,top0A2,top0A2_1,0,0,0,0
645.0,A2,北,top0A2,top0A2_2,0,0,0,0
645.0,B0,西,A0B0,A0B0_0,3,0,0,0
645.0,B0,西,A0B0,A0B0_1,3,0,1,1
645.0,B0,西,A0B0,A0B0_2,3,0,2,2
645.0,B0,北,B1B0,B1B0_0,1,0,0,0
645.0,B0,北,B1B0,B1B0_1,1,0,1,0
645.0,B0,北,B1B0,B1B0_2,1,0,0,0
645.0,B0,东,C0B0,C0B0_0,2,0,0,0
645.0,B0,东,C0B0,C0B0_1,2,0,1,0
645.0,B0,东,C0B0,C0B0_2,2,0,1,1
645.0,B0,南,bottom1B0,bottom1B0_0,0,0,0,0
645.0,B0,南,bottom1B0,bottom1B0_1,0,0,0,0
645.0,B0,南,bottom1B0,bottom1B0_2,0,0,0,0
645.0,B1,西,A1B1,A1B1_0,2,0,1,0
645.0,B1,西,A1B1,A1B1_1,2,0,1,0
645.0,B1,西,A1B1,A1B1_2,2,0,0,0
645.0,B1,南,B0B1,B0B1_0,0,0,0,0
645.0,B1,南,B0B1,B0B1_1,0,0,0,0
645.0,B1,南,B0B1,B0B1_2,0,0,0,0
645.0,B1,北,B2B1,B2B1_0,0,0,0,0
645.0,B1,北,B2B1,B2B1_1,0,0,0,0
645.0,B1,北,B2B1,B2B1_2,0,0,0,0
645.0,B1,东,C1B1,C1B1_0,1,0,0,0
645.0,B1,东,C1B1,C1B1_1,1,0,0,0
645.0,B1,东,C1B1,C1B1_2,1,0,1,0
645.0,B2,西,A2B2,A2B2_0,2,0,0,0
645.0,B2,西,A2B2,A2B2_1,2,0,1,0
645.0,B2,西,A2B2,A2B2_2,2,0,1,0
645.0,B2,南,B1B2,B1B2_0,1,0,0,0
645.0,B2,南,B1B2,B1B2_1,1,0,1,1
645.0,B2,南,B1B2,B1B2_2,1,0,0,0
645.0,B2,东,C2B2,C2B2_0,7,0,1,1
645.0,B2,东,C2B2,C2B2_1,7,0,6,1
645.0,B2,东,C2B2,C2B2_2,7,0,0,0
645.0,B2,北,top1B2,top1B2_0,2,0,1,0
645.0,B2,北,top1B2,top1B2_1,2,0,0,0
645.0,B2,北,top1B2,top1B2_2,2,0,1,0
645.0,C0,西,B0C0,B0C0_0,2,0,1,0
645.0,C0,西,B0C0,B0C0_1,2,0,1,1
645.0,C0,西,B0C0,B0C0_2,2,0,0,0
645.0,C0,北,C1C0,C1C0_0,1,0,0,0
645.0,C0,北,C1C0,C1C0_1,1,0,1,0
645.0,C0,北,C1C0,C1C0_2,1,0,0,0
645.0,C0,南,bottom2C0,bottom2C0_0,0,0,0,0
645.0,C0,南,bottom2C0,bottom2C0_1,0,0,0,0
645.0,C0,南,bottom2C0,bottom2C0_2,0,0,0,0
645.0,C0,东,right0C0,right0C0_0,0,0,0,0
645.0,C0,东,right0C0,right0C0_1,0,0,0,0
645.0,C0,东,right0C0,right0C0_2,0,0,0,0
645.0,C1,西,B1C1,B1C1_0,5,0,0,0
645.0,C1,西,B1C1,B1C1_1,5,0,1,1
645.0,C1,西,B1C1,B1C1_2,5,0,4,4
645.0,C1,南,C0C1,C0C1_0,2,0,0,0
645.0,C1,南,C0C1,C0C1_1,2,0,2,2
645.0,C1,南,C0C1,C0C1_2,2,0,0,0
645.0,C1,北,C2C1,C2C1_0,1,0,0,0
645.0,C1,北,C2C1,C2C1_1,1,0,1,0
645.0,C1,北,C2C1,C2C1_2,1,0,0,0
645.0,C1,东,right1C1,right1C1_0,3,0,0,0
645.0,C1,东,right1C1,right1C1_1,3,0,2,0
645.0,C1,东,right1C1,right1C1_2,3,0,1,0
645.0,C2,西,B2C2,B2C2_0,1,0,0,0
645.0,C2,西,B2C2,B2C2_1,1,0,0,0
645.0,C2,西,B2C2,B2C2_2,1,0,1,1
645.0,C2,南,C1C2,C1C2_0,3,0,0,0
645.0,C2,南,C1C2,C1C2_1,3,0,2,1
645.0,C2,南,C1C2,C1C2_2,3,0,1,0
645.0,C2,东,right2C2,right2C2_0,2,0,0,0
645.0,C2,东,right2C2,right2C2_1,2,0,1,0
645.0,C2,东,right2C2,right2C2_2,2,0,1,1
645.0,C2,北,top2C2,top2C2_0,0,0,0,0
645.0,C2,北,top2C2,top2C2_1,0,0,0,0
645.0,C2,北,top2C2,top2C2_2,0,0,0,0
650.0,A0,北,A1A0,A1A0_0,0,0,0,0
650.0,A0,北,A1A0,A1A0_1,0,0,0,0
650.0,A0,北,A1A0,A1A0_2,0,0,0,0
650.0,A0,东,B0A0,B0A0_0,0,0,0,0
650.0,A0,东,B0A0,B0A0_1,0,0,0,0
650.0,A0,东,B0A0,B0A0_2,0,0,0,0
650.0,A0,南,bottom0A0,bottom0A0_0,1,0,0,0
650.0,A0,南,bottom0A0,bottom0A0_1,1,0,1,1
650.0,A0,南,bottom0A0,bottom0A0_2,1,0,0,0
650.0,A0,西,left0A0,left0A0_0,4,0,0,0
650.0,A0,西,left0A0,left0A0_1,4,0,3,3
650.0,A0,西,left0A0,left0A0_2,4,0,1,1
650.0,A1,南,A0A1,A0A1_0,0,0,0,0
650.0,A1,南,A0A1,A0A1_1,0,0,0,0
650.0,A1,南,A0A1,A0A1_2,0,0,0,0
650.0,A1,北,A2A1,A2A1_0,1,0,0,0
650.0,A1,北,A2A1,A2A1_1,1,0,1,0
650.0,A1,北,A2A1,A2A1_2,1,0,0,0
650.0,A1,东,B1A1,B1A1_0,2,0,0,0
650.0,A1,东,B1A1,B1A1_1,2,0,1,1
650.0,A1,东,B1A1,B1A1_2,2,0,1,0
650.0,A1,西,left1A1,left1A1_0,1,0,0,0
650.0,A1,西,left1A1,left1A1_1,1,0,0,0
650.0,A1,西,left1A1,left1A1_2,1,0,1,1
650.0,A2,南,A1A2,A1A2_0,0,0,0,0
650.0,A2,南,A1A2,A1A2_1,0,0,0,0
650.0,A2,南,A1A2,A1A2_2,0,0,0,0
650.0,A2,东,B2A2,B2A2_0,3,1,0,0
650.0,A2,东,B2A2,B2A2_1,3,1,1,1
650.0,A2,东,B2A2,B2A2_2,3,1,2,1
650.0,A2,西,left2A2,left2A2_0,0,0,0,0
650.0,A2,西,left2A2,left2A2_1,0,0,0,0
650.0,A2,西,left2A2,left2A2_2,0,0,0,0
650.0,A2,北,top0A2,top0A2_0,0,0,0,0
650.0,A2,北,top0A2,top0A2_1,0,0,0,0
650.0,A2,北,top0A2,top0A2_2,0,0,0,0
650.0,B0,西,A0B0,A0B0_0,3,0,0,0
650.0,B0,西,A0B0,A0B0_1,3,0,1,1
650.0,B0,西,A0B0,A0B0_2,3,0,2,2
650.0,B0,北,B1B0,B1B0_0,0,0,0,0
650.0,B0,北,B1B0,B1B0_1,0,0,0,0
650.0,B0,北,B1B0,B1B0_2,0,0,0,0
650.0,B0,东,C0B0,C0B0_0,2,0,0,0
650.0,B0,东,C0B0,C0B0_1,2,0,1,0
650.0,B0,东,C0B0,C0B0_2,2,0,1,1
650.0,B0,南,bottom1B0,bottom1B0_0,0,0,0,0
650.0,B0,南,bottom1B0,bottom1B0_1,0,0,0,0
650.0,B0,南,bottom1B0,bottom1B0_2,0,0,0,0
650.0,B1,西,A1B1,A1B1_0,2,0,1,0
650.0,B1,西,A1B1,A1B1_1,2,0,1,0
650.0,B1,西,A1B1,A1B1_2,2,0,0,0
650.0,B1,南,B0B1,B0B1_0,0,0,0,0
650.0,B1,南,B0B1,B0B1_1,0,0,0,0
650.0,B1,南,B0B1,B0B1_2,0,0,0,0
650.0,B1,北,B2B1,B2B1_0,0,0,0,0
650.0,B1,北,B2B1,B2B1_1,0,0,0,0
650.0,B1,北,B2B1,B2B1_2,0,0,0,0
650.0,B1,东,C1B1,C1B1_0,1,0,0,0
650.0,B1,东,C1B1,C1B1_1,1,0,0,0
650.0,B1,东,C1B1,C1B1_2,1,0,1,0
650.0,B2,西,A2B2,A2B2_0,2,0,0,0
650.0,B2,西,A2B2,A2B2_1,2,0,1,0
650.0,B2,西,A2B2,A2B2_2,2,0,1,1
650.0,B2,南,B1B2,B1B2_0,1,0,0,0
650.0,B2,南,B1B2,B1B2_1,1,0,1,1
650.0,B2,南,B1B2,B1B2_2,1,0,0,0
650.0,B2,东,C2B2,C2B2_0,6,0,0,0
650.0,B2,东,C2B2,C2B2_1,6,0,6,1
650.0,B2,东,C2B2,C2B2_2,6,0,0,0
650.0,B2,北,top1B2,top1B2_0,0,0,0,0
650.0,B2,北,top1B2,top1B2_1,0,0,0,0
650.0,B2,北,top1B2,top1B2_2,0,0,0,0
650.0,C0,西,B0C0,B0C0_0,2,0,1,1
650.0,C0,西,B0C0,B0C0_1,2,0,1,1
650.0,C0,西,B0C0,B0C0_2,2,0,0,0
650.0,C0,北,C1C0,C1C0_0,1,0,0,0
650.0,C0,北,C1C0,C1C0_1,1,0,1,0
650.0,C0,北,C1C0,C1C0_2,1,0,0,0
650.0,C0,南,bottom2C0,bottom2C0_0,0,0,0,0
650.0,C0,南,bottom2C0,bottom2C0_1,0,0,0,0
650.0,C0,南,bottom2C0,bottom2C0_2,0,0,0,0
650.0,C0,东,right0C0,right0C0_0,0,0,0,0
650.0,C0,东,right0C0,right0C0_1,0,0,0,0
650.0,C0,东,right0C0,right0C0_2,0,0,0,0
650.0,C1,西,B1C1,B1C1_0,5,0,0,0
650.0,C1,西,B1C1,B1C1_1,5,0,1,1
650.0,C1,西,B1C1,B1C1_2,5,0,4,4
650.0,C1,南,C0C1,C0C1_0,2,0,0,0
650.0,C1,南,C0C1,C0C1_1,2,0,2,2
650.0,C1,南,C0C1,C0C1_2,2,0,0,0
650.0,C1,北,C2C1,C2C1_0,1,0,0,0
650.0,C1,北,C2C1,C2C1_1,1,0,1,0
650.0,C1,北,C2C1,C2C1_2,1,0,0,0
650.0,C1,东,right1C1,right1C1_0,3,0,0,0
650.0,C1,东,right1C1,right1C1_1,3,0,2,0
650.0,C1,东,right1C1,right1C1_2,3,0,1,1
650.0,C2,西,B2C2,B2C2_0,2,1,0,0
650.0,C2,西,B2C2,B2C2_1,2,1,1,0
650.0,C2,西,B2C2,B2C2_2,2,1,1,1
650.0,C2,南,C1C2,C1C2_0,3,0,0,0
650.0,C2,南,C1C2,C1C2_1,3,0,2,2
650.0,C2,南,C1C2,C1C2_2,3,0,1,0
650.0,C2,东,right2C2,right2C2_0,2,0,0,0
650.0,C2,东,right2C2,right2C2_1,2,0,1,0
650.0,C2,东,right2C2,right2C2_2,2,0,1,1
650.0,C2,北,top2C2,top2C2_0,0,0,0,0
650.0,C2,北,top2C2,top2C2_1,0,0,0,0
650.0,C2,北,top2C2,top2C2_2,0,0,0,0
655.0,A0,北,A1A0,A1A0_0,0,0,0,0
655.0,A0,北,A1A0,A1A0_1,0,0,0,0
655.0,A0,北,A1A0,A1A0_2,0,0,0,0
655.0,A0,东,B0A0,B0A0_0,0,0,0,0
655.0,A0,东,B0A0,B0A0_1,0,0,0,0
655.0,A0,东,B0A0,B0A0_2,0,0,0,0
655.0,A0,南,bottom0A0,bottom0A0_0,0,0,0,0
655.0,A0,南,bottom0A0,bottom0A0_1,0,0,0,0
655.0,A0,南,bottom0A0,bottom0A0_2,0,0,0,0
655.0,A0,西,left0A0,left0A0_0,5,1,0,0
655.0,A0,西,left0A0,left0A0_1,5,1,3,3
655.0,A0,西,left0A0,left0A0_2,5,1,2,1
655.0,A1,南,A0A1,A0A1_0,0,0,0,0
655.0,A1,南,A0A1,A0A1_1,0,0,0,0
655.0,A1,南,A0A1,A0A1_2,0,0,0,0
655.0,A1,北,A2A1,A2A1_0,1,0,0,0
655.0,A1,北,A2A1,A2A1_1,1,0,1,0
655.0,A1,北,A2A1,A2A1_2,1,0,0,0
655.0,A1,东,B1A1,B1A1_0,2,0,0,0
655.0,A1,东,B1A1,B1A1_1,2,0,1,1
655.0,A1,东,B1A1,B1A1_2,2,0,1,0
655.0,A1,西,left1A1,left1A1_0,1,0,0,0
655.0,A1,西,left1A1,left1A1_1,1,0,0,0
655.0,A1,西,left1A1,left1A1_2,1,0,1,1
655.0,A2,南,A1A2,A1A2_0,0,0,0,0
655.0,A2,南,A1A2,A1A2_1,0,0,0,0
655.0,A2,南,A1A2,A1A2_2,0,0,0,0
655.0,A2,东,B2A2,B2A2_0,3,0,0,0
655.0,A2,东,B2A2,B2A2_1,3,0,1,1
655.0,A2,东,B2A2,B2A2_2,3,0,2,1
655.0,A2,西,left2A2,left2A2_0,0,0,0,0
655.0,A2,西,left2A2,left2A2_1,0,0,0,0
655.0,A2,西,left2A2,left2A2_2,0,0,0,0
655.0,A2,北,top0A2,top0A2_0,0,0,0,0
655.0,A2,北,top0A2,top0A2_1,0,0,0,0
655.0,A2,北,top0A2,top0A2_2,0,0,0,0
655.0,B0,西,A0B0,A0B0_0,3,0,0,0
655.0,B0,西,A0B0,A0B0_1,3,0,1,1
655.0,B0,西,A0B0,A0B0_2,3,0,2,2
655.0,B0,北,B1B0,B1B0_0,1,1,0,0
655.0,B0,北,B1B0,B1B0_1,1,1,1,0
655.0,B0,北,B1B0,B1B0_2,1,1,0,0
655.0,B0,东,C0B0,C0B0_0,2,0,0,0
655.0,B0,东,C0B0,C0B0_1,2,0,1,0
655.0,B0,东,C0B0,C0B0_2,2,0,1,1
655.0,B0,南,bottom1B0,bottom1B0_0,0,0,0,0
655.0,B0,南,bottom1B0,bottom1B0_1,0,0,0,0
655.0,B0,南,bottom1B0,bottom1B0_2,0,0,0,0
655.0,B1,西,A1B1,A1B1_0,1,0,0,0
655.0,B1,西,A1B1,A1B1_1,1,0,1,0
655.0,B1,西,A1B1,A1B1_2,1,0,0,0
655.0,B1,南,B0B1,B0B1_0,0,0,0,0
655.0,B1,南,B0B1,B0B1_1,0,0,0,0
655.0,B1,南,B0B1,B0B1_2,0,0,0,0
655.0,B1,北,B2B1,B2B1_0,0,0,0,0
655.0,B1,北,B2B1,B2B1_1,0,0,0,0
655.0,B1,北,B2B1,B2B1_2,0,0,0,0
655.0,B1,东,C1B1,C1B1_0,1,0,0,0
655.0,B1,东,C1B1,C1B1_1,1,0,0,0
655.0,B1,东,C1B1,C1B1_2,1,0,1,0
655.0,B2,西,A2B2,A2B2_0,2,0,0,0
655.0,B2,西,A2B2,A2B2_1,2,0,1,0
655.0,B2,西,A2B2,A2B2_2,2,0,1,1
655.0,B2,南,B1B2,B1B2_0,0,0,0,0
655.0,B2,南,B1B2,B1B2_1,0,0,0,0
655.0,B2,南,B1B2,B1B2_2,0,0,0,0
655.0,B2,东,C2B2,C2B2_0,6,0,0,0
655.0,B2,东,C2B2,C2B2_1,6,0,6,3
655.0,B2,东,C2B2,C2B2_2,6,0,0,0
655.0,B2,北,top1B2,top1B2_0,0,0,0,0
655.0,B2,北,top1B2,top1B2_1,0,0,0,0
655.0,B2,北,top1B2,top1B2_2,0,0,0,0
655.0,C0,西,B0C0,B0C0_0,1,0,0,0
655.0,C0,西,B0C0,B0C0_1,1,0,1,1
655.0,C0,西,B0C0,B0C0_2,1,0,0,0
655.0,C0,北,C1C0,C1C0_0,1,0,0,0
655.0,C0,北,C1C0,C1C0_1,1,0,1,0
655.0,C0,北,C1C0,C1C0_2,1,0,0,0
655.0,C0,南,bottom2C0,bottom2C0_0,0,0,0,0
655.0,C0,南,bottom2C0,bottom2C0_1,0,0,0,0
655.0,C0,南,bottom2C0,bottom2C0_2,0,0,0,0
655.0,C0,东,right0C0,right0C0_0,0,0,0,0
655.0,C0,东,right0C0,right0C0_1,0,0,0,0
655.0,C0,东,right0C0,right0C0_2,0,0,0,0
655.0,C1,西,B1C1,B1C1_0,5,0,0,0
655.0,C1,西,B1C1,B1C1_1,5,0,1,1
655.0,C1,西,B1C1,B1C1_2,5,0,4,4
655.0,C1,南,C0C1,C0C1_0,1,0,0,0
655.0,C1,南,C0C1,C0C1_1,1,0,1,0
655.0,C1,南,C0C1,C0C1_2,1,0,0,0
655.0,C1,北,C2C1,C2C1_0,1,0,0,0
655.0,C1,北,C2C1,C2C1_1,1,0,1,0
655.0,C1,北,C2C1,C2C1_2,1,0,0,0
655.0,C1,东,right1C1,right1C1_0,3,0,0,0
655.0,C1,东,right1C1,right1C1_1,3,0,2,0
655.0,C1,东,right1C1,right1C1_2,3,0,1,1
655.0,C2,西,B2C2,B2C2_0,2,0,0,0
655.0,C2,西,B2C2,B2C2_1,2,0,1,0
655.0,C2,西,B2C2,B2C2_2,2,0,1,1
655.0,C2,南,C1C2,C1C2_0,1,0,0,0
655.0,C2,南,C1C2,C1C2_1,1,0,1,0
655.0,C2,南,C1C2,C1C2_2,1,0,0,0
655.0,C2,东,right2C2,right2C2_0,2,0,0,0
655.0,C2,东,right2C2,right2C2_1,2,0,1,0
655.0,C2,东,right2C2,right2C2_2,2,0,1,1
655.0,C2,北,top2C2,top2C2_0,0,0,0,0
655.0,C2,北,top2C2,top2C2_1,0,0,0,0
655.0,C2,北,top2C2,top2C2_2,0,0,0,0
660.0,A0,北,A1A0,A1A0_0,0,0,0,0
660.0,A0,北,A1A0,A1A0_1,0,0,0,0
660.0,A0,北,A1A0,A1A0_2,0,0,0,0
660.0,A0,东,B0A0,B0A0_0,0,0,0,0
660.0,A0,东,B0A0,B0A0_1,0,0,0,0
660.0,A0,东,B0A0,B0A0_2,0,0,0,0
660.0,A0,南,bottom0A0,bottom0A0_0,0,0,0,0
660.0,A0,南,bottom0A0,bottom0A0_1,0,0,0,0
660.0,A0,南,bottom0A0,bottom0A0_2,0,0,0,0
660.0,A0,西,left0A0,left0A0_0,6,1,1,0
660.0,A0,西,left0A0,left0A0_1,6,1,3,3
660.0,A0,西,left0A0,left0A0_2,6,1,2,1
660.0,A1,南,A0A1,A0A1_0,1,1,1,0
660.0,A1,南,A0A1,A0A1_1,1,1,0,0
660.0,A1,南,A0A1,A0A1_2,1,1,0,0
660.0,A1,北,A2A1,A2A1_0,1,0,0,0
660.0,A1,北,A2A1,A2A1_1,1,0,1,0
660.0,A1,北,A2A1,A2A1_2,1,0,0,0
660.0,A1,东,B1A1,B1A1_0,2,0,0,0
660.0,A1,东,B1A1,B1A1_1,2,0,1,1
660.0,A1,东,B1A1,B1A1_2,2,0,1,0
660.0,A1,西,left1A1,left1A1_0,1,0,0,0
660.0,A1,西,left1A1,left1A1_1,1,0,0,0
660.0,A1,西,left1A1,left1A1_2,1,0,1,1
660.0,A2,南,A1A2,A1A2_0,0,0,0,0
660.0,A2,南,A1A2,A1A2_1,0,0,0,0
660.0,A2,南,A1A2,A1A2_2,0,0,0,0
660.0,A2,东,B2A2,B2A2_0,3,0,0,0
660.0,A2,东,B2A2,B2A2_1,3,0,1,1
660.0,A2,东,B2A2,B2A2_2,3,0,2,1
660.0,A2,西,left2A2,left2A2_0,0,0,0,0
660.0,A2,西,left2A2,left2A2_1,0,0,0,0
660.0,A2,西,left2A2,left2A2_2,0,0,0,0
660.0,A2,北,top0A2,top0A2_0,0,0,0,0
660.0,A2,北,top0A2,top0A2_1,0,0,0,0
660.0,A2,北,top0A2,top0A2_2,0,0,0,0
660.0,B0,西,A0B0,A0B0_0,3,0,0,0
660.0,B0,西,A0B0,A0B0_1,3,0,1,1
660.0,B0,西,A0B0,A0B0_2,3,0,2,2
660.0,B0,北,B1B0,B1B0_0,1,0,0,0
660.0,B0,北,B1B0,B1B0_1,1,0,1,0
660.0,B0,北,B1B0,B1B0_2,1,0,0,0
660.0,B0,东,C0B0,C0B0_0,2,0,0,0
660.0,B0,东,C0B0,C0B0_1,2,0,1,1
660.0,B0,东,C0B0,C0B0_2,2,0,1,1
660.0,B0,南,bottom1B0,bottom1B0_0,0,0,0,0
660.0,B0,南,bottom1B0,bottom1B0_1,0,0,0,0
660.0,B0,南,bottom1B0,bottom1B0_2,0,0,0,0
660.0,B1,西,A1B1,A1B1_0,1,0,0,0
660.0,B1,西,A1B1,A1B1_1,1,0,1,0
660.0,B1,西,A1B1,A1B1_2,1,0,0,0
660.0,B1,南,B0B1,B0B1_0,0,0,0,0
660.0,B1,南,B0B1,B0B1_1,0,0,0,0
660.0,B1,南,B0B1,B0B1_2,0,0,0,0
660.0,B1,北,B2B1,B2B1_0,0,0,0,0
660.0,B1,北,B2B1,B2B1_1,0,0,0,0
660.0,B1,北,B2B1,B2B1_2,0,0,0,0
660.0,B1,东,C1B1,C1B1_0,1,0,0,0
660.0,B1,东,C1B1,C1B1_1,1,0,0,0
660.0,B1,东,C1B1,C1B1_2,1,0,1,1
660.0,B2,西,A2B2,A2B2_0,2,0,0,0
660.0,B2,西,A2B2,A2B2_1,2,0,1,0
660.0,B2,西,A2B2,A2B2_2,2,0,1,1
660.0,B2,南,B1B2,B1B2_0,0,0,0,0
660.0,B2,南,B1B2,B1B2_1,0,0,0,0
660.0,B2,南,B1B2,B1B2_2,0,0,0,0
660.0,B2,东,C2B2,C2B2_0,7,1,0,0
660.0,B2,东,C2B2,C2B2_1,7,1,7,5
660.0,B2,东,C2B2,C2B2_2,7,1,0,0
660.0,B2,北,top1B2,top1B2_0,0,0,0,0
660.0,B2,北,top1B2,top1B2_1,0,0,0,0
660.0,B2,北,top1B2,top1B2_2,0,0,0,0
660.0,C0,西,B0C0,B0C0_0,1,0,0,0
660.0,C0,西,B0C0,B0C0_1,1,0,1,1
660.0,C0,西,B0C0,B0C0_2,1,0,0,0
660.0,C0,北,C1C0,C1C0_0,1,0,0,0
660.0,C0,北,C1C0,C1C0_1,1,0,1,0
660.0,C0,北,C1C0,C1C0_2,1,0,0,0
660.0,C0,南,bottom2C0,bottom2C0_0,0,0,0,0
660.0,C0,南,bottom2C0,bottom2C0_1,0,0,0,0
660.0,C0,南,bottom2C0,bottom2C0_2,0,0,0,0
660.0,C0,东,right0C0,right0C0_0,1,1,1,0
660.0,C0,东,right0C0,right0C0_1,1,1,0,0
660.0,C0,东,right0C0,right0C0_2,1,1,0,0
660.0,C1,西,B1C1,B1C1_0,5,0,0,0
660.0,C1,西,B1C1,B1C1_1,5,0,1,1
660.0,C1,西,B1C1,B1C1_2,5,0,4,4
660.0,C1,南,C0C1,C0C1_0,0,0,0,0
660.0,C1,南,C0C1,C0C1_1,0,0,0,0
660.0,C1,南,C0C1,C0C1_2,0,0,0,0
660.0,C1,北,C2C1,C2C1_0,1,0,0,0
660.0,C1,北,C2C1,C2C1_1,1,0,1,0
660.0,C1,北,C2C1,C2C1_2,1,0,0,0
660.0,C1,东,right1C1,right1C1_0,3,0,0,0
660.0,C1,东,right1C1,right1C1_1,3,0,2,1
660.0,C1,东,right1C1,right1C1_2,3,0,1,1
660.0,C2,西,B2C2,B2C2_0,2,0,0,0
660.0,C2,西,B2C2,B2C2_1,2,0,1,0
660.0,C2,西,B2C2,B2C2_2,2,0,1,1
660.0,C2,南,C1C2,C1C2_0,1,1,1,0
660.0,C2,南,C1C2,C1C2_1,1,1,0,0
660.0,C2,南,C1C2,C1C2_2,1,1,0,0
660.0,C2,东,right2C2,right2C2_0,2,0,0,0
660.0,C2,东,right2C2,right2C2_1,2,0,1,1
660.0,C2,东,right2C2,right2C2_2,2,0,1,1
660.0,C2,北,top2C2,top2C2_0,0,0,0,0
660.0,C2,北,top2C2,top2C2_1,0,0,0,0
660.0,C2,北,top2C2,top2C2_2,0,0,0,0
665.0,A0,北,A1A0,A1A0_0,0,0,0,0
665.0,A0,北,A1A0,A1A0_1,0,0,0,0
665.0,A0,北,A1A0,A1A0_2,0,0,0,0
665.0,A0,东,B0A0,B0A0_0,0,0,0,0
665.0,A0,东,B0A0,B0A0_1,0,0,0,0
665.0,A0,东,B0A0,B0A0_2,0,0,0,0
665.0,A0,南,bottom0A0,bottom0A0_0,1,1,1,0
665.0,A0,南,bottom0A0,bottom0A0_1,1,1,0,0
665.0,A0,南,bottom0A0,bottom0A0_2,1,1,0,0
665.0,A0,西,left0A0,left0A0_0,5,0,0,0
665.0,A0,西,left0A0,left0A0_1,5,0,2,1
665.0,A0,西,left0A0,left0A0_2,5,0,3,1
665.0,A1,南,A0A1,A0A1_0,1,0,1,0
665.0,A1,南,A0A1,A0A1_1,1,0,0,0
665.0,A1,南,A0A1,A0A1_2,1,0,0,0
665.0,A1,北,A2A1,A2A1_0,1,0,0,0
665.0,A1,北,A2A1,A2A1_1,1,0,1,1
665.0,A1,北,A2A1,A2A1_2,1,0,0,0
665.0,A1,东,B1A1,B1A1_0,1,0,0,0
665.0,A1,东,B1A1,B1A1_1,1,0,0,0
665.0,A1,东,B1A1,B1A1_2,1,0,1,1
665.0,A1,西,left1A1,left1A1_0,1,0,0,0
665.0,A1,西,left1A1,left1A1_1,1,0,0,0
665.0,A1,西,left1A1,left1A1_2,1,0,1,1
665.0,A2,南,A1A2,A1A2_0,0,0,0,0
665.0,A2,南,A1A2,A1A2_1,0,0,0,0
665.0,A2,南,A1A2,A1A2_2,0,0,0,0
665.0,A2,东,B2A2,B2A2_0,2,0,0,0
665.0,A2,东,B2A2,B2A2_1,2,0,0,0
665.0,A2,东,B2A2,B2A2_2,2,0,2,1
665.0,A2,西,left2A2,left2A2_0,0,0,0,0
665.0,A2,西,left2A2,left2A2_1,0,0,0,0
665.0,A2,西,left2A2,left2A2_2,0,0,0,0
665.0,A2,北,top0A2,top0A2_0,0,0,0,0
665.0,A2,北,top0A2,top0A2_1,0,0,0,0
665.0,A2,北,top0A2,top0A2_2,0,0,0,0
665.0,B0,西,A0B0,A0B0_0,2,0,0,0
665.0,B0,西,A0B0,A0B0_1,2,0,0,0
665.0,B0,西,A0B0,A0B0_2,2,0,2,2
665.0,B0,北,B1B0,B1B0_0,1,0,0,0
665.0,B0,北,B1B0,B1B0_1,1,0,1,0
665.0,B0,北,B1B0,B1B0_2,1,0,0,0
665.0,B0,东,C0B0,C0B0_0,1,0,0,0
665.0,B0,东,C0B0,C0B0_1,1,0,0,0
665.0,B0,东,C0B0,C0B0_2,1,0,1,1
665.0,B0,南,bottom1B0,bottom1B0_0,1,1,0,0
665.0,B0,南,bottom1B0,bottom1B0_1,1,1,1,0
665.0,B0,南,bottom1B0,bottom1B0_2,1,1,0,0
665.0,B1,西,A1B1,A1B1_0,0,0,0,0
665.0,B1,西,A1B1,A1B1_1,0,0,0,0
665.0,B1,西,A1B1,A1B1_2,0,0,0,0
665.0,B1,南,B0B1,B0B1_0,0,0,0,0
665.0,B1,南,B0B1,B0B1_1,0,0,0,0
665.0,B1,南,B0B1,B0B1_2,0,0,0,0
665.0,B1,北,B2B1,B2B1_0,0,0,0,0
665.0,B1,北,B2B1,B2B1_1,0,0,0,0
665.0,B1,北,B2B1,B2B1_2,0,0,0,0
665.0,B1,东,C1B1,C1B1_0,1,0,0,0
665.0,B1,东,C1B1,C1B1_1,1,0,0,0
665.0,B1,东,C1B1,C1B1_2,1,0,1,1
665.0,B2,西,A2B2,A2B2_0,1,0,0,0
665.0,B2,西,A2B2,A2B2_1,1,0,0,0
665.0,B2,西,A2B2,A2B2_2,1,0,1,1
665.0,B2,南,B1B2,B1B2_0,0,0,0,0
665.0,B2,南,B1B2,B1B2_1,0,0,0,0
665.0,B2,南,B1B2,B1B2_2,0,0,0,0
665.0,B2,东,C2B2,C2B2_0,6,0,0,0
665.0,B2,东,C2B2,C2B2_1,6,0,6,4
665.0,B2,东,C2B2,C2B2_2,6,0,0,0
665.0,B2,北,top1B2,top1B2_0,0,0,0,0
665.0,B2,北,top1B2,top1B2_1,0,0,0,0
665.0,B2,北,top1B2,top1B2_2,0,0,0,0
665.0,C0,西,B0C0,B0C0_0,0,0,0,0
665.0,C0,西,B0C0,B0C0_1,0,0,0,0
665.0,C0,西,B0C0,B0C0_2,0,0,0,0
665.0,C0,北,C1C0,C1C0_0,1,0,0,0
665.0,C0,北,C1C0,C1C0_1,1,0,1,0
665.0,C0,北,C1C0,C1C0_2,1,0,0,0
665.0,C0,南,bottom2C0,bottom2C0_0,1,1,0,0
665.0,C0,南,bottom2C0,bottom2C0_1,1,1,1,0
665.0,C0,南,bottom2C0,bottom2C0_2,1,1,0,0
665.0,C0,东,right0C0,right0C0_0,1,0,1,0
665.0,C0,东,right0C0,right0C0_1,1,0,0,0
665.0,C0,东,right0C0,right0C0_2,1,0,0,0
665.0,C1,西,B1C1,B1C1_0,4,0,0,0
665.0,C1,西,B1C1,B1C1_1,4,0,0,0
665.0,C1,西,B1C1,B1C1_2,4,0,4,4
665.0,C1,南,C0C1,C0C1_0,0,0,0,0
665.0,C1,南,C0C1,C0C1_1,0,0,0,0
665.0,C1,南,C0C1,C0C1_2,0,0,0,0
665.0,C1,北,C2C1,C2C1_0,1,0,0,0
665.0,C1,北,C2C1,C2C1_1,1,0,1,1
665.0,C1,北,C2C1,C2C1_2,1,0,0,0
665.0,C1,东,right1C1,right1C1_0,2,0,0,0
665.0,C1,东,right1C1,right1C1_1,2,0,1,0
665.0,C1,东,right1C1,right1C1_2,2,0,1,1
665.0,C2,西,B2C2,B2C2_0,2,0,0,0
665.0,C2,西,B2C2,B2C2_1,2,0,1,0
665.0,C2,西,B2C2,B2C2_2,2,0,1,1
665.0,C2,南,C1C2,C1C2_0,2,1,1,0
665.0,C2,南,C1C2,C1C2_1,2,1,1,0
665.0,C2,南,C1C2,C1C2_2,2,1,0,0
665.0,C2,东,right2C2,right2C2_0,1,0,0,0
665.0,C2,东,right2C2,right2C2_1,1,0,0,0
665.0,C2,东,right2C2,right2C2_2,1,0,1,1
665.0,C2,北,top2C2,top2C2_0,0,0,0,0
665.0,C2,北,top2C2,top2C2_1,0,0,0,0
665.0,C2,北,top2C2,top2C2_2,0,0,0,0
670.0,A0,北,A1A0,A1A0_0,0,0,0,0
670.0,A0,北,A1A0,A1A0_1,0,0,0,0
670.0,A0,北,A1A0,A1A0_2,0,0,0,0
670.0,A0,东,B0A0,B0A0_0,1,1,0,0
670.0,A0,东,B0A0,B0A0_1,1,1,0,0
670.0,A0,东,B0A0,B0A0_2,1,1,1,0
670.0,A0,南,bottom0A0,bottom0A0_0,1,0,0,0
670.0,A0,南,bottom0A0,bottom0A0_1,1,0,1,0
670.0,A0,南,bottom0A0,bottom0A0_2,1,0,0,0
670.0,A0,西,left0A0,left0A0_0,3,0,0,0
670.0,A0,西,left0A0,left0A0_1,3,0,0,0
670.0,A0,西,left0A0,left0A0_2,3,0,3,1
670.0,A1,南,A0A1,A0A1_0,1,0,1,0
670.0,A1,南,A0A1,A0A1_1,1,0,0,0
670.0,A1,南,A0A1,A0A1_2,1,0,0,0
670.0,A1,北,A2A1,A2A1_0,1,0,0,0
670.0,A1,北,A2A1,A2A1_1,1,0,1,1
670.0,A1,北,A2A1,A2A1_2,1,0,0,0
670.0,A1,东,B1A1,B1A1_0,1,0,0,0
670.0,A1,东,B1A1,B1A1_1,1,0,0,0
670.0,A1,东,B1A1,B1A1_2,1,0,1,1
670.0,A1,西,left1A1,left1A1_0,1,0,0,0
670.0,A1,西,left1A1,left1A1_1,1,0,0,0
670.0,A1,西,left1A1,left1A1_2,1,0,1,1
670.0,A2,南,A1A2,A1A2_0,0,0,0,0
670.0,A2,南,A1A2,A1A2_1,0,0,0,0
670.0,A2,南,A1A2,A1A2_2,0,0,0,0
670.0,A2,东,B2A2,B2A2_0,4,2,1,0
670.0,A2,东,B2A2,B2A2_1,4,2,0,0
670.0,A2,东,B2A2,B2A2_2,4,2,3,1
670.0,A2,西,left2A2,left2A2_0,0,0,0,0
670.0,A2,西,left2A2,left2A2_1,0,0,0,0
670.0,A2,西,left2A2,left2A2_2,0,0,0,0
670.0,A2,北,top0A2,top0A2_0,1,1,0,0
670.0,A2,北,top0A2,top0A2_1,1,1,1,0
670.0,A2,北,top0A2,top0A2_2,1,1,0,0
670.0,B0,西,A0B0,A0B0_0,4,2,0,0
670.0,B0,西,A0B0,A0B0_1,4,2,0,0
670.0,B0,西,A0B0,A0B0_2,4,2,4,2
670.0,B0,北,B1B0,B1B0_0,1,0,0,0
670.0,B0,北,B1B0,B1B0_1,1,0,1,0
670.0,B0,北,B1B0,B1B0_2,1,0,0,0
670.0,B0,东,C0B0,C0B0_0,1,0,0,0
670.0,B0,东,C0B0,C0B0_1,1,0,0,0
670.0,B0,东,C0B0,C0B0_2,1,0,1,1
670.0,B0,南,bottom1B0,bottom1B0_0,1,0,0,0
670.0,B0,南,bottom1B0,bottom1B0_1,1,0,0,0
670.0,B0,南,bottom1B0,bottom1B0_2,1,0,1,0
670.0,B1,西,A1B1,A1B1_0,0,0,0,0
670.0,B1,西,A1B1,A1B1_1,0,0,0,0
670.0,B1,西,A1B1,A1B1_2,0,0,0,0
670.0,B1,南,B0B1,B0B1_0,0,0,0,0
670.0,B1,南,B0B1,B0B1_1,0,0,0,0
670.0,B1,南,B0B1,B0B1_2,0,0,0,0
670.0,B1,北,B2B1,B2B1_0,0,0,0,0
670.0,B1,北,B2B1,B2B1_1,0,0,0,0
670.0,B1,北,B2B1,B2B1_2,0,0,0,0
670.0,B1,东,C1B1,C1B1_0,3,2,0,0
670.0,B1,东,C1B1,C1B1_1,3,2,1,0
670.0,B1,东,C1B1,C1B1_2,3,2,2,1
670.0,B2,西,A2B2,A2B2_0,1,0,0,0
670.0,B2,西,A2B2,A2B2_1,1,0,0,0
670.0,B2,西,A2B2,A2B2_2,1,0,1,1
670.0,B2,南,B1B2,B1B2_0,0,0,0,0
670.0,B2,南,B1B2,B1B2_1,0,0,0,0
670.0,B2,南,B1B2,B1B2_2,0,0,0,0
670.0,B2,东,C2B2,C2B2_0,5,1,1,0
670.0,B2,东,C2B2,C2B2_1,5,1,4,0
670.0,B2,东,C2B2,C2B2_2,5,1,0,0
670.0,B2,北,top1B2,top1B2_0,0,0,0,0
670.0,B2,北,top1B2,top1B2_1,0,0,0,0
670.0,B2,北,top1B2,top1B2_2,0,0,0,0
670.0,C0,西,B0C0,B0C0_0,1,1,0,0
670.0,C0,西,B0C0,B0C0_1,1,1,0,0
670.0,C0,西,B0C0,B0C0_2,1,1,1,0
670.0,C0,北,C1C0,C1C0_0,1,0,0,0
670.0,C0,北,C1C0,C1C0_1,1,0,1,1
670.0,C0,北,C1C0,C1C0_2,1,0,0,0
670.0,C0,南,bottom2C0,bottom2C0_0,1,0,0,0
670.0,C0,南,bottom2C0,bottom2C0_1,1,0,1,0
670.0,C0,南,bottom2C0,bottom2C0_2,1,0,0,0
670.0,C0,东,right0C0,right0C0_0,1,0,1,0
670.0,C0,东,right0C0,right0C0_1,1,0,0,0
670.0,C0,东,right0C0,right0C0_2,1,0,0,0
670.0,C1,西,B1C1,B1C1_0,5,1,0,0
670.0,C1,西,B1C1,B1C1_1,5,1,1,0
670.0,C1,西,B1C1,B1C1_2,5,1,4,4
670.0,C1,南,C0C1,C0C1_0,0,0,0,0
670.0,C1,南,C0C1,C0C1_1,0,0,0,0
670.0,C1,南,C0C1,C0C1_2,0,0,0,0
670.0,C1,北,C2C1,C2C1_0,1,0,0,0
670.0,C1,北,C2C1,C2C1_1,1,0,1,1
670.0,C1,北,C2C1,C2C1_2,1,0,0,0
670.0,C1,东,right1C1,right1C1_0,1,0,0,0
670.0,C1,东,right1C1,right1C1_1,1,0,0,0
670.0,C1,东,right1C1,right1C1_2,1,0,1,1
670.0,C2,西,B2C2,B2C2_0,3,1,0,0
670.0,C2,西,B2C2,B2C2_1,3,1,2,0
670.0,C2,西,B2C2,B2C2_2,3,1,1,1
670.0,C2,南,C1C2,C1C2_0,2,0,1,0
670.0,C2,南,C1C2,C1C2_1,2,0,1,0
670.0,C2,南,C1C2,C1C2_2,2,0,0,0
670.0,C2,东,right2C2,right2C2_0,1,0,0,0
670.0,C2,东,right2C2,right2C2_1,1,0,0,0
670.0,C2,东,right2C2,right2C2_2,1,0,1,1
670.0,C2,北,top2C2,top2C2_0,0,0,0,0
670.0,C2,北,top2C2,top2C2_1,0,0,0,0
670.0,C2,北,top2C2,top2C2_2,0,0,0,0
675.0,A0,北,A1A0,A1A0_0,0,0,0,0
675.0,A0,北,A1A0,A1A0_1,0,0,0,0
675.0,A0,北,A1A0,A1A0_2,0,0,0,0
675.0,A0,东,B0A0,B0A0_0,1,0,0,0
675.0,A0,东,B0A0,B0A0_1,1,0,0,0
675.0,A0,东,B0A0,B0A0_2,1,0,1,0
675.0,A0,南,bottom0A0,bottom0A0_0,1,0,0,0
675.0,A0,南,bottom0A0,bottom0A0_1,1,0,1,0
675.0,A0,南,bottom0A0,bottom0A0_2,1,0,0,0
675.0,A0,西,left0A0,left0A0_0,3,0,0,0
675.0,A0,西,left0A0,left0A0_1,3,0,0,0
675.0,A0,西,left0A0,left0A0_2,3,0,3,1
675.0,A1,南,A0A1,A0A1_0,1,0,1,0
675.0,A1,南,A0A1,A0A1_1,1,0,0,0
675.0,A1,南,A0A1,A0A1_2,1,0,0,0
675.0,A1,北,A2A1,A2A1_0,1,0,0,0
675.0,A1,北,A2A1,A2A1_1,1,0,1,1
675.0,A1,北,A2A1,A2A1_2,1,0,0,0
675.0,A1,东,B1A1,B1A1_0,1,0,0,0
675.0,A1,东,B1A1,B1A1_1,1,0,0,0
675.0,A1,东,B1A1,B1A1_2,1,0,1,1
675.0,A1,西,left1A1,left1A1_0,1,0,0,0
675.0,A1,西,left1A1,left1A1_1,1,0,0,0
675.0,A1,西,left1A1,left1A1_2,1,0,1,1
675.0,A2,南,A1A2,A1A2_0,0,0,0,0
675.0,A2,南,A1A2,A1A2_1,0,0,0,0
675.0,A2,南,A1A2,A1A2_2,0,0,0,0
675.0,A2,东,B2A2,B2A2_0,6,2,2,0
675.0,A2,东,B2A2,B2A2_1,6,2,1,0
675.0,A2,东,B2A2,B2A2_2,6,2,3,2
675.0,A2,西,left2A2,left2A2_0,0,0,0,0
675.0,A2,西,left2A2,left2A2_1,0,0,0,0
675.0,A2,西,left2A2,left2A2_2,0,0,0,0
675.0,A2,北,top0A2,top0A2_0,1,0,0,0
675.0,A2,北,top0A2,top0A2_1,1,0,1,0
675.0,A2,北,top0A2,top0A2_2,1,0,0,0
675.0,B0,西,A0B0,A0B0_0,5,1,0,0
675.0,B0,西,A0B0,A0B0_1,5,1,0,0
675.0,B0,西,A0B0,A0B0_2,5,1,5,2
675.0,B0,北,B1B0,B1B0_0,1,0,0,0
675.0,B0,北,B1B0,B1B0_1,1,0,1,0
675.0,B0,北,B1B0,B1B0_2,1,0,0,0
675.0,B0,东,C0B0,C0B0_0,1,0,0,0
675.0,B0,东,C0B0,C0B0_1,1,0,0,0
675.0,B0,东,C0B0,C0B0_2,1,0,1,1
675.0,B0,南,bottom1B0,bottom1B0_0,1,0,0,0
675.0,B0,南,bottom1B0,bottom1B0_1,1,0,0,0
675.0,B0,南,bottom1B0,bottom1B0_2,1,0,1,0
675.0,B1,西,A1B1,A1B1_0,0,0,0,0
675.0,B1,西,A1B1,A1B1_1,0,0,0,0
675.0,B1,西,A1B1,A1B1_2,0,0,0,0
675.0,B1,南,B0B1,B0B1_0,0,0,0,0
675.0,B1,南,B0B1,B0B1_1,0,0,0,0
675.0,B1,南,B0B1,B0B1_2,0,0,0,0
675.0,B1,北,B2B1,B2B1_0,0,0,0,0
675.0,B1,北,B2B1,B2B1_1,0,0,0,0
675.0,B1,北,B2B1,B2B1_2,0,0,0,0
675.0,B1,东,C1B1,C1B1_0,3,0,0,0
675.0,B1,东,C1B1,C1B1_1,3,0,1,0
675.0,B1,东,C1B1,C1B1_2,3,0,2,1
675.0,B2,西,A2B2,A2B2_0,1,0,0,0
675.0,B2,西,A2B2,A2B2_1,1,0,0,0
675.0,B2,西,A2B2,A2B2_2,1,0,1,1
675.0,B2,南,B1B2,B1B2_0,0,0,0,0
675.0,B2,南,B1B2,B1B2_1,0,0,0,0
675.0,B2,南,B1B2,B1B2_2,0,0,0,0
675.0,B2,东,C2B2,C2B2_0,3,0,1,0
675.0,B2,东,C2B2,C2B2_1,3,0,2,0
675.0,B2,东,C2B2,C2B2_2,3,0,0,0
675.0,B2,北,top1B2,top1B2_0,1,1,1,0
675.0,B2,北,top1B2,top1B2_1,1,1,0,0
675.0,B2,北,top1B2,top1B2_2,1,1,0,0
675.0,C0,西,B0C0,B0C0_0,1,0,0,0
675.0,C0,西,B0C0,B0C0_1,1,0,0,0
675.0,C0,西,B0C0,B0C0_2,1,0,1,0
675.0,C0,北,C1C0,C1C0_0,1,0,0,0
675.0,C0,北,C1C0,C1C0_1,1,0,1,1
675.0,C0,北,C1C0,C1C0_2,1,0,0,0
675.0,C0,南,bottom2C0,bottom2C0_0,1,0,0,0
675.0,C0,南,bottom2C0,bottom2C0_1,1,0,1,0
675.0,C0,南,bottom2C0,bottom2C0_2,1,0,0,0
675.0,C0,东,right0C0,right0C0_0,1,0,1,0
675.0,C0,东,right0C0,right0C0_1,1,0,0,0
675.0,C0,东,right0C0,right0C0_2,1,0,0,0
675.0,C1,西,B1C1,B1C1_0,5,0,0,0
675.0,C1,西,B1C1,B1C1_1,5,0,1,0
675.0,C1,西,B1C1,B1C1_2,5,0,4,4
675.0,C1,南,C0C1,C0C1_0,0,0,0,0
675.0,C1,南,C0C1,C0C1_1,0,0,0,0
675.0,C1,南,C0C1,C0C1_2,0,0,0,0
675.0,C1,北,C2C1,C2C1_0,1,0,0,0
675.0,C1,北,C2C1,C2C1_1,1,0,1,1
675.0,C1,北,C2C1,C2C1_2,1,0,0,0
675.0,C1,东,right1C1,right1C1_0,1,0,0,0
675.0,C1,东,right1C1,right1C1_1,1,0,0,0
675.0,C1,东,right1C1,right1C1_2,1,0,1,1
675.0,C2,西,B2C2,B2C2_0,2,0,0,0
675.0,C2,西,B2C2,B2C2_1,2,0,1,0
675.0,C2,西,B2C2,B2C2_2,2,0,1,1
675.0,C2,南,C1C2,C1C2_0,2,0,1,0
675.0,C2,南,C1C2,C1C2_1,2,0,1,0
675.0,C2,南,C1C2,C1C2_2,2,0,0,0
675.0,C2,东,right2C2,right2C2_0,1,0,0,0
675.0,C2,东,right2C2,right2C2_1,1,0,0,0
675.0,C2,东,right2C2,right2C2_2,1,0,1,1
675.0,C2,北,top2C2,top2C2_0,1,1,1,0
675.0,C2,北,top2C2,top2C2_1,1,1,0,0
675.0,C2,北,top2C2,top2C2_2,1,1,0,0
680.0,A0,北,A1A0,A1A0_0,0,0,0,0
680.0,A0,北,A1A0,A1A0_1,0,0,0,0
680.0,A0,北,A1A0,A1A0_2,0,0,0,0
680.0,A0,东,B0A0,B0A0_0,1,0,0,0
680.0,A0,东,B0A0,B0A0_1,1,0,0,0
680.0,A0,东,B0A0,B0A0_2,1,0,1,0
680.0,A0,南,bottom0A0,bottom0A0_0,1,0,0,0
680.0,A0,南,bottom0A0,bottom0A0_1,1,0,1,0
680.0,A0,南,bottom0A0,bottom0A0_2,1,0,0,0
680.0,A0,西,left0A0,left0A0_0,3,0,0,0
680.0,A0,西,left0A0,left0A0_1,3,0,0,0
680.0,A0,西,left0A0,left0A0_2,3,0,3,2
680.0,A1,南,A0A1,A0A1_0,1,0,1,0
680.0,A1,南,A0A1,A0A1_1,1,0,0,0
680.0,A1,南,A0A1,A0A1_2,1,0,0,0
680.0,A1,北,A2A1,A2A1_0,1,0,0,0
680.0,A1,北,A2A1,A2A1_1,1,0,1,1
680.0,A1,北,A2A1,A2A1_2,1,0,0,0
680.0,A1,东,B1A1,B1A1_0,1,0,0,0
680.0,A1,东,B1A1,B1A1_1,1,0,0,0
680.0,A1,东,B1A1,B1A1_2,1,0,1,1
680.0,A1,西,left1A1,left1A1_0,1,0,0,0
680.0,A1,西,left1A1,left1A1_1,1,0,0,0
680.0,A1,西,left1A1,left1A1_2,1,0,1,1
680.0,A2,南,A1A2,A1A2_0,0,0,0,0
680.0,A2,南,A1A2,A1A2_1,0,0,0,0
680.0,A2,南,A1A2,A1A2_2,0,0,0,0
680.0,A2,东,B2A2,B2A2_0,8,2,4,0
680.0,A2,东,B2A2,B2A2_1,8,2,1,0
680.0,A2,东,B2A2,B2A2_2,8,2,3,2
680.0,A2,西,left2A2,left2A2_0,0,0,0,0
680.0,A2,西,left2A2,left2A2_1,0,0,0,0
680.0,A2,西,left2A2,left2A2_2,0,0,0,0
680.0,A2,北,top0A2,top0A2_0,1,0,0,0
680.0,A2,北,top0A2,top0A2_1,1,0,1,0
680.0,A2,北,top0A2,top0A2_2,1,0,0,0
680.0,B0,西,A0B0,A0B0_0,5,0,0,0
680.0,B0,西,A0B0,A0B0_1,5,0,0,0
680.0,B0,西,A0B0,A0B0_2,5,0,5,2
680.0,B0,北,B1B0,B1B0_0,1,0,0,0
680.0,B0,北,B1B0,B1B0_1,1,0,1,1
680.0,B0,北,B1B0,B1B0_2,1,0,0,0
680.0,B0,东,C0B0,C0B0_0,1,0,0,0
680.0,B0,东,C0B0,C0B0_1,1,0,0,0
680.0,B0,东,C0B0,C0B0_2,1,0,1,1
680.0,B0,南,bottom1B0,bottom1B0_0,1,0,0,0
680.0,B0,南,bottom1B0,bottom1B0_1,1,0,0,0
680.0,B0,南,bottom1B0,bottom1B0_2,1,0,1,0
680.0,B1,西,A1B1,A1B1_0,0,0,0,0
680.0,B1,西,A1B1,A1B1_1,0,0,0,0
680.0,B1,西,A1B1,A1B1_2,0,0,0,0
680.0,B1,南,B0B1,B0B1_0,0,0,0,0
680.0,B1,南,B0B1,B0B1_1,0,0,0,0
680.0,B1,南,B0B1,B0B1_2,0,0,0,0
680.0,B1,北,B2B1,B2B1_0,0,0,0,0
680.0,B1,北,B2B1,B2B1_1,0,0,0,0
680.0,B1,北,B2B1,B2B1_2,0,0,0,0
680.0,B1,东,C1B1,C1B1_0,3,0,0,0
680.0,B1,东,C1B1,C1B1_1,3,0,1,0
680.0,B1,东,C1B1,C1B1_2,3,0,2,1
680.0,B2,西,A2B2,A2B2_0,1,0,0,0
680.0,B2,西,A2B2,A2B2_1,1,0,0,0
680.0,B2,西,A2B2,A2B2_2,1,0,1,1
680.0,B2,南,B1B2,B1B2_0,0,0,0,0
680.0,B2,南,B1B2,B1B2_1,0,0,0,0
680.0,B2,南,B1B2,B1B2_2,0,0,0,0
680.0,B2,东,C2B2,C2B2_0,1,0,1,0
680.0,B2,东,C2B2,C2B2_1,1,0,0,0
680.0,B2,东,C2B2,C2B2_2,1,0,0,0
680.0,B2,北,top1B2,top1B2_0,2,1,1,0
680.0,B2,北,top1B2,top1B2_1,2,1,1,0
680.0,B2,北,top1B2,top1B2_2,2,1,0,0
680.0,C0,西,B0C0,B0C0_0,1,0,0,0
680.0,C0,西,B0C0,B0C0_1,1,0,0,0
680.0,C0,西,B0C0,B0C0_2,1,0,1,0
680.0,C0,北,C1C0,C1C0_0,1,0,0,0
680.0,C0,北,C1C0,C1C0_1,1,0,1,1
680.0,C0,北,C1C0,C1C0_2,1,0,0,0
680.0,C0,南,bottom2C0,bottom2C0_0,1,0,0,0
680.0,C0,南,bottom2C0,bottom2C0_1,1,0,1,0
680.0,C0,南,bottom2C0,bottom2C0_2,1,0,0,0
680.0,C0,东,right0C0,right0C0_0,0,0,0,0
680.0,C0,东,right0C0,right0C0_1,0,0,0,0
680.0,C0,东,right0C0,right0C0_2,0,0,0,0
680.0,C1,西,B1C1,B1C1_0,5,0,0,0
680.0,C1,西,B1C1,B1C1_1,5,0,1,0
680.0,C1,西,B1C1,B1C1_2,5,0,4,4
680.0,C1,南,C0C1,C0C1_0,0,0,0,0
680.0,C1,南,C0C1,C0C1_1,0,0,0,0
680.0,C1,南,C0C1,C0C1_2,0,0,0,0
680.0,C1,北,C2C1,C2C1_0,1,0,0,0
680.0,C1,北,C2C1,C2C1_1,1,0,1,1
680.0,C1,北,C2C1,C2C1_2,1,0,0,0
680.0,C1,东,right1C1,right1C1_0,1,0,0,0
680.0,C1,东,right1C1,right1C1_1,1,0,0,0
680.0,C1,东,right1C1,right1C1_2,1,0,1,1
680.0,C2,西,B2C2,B2C2_0,2,0,0,0
680.0,C2,西,B2C2,B2C2_1,2,0,1,0
680.0,C2,西,B2C2,B2C2_2,2,0,1,1
680.0,C2,南,C1C2,C1C2_0,2,0,1,0
680.0,C2,南,C1C2,C1C2_1,2,0,1,0
680.0,C2,南,C1C2,C1C2_2,2,0,0,0
680.0,C2,东,right2C2,right2C2_0,2,1,0,0
680.0,C2,东,right2C2,right2C2_1,2,1,0,0
680.0,C2,东,right2C2,right2C2_2,2,1,2,1
680.0,C2,北,top2C2,top2C2_0,1,0,1,0
680.0,C2,北,top2C2,top2C2_1,1,0,0,0
680.0,C2,北,top2C2,top2C2_2,1,0,0,0
685.0,A0,北,A1A0,A1A0_0,0,0,0,0
685.0,A0,北,A1A0,A1A0_1,0,0,0,0
685.0,A0,北,A1A0,A1A0_2,0,0,0,0
685.0,A0,东,B0A0,B0A0_0,1,0,0,0
685.0,A0,东,B0A0,B0A0_1,1,0,0,0
685.0,A0,东,B0A0,B0A0_2,1,0,1,0
685.0,A0,南,bottom0A0,bottom0A0_0,2,1,1,0
685.0,A0,南,bottom0A0,bottom0A0_1,2,1,1,0
685.0,A0,南,bottom0A0,bottom0A0_2,2,1,0,0
685.0,A0,西,left0A0,left0A0_0,2,0,0,0
685.0,A0,西,left0A0,left0A0_1,2,0,0,0
685.0,A0,西,left0A0,left0A0_2,2,0,2,1
685.0,A1,南,A0A1,A0A1_0,0,0,0,0
685.0,A1,南,A0A1,A0A1_1,0,0,0,0
685.0,A1,南,A0A1,A0A1_2,0,0,0,0
685.0,A1,北,A2A1,A2A1_0,1,0,0,0
685.0,A1,北,A2A1,A2A1_1,1,0,1,1
685.0,A1,北,A2A1,A2A1_2,1,0,0,0
685.0,A1,东,B1A1,B1A1_0,0,0,0,0
685.0,A1,东,B1A1,B1A1_1,0,0,0,0
685.0,A1,东,B1A1,B1A1_2,0,0,0,0
685.0,A1,西,left1A1,left1A1_0,0,0,0,0
685.0,A1,西,left1A1,left1A1_1,0,0,0,0
685.0,A1,西,left1A1,left1A1_2,0,0,0,0
685.0,A2,南,A1A2,A1A2_0,0,0,0,0
685.0,A2,南,A1A2,A1A2_1,0,0,0,0
685.0,A2,南,A1A2,A1A2_2,0,0,0,0
685.0,A2,东,B2A2,B2A2_0,8,1,4,0
685.0,A2,东,B2A2,B2A2_1,8,1,2,0
685.0,A2,东,B2A2,B2A2_2,8,1,2,0
685.0,A2,西,left2A2,left2A2_0,0,0,0,0
685.0,A2,西,left2A2,left2A2_1,0,0,0,0
685.0,A2,西,left2A2,left2A2_2,0,0,0,0
685.0,A2,北,top0A2,top0A2_0,1,0,0,0
685.0,A2,北,top0A2,top0A2_1,1,0,1,0
685.0,A2,北,top0A2,top0A2_2,1,0,0,0
685.0,B0,西,A0B0,A0B0_0,4,0,0,0
685.0,B0,西,A0B0,A0B0_1,4,0,0,0
685.0,B0,西,A0B0,A0B0_2,4,0,4,0
685.0,B0,北,B1B0,B1B0_0,1,0,0,0
685.0,B0,北,B1B0,B1B0_1,1,0,1,1
685.0,B0,北,B1B0,B1B0_2,1,0,0,0
685.0,B0,东,C0B0,C0B0_0,0,0,0,0
685.0,B0,东,C0B0,C0B0_1,0,0,0,0
685.0,B0,东,C0B0,C0B0_2,0,0,0,0
685.0,B0,南,bottom1B0,bottom1B0_0,1,0,0,0
685.0,B0,南,bottom1B0,bottom1B0_1,1,0,0,0
685.0,B0,南,bottom1B0,bottom1B0_2,1,0,1,0
685.0,B1,西,A1B1,A1B1_0,0,0,0,0
685.0,B1,西,A1B1,A1B1_1,0,0,0,0
685.0,B1,西,A1B1,A1B1_2,0,0,0,0
685.0,B1,南,B0B1,B0B1_0,0,0,0,0
685.0,B1,南,B0B1,B0B1_1,0,0,0,0
685.0,B1,南,B0B1,B0B1_2,0,0,0,0
685.0,B1,北,B2B1,B2B1_0,0,0,0,0
685.0,B1,北,B2B1,B2B1_1,0,0,0,0
685.0,B1,北,B2B1,B2B1_2,0,0,0,0
685.0,B1,东,C1B1,C1B1_0,2,0,0,0
685.0,B1,东,C1B1,C1B1_1,2,0,1,0
685.0,B1,东,C1B1,C1B1_2,2,0,1,0
685.0,B2,西,A2B2,A2B2_0,0,0,0,0
685.0,B2,西,A2B2,A2B2_1,0,0,0,0
685.0,B2,西,A2B2,A2B2_2,0,0,0,0
685.0,B2,南,B1B2,B1B2_0,0,0,0,0
685.0,B2,南,B1B2,B1B2_1,0,0,0,0
685.0,B2,南,B1B2,B1B2_2,0,0,0,0
685.0,B2,东,C2B2,C2B2_0,1,0,1,0
685.0,B2,东,C2B2,C2B2_1,1,0,0,0
685.0,B2,东,C2B2,C2B2_2,1,0,0,0
685.0,B2,北,top1B2,top1B2_0,2,0,2,0
685.0,B2,北,top1B2,top1B2_1,2,0,0,0
685.0,B2,北,top1B2,top1B2_2,2,0,0,0
685.0,C0,西,B0C0,B0C0_0,1,0,0,0
685.0,C0,西,B0C0,B0C0_1,1,0,0,0
685.0,C0,西,B0C0,B0C0_2,1,0,1,0
685.0,C0,北,C1C0,C1C0_0,1,0,0,0
685.0,C0,北,C1C0,C1C0_1,1,0,1,1
685.0,C0,北,C1C0,C1C0_2,1,0,0,0
685.0,C0,南,bottom2C0,bottom2C0_0,1,0,0,0
685.0,C0,南,bottom2C0,bottom2C0_1,1,0,1,0
685.0,C0,南,bottom2C0,bottom2C0_2,1,0,0,0
685.0,C0,东,right0C0,right0C0_0,0,0,0,0
685.0,C0,东,right0C0,right0C0_1,0,0,0,0
685.0,C0,东,right0C0,right0C0_2,0,0,0,0
685.0,C1,西,B1C1,B1C1_0,4,0,0,0
685.0,C1,西,B1C1,B1C1_1,4,0,1,0
685.0,C1,西,B1C1,B1C1_2,4,0,3,2
685.0,C1,南,C0C1,C0C1_0,1,1,0,0
685.0,C1,南,C0C1,C0C1_1,1,1,1,0
685.0,C1,南,C0C1,C0C1_2,1,1,0,0
685.0,C1,北,C2C1,C2C1_0,1,0,0,0
685.0,C1,北,C2C1,C2C1_1,1,0,1,1
685.0,C1,北,C2C1,C2C1_2,1,0,0,0
685.0,C1,东,right1C1,right1C1_0,0,0,0,0
685.0,C1,东,right1C1,right1C1_1,0,0,0,0
685.0,C1,东,right1C1,right1C1_2,0,0,0,0
685.0,C2,西,B2C2,B2C2_0,1,0,0,0
685.0,C2,西,B2C2,B2C2_1,1,0,1,0
685.0,C2,西,B2C2,B2C2_2,1,0,0,0
685.0,C2,南,C1C2,C1C2_0,2,0,1,1
685.0,C2,南,C1C2,C1C2_1,2,0,1,0
685.0,C2,南,C1C2,C1C2_2,2,0,0,0
685.0,C2,东,right2C2,right2C2_0,2,1,0,0
685.0,C2,东,right2C2,right2C2_1,2,1,0,0
685.0,C2,东,right2C2,right2C2_2,2,1,2,0
685.0,C2,北,top2C2,top2C2_0,1,0,1,0
685.0,C2,北,top2C2,top2C2_1,1,0,0,0
685.0,C2,北,top2C2,top2C2_2,1,0,0,0
690.0,A0,北,A1A0,A1A0_0,1,1,0,0
690.0,A0,北,A1A0,A1A0_1,1,1,1,0
690.0,A0,北,A1A0,A1A0_2,1,1,0,0
690.0,A0,东,B0A0,B0A0_0,0,0,0,0
690.0,A0,东,B0A0,B0A0_1,0,0,0,0
690.0,A0,东,B0A0,B0A0_2,0,0,0,0
690.0,A0,南,bottom0A0,bottom0A0_0,2,0,1,0
690.0,A0,南,bottom0A0,bottom0A0_1,2,0,1,0
690.0,A0,南,bottom0A0,bottom0A0_2,2,0,0,0
690.0,A0,西,left0A0,left0A0_0,0,0,0,0
690.0,A0,西,left0A0,left0A0_1,0,0,0,0
690.0,A0,西,left0A0,left0A0_2,0,0,0,0
690.0,A1,南,A0A1,A0A1_0,2,2,0,0
690.0,A1,南,A0A1,A0A1_1,2,2,2,0
690.0,A1,南,A0A1,A0A1_2,2,2,0,0
690.0,A1,北,A2A1,A2A1_0,3,2,1,0
690.0,A1,北,A2A1,A2A1_1,3,2,2,1
690.0,A1,北,A2A1,A2A1_2,3,2,0,0
690.0,A1,东,B1A1,B1A1_0,0,0,0,0
690.0,A1,东,B1A1,B1A1_1,0,0,0,0
690.0,A1,东,B1A1,B1A1_2,0,0,0,0
690.0,A1,西,left1A1,left1A1_0,0,0,0,0
690.0,A1,西,left1A1,left1A1_1,0,0,0,0
690.0,A1,西,left1A1,left1A1_2,0,0,0,0
690.0,A2,南,A1A2,A1A2_0,1,1,0,0
690.0,A2,南,A1A2,A1A2_1,1,1,1,0
690.0,A2,南,A1A2,A1A2_2,1,1,0,0
690.0,A2,东,B2A2,B2A2_0,6,0,4,0
690.0,A2,东,B2A2,B2A2_1,6,0,2,0
690.0,A2,东,B2A2,B2A2_2,6,0,0,0
690.0,A2,西,left2A2,left2A2_0,0,0,0,0
690.0,A2,西,left2A2,left2A2_1,0,0,0,0
690.0,A2,西,left2A2,left2A2_2,0,0,0,0
690.0,A2,北,top0A2,top0A2_0,1,0,0,0
690.0,A2,北,top0A2,top0A2_1,1,0,1,0
690.0,A2,北,top0A2,top0A2_2,1,0,0,0
690.0,B0,西,A0B0,A0B0_0,3,0,0,0
690.0,B0,西,A0B0,A0B0_1,3,0,0,0
690.0,B0,西,A0B0,A0B0_2,3,0,3,0
690.0,B0,北,B1B0,B1B0_0,2,1,1,0
690.0,B0,北,B1B0,B1B0_1,2,1,1,1
690.0,B0,北,B1B0,B1B0_2,2,1,0,0
690.0,B0,东,C0B0,C0B0_0,0,0,0,0
690.0,B0,东,C0B0,C0B0_1,0,0,0,0
690.0,B0,东,C0B0,C0B0_2,0,0,0,0
690.0,B0,南,bottom1B0,bottom1B0_0,1,0,0,0
690.0,B0,南,bottom1B0,bottom1B0_1,1,0,0,0
690.0,B0,南,bottom1B0,bottom1B0_2,1,0,1,1
690.0,B1,西,A1B1,A1B1_0,1,1,0,0
690.0,B1,西,A1B1,A1B1_1,1,1,1,0
690.0,B1,西,A1B1,A1B1_2,1,1,0,0
690.0,B1,南,B0B1,B0B1_0,1,1,1,0
690.0,B1,南,B0B1,B0B1_1,1,1,0,0
690.0,B1,南,B0B1,B0B1_2,1,1,0,0
690.0,B1,北,B2B1,B2B1_0,0,0,0,0
690.0,B1,北,B2B1,B2B1_1,0,0,0,0
690.0,B1,北,B2B1,B2B1_2,0,0,0,0
690.0,B1,东,C1B1,C1B1_0,2,0,0,0
690.0,B1,东,C1B1,C1B1_1,2,0,1,0
690.0,B1,东,C1B1,C1B1_2,2,0,1,0
690.0,B2,西,A2B2,A2B2_0,0,0,0,0
690.0,B2,西,A2B2,A2B2_1,0,0,0,0
690.0,B2,西,A2B2,A2B2_2,0,0,0,0
690.0,B2,南,B1B2,B1B2_0,0,0,0,0
690.0,B2,南,B1B2,B1B2_1,0,0,0,0
690.0,B2,南,B1B2,B1B2_2,0,0,0,0
690.0,B2,东,C2B2,C2B2_0,1,0,1,0
690.0,B2,东,C2B2,C2B2_1,1,0,0,0
690.0,B2,东,C2B2,C2B2_2,1,0,0,0
690.0,B2,北,top1B2,top1B2_0,2,0,2,0
690.0,B2,北,top1B2,top1B2_1,2,0,0,0
690.0,B2,北,top1B2,top1B2_2,2,0,0,0
690.0,C0,西,B0C0,B0C0_0,0,0,0,0
690.0,C0,西,B0C0,B0C0_1,0,0,0,0
690.0,C0,西,B0C0,B0C0_2,0,0,0,0
690.0,C0,北,C1C0,C1C0_0,2,1,0,0
690.0,C0,北,C1C0,C1C0_1,2,1,1,1
690.0,C0,北,C1C0,C1C0_2,2,1,1,0
690.0,C0,南,bottom2C0,bottom2C0_0,1,0,0,0
690.0,C0,南,bottom2C0,bottom2C0_1,1,0,1,1
690.0,C0,南,bottom2C0,bottom2C0_2,1,0,0,0
690.0,C0,东,right0C0,right0C0_0,0,0,0,0
690.0,C0,东,right0C0,right0C0_1,0,0,0,0
690.0,C0,东,right0C0,right0C0_2,0,0,0,0
690.0,C1,西,B1C1,B1C1_0,2,0,0,0
690.0,C1,西,B1C1,B1C1_1,2,0,1,0
690.0,C1,西,B1C1,B1C1_2,2,0,1,0
690.0,C1,南,C0C1,C0C1_0,2,1,1,0
690.0,C1,南,C0C1,C0C1_1,2,1,1,0
690.0,C1,南,C0C1,C0C1_2,2,1,0,0
690.0,C1,北,C2C1,C2C1_0,2,1,1,0
690.0,C1,北,C2C1,C2C1_1,2,1,1,1
690.0,C1,北,C2C1,C2C1_2,2,1,0,0
690.0,C1,东,right1C1,right1C1_0,1,1,0,0
690.0,C1,东,right1C1,right1C1_1,1,1,1,0
690.0,C1,东,right1C1,right1C1_2,1,1,0,0
690.0,C2,西,B2C2,B2C2_0,1,0,0,0
690.0,C2,西,B2C2,B2C2_1,1,0,1,0
690.0,C2,西,B2C2,B2C2_2,1,0,0,0
690.0,C2,南,C1C2,C1C2_0,3,2,0,0
690.0,C2,南,C1C2,C1C2_1,3,2,3,1
690.0,C2,南,C1C2,C1C2_2,3,2,0,0
690.0,C2,东,right2C2,right2C2_0,2,0,0,0
690.0,C2,东,right2C2,right2C2_1,2,0,0,0
690.0,C2,东,right2C2,right2C2_2,2,0,2,0
690.0,C2,北,top2C2,top2C2_0,1,0,1,0
690.0,C2,北,top2C2,top2C2_1,1,0,0,0
690.0,C2,北,top2C2,top2C2_2,1,0,0,0
695.0,A0,北,A1A0,A1A0_0,1,0,0,0
695.0,A0,北,A1A0,A1A0_1,1,0,1,0
695.0,A0,北,A1A0,A1A0_2,1,0,0,0
695.0,A0,东,B0A0,B0A0_0,0,0,0,0
695.0,A0,东,B0A0,B0A0_1,0,0,0,0
695.0,A0,东,B0A0,B0A0_2,0,0,0,0
695.0,A0,南,bottom0A0,bottom0A0_0,2,0,1,0
695.0,A0,南,bottom0A0,bottom0A0_1,2,0,1,1
695.0,A0,南,bottom0A0,bottom0A0_2,2,0,0,0
695.0,A0,西,left0A0,left0A0_0,0,0,0,0
695.0,A0,西,left0A0,left0A0_1,0,0,0,0
695.0,A0,西,left0A0,left0A0_2,0,0,0,0
695.0,A1,南,A0A1,A0A1_0,3,1,0,0
695.0,A1,南,A0A1,A0A1_1,3,1,3,0
695.0,A1,南,A0A1,A0A1_2,3,1,0,0
695.0,A1,北,A2A1,A2A1_0,4,1,1,0
695.0,A1,北,A2A1,A2A1_1,4,1,3,1
695.0,A1,北,A2A1,A2A1_2,4,1,0,0
695.0,A1,东,B1A1,B1A1_0,0,0,0,0
695.0,A1,东,B1A1,B1A1_1,0,0,0,0
695.0,A1,东,B1A1,B1A1_2,0,0,0,0
695.0,A1,西,left1A1,left1A1_0,0,0,0,0
695.0,A1,西,left1A1,left1A1_1,0,0,0,0
695.0,A1,西,left1A1,left1A1_2,0,0,0,0
695.0,A2,南,A1A2,A1A2_0,1,0,0,0
695.0,A2,南,A1A2,A1A2_1,1,0,1,0
695.0,A2,南,A1A2,A1A2_2,1,0,0,0
695.0,A2,东,B2A2,B2A2_0,5,0,3,0
695.0,A2,东,B2A2,B2A2_1,5,0,2,1
695.0,A2,东,B2A2,B2A2_2,5,0,0,0
695.0,A2,西,left2A2,left2A2_0,0,0,0,0
695.0,A2,西,left2A2,left2A2_1,0,0,0,0
695.0,A2,西,left2A2,left2A2_2,0,0,0,0
695.0,A2,北,top0A2,top0A2_0,1,0,0,0
695.0,A2,北,top0A2,top0A2_1,1,0,1,1
695.0,A2,北,top0A2,top0A2_2,1,0,0,0
695.0,B0,西,A0B0,A0B0_0,2,0,0,0
695.0,B0,西,A0B0,A0B0_1,2,0,0,0
695.0,B0,西,A0B0,A0B0_2,2,0,2,0
695.0,B0,北,B1B0,B1B0_0,3,1,1,0
695.0,B0,北,B1B0,B1B0_1,3,1,2,1
695.0,B0,北,B1B0,B1B0_2,3,1,0,0
695.0,B0,东,C0B0,C0B0_0,0,0,0,0
695.0,B0,东,C0B0,C0B0_1,0,0,0,0
695.0,B0,东,C0B0,C0B0_2,0,0,0,0
695.0,B0,南,bottom1B0,bottom1B0_0,1,0,0,0
695.0,B0,南,bottom1B0,bottom1B0_1,1,0,0,0
695.0,B0,南,bottom1B0,bottom1B0_2,1,0,1,1
695.0,B1,西,A1B1,A1B1_0,1,0,0,0
695.0,B1,西,A1B1,A1B1_1,1,0,1,0
695.0,B1,西,A1B1,A1B1_2,1,0,0,0
695.0,B1,南,B0B1,B0B1_0,2,1,2,0
695.0,B1,南,B0B1,B0B1_1,2,1,0,0
695.0,B1,南,B0B1,B0B1_2,2,1,0,0
695.0,B1,北,B2B1,B2B1_0,0,0,0,0
695.0,B1,北,B2B1,B2B1_1,0,0,0,0
695.0,B1,北,B2B1,B2B1_2,0,0,0,0
695.0,B1,东,C1B1,C1B1_0,1,0,0,0
695.0,B1,东,C1B1,C1B1_1,1,0,1,1
695.0,B1,东,C1B1,C1B1_2,1,0,0,0
695.0,B2,西,A2B2,A2B2_0,0,0,0,0
695.0,B2,西,A2B2,A2B2_1,0,0,0,0
695.0,B2,西,A2B2,A2B2_2,0,0,0,0
695.0,B2,南,B1B2,B1B2_0,0,0,0,0
695.0,B2,南,B1B2,B1B2_1,0,0,0,0
695.0,B2,南,B1B2,B1B2_2,0,0,0,0
695.0,B2,东,C2B2,C2B2_0,0,0,0,0
695.0,B2,东,C2B2,C2B2_1,0,0,0,0
695.0,B2,东,C2B2,C2B2_2,0,0,0,0
695.0,B2,北,top1B2,top1B2_0,2,0,2,0
695.0,B2,北,top1B2,top1B2_1,2,0,0,0
695.0,B2,北,top1B2,top1B2_2,2,0,0,0
695.0,C0,西,B0C0,B0C0_0,0,0,0,0
695.0,C0,西,B0C0,B0C0_1,0,0,0,0
695.0,C0,西,B0C0,B0C0_2,0,0,0,0
695.0,C0,北,C1C0,C1C0_0,2,0,0,0
695.0,C0,北,C1C0,C1C0_1,2,0,1,1
695.0,C0,北,C1C0,C1C0_2,2,0,1,0
695.0,C0,南,bottom2C0,bottom2C0_0,1,0,0,0
695.0,C0,南,bottom2C0,bottom2C0_1,1,0,1,1
695.0,C0,南,bottom2C0,bottom2C0_2,1,0,0,0
695.0,C0,东,right0C0,right0C0_0,0,0,0,0
695.0,C0,东,right0C0,right0C0_1,0,0,0,0
695.0,C0,东,right0C0,right0C0_2,0,0,0,0
695.0,C1,西,B1C1,B1C1_0,0,0,0,0
695.0,C1,西,B1C1,B1C1_1,0,0,0,0
695.0,C1,西,B1C1,B1C1_2,0,0,0,0
695.0,C1,南,C0C1,C0C1_0,2,0,1,0
695.0,C1,南,C0C1,C0C1_1,2,0,1,0
695.0,C1,南,C0C1,C0C1_2,2,0,0,0
695.0,C1,北,C2C1,C2C1_0,2,0,1,0
695.0,C1,北,C2C1,C2C1_1,2,0,1,1
695.0,C1,北,C2C1,C2C1_2,2,0,0,0
695.0,C1,东,right1C1,right1C1_0,1,0,0,0
695.0,C1,东,right1C1,right1C1_1,1,0,1,0
695.0,C1,东,right1C1,right1C1_2,1,0,0,0
695.0,C2,西,B2C2,B2C2_0,0,0,0,0
695.0,C2,西,B2C2,B2C2_1,0,0,0,0
695.0,C2,西,B2C2,B2C2_2,0,0,0,0
695.0,C2,南,C1C2,C1C2_0,5,2,0,0
695.0,C2,南,C1C2,C1C2_1,5,2,5,1
695.0,C2,南,C1C2,C1C2_2,5,2,0,0
695.0,C2,东,right2C2,right2C2_0,2,0,0,0
695.0,C2,东,right2C2,right2C2_1,2,0,0,0
695.0,C2,东,right2C2,right2C2_2,2,0,2,0
695.0,C2,北,top2C2,top2C2_0,2,1,1,0
695.0,C2,北,top2C2,top2C2_1,2,1,1,0
695.0,C2,北,top2C2,top2C2_2,2,1,0,0
700.0,A0,北,A1A0,A1A0_0,1,0,0,0
700.0,A0,北,A1A0,A1A0_1,1,0,1,0
700.0,A0,北,A1A0,A1A0_2,1,0,0,0
700.0,A0,东,B0A0,B0A0_0,0,0,0,0
700.0,A0,东,B0A0,B0A0_1,0,0,0,0
700.0,A0,东,B0A0,B0A0_2,0,0,0,0
700.0,A0,南,bottom0A0,bottom0A0_0,2,0,1,0
700.0,A0,南,bottom0A0,bottom0A0_1,2,0,1,1
700.0,A0,南,bottom0A0,bottom0A0_2,2,0,0,0
700.0,A0,西,left0A0,left0A0_0,0,0,0,0
700.0,A0,西,left0A0,left0A0_1,0,0,0,0
700.0,A0,西,left0A0,left0A0_2,0,0,0,0
700.0,A1,南,A0A1,A0A1_0,3,0,0,0
700.0,A1,南,A0A1,A0A1_1,3,0,3,0
700.0,A1,南,A0A1,A0A1_2,3,0,0,0
700.0,A1,北,A2A1,A2A1_0,4,0,1,0
700.0,A1,北,A2A1,A2A1_1,4,0,3,1
700.0,A1,北,A2A1,A2A1_2,4,0,0,0
700.0,A1,东,B1A1,B1A1_0,0,0,0,0
700.0,A1,东,B1A1,B1A1_1,0,0,0,0
700.0,A1,东,B1A1,B1A1_2,0,0,0,0
700.0,A1,西,left1A1,left1A1_0,0,0,0,0
700.0,A1,西,left1A1,left1A1_1,0,0,0,0
700.0,A1,西,left1A1,left1A1_2,0,0,0,0
700.0,A2,南,A1A2,A1A2_0,1,0,0,0
700.0,A2,南,A1A2,A1A2_1,1,0,1,0
700.0,A2,南,A1A2,A1A2_2,1,0,0,0
700.0,A2,东,B2A2,B2A2_0,5,1,2,1
700.0,A2,东,B2A2,B2A2_1,5,1,2,1
700.0,A2,东,B2A2,B2A2_2,5,1,1,0
700.0,A2,西,left2A2,left2A2_0,0,0,0,0
700.0,A2,西,left2A2,left2A2_1,0,0,0,0
700.0,A2,西,left2A2,left2A2_2,0,0,0,0
700.0,A2,北,top0A2,top0A2_0,1,0,0,0
700.0,A2,北,top0A2,top0A2_1,1,0,1,1
700.0,A2,北,top0A2,top0A2_2,1,0,0,0
700.0,B0,西,A0B0,A0B0_0,0,0,0,0
700.0,B0,西,A0B0,A0B0_1,0,0,0,0
700.0,B0,西,A0B0,A0B0_2,0,0,0,0
700.0,B0,北,B1B0,B1B0_0,3,0,1,0
700.0,B0,北,B1B0,B1B0_1,3,0,2,1
700.0,B0,北,B1B0,B1B0_2,3,0,0,0
700.0,B0,东,C0B0,C0B0_0,0,0,0,0
700.0,B0,东,C0B0,C0B0_1,0,0,0,0
700.0,B0,东,C0B0,C0B0_2,0,0,0,0
700.0,B0,南,bottom1B0,bottom1B0_0,2,1,0,0
700.0,B0,南,bottom1B0,bottom1B0_1,2,1,0,0
700.0,B0,南,bottom1B0,bottom1B0_2,2,1,2,1
700.0,B1,西,A1B1,A1B1_0,1,0,0,0
700.0,B1,西,A1B1,A1B1_1,1,0,1,0
700.0,B1,西,A1B1,A1B1_2,1,0,0,0
700.0,B1,南,B0B1,B0B1_0,4,2,4,0
700.0,B1,南,B0B1,B0B1_1,4,2,0,0
700.0,B1,南,B0B1,B0B1_2,4,2,0,0
700.0,B1,北,B2B1,B2B1_0,0,0,0,0
700.0,B1,北,B2B1,B2B1_1,0,0,0,0
700.0,B1,北,B2B1,B2B1_2,0,0,0,0
700.0,B1,东,C1B1,C1B1_0,1,0,0,0
700.0,B1,东,C1B1,C1B1_1,1,0,1,1
700.0,B1,东,C1B1,C1B1_2,1,0,0,0
700.0,B2,西,A2B2,A2B2_0,0,0,0,0
700.0,B2,西,A2B2,A2B2_1,0,0,0,0
700.0,B2,西,A2B2,A2B2_2,0,0,0,0
700.0,B2,南,B1B2,B1B2_0,0,0,0,0
700.0,B2,南,B1B2,B1B2_1,0,0,0,0
700.0,B2,南,B1B2,B1B2_2,0,0,0,0
700.0,B2,东,C2B2,C2B2_0,0,0,0,0
700.0,B2,东,C2B2,C2B2_1,0,0,0,0
700.0,B2,东,C2B2,C2B2_2,0,0,0,0
700.0,B2,北,top1B2,top1B2_0,1,0,1,0
700.0,B2,北,top1B2,top1B2_1,1,0,0,0
700.0,B2,北,top1B2,top1B2_2,1,0,0,0
700.0,C0,西,B0C0,B0C0_0,0,0,0,0
700.0,C0,西,B0C0,B0C0_1,0,0,0,0
700.0,C0,西,B0C0,B0C0_2,0,0,0,0
700.0,C0,北,C1C0,C1C0_0,2,0,0,0
700.0,C0,北,C1C0,C1C0_1,2,0,1,1
700.0,C0,北,C1C0,C1C0_2,2,0,1,0
700.0,C0,南,bottom2C0,bottom2C0_0,2,1,0,0
700.0,C0,南,bottom2C0,bottom2C0_1,2,1,1,1
700.0,C0,南,bottom2C0,bottom2C0_2,2,1,1,0
700.0,C0,东,right0C0,right0C0_0,0,0,0,0
700.0,C0,东,right0C0,right0C0_1,0,0,0,0
700.0,C0,东,right0C0,right0C0_2,0,0,0,0
700.0,C1,西,B1C1,B1C1_0,0,0,0,0
700.0,C1,西,B1C1,B1C1_1,0,0,0,0
700.0,C1,西,B1C1,B1C1_2,0,0,0,0
700.0,C1,南,C0C1,C0C1_0,2,0,1,0
700.0,C1,南,C0C1,C0C1_1,2,0,1,0
700.0,C1,南,C0C1,C0C1_2,2,0,0,0
700.0,C1,北,C2C1,C2C1_0,2,0,1,0
700.0,C1,北,C2C1,C2C1_1,2,0,1,1
700.0,C1,北,C2C1,C2C1_2,2,0,0,0
700.0,C1,东,right1C1,right1C1_0,1,0,0,0
700.0,C1,东,right1C1,right1C1_1,1,0,1,0
700.0,C1,东,right1C1,right1C1_2,1,0,0,0
700.0,C2,西,B2C2,B2C2_0,0,0,0,0
700.0,C2,西,B2C2,B2C2_1,0,0,0,0
700.0,C2,西,B2C2,B2C2_2,0,0,0,0
700.0,C2,南,C1C2,C1C2_0,5,0,0,0
700.0,C2,南,C1C2,C1C2_1,5,0,5,1
700.0,C2,南,C1C2,C1C2_2,5,0,0,0
700.0,C2,东,right2C2,right2C2_0,2,0,0,0
700.0,C2,东,right2C2,right2C2_1,2,0,0,0
700.0,C2,东,right2C2,right2C2_2,2,0,2,1
700.0,C2,北,top2C2,top2C2_0,2,0,1,1
700.0,C2,北,top2C2,top2C2_1,2,0,1,0
700.0,C2,北,top2C2,top2C2_2,2,0,0,0
705.0,A0,北,A1A0,A1A0_0,1,0,0,0
705.0,A0,北,A1A0,A1A0_1,1,0,1,0
705.0,A0,北,A1A0,A1A0_2,1,0,0,0
705.0,A0,东,B0A0,B0A0_0,0,0,0,0
705.0,A0,东,B0A0,B0A0_1,0,0,0,0
705.0,A0,东,B0A0,B0A0_2,0,0,0,0
705.0,A0,南,bottom0A0,bottom0A0_0,3,1,1,0
705.0,A0,南,bottom0A0,bottom0A0_1,3,1,1,1
705.0,A0,南,bottom0A0,bottom0A0_2,3,1,1,0
705.0,A0,西,left0A0,left0A0_0,1,1,0,0
705.0,A0,西,left0A0,left0A0_1,1,1,0,0
705.0,A0,西,left0A0,left0A0_2,1,1,1,0
705.0,A1,南,A0A1,A0A1_0,3,0,0,0
705.0,A1,南,A0A1,A0A1_1,3,0,3,0
705.0,A1,南,A0A1,A0A1_2,3,0,0,0
705.0,A1,北,A2A1,A2A1_0,4,0,1,0
705.0,A1,北,A2A1,A2A1_1,4,0,3,1
705.0,A1,北,A2A1,A2A1_2,4,0,0,0
705.0,A1,东,B1A1,B1A1_0,0,0,0,0
705.0,A1,东,B1A1,B1A1_1,0,0,0,0
705.0,A1,东,B1A1,B1A1_2,0,0,0,0
705.0,A1,西,left1A1,left1A1_0,0,0,0,0
705.0,A1,西,left1A1,left1A1_1,0,0,0,0
705.0,A1,西,left1A1,left1A1_2,0,0,0,0
705.0,A2,南,A1A2,A1A2_0,1,0,0,0
705.0,A2,南,A1A2,A1A2_1,1,0,1,0
705.0,A2,南,A1A2,A1A2_2,1,0,0,0
705.0,A2,东,B2A2,B2A2_0,5,0,2,0
705.0,A2,东,B2A2,B2A2_1,5,0,2,2
705.0,A2,东,B2A2,B2A2_2,5,0,1,0
705.0,A2,西,left2A2,left2A2_0,0,0,0,0
705.0,A2,西,left2A2,left2A2_1,0,0,0,0
705.0,A2,西,left2A2,left2A2_2,0,0,0,0
705.0,A2,北,top0A2,top0A2_0,1,0,0,0
705.0,A2,北,top0A2,top0A2_1,1,0,1,1
705.0,A2,北,top0A2,top0A2_2,1,0,0,0
705.0,B0,西,A0B0,A0B0_0,0,0,0,0
705.0,B0,西,A0B0,A0B0_1,0,0,0,0
705.0,B0,西,A0B0,A0B0_2,0,0,0,0
705.0,B0,北,B1B0,B1B0_0,3,0,1,0
705.0,B0,北,B1B0,B1B0_1,3,0,2,1
705.0,B0,北,B1B0,B1B0_2,3,0,0,0
705.0,B0,东,C0B0,C0B0_0,0,0,0,0
705.0,B0,东,C0B0,C0B0_1,0,0,0,0
705.0,B0,东,C0B0,C0B0_2,0,0,0,0
705.0,B0,南,bottom1B0,bottom1B0_0,2,0,0,0
705.0,B0,南,bottom1B0,bottom1B0_1,2,0,0,0
705.0,B0,南,bottom1B0,bottom1B0_2,2,0,2,1
705.0,B1,西,A1B1,A1B1_0,1,0,0,0
705.0,B1,西,A1B1,A1B1_1,1,0,1,0
705.0,B1,西,A1B1,A1B1_2,1,0,0,0
705.0,B1,南,B0B1,B0B1_0,5,1,5,0
705.0,B1,南,B0B1,B0B1_1,5,1,0,0
705.0,B1,南,B0B1,B0B1_2,5,1,0,0
705.0,B1,北,B2B1,B2B1_0,0,0,0,0
705.0,B1,北,B2B1,B2B1_1,0,0,0,0
705.0,B1,北,B2B1,B2B1_2,0,0,0,0
705.0,B1,东,C1B1,C1B1_0,1,0,0,0
705.0,B1,东,C1B1,C1B1_1,1,0,1,1
705.0,B1,东,C1B1,C1B1_2,1,0,0,0
705.0,B2,西,A2B2,A2B2_0,0,0,0,0
705.0,B2,西,A2B2,A2B2_1,0,0,0,0
705.0,B2,西,A2B2,A2B2_2,0,0,0,0
705.0,B2,南,B1B2,B1B2_0,0,0,0,0
705.0,B2,南,B1B2,B1B2_1,0,0,0,0
705.0,B2,南,B1B2,B1B2_2,0,0,0,0
705.0,B2,东,C2B2,C2B2_0,1,1,0,0
705.0,B2,东,C2B2,C2B2_1,1,1,0,0
705.0,B2,东,C2B2,C2B2_2,1,1,1,0
705.0,B2,北,top1B2,top1B2_0,1,0,1,1
705.0,B2,北,top1B2,top1B2_1,1,0,0,0
705.0,B2,北,top1B2,top1B2_2,1,0,0,0
705.0,C0,西,B0C0,B0C0_0,0,0,0,0
705.0,C0,西,B0C0,B0C0_1,0,0,0,0
705.0,C0,西,B0C0,B0C0_2,0,0,0,0
705.0,C0,北,C1C0,C1C0_0,2,0,0,0
705.0,C0,北,C1C0,C1C0_1,2,0,1,1
705.0,C0,北,C1C0,C1C0_2,2,0,1,0
705.0,C0,南,bottom2C0,bottom2C0_0,2,0,0,0
705.0,C0,南,bottom2C0,bottom2C0_1,2,0,1,1
705.0,C0,南,bottom2C0,bottom2C0_2,2,0,1,0
705.0,C0,东,right0C0,right0C0_0,1,1,0,0
705.0,C0,东,right0C0,right0C0_1,1,1,0,0
705.0,C0,东,right0C0,right0C0_2,1,1,1,0
705.0,C1,西,B1C1,B1C1_0,0,0,0,0
705.0,C1,西,B1C1,B1C1_1,0,0,0,0
705.0,C1,西,B1C1,B1C1_2,0,0,0,0
705.0,C1,南,C0C1,C0C1_0,2,0,1,0
705.0,C1,南,C0C1,C0C1_1,2,0,1,1
705.0,C1,南,C0C1,C0C1_2,2,0,0,0
705.0,C1,北,C2C1,C2C1_0,2,0,1,0
705.0,C1,北,C2C1,C2C1_1,2,0,1,1
705.0,C1,北,C2C1,C2C1_2,2,0,0,0
705.0,C1,东,right1C1,right1C1_0,1,0,0,0
705.0,C1,东,right1C1,right1C1_1,1,0,1,0
705.0,C1,东,right1C1,right1C1_2,1,0,0,0
705.0,C2,西,B2C2,B2C2_0,0,0,0,0
705.0,C2,西,B2C2,B2C2_1,0,0,0,0
705.0,C2,西,B2C2,B2C2_2,0,0,0,0
705.0,C2,南,C1C2,C1C2_0,5,0,0,0
705.0,C2,南,C1C2,C1C2_1,5,0,5,1
705.0,C2,南,C1C2,C1C2_2,5,0,0,0
705.0,C2,东,right2C2,right2C2_0,2,0,0,0
705.0,C2,东,right2C2,right2C2_1,2,0,0,0
705.0,C2,东,right2C2,right2C2_2,2,0,2,1
705.0,C2,北,top2C2,top2C2_0,1,0,1,0
705.0,C2,北,top2C2,top2C2_1,1,0,0,0
705.0,C2,北,top2C2,top2C2_2,1,0,0,0
